{"hamiltonian": {"U": 1.0, "E": 0.8, "J": 0.1, "phi": 1.8849555921538759, "type": "FirstOrderVariationalClassicalNetworkHamiltonian", "eta_calculation_sampler": {"system_geometry": {"type": "SquareSystemNonPeriodicState", "size": 3}, "initial_system_state": {"type": "HomogenousInitialSystemState"}, "type": "ExactSampler"}, "psi_selection": {"type": "SquareDirectionDependentAllSameFirstOrder", "number_of_psis": 12, "J": 0.1}, "random_generator": {"seed": "46954944"}, "init_sigma": 1e-05, "pseudo_inverse_cutoff": 1e-10, "effective_time_step_size": 0.06999999999999999, "number_workers": 16, "variational_step_fraction_multiplier": 5, "ue_might_change": true, "ue_variational": true}, "start_time": 0.0, "time_step": 0.35, "number_of_time_steps": 41, "sampler": {"system_geometry": {"type": "SquareSystemNonPeriodicState", "size": 3}, "initial_system_state": {"type": "HomogenousInitialSystemState"}, "type": "ExactSampler"}, "observables": [{"type": "Energy", "label": "Energy per site"}, {"type": "EnergyVariance", "label": "Energy Variance per site"}, {"type": "VCNFactor", "label": "Re-Part of VCN Parameter 0", "param_real_part": true, "param_index": 0, "can_return_value": true}, {"type": "VCNFactor", "label": "Re-Part of VCN Parameter 1", "param_real_part": true, "param_index": 1, "can_return_value": true}, {"type": "VCNFactor", "label": "Re-Part of VCN Parameter 2", "param_real_part": true, "param_index": 2, "can_return_value": true}, {"type": "VCNFactor", "label": "Re-Part of VCN Parameter 3", "param_real_part": true, "param_index": 3, "can_return_value": true}, {"type": "VCNFactor", "label": "Re-Part of VCN Parameter 4", "param_real_part": true, "param_index": 4, "can_return_value": true}, {"type": "VCNFactor", "label": "Re-Part of VCN Parameter 5", "param_real_part": true, "param_index": 5, "can_return_value": true}, {"type": "VCNFactor", "label": "Re-Part of VCN Parameter 6", "param_real_part": true, "param_index": 6, "can_return_value": true}, {"type": "VCNFactor", "label": "Re-Part of VCN Parameter 7", "param_real_part": true, "param_index": 7, "can_return_value": true}, {"type": "VCNFactor", "label": "Re-Part of VCN Parameter 8", "param_real_part": true, "param_index": 8, "can_return_value": true}, {"type": "VCNFactor", "label": "Re-Part of VCN Parameter 9", "param_real_part": true, "param_index": 9, "can_return_value": true}, {"type": "VCNFactor", "label": "Re-Part of VCN Parameter 10", "param_real_part": true, "param_index": 10, "can_return_value": true}, {"type": "VCNFactor", "label": "Re-Part of VCN Parameter 11", "param_real_part": true, "param_index": 11, "can_return_value": true}, {"type": "VCNFactor", "label": "Im-Part of VCN Parameter 0", "param_real_part": false, "param_index": 0, "can_return_value": true}, {"type": "VCNFactor", "label": "Im-Part of VCN Parameter 1", "param_real_part": false, "param_index": 1, "can_return_value": true}, {"type": "VCNFactor", "label": "Im-Part of VCN Parameter 2", "param_real_part": false, "param_index": 2, "can_return_value": true}, {"type": "VCNFactor", "label": "Im-Part of VCN Parameter 3", "param_real_part": false, "param_index": 3, "can_return_value": true}, {"type": "VCNFactor", "label": "Im-Part of VCN Parameter 4", "param_real_part": false, "param_index": 4, "can_return_value": true}, {"type": "VCNFactor", "label": "Im-Part of VCN Parameter 5", "param_real_part": false, "param_index": 5, "can_return_value": true}, {"type": "VCNFactor", "label": "Im-Part of VCN Parameter 6", "param_real_part": false, "param_index": 6, "can_return_value": true}, {"type": "VCNFactor", "label": "Im-Part of VCN Parameter 7", "param_real_part": false, "param_index": 7, "can_return_value": true}, {"type": "VCNFactor", "label": "Im-Part of VCN Parameter 8", "param_real_part": false, "param_index": 8, "can_return_value": true}, {"type": "VCNFactor", "label": "Im-Part of VCN Parameter 9", "param_real_part": false, "param_index": 9, "can_return_value": true}, {"type": "VCNFactor", "label": "Im-Part of VCN Parameter 10", "param_real_part": false, "param_index": 10, "can_return_value": true}, {"type": "VCNFactor", "label": "Im-Part of VCN Parameter 11", "param_real_part": false, "param_index": 11, "can_return_value": true}, {"type": "BaseEnergyFactor", "label": "Re-Part of BE-Factor U", "param_real_part": true, "param_index": -1, "can_return_value": true, "kind": "U"}, {"type": "BaseEnergyFactor", "label": "Im-Part of BE-Factor U", "param_real_part": false, "param_index": -1, "can_return_value": true, "kind": "U"}, {"type": "BaseEnergyFactor", "label": "Re-Part of BE-Factor eps-0", "param_real_part": true, "param_index": 0, "can_return_value": true, "kind": "eps"}, {"type": "BaseEnergyFactor", "label": "Re-Part of BE-Factor eps-1", "param_real_part": true, "param_index": 1, "can_return_value": true, "kind": "eps"}, {"type": "BaseEnergyFactor", "label": "Re-Part of BE-Factor eps-2", "param_real_part": true, "param_index": 2, "can_return_value": true, "kind": "eps"}, {"type": "BaseEnergyFactor", "label": "Re-Part of BE-Factor eps-3", "param_real_part": true, "param_index": 3, "can_return_value": true, "kind": "eps"}, {"type": "BaseEnergyFactor", "label": "Re-Part of BE-Factor eps-4", "param_real_part": true, "param_index": 4, "can_return_value": true, "kind": "eps"}, {"type": "BaseEnergyFactor", "label": "Re-Part of BE-Factor eps-5", "param_real_part": true, "param_index": 5, "can_return_value": true, "kind": "eps"}, {"type": "BaseEnergyFactor", "label": "Re-Part of BE-Factor eps-6", "param_real_part": true, "param_index": 6, "can_return_value": true, "kind": "eps"}, {"type": "BaseEnergyFactor", "label": "Re-Part of BE-Factor eps-7", "param_real_part": true, "param_index": 7, "can_return_value": true, "kind": "eps"}, {"type": "BaseEnergyFactor", "label": "Re-Part of BE-Factor eps-8", "param_real_part": true, "param_index": 8, "can_return_value": true, "kind": "eps"}, {"type": "BaseEnergyFactor", "label": "Re-Part of BE-Factor eps-9", "param_real_part": true, "param_index": 9, "can_return_value": true, "kind": "eps"}, {"type": "BaseEnergyFactor", "label": "Im-Part of BE-Factor eps-0", "param_real_part": false, "param_index": 0, "can_return_value": true, "kind": "eps"}, {"type": "BaseEnergyFactor", "label": "Im-Part of BE-Factor eps-1", "param_real_part": false, "param_index": 1, "can_return_value": true, "kind": "eps"}, {"type": "BaseEnergyFactor", "label": "Im-Part of BE-Factor eps-2", "param_real_part": false, "param_index": 2, "can_return_value": true, "kind": "eps"}, {"type": "BaseEnergyFactor", "label": "Im-Part of BE-Factor eps-3", "param_real_part": false, "param_index": 3, "can_return_value": true, "kind": "eps"}, {"type": "BaseEnergyFactor", "label": "Im-Part of BE-Factor eps-4", "param_real_part": false, "param_index": 4, "can_return_value": true, "kind": "eps"}, {"type": "BaseEnergyFactor", "label": "Im-Part of BE-Factor eps-5", "param_real_part": false, "param_index": 5, "can_return_value": true, "kind": "eps"}, {"type": "BaseEnergyFactor", "label": "Im-Part of BE-Factor eps-6", "param_real_part": false, "param_index": 6, "can_return_value": true, "kind": "eps"}, {"type": "BaseEnergyFactor", "label": "Im-Part of BE-Factor eps-7", "param_real_part": false, "param_index": 7, "can_return_value": true, "kind": "eps"}, {"type": "BaseEnergyFactor", "label": "Im-Part of BE-Factor eps-8", "param_real_part": false, "param_index": 8, "can_return_value": true, "kind": "eps"}, {"type": "BaseEnergyFactor", "label": "Im-Part of BE-Factor eps-9", "param_real_part": false, "param_index": 9, "can_return_value": true, "kind": "eps"}], "measurements": [{"time": 0.0, "step_sample_count": 262144, "data": [0.6302975318978664, 0.7962238358819762, -2.409211346512654e-05, 1.3364613742072939e-05, 1.5426940819682473e-06, -2.3095526437844924e-06, 2.9577584621232426e-06, -1.5668367408516222e-05, 1.0073359691169309e-05, -1.2604172898632618e-05, -1.1358230129747497e-05, 3.80637423358691e-06, 2.8480717089983352e-06, -1.895923534861108e-05, -1.1357545410297846e-05, 4.318272037258513e-06, -1.4618044943022195e-05, 1.2968369814907847e-06, -2.4229613465669603e-06, 1.2658790972584678e-05, -4.320935634434884e-06, -4.807979398987998e-06, -1.0283182688040512e-05, 1.5791125000597532e-06, 1.6795899010380995e-05, -6.0341603244068835e-06, -2.5990623020784137e-06, -7.778776741911498e-06, 2.105483127674879e-05, 1.1085069673905734e-05, -9.132533945527703e-06, -1.2101228867378676e-06, 7.2706396032623796e-06, -5.612770751019133e-06, -2.3901402852107364e-06, -7.7877375531777e-06, 4.464171819755137e-06, -2.5990623020784137e-06, 8.1977527658682e-06, 7.306985025359501e-06, -2.4020509079370578e-05, 3.2547815350467166e-06, -3.2636991717419135e-06, 9.407228796969372e-06, -2.352694576968018e-05, -1.1297768656752587e-05, 5.246858986378391e-06, -7.778776741911498e-06], "data_imag": [5.624747451204452e-23, 2.5776157899700788e-21, 0.0, 0.0, 0.0, 0.0, 0.0, 0.0, 0.0, 0.0, 0.0, 0.0, 0.0, 0.0, 0.0, 0.0, 0.0, 0.0, 0.0, 0.0, 0.0, 0.0, 0.0, 0.0, 0.0, 0.0, 0.0, 0.0, 0.0, 0.0, 0.0, 0.0, 0.0, 0.0, 0.0, 0.0, 0.0, 0.0, 0.0, 0.0, 0.0, 0.0, 0.0, 0.0, 0.0, 0.0, 0.0, 0.0]}, {"time": 0.35, "step_sample_count": 262144, "data": [0.631334520763196, 0.7967153706908987, 0.0072182594168668564, -0.041128772823792695, 0.06434055337805315, 0.007653839939220924, -0.0408446120706554, 0.06432334231487824, 0.00810242384272827, -0.03991543183816308, 0.06374017669615216, 0.006833550044391927, -0.0408083028597222, 0.06373257568440066, 0.33619573625593907, 0.33397122134388774, 0.33831471107318956, 0.3592709562816712, 0.36215467772918214, 0.33834198790910514, 0.38059736802307, 0.3887825583586752, 0.33578439153420175, 0.3095747498973609, 0.30209465265203184, 0.33578864055656543, 0.0033008468893069407, -0.3511135129983791, 0.0003114707763327444, 0.0014818501905557193, 0.002640297879964809, -0.003328556942630638, -0.0021418998879952295, -0.0009714757179990891, -0.006950468913216596, -0.00577349950810632, -0.004580435170358419, 0.0033008468893069407, -0.0018285113386739748, 0.08366109104401344, 0.16896655104567082, -0.26472763739986144, -0.17929834900451977, -0.09384611050131987, -0.527601635787323, -0.44225263084911237, -0.35674794582236713, -0.3511135129983791], "data_imag": [-5.852547723584247e-18, -3.995982594056799e-17, 0.0, 0.0, 0.0, 0.0, 0.0, 0.0, 0.0, 0.0, 0.0, 0.0, 0.0, 0.0, 0.0, 0.0, 0.0, 0.0, 0.0, 0.0, 0.0, 0.0, 0.0, 0.0, 0.0, 0.0, 0.0, 0.0, 0.0, 0.0, 0.0, 0.0, 0.0, 0.0, 0.0, 0.0, 0.0, 0.0, 0.0, 0.0, 0.0, 0.0, 0.0, 0.0, 0.0, 0.0, 0.0, 0.0]}, {"time": 0.7, "step_sample_count": 262144, "data": [0.6314800073667286, 0.7952080049546644, 0.02922302942010612, -0.19193661534211004, 0.25627917684546647, 0.030793652202184194, -0.1904130400669627, 0.2562619657830445, 0.03196991803875452, -0.17635775231339038, 0.24557431566375532, 0.02721211500020601, -0.18089547782924872, 0.24556671460745516, 0.6642575954166007, 0.64861307599516, 0.5904301635862883, 0.6909879847877713, 0.7251707058540212, 0.5904574391183521, 0.6951647062512957, 0.779110082128486, 0.57049788873332, 0.6111449116087855, 0.54534584128227, 0.5705021367126022, 0.012950239843842208, -0.7107587436381051, 0.0019887544473476035, 0.007086793570146778, 0.01223241280919201, -0.01355425253638221, -0.00842993589299583, -0.0032871001208545692, -0.029068701752168462, -0.02392022087965307, -0.018778978073079107, 0.012950239843842208, 0.0025498238811339476, 0.17531384751706294, 0.34664162469074844, -0.5271311144390495, -0.3548537944166936, -0.18254829486365687, -1.0563838778908028, -0.8850125838133734, -0.7122347023960311, -0.7107587436381051], "data_imag": [-1.0162693474659244e-17, -2.9493364979843067e-17, 0.0, 0.0, 0.0, 0.0, 0.0, 0.0, 0.0, 0.0, 0.0, 0.0, 0.0, 0.0, 0.0, 0.0, 0.0, 0.0, 0.0, 0.0, 0.0, 0.0, 0.0, 0.0, 0.0, 0.0, 0.0, 0.0, 0.0, 0.0, 0.0, 0.0, 0.0, 0.0, 0.0, 0.0, 0.0, 0.0, 0.0, 0.0, 0.0, 0.0, 0.0, 0.0, 0.0, 0.0, 0.0, 0.0]}, {"time": 1.0499999999999998, "step_sample_count": 262144, "data": [0.6309340086869061, 0.7920713360176952, 0.05481102391799063, -0.46913705363671354, 0.49029146398078205, 0.05859705592226611, -0.46608410707842685, 0.49027425285825993, 0.058783294236271474, -0.39413274413052013, 0.4427641329432019, 0.046084638093218215, -0.4014566136406446, 0.44275653177119373, 0.9840439693336139, 0.9134070833952108, 0.7149426224210855, 0.9704113034141305, 1.0840134920413274, 0.7149698971708384, 0.8805771929311477, 1.16650441080465, 0.6624254718950614, 0.9060680779341013, 0.6584468100631974, 0.662429720135114, 0.02247888293870518, -1.0824680947027423, 0.0072178482483708116, 0.018356214135578197, 0.029945915440985627, -0.02629566762680554, -0.01503352860117368, -0.0035617421427190225, -0.05970547910968942, -0.04820117999562975, -0.03691918954261992, 0.02247888293870518, 0.017214405890561196, 0.2809277383707734, 0.5399127779759165, -0.7870714129180998, -0.5249979188202896, -0.2628503451170332, -1.589894980658464, -1.3308799905625397, -1.0671333668531726, -1.0824680947027423], "data_imag": [-1.3880354634692835e-17, 6.951759611366319e-17, 0.0, 0.0, 0.0, 0.0, 0.0, 0.0, 0.0, 0.0, 0.0, 0.0, 0.0, 0.0, 0.0, 0.0, 0.0, 0.0, 0.0, 0.0, 0.0, 0.0, 0.0, 0.0, 0.0, 0.0, 0.0, 0.0, 0.0, 0.0, 0.0, 0.0, 0.0, 0.0, 0.0, 0.0, 0.0, 0.0, 0.0, 0.0, 0.0, 0.0, 0.0, 0.0, 0.0, 0.0, 0.0, 0.0]}, {"time": 1.4, "step_sample_count": 262144, "data": [0.6296230408934639, 0.787211076371475, 0.06867572351328173, -0.8792654415058135, 0.6976297246189946, 0.08497204081327142, -0.8840712046624726, 0.6976125138388661, 0.08732365723299156, -0.6540084674907629, 0.5754651690386854, 0.030787607688693104, -0.6296612142893832, 0.575457567851997, 1.3158529464979418, 1.0763509762466827, 0.7416354118601974, 1.187343752140278, 1.4181241796957926, 0.7416626872618762, 0.9017742837133729, 1.5330375065295305, 0.6563840631643906, 1.210716119500935, 0.5702961985433838, 0.6563883104917471, 0.025778448967325614, -1.459264519222013, 0.01679909453692797, 0.03494365607282874, 0.055040854594045105, -0.03728349781351689, -0.018553337253103888, 0.0009019668971859966, -0.09112047652663256, -0.07132080200496947, -0.05278364985077081, 0.025778448967325614, 0.04033806343563602, 0.40057157368904817, 0.7500988147172776, -1.049181642322743, -0.692822101547198, -0.3361993395630203, -2.1355294776131997, -1.7860641508495658, -1.42568875106977, -1.459264519222013], "data_imag": [1.0220684819228012e-17, 4.420394972008155e-17, 0.0, 0.0, 0.0, 0.0, 0.0, 0.0, 0.0, 0.0, 0.0, 0.0, 0.0, 0.0, 0.0, 0.0, 0.0, 0.0, 0.0, 0.0, 0.0, 0.0, 0.0, 0.0, 0.0, 0.0, 0.0, 0.0, 0.0, 0.0, 0.0, 0.0, 0.0, 0.0, 0.0, 0.0, 0.0, 0.0, 0.0, 0.0, 0.0, 0.0, 0.0, 0.0, 0.0, 0.0, 0.0, 0.0]}, {"time": 1.75, "step_sample_count": 262144, "data": [0.6272350855254938, 0.7797832665012528, 0.05305805336971326, -1.387239869057467, 0.8590311874357728, 0.1265618325336528, -1.444698364764102, 0.8590139765748797, 0.15065616239969148, -0.8841712640747446, 0.6241934213351737, -0.06647774129619465, -0.7096850257476488, 0.6241858196830545, 1.691440303426678, 1.064568844502134, 0.7172268444800374, 1.3374294100311641, 1.6917013372621166, 0.7172541199469088, 0.7685442384990775, 1.8707753320563862, 0.6201838261696174, 1.5260520839543414, 0.28208431544177154, 0.6201880733013962, 0.023516392490774377, -1.8314336938624525, 0.027029704809434483, 0.05103024711435471, 0.08053877542132726, -0.044981680441449554, -0.019222944387367703, 0.008109852447808305, -0.11685851309572443, -0.08799221908494312, -0.0631477465824392, 0.023516392490774377, 0.065220920315485, 0.529486549138491, 0.9737466798278201, -1.319485965501459, -0.8627979021475666, -0.40545448401942175, -2.698732148844902, -2.25481175726673, -1.7901297636248046, -1.8314336938624525], "data_imag": [-6.393424908973984e-19, -5.774659804196818e-17, 0.0, 0.0, 0.0, 0.0, 0.0, 0.0, 0.0, 0.0, 0.0, 0.0, 0.0, 0.0, 0.0, 0.0, 0.0, 0.0, 0.0, 0.0, 0.0, 0.0, 0.0, 0.0, 0.0, 0.0, 0.0, 0.0, 0.0, 0.0, 0.0, 0.0, 0.0, 0.0, 0.0, 0.0, 0.0, 0.0, 0.0, 0.0, 0.0, 0.0, 0.0, 0.0, 0.0, 0.0, 0.0, 0.0]}, {"time": 2.0999999999999996, "step_sample_count": 262144, "data": [0.6239971947710424, 0.7697067663410788, -0.027873009510642126, -1.8743971975687965, 0.9803439345904551, 0.23271929820710224, -2.1169498352926976, 0.9803267236582549, 0.2866724619056216, -1.015614877485736, 0.6051057351968836, -0.2770388504088327, -0.5006329124455903, 0.605098132376869, 2.1267900423411974, 0.8078199352224299, 0.6676635837031153, 1.4158884232753013, 1.8555741656595508, 0.6676908590396015, 0.5516244484770025, 2.2158531630378495, 0.6009798187591732, 1.797545005687639, -0.040729138446749025, 0.600984065793163, 0.020649963631928347, -2.195042022949017, 0.03501786363138508, 0.05954960689995742, 0.0955396577748703, -0.047504565348706826, -0.01938629730931259, 0.011261952404990406, -0.1310619174463293, -0.09615033596068744, -0.07009464992698596, 0.020649963631928347, 0.08270899111638547, 0.6592267709764922, 1.2027174063304136, -1.6003339121583269, -1.0367169249875485, -0.47186965920379637, -3.2749619571474975, -2.732333718116138, -2.154964716011832, -2.195042022949017], "data_imag": [1.2747396819213704e-18, 2.1211572948860423e-17, 0.0, 0.0, 0.0, 0.0, 0.0, 0.0, 0.0, 0.0, 0.0, 0.0, 0.0, 0.0, 0.0, 0.0, 0.0, 0.0, 0.0, 0.0, 0.0, 0.0, 0.0, 0.0, 0.0, 0.0, 0.0, 0.0, 0.0, 0.0, 0.0, 0.0, 0.0, 0.0, 0.0, 0.0, 0.0, 0.0, 0.0, 0.0, 0.0, 0.0, 0.0, 0.0, 0.0, 0.0, 0.0, 0.0]}, {"time": 2.4499999999999997, "step_sample_count": 262144, "data": [0.6207819540926782, 0.7584883500052041, -0.23233060327015834, -2.142402064696053, 1.0677659926881682, 0.47316967267501286, -2.8342986910525063, 1.067748782301782, 0.4740041856858633, -1.0489372482501078, 0.5440968266953402, -0.5665113713724603, -0.05980634098508118, 0.5440892244934175, 2.5782721104831197, 0.3398582752973715, 0.6000039458309856, 1.4500923093157878, 1.8698904176173399, 0.6000312211674718, 0.34399398568616324, 2.618533200529804, 0.6233926714320333, 1.9488811171791849, -0.17306159572281019, 0.6233969191831414, 0.02105615602994723, -2.551850699845634, 0.04658969405109838, 0.06035068863155143, 0.093218972243664, -0.040093508961829206, -0.020853244315016305, 0.001688344779476392, -0.1308682416093891, -0.09955537637960991, -0.08338407841807101, 0.02105615602994723, 0.08910310135456503, 0.7811822613914767, 1.4244483334021805, -1.8867298234067276, -1.2136834260114018, -0.5386954603914569, -3.849805137734547, -3.2081161643673886, -2.514717759027785, -2.551850699845634], "data_imag": [-3.1254758900217367e-18, 2.2362076961432648e-17, 0.0, 0.0, 0.0, 0.0, 0.0, 0.0, 0.0, 0.0, 0.0, 0.0, 0.0, 0.0, 0.0, 0.0, 0.0, 0.0, 0.0, 0.0, 0.0, 0.0, 0.0, 0.0, 0.0, 0.0, 0.0, 0.0, 0.0, 0.0, 0.0, 0.0, 0.0, 0.0, 0.0, 0.0, 0.0, 0.0, 0.0, 0.0, 0.0, 0.0, 0.0, 0.0, 0.0, 0.0, 0.0, 0.0]}, {"time": 2.8, "step_sample_count": 262144, "data": [0.6184595269840422, 0.7490147972001274, -0.5709207006927063, -2.108897500302528, 1.1216164937096222, 0.8623222608554576, -3.5404776360643915, 1.121599283318195, 0.6468609391468434, -1.0353706204831143, 0.4687797490588233, -0.8608276390601421, 0.4184314476433231, 0.46877214614784657, 2.9269365905397327, -0.1386499156460223, 0.5158362907765057, 1.524982072145777, 1.724868707221527, 0.5158635665041474, 0.1868341737060722, 3.076689530952303, 0.6979971594518647, 1.9533667385244142, -0.04691030157102349, 0.6980014059317174, 0.025601793693477513, -2.905828711290776, 0.0681763775270788, 0.058900641615438266, 0.07662916559773095, -0.021273300548020048, -0.024041706901375186, -0.023088783688120566, -0.1202808149824269, -0.1045677965890603, -0.11043084823121796, 0.025601793693477513, 0.09422688719584377, 0.8925326576169383, 1.6264908165424294, -2.166357023972029, -1.391831983294386, -0.6145625026043786, -4.406939921014164, -3.6753648668427243, -2.8754136277490168, -2.905828711290776], "data_imag": [-7.395338778358696e-19, 1.3067764922144178e-18, 0.0, 0.0, 0.0, 0.0, 0.0, 0.0, 0.0, 0.0, 0.0, 0.0, 0.0, 0.0, 0.0, 0.0, 0.0, 0.0, 0.0, 0.0, 0.0, 0.0, 0.0, 0.0, 0.0, 0.0, 0.0, 0.0, 0.0, 0.0, 0.0, 0.0, 0.0, 0.0, 0.0, 0.0, 0.0, 0.0, 0.0, 0.0, 0.0, 0.0, 0.0, 0.0, 0.0, 0.0, 0.0, 0.0]}, {"time": 3.15, "step_sample_count": 262144, "data": [0.6171810169555813, 0.7440180296220849, -0.9588374231945718, -1.9233907724772785, 1.1389482565436797, 1.3130038185179351, -4.208630605865304, 1.1389310464074967, 0.7527788821601776, -1.011457691177505, 0.4078131442023875, -1.1000791778896195, 0.7830889840426657, 0.4078055422431769, 3.0844177876957444, -0.4962548942690074, 0.42165476138122343, 1.7034558454836777, 1.3959334471566271, 0.42168203697847995, 0.0653102901491251, 3.551253870303212, 0.8238592677765191, 1.8338770673928182, 0.2597146671467825, 0.8238635151038753, 0.03276022454864193, -3.26052115058799, 0.09630375498634189, 0.060043949101557054, 0.057141796519427766, 0.002637003058572524, -0.028142980710593228, -0.05522038337292179, -0.10913670333816237, -0.11436388550403939, -0.14624434005531958, 0.03276022454864193, 0.11037753180601405, 0.9958282074836816, 1.8049099297644733, -2.430059222725628, -1.5695681886494173, -0.7054989523833435, -4.93931931452189, -4.133381032386538, -3.2462043781170498, -3.26052115058799], "data_imag": [1.5804875609958556e-18, -1.7427984973901745e-17, 0.0, 0.0, 0.0, 0.0, 0.0, 0.0, 0.0, 0.0, 0.0, 0.0, 0.0, 0.0, 0.0, 0.0, 0.0, 0.0, 0.0, 0.0, 0.0, 0.0, 0.0, 0.0, 0.0, 0.0, 0.0, 0.0, 0.0, 0.0, 0.0, 0.0, 0.0, 0.0, 0.0, 0.0, 0.0, 0.0, 0.0, 0.0, 0.0, 0.0, 0.0, 0.0, 0.0, 0.0, 0.0, 0.0]}, {"time": 3.5, "step_sample_count": 262144, "data": [0.6165197289430902, 0.7436182912719399, -1.3148767777159072, -1.7163055772977152, 1.1188163116246401, 1.7254075951019234, -4.783639584423642, 1.1187991029840287, 0.7727955725311745, -0.989488753873652, 0.38770861660852063, -1.2496189257176944, 0.968005990641053, 0.38770101459211354, 3.0570465073906568, -0.7810994738166509, 0.33267665646389094, 1.9844872364337616, 0.8425200105202986, 0.33270393362576933, -0.05787103760457521, 4.013245492965384, 0.9864557527254, 1.6381033494501707, 0.6303415680413499, 0.9864599998245822, 0.04006054216879682, -3.6175733631364317, 0.1249361165781194, 0.06600308973565619, 0.04392482223127936, 0.025500305822644856, -0.031817430685759804, -0.08588111870442948, -0.10391757926811715, -0.1283747120323232, -0.18216178866002006, 0.04006054216879682, 0.1419686780544068, 1.0956664954025102, 1.964857591463735, -2.677387715240417, -1.7461549882593577, -0.8106181917068831, -5.451189829761314, -4.585607035292056, -3.6303018675848717, -3.6175733631364317], "data_imag": [-3.312892319869095e-18, 2.6195404569066313e-17, 0.0, 0.0, 0.0, 0.0, 0.0, 0.0, 0.0, 0.0, 0.0, 0.0, 0.0, 0.0, 0.0, 0.0, 0.0, 0.0, 0.0, 0.0, 0.0, 0.0, 0.0, 0.0, 0.0, 0.0, 0.0, 0.0, 0.0, 0.0, 0.0, 0.0, 0.0, 0.0, 0.0, 0.0, 0.0, 0.0, 0.0, 0.0, 0.0, 0.0, 0.0, 0.0, 0.0, 0.0, 0.0, 0.0]}, {"time": 3.8499999999999996, "step_sample_count": 262144, "data": [0.6160733637558201, 0.7445996552037567, -1.570403298141466, -1.4476511137189747, 1.0677320770041427, 1.992495869905611, -5.044782011851343, 1.06771486947422, 0.7170585045913138, -0.9803447968357094, 0.4229508187317634, -1.3036330071350235, 0.9672423861368897, 0.42294321768529414, 2.990058939632469, -0.9445234813693268, 0.2708698924013969, 2.246423603681015, 0.38870801398911325, 0.27089717067154917, -0.2151693871098656, 4.4446503833461835, 1.1590413412793203, 1.4103383814768267, 0.9676922686507358, 1.1590455901387022, 0.04554262919071312, -3.976061208516291, 0.14582222370652592, 0.07661092010676593, 0.045341396980468664, 0.039508934985279624, -0.03420624958165034, -0.10531871354924949, -0.11090394108844864, -0.1444312673080842, -0.2080541542843952, 0.04554262919071312, 0.177716171501677, 1.1959704671559657, 2.123754225686209, -2.9228059702994655, -1.922296201277339, -0.9168491971385017, -5.961825130426476, -5.037618279781168, -4.017915403247985, -3.976061208516291], "data_imag": [-1.1555715654719618e-18, -1.889815668446001e-17, 0.0, 0.0, 0.0, 0.0, 0.0, 0.0, 0.0, 0.0, 0.0, 0.0, 0.0, 0.0, 0.0, 0.0, 0.0, 0.0, 0.0, 0.0, 0.0, 0.0, 0.0, 0.0, 0.0, 0.0, 0.0, 0.0, 0.0, 0.0, 0.0, 0.0, 0.0, 0.0, 0.0, 0.0, 0.0, 0.0, 0.0, 0.0, 0.0, 0.0, 0.0, 0.0, 0.0, 0.0, 0.0, 0.0]}, {"time": 4.199999999999999, "step_sample_count": 262144, "data": [0.6156077747060137, 0.7430469687041822, -1.7651635538385, -1.1260730428516816, 1.001356769765038, 2.118832713171325, -5.045897064316109, 1.0013395621774412, 0.6139705006693942, -0.9911339731602818, 0.5049324844419032, -1.2697873392219199, 0.8108519481457156, 0.5049248833400597, 3.0113741629556503, -0.8839436545747621, 0.24789398634225102, 2.3767939789389314, 0.3856656436866852, 0.24792126467759587, -0.42195419323100625, 4.831433551825052, 1.312106736876689, 1.1874911095287053, 1.2036881589253798, 1.3121109858012632, 0.048115143114951894, -4.334348481621524, 0.1597599308884761, 0.089961531618582, 0.05844719732535663, 0.04567178381399697, -0.03498092305027746, -0.11368053648210175, -0.12609997449998114, -0.15971731585551605, -0.2238538509325485, 0.048115143114951894, 0.2054843836603756, 1.2988815821140807, 2.297614089975616, -3.180023045213835, -2.098902020048398, -1.012306687709345, -6.489135979506572, -5.493433142588915, -4.398747946263697, -4.334348481621524], "data_imag": [-1.6529486066033787e-18, -1.8865387931240438e-17, 0.0, 0.0, 0.0, 0.0, 0.0, 0.0, 0.0, 0.0, 0.0, 0.0, 0.0, 0.0, 0.0, 0.0, 0.0, 0.0, 0.0, 0.0, 0.0, 0.0, 0.0, 0.0, 0.0, 0.0, 0.0, 0.0, 0.0, 0.0, 0.0, 0.0, 0.0, 0.0, 0.0, 0.0, 0.0, 0.0, 0.0, 0.0, 0.0, 0.0, 0.0, 0.0, 0.0, 0.0, 0.0, 0.0]}, {"time": 4.55, "step_sample_count": 262144, "data": [0.6150851018478835, 0.7375718180348405, -1.9814770667856738, -0.8459559450767302, 0.9356017842289588, 2.183640388391076, -5.047248073065431, 0.9355845767420893, 0.4997617620986587, -1.0147304679347386, 0.6089003723869797, -1.1650238002584394, 0.5606255241821034, 0.6088927711271884, 2.9720973810865288, -0.7432563267567484, 0.2565345614438501, 2.5266419870575016, 0.38137525644796016, 0.25656184003996524, -0.6724460448411377, 5.164695261981273, 1.4241550855260938, 1.0131009793040677, 1.2912689787701137, 1.424159334124705, 0.04833466074545959, -4.692158921168117, 0.17185481125546637, 0.10289873117096149, 0.0728677169606381, 0.04981484571921579, -0.034529739393886004, -0.11749541327578863, -0.13972052886993264, -0.17176323646001482, -0.23531129396801295, 0.04833466074545959, 0.23946670411155324, 1.4048827781101492, 2.4741516288495786, -3.4347407254436404, -2.275916787189479, -1.1112391100087486, -7.020394033872907, -5.953317955998214, -4.786875717446614, -4.692158921168117], "data_imag": [7.830391331506138e-19, 9.898722103712196e-18, 0.0, 0.0, 0.0, 0.0, 0.0, 0.0, 0.0, 0.0, 0.0, 0.0, 0.0, 0.0, 0.0, 0.0, 0.0, 0.0, 0.0, 0.0, 0.0, 0.0, 0.0, 0.0, 0.0, 0.0, 0.0, 0.0, 0.0, 0.0, 0.0, 0.0, 0.0, 0.0, 0.0, 0.0, 0.0, 0.0, 0.0, 0.0, 0.0, 0.0, 0.0, 0.0, 0.0, 0.0, 0.0, 0.0]}, {"time": 4.8999999999999995, "step_sample_count": 262144, "data": [0.6142928498225737, 0.7287785180890173, -2.189253377845869, -0.6378249926578472, 0.8859967415259221, 2.1875244289403657, -5.048735082884156, 0.8859795340105553, 0.40960720694058034, -1.0272631242859576, 0.7063548546328329, -1.0226944329214638, 0.31064516115438306, 0.7063472535517801, 2.8840716487248175, -0.5344131296838922, 0.28549715247355373, 2.6971962580299995, 0.37541730113522687, 0.2855244314608243, -0.9521684804552317, 5.430367117218143, 1.4902074896466584, 0.8973203924988731, 1.2210667266945718, 1.490211738310462, 0.0482274316174107, -5.0496693608564565, 0.176638435664998, 0.11147227870490634, 0.08637412451502852, 0.04853018761909951, -0.03390067700123618, -0.11540624202093562, -0.1517327742971545, -0.17884028856428935, -0.2389962578771398, 0.0482274316174107, 0.27743116346421415, 1.5138512764421093, 2.654247180387394, -3.6886346867959365, -2.453595122525283, -1.2120638600256577, -7.555987696910196, -6.417012911099451, -5.179881177084694, -5.0496693608564565], "data_imag": [2.1999306572649168e-18, 1.8276098813960967e-17, 0.0, 0.0, 0.0, 0.0, 0.0, 0.0, 0.0, 0.0, 0.0, 0.0, 0.0, 0.0, 0.0, 0.0, 0.0, 0.0, 0.0, 0.0, 0.0, 0.0, 0.0, 0.0, 0.0, 0.0, 0.0, 0.0, 0.0, 0.0, 0.0, 0.0, 0.0, 0.0, 0.0, 0.0, 0.0, 0.0, 0.0, 0.0, 0.0, 0.0, 0.0, 0.0, 0.0, 0.0, 0.0, 0.0]}, {"time": 5.25, "step_sample_count": 262144, "data": [0.6131508869365802, 0.7190796653786096, -2.3526513373474214, -0.526991834361807, 0.8613060883765069, 2.1402028903082333, -5.048886908025009, 0.8612888808385796, 0.36929309212274, -0.9952782508584356, 0.7763291686124572, -0.8775379518176948, 0.1564731501923986, 0.776321567547184, 2.777796729946018, -0.29702610155691495, 0.3206886200828102, 2.880114437931316, 0.3680582331277274, 0.32071589942864, -1.235888472575982, 5.642955357703782, 1.5204122449752542, 0.8311631982160135, 1.0435720382949703, 1.5204164936064615, 0.0496575463667952, -5.407934484456597, 0.1692576138739535, 0.11218506051323646, 0.09663534398572377, 0.040371486366142795, -0.03383614372153651, -0.1075673598222725, -0.1617476437500019, -0.17935500820333916, -0.2317363727242268, 0.0496575463667952, 0.31512942553964207, 1.62447899524046, 2.8365798163260494, -3.943451133189898, -2.6315803449242843, -1.31197300602885, -8.09320851352826, -6.882042319528268, -5.57217364158359, -5.407934484456597], "data_imag": [4.188485927358623e-18, -2.6195373385069482e-17, 0.0, 0.0, 0.0, 0.0, 0.0, 0.0, 0.0, 0.0, 0.0, 0.0, 0.0, 0.0, 0.0, 0.0, 0.0, 0.0, 0.0, 0.0, 0.0, 0.0, 0.0, 0.0, 0.0, 0.0, 0.0, 0.0, 0.0, 0.0, 0.0, 0.0, 0.0, 0.0, 0.0, 0.0, 0.0, 0.0, 0.0, 0.0, 0.0, 0.0, 0.0, 0.0, 0.0, 0.0, 0.0, 0.0]}, {"time": 5.6, "step_sample_count": 262144, "data": [0.6118444839813487, 0.7109411336059008, -2.411381363533412, -0.47800183957783343, 0.863353219848805, 2.0229207076581344, -4.931000623272407, 0.8633360122467986, 0.3822823138717809, -0.9062693177272242, 0.8120304758969177, -0.7566821704713836, 0.14168767438484012, 0.8120228748210238, 2.682718385796503, -0.08911505690899782, 0.3486125794181224, 3.061176480537379, 0.34558586550613296, 0.3486398586335671, -1.4870693917985158, 5.844784730390116, 1.5334243221037689, 0.7952795909569932, 0.8598083045489521, 1.5334285704742057, 0.05355038669811748, -5.768435204534722, 0.14430332688758413, 0.10389134479147738, 0.1061207254961183, 0.02177878692629209, -0.034816250506889405, -0.0914234200684108, -0.1734245791895401, -0.173306992973168, -0.20914858763416733, 0.05355038669811748, 0.34770846145693907, 1.733676039950623, 3.0178442998216646, -4.199783569107473, -2.8089114114621654, -1.4084348301435172, -8.626931643795139, -7.343527153399051, -5.9568830531788395, -5.768435204534722], "data_imag": [-1.3083724444068917e-18, -3.6887982939811667e-17, 0.0, 0.0, 0.0, 0.0, 0.0, 0.0, 0.0, 0.0, 0.0, 0.0, 0.0, 0.0, 0.0, 0.0, 0.0, 0.0, 0.0, 0.0, 0.0, 0.0, 0.0, 0.0, 0.0, 0.0, 0.0, 0.0, 0.0, 0.0, 0.0, 0.0, 0.0, 0.0, 0.0, 0.0, 0.0, 0.0, 0.0, 0.0, 0.0, 0.0, 0.0, 0.0, 0.0, 0.0, 0.0, 0.0]}, {"time": 5.949999999999999, "step_sample_count": 262144, "data": [0.6107525851174765, 0.7056655086034157, -2.278891005501946, -0.39088637759358585, 0.8883435608450164, 1.7785256843725519, -4.447006808010052, 0.8883263545502265, 0.4240428109332669, -0.7831766810203333, 0.8214212680921856, -0.6727728439713065, 0.23032347940610734, 0.8214136686760715, 2.66911119409229, 0.08835794969337886, 0.3591426316590604, 3.1664323900994895, 0.4550474042232836, 0.3591699116242198, -1.6691064387274057, 6.075454480574869, 1.5499776146529842, 0.7696726492644621, 0.7683912211276958, 1.5499818630560172, 0.06022213016512258, -6.1322971070724765, 0.09554451801597795, 0.08841751251374072, 0.12364382140295574, -0.014673859202198318, -0.03742312999558366, -0.060508673223161384, -0.196433348661607, -0.1633605922823354, -0.1658757665082777, 0.06022213016512258, 0.3658344187075342, 1.8378240692654428, 3.200798822989238, -4.4636150721448375, -2.9847846076535527, -1.4939776014847963, -9.158755035211248, -7.796618257256201, -6.32330733052449, -6.1322971070724765], "data_imag": [6.693175212663958e-18, 2.7593149930506382e-17, 0.0, 0.0, 0.0, 0.0, 0.0, 0.0, 0.0, 0.0, 0.0, 0.0, 0.0, 0.0, 0.0, 0.0, 0.0, 0.0, 0.0, 0.0, 0.0, 0.0, 0.0, 0.0, 0.0, 0.0, 0.0, 0.0, 0.0, 0.0, 0.0, 0.0, 0.0, 0.0, 0.0, 0.0, 0.0, 0.0, 0.0, 0.0, 0.0, 0.0, 0.0, 0.0, 0.0, 0.0, 0.0, 0.0]}, {"time": 6.3, "step_sample_count": 262144, "data": [0.6102651525059262, 0.7050875700507154, -2.1301073381982536, -0.4156177724142925, 0.923882360916369, 1.6031092349366385, -4.129546990470968, 0.9238651547068041, 0.4577995545251806, -0.6507407497410151, 0.8172163018845827, -0.6103795755911988, 0.3438770968991426, 0.8172087023048967, 2.7697266677613124, 0.22467459316241445, 0.34560446928139743, 3.1407700052467225, 0.7760698400225245, 0.34563174901838284, -1.7579283697011963, 6.3523671787292075, 1.5859715187285695, 0.7495697915266601, 0.816397274038046, 1.5859757672293915, 0.06792347240721971, -6.5000555715318065, 0.045627545386266496, 0.06964005794105918, 0.13313660646231162, -0.04865476271504056, -0.04080380166603107, -0.03346935568872931, -0.21289735000220575, -0.15157284903384496, -0.12285903431642498, 0.06792347240721971, 0.36459156261757714, 1.9349010524006365, 3.388728550789894, -4.7388292861345125, -3.158868237618869, -1.5641342458376244, -9.691669989481484, -8.238948915971418, -6.666173571820778, -6.5000555715318065], "data_imag": [-1.4731566899948274e-17, -2.417779716585551e-16, 0.0, 0.0, 0.0, 0.0, 0.0, 0.0, 0.0, 0.0, 0.0, 0.0, 0.0, 0.0, 0.0, 0.0, 0.0, 0.0, 0.0, 0.0, 0.0, 0.0, 0.0, 0.0, 0.0, 0.0, 0.0, 0.0, 0.0, 0.0, 0.0, 0.0, 0.0, 0.0, 0.0, 0.0, 0.0, 0.0, 0.0, 0.0, 0.0, 0.0, 0.0, 0.0, 0.0, 0.0, 0.0, 0.0]}, {"time": 6.6499999999999995, "step_sample_count": 262144, "data": [0.610309711961216, 0.708210056236893, -1.9702789142921913, -0.49793100530338524, 0.957118484736708, 1.5034361721171945, -3.936899160792716, 0.9571012785288571, 0.4418435323357458, -0.5404353994397865, 0.8164784003445215, -0.5606151687732296, 0.3980042109937386, 0.8164708006689114, 2.9485140861230654, 0.2715877994137526, 0.306094847418144, 2.991879461778426, 1.2154491277571522, 0.3061221271877257, -1.7515900869661094, 6.675219352544689, 1.6473377887827012, 0.7493664875036441, 0.9899874280339473, 1.647342037283523, 0.07458900025345562, -6.871580319798482, -0.00038748748818467384, 0.05272237305991756, 0.13836048869004766, -0.07799006852018843, -0.04425867963825855, -0.010810635751886132, -0.22482642149289578, -0.14136458765281057, -0.0834251235425549, 0.07458900025345562, 0.34768238939578405, 2.025698435926278, 3.5819566518892696, -5.022853540404411, -3.331258822575025, -1.6216723262818349, -10.226382547676945, -8.671701643659475, -6.989628011316468, -6.871580319798482], "data_imag": [-5.323608702219608e-18, -9.27571948303605e-17, 0.0, 0.0, 0.0, 0.0, 0.0, 0.0, 0.0, 0.0, 0.0, 0.0, 0.0, 0.0, 0.0, 0.0, 0.0, 0.0, 0.0, 0.0, 0.0, 0.0, 0.0, 0.0, 0.0, 0.0, 0.0, 0.0, 0.0, 0.0, 0.0, 0.0, 0.0, 0.0, 0.0, 0.0, 0.0, 0.0, 0.0, 0.0, 0.0, 0.0, 0.0, 0.0, 0.0, 0.0, 0.0, 0.0]}, {"time": 7.0, "step_sample_count": 262144, "data": [0.6105623350421423, 0.7130364476008392, -1.8136846452341482, -0.5734772989754081, 0.9739132460267621, 1.4667907729854626, -3.8062826968230254, 0.9738960398844942, 0.35672166455501, -0.4738416357661671, 0.8337652132974716, -0.5165964249892325, 0.34308712723097495, 0.8337576135485795, 3.1752744013289673, 0.21865958537316776, 0.2470829022431371, 2.728058693090552, 1.7234598641630015, 0.247110182045315, -1.6702581565680998, 7.0370755858592995, 1.729975842485823, 0.7907103589867577, 1.2379072073909818, 1.7299800908888558, 0.07822945366097757, -7.24553770406444, -0.039081956788886346, 0.04148493548995636, 0.14342036027046287, -0.10099869748822923, -0.04692042315582968, 0.007680096860852239, -0.23442944571072016, -0.13471001089221282, -0.049051063566580615, 0.07822945366097757, 0.3194678638293478, 2.1130590314538487, 3.7834550642476117, -5.3138701273488715, -3.502725225705933, -1.6698287735272541, -10.767392874760004, -9.099286892452952, -7.29963305015344, -7.24553770406444], "data_imag": [5.215198316713208e-20, -8.049666857435565e-17, 0.0, 0.0, 0.0, 0.0, 0.0, 0.0, 0.0, 0.0, 0.0, 0.0, 0.0, 0.0, 0.0, 0.0, 0.0, 0.0, 0.0, 0.0, 0.0, 0.0, 0.0, 0.0, 0.0, 0.0, 0.0, 0.0, 0.0, 0.0, 0.0, 0.0, 0.0, 0.0, 0.0, 0.0, 0.0, 0.0, 0.0, 0.0, 0.0, 0.0, 0.0, 0.0, 0.0, 0.0, 0.0, 0.0]}, {"time": 7.35, "step_sample_count": 262144, "data": [0.6106874418509999, 0.717437676028909, -1.6860782817985527, -0.5776602308092729, 0.9640922856562668, 1.4689685521163203, -3.6743708740862515, 0.9640750795896189, 0.21226829162091476, -0.4688772924466077, 0.876746773502076, -0.476315510769327, 0.16812264766888912, 0.8767391735901431, 3.4215519011798063, 0.081547343715717, 0.1825095678248999, 2.3669148349744313, 2.268729488008817, 0.1825368476596741, -1.5431844474974172, 7.4323899282551675, 1.8216231140463282, 0.8946450423231683, 1.501575401205792, 1.8216273619278203, 0.07789575639418704, -7.6195249401921625, -0.06872296113349079, 0.03730812372385842, 0.15146221979032384, -0.11707083000572932, -0.04817542702154771, 0.02252639465327579, -0.24373063116204005, -0.13188923280801007, -0.020291969999403723, 0.07789575639418704, 0.2845287049352262, 2.2000054557241304, 3.9957824748833826, -5.610252258375929, -3.674396596990107, -1.712516283271682, -11.319589864625044, -9.527053556453177, -7.603186463869584, -7.6195249401921625], "data_imag": [-2.9184413311795596e-18, 6.6198060341409996e-18, 0.0, 0.0, 0.0, 0.0, 0.0, 0.0, 0.0, 0.0, 0.0, 0.0, 0.0, 0.0, 0.0, 0.0, 0.0, 0.0, 0.0, 0.0, 0.0, 0.0, 0.0, 0.0, 0.0, 0.0, 0.0, 0.0, 0.0, 0.0, 0.0, 0.0, 0.0, 0.0, 0.0, 0.0, 0.0, 0.0, 0.0, 0.0, 0.0, 0.0, 0.0, 0.0, 0.0, 0.0, 0.0, 0.0]}, {"time": 7.699999999999999, "step_sample_count": 262144, "data": [0.6104085810437537, 0.7195443548991842, -1.6142802414889028, -0.4545725259356176, 0.9267772130632578, 1.4895855201342454, -3.491423589887094, 0.9267600071351492, 0.04066602677755139, -0.5438800240288832, 0.9439448724801888, -0.4458012211338539, -0.10722708852913328, 0.9439372724460919, 3.6565407811603263, -0.09597992661533046, 0.12907713914640223, 1.9422650128492203, 2.8286753035869197, 0.12910441911156156, -1.3999594102234665, 7.850539922338382, 1.9066858101605106, 1.0759383461383505, 1.7238075641605435, 1.906690057944214, 0.07447312929928684, -7.9909139276812065, -0.08903248302804154, 0.039091279773524404, 0.16360524323624787, -0.12698555249280494, -0.04810169317902119, 0.03393347903573428, -0.2543978837030582, -0.13225336787658715, 0.002051576766516937, 0.07447312929928684, 0.24797078836011477, 2.2891148278982647, 4.21878889042746, -5.909903865671892, -3.847317897856981, -1.7542311348825688, -11.885109321185766, -9.959795275298386, -7.907863057928566, -7.9909139276812065], "data_imag": [1.9268164755933998e-18, -2.403150959361659e-17, 0.0, 0.0, 0.0, 0.0, 0.0, 0.0, 0.0, 0.0, 0.0, 0.0, 0.0, 0.0, 0.0, 0.0, 0.0, 0.0, 0.0, 0.0, 0.0, 0.0, 0.0, 0.0, 0.0, 0.0, 0.0, 0.0, 0.0, 0.0, 0.0, 0.0, 0.0, 0.0, 0.0, 0.0, 0.0, 0.0, 0.0, 0.0, 0.0, 0.0, 0.0, 0.0, 0.0, 0.0, 0.0, 0.0]}, {"time": 8.049999999999999, "step_sample_count": 262144, "data": [0.6095656634074329, 0.7180479954625607, -1.6110661867064282, -0.1851391071152366, 0.870856214659147, 1.517611731397733, -3.2397864516374937, 0.8708390091277739, -0.11259327727604566, -0.7079936595883584, 1.025642385154045, -0.44332440632189946, -0.4277312266402761, 1.0256347856545376, 3.847993193178879, -0.23894401479403587, 0.10006330084871476, 1.5059165803884202, 3.391420889885326, 0.10009058104204813, -1.2685771631629292, 8.265560384232256, 1.9723819384925667, 1.3388733171454033, 1.8450216128250947, 1.9723861867652148, 0.07034767178171189, -8.358053556559998, -0.1016165501329539, 0.043526123570402975, 0.17870144154324194, -0.1329744587141343, -0.04747955742274988, 0.042030411271260254, -0.26732824126565147, -0.134381962370166, 0.01751367083489627, 0.07034767178171189, 0.21585507192183995, 2.3831072402761118, 4.448549241155634, -6.209735342800792, -4.022030121892738, -1.7995674157714465, -12.461161249903409, -10.40130810027404, -8.221198142645822, -8.358053556559998], "data_imag": [2.9967548768286235e-18, 3.076579157159581e-18, 0.0, 0.0, 0.0, 0.0, 0.0, 0.0, 0.0, 0.0, 0.0, 0.0, 0.0, 0.0, 0.0, 0.0, 0.0, 0.0, 0.0, 0.0, 0.0, 0.0, 0.0, 0.0, 0.0, 0.0, 0.0, 0.0, 0.0, 0.0, 0.0, 0.0, 0.0, 0.0, 0.0, 0.0, 0.0, 0.0, 0.0, 0.0, 0.0, 0.0, 0.0, 0.0, 0.0, 0.0, 0.0, 0.0]}, {"time": 8.399999999999999, "step_sample_count": 262144, "data": [0.6081967578679568, 0.712596704340057, -1.6689789120560385, 0.18716184512745687, 0.8098213678683719, 1.5437021428506312, -2.945394933089168, 0.8098041619446052, -0.19675604095608137, -0.9422901554080542, 1.1080008065928448, -0.5018101814759856, -0.6891298502203026, 1.107993206902468, 3.973008511037076, -0.26954781982240367, 0.10120739619364938, 1.1117466953844812, 3.954908210241397, 0.1012346761588087, -1.1697095931547778, 8.640292553442002, 2.0134190891698602, 1.6689221260339355, 1.821968394282031, 2.0134233370187564, 0.06789725643909343, -8.720988787331544, -0.11064147897670334, 0.045714565121634396, 0.19425473326620513, -0.13819333316948837, -0.047317878908137115, 0.04777402125927931, -0.2822017244999583, -0.1355660372719911, 0.02803665129824897, 0.06789725643909343, 0.1932827828649968, 2.484256874159145, 4.678083682806247, -6.5066024200000685, -4.1983703601735645, -1.8515995472804871, -13.040199396755225, -10.853279151353494, -8.54811864918674, -8.720988787331544], "data_imag": [2.6383277529769808e-18, -2.3998194889363938e-17, 0.0, 0.0, 0.0, 0.0, 0.0, 0.0, 0.0, 0.0, 0.0, 0.0, 0.0, 0.0, 0.0, 0.0, 0.0, 0.0, 0.0, 0.0, 0.0, 0.0, 0.0, 0.0, 0.0, 0.0, 0.0, 0.0, 0.0, 0.0, 0.0, 0.0, 0.0, 0.0, 0.0, 0.0, 0.0, 0.0, 0.0, 0.0, 0.0, 0.0, 0.0, 0.0, 0.0, 0.0, 0.0, 0.0]}, {"time": 8.75, "step_sample_count": 262144, "data": [0.6065351514619223, 0.704126232693365, -1.7685135265509677, 0.5758666214709763, 0.7557073031478339, 1.55591181534411, -2.6622415040663974, 0.7556900971991996, -0.17412509126922088, -1.1982637416607764, 1.1786673468005289, -0.6556081084760211, -0.7687696541077399, 1.1786597464675066, 4.026793311967956, -0.15173428567017527, 0.13053470126237696, 0.7910847315593673, 4.5171723455536865, 0.13056198112974743, -1.1017873868200079, 8.955826472883517, 2.032743463368774, 2.0208471485801374, 1.6848183293889643, 2.032747710891708, 0.0680985042654486, -9.081297577519829, -0.12132705988249809, 0.041169682680381604, 0.20791858288837275, -0.14532200118605237, -0.04823958063796435, 0.05295274592374389, -0.29761374651512784, -0.1325323014764173, 0.03789739026564293, 0.0680985042654486, 0.18051723028883115, 2.591808466766196, 4.899192564210755, -6.7987825537262845, -4.375567822512519, -1.91051317411547, -13.612194882879876, -11.313102555140945, -8.88721650975634, -9.081297577519829], "data_imag": [3.5707518256491144e-19, -9.513709422832179e-18, 0.0, 0.0, 0.0, 0.0, 0.0, 0.0, 0.0, 0.0, 0.0, 0.0, 0.0, 0.0, 0.0, 0.0, 0.0, 0.0, 0.0, 0.0, 0.0, 0.0, 0.0, 0.0, 0.0, 0.0, 0.0, 0.0, 0.0, 0.0, 0.0, 0.0, 0.0, 0.0, 0.0, 0.0, 0.0, 0.0, 0.0, 0.0, 0.0, 0.0, 0.0, 0.0, 0.0, 0.0, 0.0, 0.0]}, {"time": 9.1, "step_sample_count": 262144, "data": [0.6048196220514408, 0.6946768394600132, -1.8861483903769718, 0.8964781730912966, 0.7162485996515701, 1.5428351038351635, -2.4391547775878246, 0.7162313934962771, -0.05303506064217074, -1.4325576515563831, 1.2308193957833466, -0.9056117159021306, -0.6300547577415795, 1.2308117950290116, 4.020200887090502, 0.09702060570117918, 0.18112129425747295, 0.5440500556799633, 5.071323549409559, 0.18114857405965085, -1.0405118758550929, 9.22970973586215, 2.0382848773120568, 2.328278048445131, 1.5457211475649284, 2.038289124215661, 0.07015347847166585, -9.441255729659854, -0.13572724774686332, 0.02951404258913459, 0.2197851873784193, -0.15545593608868474, -0.05004099087111964, 0.05953992479064855, -0.31287388582856623, -0.12439493526105302, 0.04998262479261539, 0.07015347847166585, 0.1726307935267758, 2.7012381911456385, 5.105057955408485, -7.086164171335929, -4.552508649537038, -1.9741850597034434, -14.168196179619434, -11.774020909474208, -9.23113873406191, -9.441255729659854], "data_imag": [4.045030557785067e-19, 3.655552562937331e-18, 0.0, 0.0, 0.0, 0.0, 0.0, 0.0, 0.0, 0.0, 0.0, 0.0, 0.0, 0.0, 0.0, 0.0, 0.0, 0.0, 0.0, 0.0, 0.0, 0.0, 0.0, 0.0, 0.0, 0.0, 0.0, 0.0, 0.0, 0.0, 0.0, 0.0, 0.0, 0.0, 0.0, 0.0, 0.0, 0.0, 0.0, 0.0, 0.0, 0.0, 0.0, 0.0, 0.0, 0.0, 0.0, 0.0]}, {"time": 9.45, "step_sample_count": 262144, "data": [0.6030460047737336, 0.6862639843736655, -1.9985156468877927, 1.0917046456252604, 0.6951180252445107, 1.4966398562985916, -2.302032256569594, 0.6951008191897436, 0.10686158079439813, -1.624580109769433, 1.2640347257025104, -1.2088149204070762, -0.35648227993598625, 1.2640271248461394, 3.978269904203223, 0.42414762164574943, 0.24403737241286758, 0.34907963380041107, 5.6125187439398605, 0.24406465234543062, -0.9710226767364042, 9.49035112499742, 2.038320893148579, 2.545796966656703, 1.4961452173271583, 2.0383251395306425, 0.07183197585279968, -9.802802530418077, -0.15124973767575162, 0.015601504734205145, 0.23289728378479363, -0.16793569107314338, -0.051700436308646, 0.06922629949976357, -0.32877529176764936, -0.1138440050900165, 0.0639610702667736, 0.07183197585279968, 0.16458321319893712, 2.8080058495844042, 5.294157962681277, -7.369535707966367, -4.728076380474656, -2.0398480407132524, -14.705128700993981, -12.229643060949027, -9.57263997661759, -9.802802530418077], "data_imag": [1.2938263947680913e-18, -5.984094298758914e-18, 0.0, 0.0, 0.0, 0.0, 0.0, 0.0, 0.0, 0.0, 0.0, 0.0, 0.0, 0.0, 0.0, 0.0, 0.0, 0.0, 0.0, 0.0, 0.0, 0.0, 0.0, 0.0, 0.0, 0.0, 0.0, 0.0, 0.0, 0.0, 0.0, 0.0, 0.0, 0.0, 0.0, 0.0, 0.0, 0.0, 0.0, 0.0, 0.0, 0.0, 0.0, 0.0, 0.0, 0.0, 0.0, 0.0]}, {"time": 9.799999999999999, "step_sample_count": 262144, "data": [0.601074660580757, 0.679625110460864, -2.095628298302683, 1.1407685798325022, 0.6927226056732997, 1.4150960065146416, -2.2597114503820395, 0.6927053996075895, 0.23645013619883667, -1.7567681108894408, 1.282580729749746, -1.513429426862103, -0.05325322177121484, 1.28257312886725, 3.9359881145329907, 0.7663223493529194, 0.31001518055913946, 0.17601701933714137, 6.1444276096086705, 0.3100424600679507, -0.9068594207282262, 9.765018505645154, 2.0384462661730725, 2.6677516364274876, 1.5553282963989672, 2.0384505122780685, 0.07016707471483254, -10.166696137753707, -0.16387778124164104, 0.005953922162668275, 0.25042715158219736, -0.1807826400787564, -0.051855618033964095, 0.08303858286556622, -0.34550171420396336, -0.10443653632879307, 0.07867424032955045, 0.07016707471483254, 0.15435106982943378, 2.9107088889441712, 5.471626672901114, -7.650271863503091, -4.901744643933769, -2.1052967769752944, -15.227788508387194, -12.677857577563708, -9.908754925001354, -10.166696137753707], "data_imag": [-2.659440684485706e-18, -4.595654685717437e-17, 0.0, 0.0, 0.0, 0.0, 0.0, 0.0, 0.0, 0.0, 0.0, 0.0, 0.0, 0.0, 0.0, 0.0, 0.0, 0.0, 0.0, 0.0, 0.0, 0.0, 0.0, 0.0, 0.0, 0.0, 0.0, 0.0, 0.0, 0.0, 0.0, 0.0, 0.0, 0.0, 0.0, 0.0, 0.0, 0.0, 0.0, 0.0, 0.0, 0.0, 0.0, 0.0, 0.0, 0.0, 0.0, 0.0]}, {"time": 10.149999999999999, "step_sample_count": 262144, "data": [0.598935597007311, 0.674114499699816, -2.1906475110915475, 1.0574254601770132, 0.7062497142982462, 1.303173341130855, -2.317195196918566, 0.7062325082299028, 0.291103216641285, -1.8174993435147846, 1.292121701976258, -1.7842818539337322, 0.21042688439927493, 1.2921141008972368, 3.919590612366772, 1.0738694510969042, 0.3702512160095011, -0.006343645092001665, 6.67714500901026, 0.37027849548571606, -0.8776449144206093, 10.092802004532592, 2.0406010662756526, 2.7095972990958352, 1.7148196681721506, 2.040605312820699, 0.0625090473088892, -10.532128517879565, -0.17060919973705393, 0.005177565742893896, 0.2737741203546761, -0.19129575954842093, -0.04929519382991591, 0.10081673163543356, -0.3617887018461262, -0.09815460541502642, 0.09357680300814011, 0.0625090473088892, 0.14174468843383492, 3.0108492762564474, 5.6469056986357495, -7.930719132894826, -5.0741121988469855, -2.1690456829518303, -15.746774611104657, -13.121169604243049, -10.240253468585374, -10.532128517879565], "data_imag": [2.456816051122889e-19, -1.3258760501040647e-17, 0.0, 0.0, 0.0, 0.0, 0.0, 0.0, 0.0, 0.0, 0.0, 0.0, 0.0, 0.0, 0.0, 0.0, 0.0, 0.0, 0.0, 0.0, 0.0, 0.0, 0.0, 0.0, 0.0, 0.0, 0.0, 0.0, 0.0, 0.0, 0.0, 0.0, 0.0, 0.0, 0.0, 0.0, 0.0, 0.0, 0.0, 0.0, 0.0, 0.0, 0.0, 0.0, 0.0, 0.0, 0.0, 0.0]}, {"time": 10.5, "step_sample_count": 262144, "data": [0.5968179175490538, 0.6685211369384695, -2.310910997706372, 0.8735336901336485, 0.729809226891127, 1.1749051529967967, -2.4849262375116283, 0.7297920207474664, 0.2552707111056368, -1.817423474727779, 1.2966972255912839, -2.00095574735327, 0.3877621432518177, 1.2966896246179755, 3.931981261213985, 1.3231639022577264, 0.41750654575881524, -0.22780931268995114, 7.222303499031974, 0.4175338252513283, -0.9154785725700753, 10.52163866460573, 2.0435038095402196, 2.6935480609574696, 1.9646604646677053, 2.043508055938583, 0.04768659852135959, -10.896806882276826, -0.16972776908727968, 0.014848524793626755, 0.3023773659892858, -0.1966718961723689, -0.043325233190914594, 0.12078012724110697, -0.3758081858844931, -0.0952789739305654, 0.10805631208043899, 0.04768659852135959, 0.1269705280626729, 3.1111260291460696, 5.831077136404714, -8.214013556970691, -5.246803519080557, -2.2303904244398227, -16.27570530427157, -13.564930499268092, -10.570002287256006, -10.896806882276826], "data_imag": [2.6095490757931135e-18, 2.3438484956816762e-17, 0.0, 0.0, 0.0, 0.0, 0.0, 0.0, 0.0, 0.0, 0.0, 0.0, 0.0, 0.0, 0.0, 0.0, 0.0, 0.0, 0.0, 0.0, 0.0, 0.0, 0.0, 0.0, 0.0, 0.0, 0.0, 0.0, 0.0, 0.0, 0.0, 0.0, 0.0, 0.0, 0.0, 0.0, 0.0, 0.0, 0.0, 0.0, 0.0, 0.0, 0.0, 0.0, 0.0, 0.0, 0.0, 0.0]}, {"time": 10.85, "step_sample_count": 262144, "data": [0.5948725490138868, 0.6620285493700007, -2.4825136177399747, 0.6220698022982253, 0.7555704367260081, 1.0564698638508985, -2.783454978251499, 0.7555532305870685, 0.13779130051082314, -1.7882577231417962, 1.297210583421576, -2.150957260642831, 0.4437250590989051, 1.2972029825777567, 3.9594456520313157, 1.5129162625886208, 0.4482514329906644, -0.5143719216267527, 7.7931556990390405, 0.44827871251577367, -1.0502639234292404, 11.0939289401613, 2.0447711482636297, 2.649649766058788, 2.28356052231322, 2.0447753944338194, 0.026745427930948043, -11.257437883981432, -0.1603723559390592, 0.033596839398579076, 0.3336646756850568, -0.19468500019688878, -0.03414020982575974, 0.13950038688025698, -0.3859512694250599, -0.09521066069313885, 0.12027273062987955, 0.026745427930948043, 0.11030513437814787, 3.214162564328106, 6.034712953170896, -8.502952668544545, -5.421835214708689, -2.289876486085262, -16.82848560157409, -14.015368723797007, -10.901808424403365, -11.257437883981432], "data_imag": [-6.708486422603646e-19, -2.5049281886794255e-17, 0.0, 0.0, 0.0, 0.0, 0.0, 0.0, 0.0, 0.0, 0.0, 0.0, 0.0, 0.0, 0.0, 0.0, 0.0, 0.0, 0.0, 0.0, 0.0, 0.0, 0.0, 0.0, 0.0, 0.0, 0.0, 0.0, 0.0, 0.0, 0.0, 0.0, 0.0, 0.0, 0.0, 0.0, 0.0, 0.0, 0.0, 0.0, 0.0, 0.0, 0.0, 0.0, 0.0, 0.0, 0.0, 0.0]}, {"time": 11.2, "step_sample_count": 262144, "data": [0.5931873125521006, 0.6549899844532234, -2.7227953980677237, 0.33546797538550704, 0.7762228894476592, 0.9901148785468704, -3.24168008084108, 0.7762056833760111, -0.029661320706551614, -1.7707868047999038, 1.2916822579978413, -2.232236430851276, 0.36796392705197506, 1.2916746569218522, 3.99238258245259, 1.6540501090243167, 0.4647163334017477, -0.8840568652627006, 8.410428229050874, 0.46474361285351534, -1.3110477542451666, 11.833414161680436, 2.0440545458152553, 2.6190662047771145, 2.621812499277749, 2.044058791993595, 0.0029765021722894126, -11.61082769278418, -0.14198958378555523, 0.056820539375237886, 0.36267337742717637, -0.1837440089331884, -0.023078613571012863, 0.15190668166643478, -0.39076922495088234, -0.09648954553190314, 0.12639875225222344, 0.0029765021722894126, 0.09252638994949647, 3.3227944637483944, 6.26566114812253, -8.798983588146452, -5.600710476502999, -2.3492232742097925, -17.41599804068394, -14.478629271057294, -11.239563838252737, -11.61082769278418], "data_imag": [-1.777091676598112e-18, 8.799846142329943e-18, 0.0, 0.0, 0.0, 0.0, 0.0, 0.0, 0.0, 0.0, 0.0, 0.0, 0.0, 0.0, 0.0, 0.0, 0.0, 0.0, 0.0, 0.0, 0.0, 0.0, 0.0, 0.0, 0.0, 0.0, 0.0, 0.0, 0.0, 0.0, 0.0, 0.0, 0.0, 0.0, 0.0, 0.0, 0.0, 0.0, 0.0, 0.0, 0.0, 0.0, 0.0, 0.0, 0.0, 0.0, 0.0, 0.0]}, {"time": 11.549999999999999, "step_sample_count": 262144, "data": [0.5918544645147283, 0.6487256382600584, -3.0449012712203127, 0.05844123548044763, 0.7880929435161949, 1.032958612931967, -3.8875749954910144, 0.7880757377103667, -0.19119825949322872, -1.7932396857094766, 1.2772974483099546, -2.263251415628803, 0.20834687822010134, 1.2772898476659893, 4.040461304717207, 1.7709889071771583, 0.4741887827770642, -1.3426997199253128, 9.1141155327318, 0.4742160620536269, -1.7226407817605034, 12.730916001622267, 2.045362086814515, 2.644627970798534, 2.9005975143848817, 2.0453663326505938, -0.018863990509154743, -11.955330840047491, -0.1144640642557966, 0.07646051842819579, 0.38113923569813035, -0.16237380412544034, -0.012451195610331561, 0.15167977950813818, -0.3872207487795314, -0.09584816137227914, 0.12141810283726419, -0.018863990509154743, 0.07528334355448152, 3.4405342075680876, 6.526533656501927, -9.10227162323304, -5.783727172846255, -2.4099312127197416, -18.042312126366916, -14.959825999220998, -11.586304123717067, -11.955330840047491], "data_imag": [-1.2854409904635964e-19, 9.981617136678611e-18, 0.0, 0.0, 0.0, 0.0, 0.0, 0.0, 0.0, 0.0, 0.0, 0.0, 0.0, 0.0, 0.0, 0.0, 0.0, 0.0, 0.0, 0.0, 0.0, 0.0, 0.0, 0.0, 0.0, 0.0, 0.0, 0.0, 0.0, 0.0, 0.0, 0.0, 0.0, 0.0, 0.0, 0.0, 0.0, 0.0, 0.0, 0.0, 0.0, 0.0, 0.0, 0.0, 0.0, 0.0, 0.0, 0.0]}, {"time": 11.899999999999999, "step_sample_count": 262144, "data": [0.5908549472418854, 0.6441010163644191, -3.461925502832105, -0.1616178724906137, 0.7925025586637147, 1.2418544139185643, -4.746356831873475, 0.7924853529524041, -0.2734799115689112, -1.8401168028415675, 1.253111101200626, -2.2843135973709194, 0.0970249548266886, 1.2531035011221083, 4.123587249553272, 1.9348412516136129, 0.48495772539697096, -1.8823268466134504, 9.985977435859082, 0.4849850045757448, -2.2758832177047696, 13.7404440320215, 2.0568349785041424, 2.739508703801908, 3.0708908937130954, 2.0568392238594257, -0.03404426930436057, -12.291670567016508, -0.07927738791024662, 0.0827666642750682, 0.37790625116771465, -0.12920075885557275, -0.004798427246278037, 0.13283781047586943, -0.36921477481723697, -0.08826137814155009, 0.10183182602351398, -0.03404426930436057, 0.05936110664974678, 3.568610547107927, 6.8117391442068795, -9.41245648882695, -5.969998029453844, -2.4716613745592557, -18.700948848486906, -15.459290232345378, -11.9419584037165, -12.291670567016508], "data_imag": [-1.2837925499860623e-20, 2.0996253765557877e-17, 0.0, 0.0, 0.0, 0.0, 0.0, 0.0, 0.0, 0.0, 0.0, 0.0, 0.0, 0.0, 0.0, 0.0, 0.0, 0.0, 0.0, 0.0, 0.0, 0.0, 0.0, 0.0, 0.0, 0.0, 0.0, 0.0, 0.0, 0.0, 0.0, 0.0, 0.0, 0.0, 0.0, 0.0, 0.0, 0.0, 0.0, 0.0, 0.0, 0.0, 0.0, 0.0, 0.0, 0.0, 0.0, 0.0]}, {"time": 12.25, "step_sample_count": 262144, "data": [0.590146797656069, 0.641316839832335, -3.9626024521208025, -0.3455549187401051, 0.7941027827121265, 1.6397430355696005, -5.851743931251424, 0.7940855793812269, -0.22403458047847336, -1.86801968069273, 1.2222443242280199, -2.3276095996478197, 0.16461253986386745, 1.222236724237324, 4.2676020349920485, 2.2762607289180568, 0.5023441310745056, -2.494912704198523, 11.1729235204702, 0.5023714076252036, -2.889098258399692, 14.802831705731972, 2.087462214907085, 2.855727023155556, 3.209014096823976, 2.0874664603316355, -0.039404668758214766, -12.622780590639259, -0.039671482895252186, 0.0694404703243001, 0.3449397417661163, -0.08456550242259898, -0.0019370006748292436, 0.09279498421050357, -0.331927660898267, -0.07043678344562161, 0.06752461189760037, -0.039404668758214766, 0.04002506012679789, 3.7013119705112683, 7.107177589116985, -9.72976826938678, -6.157750742815832, -2.531192488335867, -19.37465764348398, -15.968084454384375, -12.298962670805567, -12.622780590639259], "data_imag": [-8.976699945699827e-19, 1.005024846393959e-17, 0.0, 0.0, 0.0, 0.0, 0.0, 0.0, 0.0, 0.0, 0.0, 0.0, 0.0, 0.0, 0.0, 0.0, 0.0, 0.0, 0.0, 0.0, 0.0, 0.0, 0.0, 0.0, 0.0, 0.0, 0.0, 0.0, 0.0, 0.0, 0.0, 0.0, 0.0, 0.0, 0.0, 0.0, 0.0, 0.0, 0.0, 0.0, 0.0, 0.0, 0.0, 0.0, 0.0, 0.0, 0.0, 0.0]}, {"time": 12.6, "step_sample_count": 262144, "data": [0.5903603499752211, 0.6403811713587324, -4.226889043220406, -0.31016493351705415, 0.8000641426373624, 1.9091948290315834, -6.364153316398401, 0.8000469413821861, -0.06662526030914254, -1.890760400947108, 1.193831523477762, -2.384518041308147, 0.36399601083597544, 1.193823923426422, 4.201578433668508, 2.5320504486821998, 0.5257827451062712, -2.8482017241761963, 11.78735586658438, 0.5258100190676014, -3.4385152072639285, 15.863898239882129, 2.139589026293055, 2.930589014614594, 3.455689112605051, 2.1395932716931583, -0.034279892764471805, -12.953381016069715, -0.02679353230997521, 0.03948495585088771, 0.31374955955789985, -0.0606808891494948, -0.005244762301862737, 0.0631940736750166, -0.3075863605349861, -0.046265029672015894, 0.048807971207758684, -0.034279892764471805, 0.04270038202929557, 3.828634756647915, 7.362968844828504, -10.02120110132376, -6.343549631445775, -2.6166119886162713, -20.0083303771519, -16.470720083225032, -12.677990563458234, -12.953381016069715], "data_imag": [1.7166700597823115e-18, -6.292490118068492e-18, 0.0, 0.0, 0.0, 0.0, 0.0, 0.0, 0.0, 0.0, 0.0, 0.0, 0.0, 0.0, 0.0, 0.0, 0.0, 0.0, 0.0, 0.0, 0.0, 0.0, 0.0, 0.0, 0.0, 0.0, 0.0, 0.0, 0.0, 0.0, 0.0, 0.0, 0.0, 0.0, 0.0, 0.0, 0.0, 0.0, 0.0, 0.0, 0.0, 0.0, 0.0, 0.0, 0.0, 0.0, 0.0, 0.0]}, {"time": 12.95, "step_sample_count": 262144, "data": [0.5917330466791489, 0.6410830702139779, -4.251951265865184, -0.15216735756598643, 0.8188019542814422, 2.037333021866856, -6.364202682773597, 0.81878475306616, 0.11976542738488588, -1.9341504619982122, 1.1733963211479164, -2.406103046126911, 0.5383895906207388, 1.1733887210816043, 3.9473133356427184, 2.6431181103997337, 0.5506992762477694, -2.945714298022812, 11.795266421552665, 0.5507265502498448, -3.8550006769917053, 16.822892314769728, 2.207303604348366, 2.9297425416930456, 3.8185272651216846, 2.2073078497321714, -0.02206297355029308, -13.288277622040868, -0.036333396442982925, 0.003707083081839175, 0.28976115414859815, -0.05666541151242966, -0.013576156613235303, 0.04671538414496734, -0.29799386138810985, -0.023154133559308027, 0.044877916748723753, -0.02206297355029308, 0.06310355357651845, 3.945311256251697, 7.571248710018484, -10.2869245237612, -6.52589215275947, -2.7230617454752, -20.589220252340052, -16.957553921539372, -13.0700765697704, -13.288277622040868], "data_imag": [1.7407205210503368e-18, 5.937888354066319e-17, 0.0, 0.0, 0.0, 0.0, 0.0, 0.0, 0.0, 0.0, 0.0, 0.0, 0.0, 0.0, 0.0, 0.0, 0.0, 0.0, 0.0, 0.0, 0.0, 0.0, 0.0, 0.0, 0.0, 0.0, 0.0, 0.0, 0.0, 0.0, 0.0, 0.0, 0.0, 0.0, 0.0, 0.0, 0.0, 0.0, 0.0, 0.0, 0.0, 0.0, 0.0, 0.0, 0.0, 0.0, 0.0, 0.0]}, {"time": 13.299999999999999, "step_sample_count": 262144, "data": [0.5936005466035695, 0.6420016734521045, -4.216642351796348, -0.04546001329081603, 0.8489568618374889, 2.1731506387758386, -6.363867978637528, 0.8489396606376542, 0.2693201638341915, -2.0020090695060797, 1.166857641222886, -2.3624252576529017, 0.5858113115273041, 1.1668500411360296, 3.7204235955997484, 2.7701756861973963, 0.5726235990552322, -3.0023859298991913, 11.801226629649248, 0.5726508731510221, -4.133810680447433, 17.60903054161945, 2.2832698299518457, 2.8674725322347476, 4.217383763471608, 2.2832740753071286, -0.007472864659368011, -13.629773779416382, -0.04673705337402332, -0.02701116201286885, 0.26027783196360404, -0.05333630807627318, -0.023822183071085374, 0.029126109431236082, -0.2850212168049463, -0.007029511055376527, 0.03920922957365297, -0.007472864659368011, 0.0798778843029939, 4.052237266534756, 7.754457657064271, -10.548618574327495, -6.704858075093207, -2.8268873675309374, -21.13778735577991, -17.42783210874339, -13.451739335772517, -13.629773779416382], "data_imag": [-7.444574943276321e-18, -8.261142415892342e-18, 0.0, 0.0, 0.0, 0.0, 0.0, 0.0, 0.0, 0.0, 0.0, 0.0, 0.0, 0.0, 0.0, 0.0, 0.0, 0.0, 0.0, 0.0, 0.0, 0.0, 0.0, 0.0, 0.0, 0.0, 0.0, 0.0, 0.0, 0.0, 0.0, 0.0, 0.0, 0.0, 0.0, 0.0, 0.0, 0.0, 0.0, 0.0, 0.0, 0.0, 0.0, 0.0, 0.0, 0.0, 0.0, 0.0]}, {"time": 13.649999999999999, "step_sample_count": 262144, "data": [0.5957512235693765, 0.6420404270651711, -4.1538915534824286, 0.02518267912940079, 0.8856611567856014, 2.2988975854697804, -6.363144609503391, 0.8856439556029555, 0.3420798786225165, -2.0799712679075757, 1.1769964119784715, -2.2546646413452005, 0.4806657903480419, 1.1769888118564122, 3.5094268608990005, 2.918278450479772, 0.5872581440192971, -3.0233674928377328, 11.805236229279801, 0.5872854180947144, -4.300172205557402, 18.213799521760247, 2.355904360420922, 2.782236579577799, 4.577556090546296, 2.3559086057313854, 0.005044518949937083, -13.977937474347808, -0.054776803180222274, -0.04653595414544955, 0.2289261349022286, -0.04801038353596947, -0.033128974825950744, 0.012322547913079573, -0.26720616896078325, 0.00039024767415014687, 0.03323397127251911, 0.005044518949937083, 0.09457211378729684, 4.153219101202955, 7.919402475121682, -10.807465457977898, -6.880848391256432, -2.9272049442078356, -21.6611479779975, -17.885640962367983, -13.824659783383767, -13.977937474347808], "data_imag": [1.5855267751176538e-18, 2.8763969786024664e-17, 0.0, 0.0, 0.0, 0.0, 0.0, 0.0, 0.0, 0.0, 0.0, 0.0, 0.0, 0.0, 0.0, 0.0, 0.0, 0.0, 0.0, 0.0, 0.0, 0.0, 0.0, 0.0, 0.0, 0.0, 0.0, 0.0, 0.0, 0.0, 0.0, 0.0, 0.0, 0.0, 0.0, 0.0, 0.0, 0.0, 0.0, 0.0, 0.0, 0.0, 0.0, 0.0, 0.0, 0.0, 0.0, 0.0]}, {"time": 14.0, "step_sample_count": 262144, "data": [0.5980313198541178, 0.641273310555278, -4.07593047965982, 0.05418213977716141, 0.9231034070393332, 2.397087797767911, -6.361837480720589, 0.923086205838163, 0.3151268994524962, -2.136643884137458, 1.2004739779206093, -2.089953584853104, 0.23776021621324486, 1.2004663777808366, 3.2787062381324703, 3.1152213239092785, 0.592228515832694, -3.014695647756471, 11.807214837579853, 0.5922557898592168, -4.386212499485638, 18.65925855519499, 2.4136906954615047, 2.7094429038259076, 4.84999159744055, 2.413694940763819, 0.01232187187605287, -14.33087975926329, -0.05843166803581329, -0.05243016664840892, 0.20012186053647613, -0.039448453434874346, -0.03972786776388422, -0.0017752158305285545, -0.24543928467442466, -0.0003632504675903689, 0.028178011317310216, 0.01232187187605287, 0.10864507233259049, 4.2522788725750775, 8.075092467415747, -11.06555304718314, -7.055022161445951, -3.0241686578242595, -22.17059670342093, -18.337231017896634, -14.192567359653703, -14.33087975926329], "data_imag": [1.2141201865587977e-18, -1.577508459691419e-17, 0.0, 0.0, 0.0, 0.0, 0.0, 0.0, 0.0, 0.0, 0.0, 0.0, 0.0, 0.0, 0.0, 0.0, 0.0, 0.0, 0.0, 0.0, 0.0, 0.0, 0.0, 0.0, 0.0, 0.0, 0.0, 0.0, 0.0, 0.0, 0.0, 0.0, 0.0, 0.0, 0.0, 0.0, 0.0, 0.0, 0.0, 0.0, 0.0, 0.0, 0.0, 0.0, 0.0, 0.0, 0.0, 0.0]}], "random_generator": {"seed": "very_nice_seed"}, "realworld_total_calculation_time": 5846.25}