{"hamiltonian": {"U": 1.0, "E": 0.8, "J": 0.1, "phi": 1.8849555921538759, "type": "FirstOrderVariationalClassicalNetworkHamiltonian", "eta_calculation_sampler": {"system_geometry": {"type": "SquareSystemNonPeriodicState", "size": 3}, "initial_system_state": {"type": "HomogenousInitialSystemState"}, "type": "ExactSampler"}, "psi_selection": {"type": "SquareDirectionDependentAllSameFirstOrder", "number_of_psis": 12, "J": 0.1}, "random_generator": {"seed": "46954944"}, "init_sigma": 1e-05, "pseudo_inverse_cutoff": 1e-10, "effective_time_step_size": 0.0017499999999999998, "number_workers": 16, "variational_step_fraction_multiplier": 200, "ue_might_change": true, "ue_variational": true}, "start_time": 0.0, "time_step": 0.35, "number_of_time_steps": 41, "sampler": {"system_geometry": {"type": "SquareSystemNonPeriodicState", "size": 3}, "initial_system_state": {"type": "HomogenousInitialSystemState"}, "type": "ExactSampler"}, "observables": [{"type": "Energy", "label": "Energy per site"}, {"type": "EnergyVariance", "label": "Energy Variance per site"}, {"type": "VCNFactor", "label": "Re-Part of VCN Parameter 0", "param_real_part": true, "param_index": 0, "can_return_value": true}, {"type": "VCNFactor", "label": "Re-Part of VCN Parameter 1", "param_real_part": true, "param_index": 1, "can_return_value": true}, {"type": "VCNFactor", "label": "Re-Part of VCN Parameter 2", "param_real_part": true, "param_index": 2, "can_return_value": true}, {"type": "VCNFactor", "label": "Re-Part of VCN Parameter 3", "param_real_part": true, "param_index": 3, "can_return_value": true}, {"type": "VCNFactor", "label": "Re-Part of VCN Parameter 4", "param_real_part": true, "param_index": 4, "can_return_value": true}, {"type": "VCNFactor", "label": "Re-Part of VCN Parameter 5", "param_real_part": true, "param_index": 5, "can_return_value": true}, {"type": "VCNFactor", "label": "Re-Part of VCN Parameter 6", "param_real_part": true, "param_index": 6, "can_return_value": true}, {"type": "VCNFactor", "label": "Re-Part of VCN Parameter 7", "param_real_part": true, "param_index": 7, "can_return_value": true}, {"type": "VCNFactor", "label": "Re-Part of VCN Parameter 8", "param_real_part": true, "param_index": 8, "can_return_value": true}, {"type": "VCNFactor", "label": "Re-Part of VCN Parameter 9", "param_real_part": true, "param_index": 9, "can_return_value": true}, {"type": "VCNFactor", "label": "Re-Part of VCN Parameter 10", "param_real_part": true, "param_index": 10, "can_return_value": true}, {"type": "VCNFactor", "label": "Re-Part of VCN Parameter 11", "param_real_part": true, "param_index": 11, "can_return_value": true}, {"type": "VCNFactor", "label": "Im-Part of VCN Parameter 0", "param_real_part": false, "param_index": 0, "can_return_value": true}, {"type": "VCNFactor", "label": "Im-Part of VCN Parameter 1", "param_real_part": false, "param_index": 1, "can_return_value": true}, {"type": "VCNFactor", "label": "Im-Part of VCN Parameter 2", "param_real_part": false, "param_index": 2, "can_return_value": true}, {"type": "VCNFactor", "label": "Im-Part of VCN Parameter 3", "param_real_part": false, "param_index": 3, "can_return_value": true}, {"type": "VCNFactor", "label": "Im-Part of VCN Parameter 4", "param_real_part": false, "param_index": 4, "can_return_value": true}, {"type": "VCNFactor", "label": "Im-Part of VCN Parameter 5", "param_real_part": false, "param_index": 5, "can_return_value": true}, {"type": "VCNFactor", "label": "Im-Part of VCN Parameter 6", "param_real_part": false, "param_index": 6, "can_return_value": true}, {"type": "VCNFactor", "label": "Im-Part of VCN Parameter 7", "param_real_part": false, "param_index": 7, "can_return_value": true}, {"type": "VCNFactor", "label": "Im-Part of VCN Parameter 8", "param_real_part": false, "param_index": 8, "can_return_value": true}, {"type": "VCNFactor", "label": "Im-Part of VCN Parameter 9", "param_real_part": false, "param_index": 9, "can_return_value": true}, {"type": "VCNFactor", "label": "Im-Part of VCN Parameter 10", "param_real_part": false, "param_index": 10, "can_return_value": true}, {"type": "VCNFactor", "label": "Im-Part of VCN Parameter 11", "param_real_part": false, "param_index": 11, "can_return_value": true}, {"type": "BaseEnergyFactor", "label": "Re-Part of BE-Factor U", "param_real_part": true, "param_index": -1, "can_return_value": true, "kind": "U"}, {"type": "BaseEnergyFactor", "label": "Im-Part of BE-Factor U", "param_real_part": false, "param_index": -1, "can_return_value": true, "kind": "U"}, {"type": "BaseEnergyFactor", "label": "Re-Part of BE-Factor eps-0", "param_real_part": true, "param_index": 0, "can_return_value": true, "kind": "eps"}, {"type": "BaseEnergyFactor", "label": "Re-Part of BE-Factor eps-1", "param_real_part": true, "param_index": 1, "can_return_value": true, "kind": "eps"}, {"type": "BaseEnergyFactor", "label": "Re-Part of BE-Factor eps-2", "param_real_part": true, "param_index": 2, "can_return_value": true, "kind": "eps"}, {"type": "BaseEnergyFactor", "label": "Re-Part of BE-Factor eps-3", "param_real_part": true, "param_index": 3, "can_return_value": true, "kind": "eps"}, {"type": "BaseEnergyFactor", "label": "Re-Part of BE-Factor eps-4", "param_real_part": true, "param_index": 4, "can_return_value": true, "kind": "eps"}, {"type": "BaseEnergyFactor", "label": "Re-Part of BE-Factor eps-5", "param_real_part": true, "param_index": 5, "can_return_value": true, "kind": "eps"}, {"type": "BaseEnergyFactor", "label": "Re-Part of BE-Factor eps-6", "param_real_part": true, "param_index": 6, "can_return_value": true, "kind": "eps"}, {"type": "BaseEnergyFactor", "label": "Re-Part of BE-Factor eps-7", "param_real_part": true, "param_index": 7, "can_return_value": true, "kind": "eps"}, {"type": "BaseEnergyFactor", "label": "Re-Part of BE-Factor eps-8", "param_real_part": true, "param_index": 8, "can_return_value": true, "kind": "eps"}, {"type": "BaseEnergyFactor", "label": "Re-Part of BE-Factor eps-9", "param_real_part": true, "param_index": 9, "can_return_value": true, "kind": "eps"}, {"type": "BaseEnergyFactor", "label": "Im-Part of BE-Factor eps-0", "param_real_part": false, "param_index": 0, "can_return_value": true, "kind": "eps"}, {"type": "BaseEnergyFactor", "label": "Im-Part of BE-Factor eps-1", "param_real_part": false, "param_index": 1, "can_return_value": true, "kind": "eps"}, {"type": "BaseEnergyFactor", "label": "Im-Part of BE-Factor eps-2", "param_real_part": false, "param_index": 2, "can_return_value": true, "kind": "eps"}, {"type": "BaseEnergyFactor", "label": "Im-Part of BE-Factor eps-3", "param_real_part": false, "param_index": 3, "can_return_value": true, "kind": "eps"}, {"type": "BaseEnergyFactor", "label": "Im-Part of BE-Factor eps-4", "param_real_part": false, "param_index": 4, "can_return_value": true, "kind": "eps"}, {"type": "BaseEnergyFactor", "label": "Im-Part of BE-Factor eps-5", "param_real_part": false, "param_index": 5, "can_return_value": true, "kind": "eps"}, {"type": "BaseEnergyFactor", "label": "Im-Part of BE-Factor eps-6", "param_real_part": false, "param_index": 6, "can_return_value": true, "kind": "eps"}, {"type": "BaseEnergyFactor", "label": "Im-Part of BE-Factor eps-7", "param_real_part": false, "param_index": 7, "can_return_value": true, "kind": "eps"}, {"type": "BaseEnergyFactor", "label": "Im-Part of BE-Factor eps-8", "param_real_part": false, "param_index": 8, "can_return_value": true, "kind": "eps"}, {"type": "BaseEnergyFactor", "label": "Im-Part of BE-Factor eps-9", "param_real_part": false, "param_index": 9, "can_return_value": true, "kind": "eps"}], "measurements": [{"time": 0.0, "step_sample_count": 262144, "data": [0.6302975318978664, 0.7962238358819762, -2.409211346512654e-05, 1.3364613742072939e-05, 1.5426940819682473e-06, -2.3095526437844924e-06, 2.9577584621232426e-06, -1.5668367408516222e-05, 1.0073359691169309e-05, -1.2604172898632618e-05, -1.1358230129747497e-05, 3.80637423358691e-06, 2.8480717089983352e-06, -1.895923534861108e-05, -1.1357545410297846e-05, 4.318272037258513e-06, -1.4618044943022195e-05, 1.2968369814907847e-06, -2.4229613465669603e-06, 1.2658790972584678e-05, -4.320935634434884e-06, -4.807979398987998e-06, -1.0283182688040512e-05, 1.5791125000597532e-06, 1.6795899010380995e-05, -6.0341603244068835e-06, -2.5990623020784137e-06, -7.778776741911498e-06, 2.105483127674879e-05, 1.1085069673905734e-05, -9.132533945527703e-06, -1.2101228867378676e-06, 7.2706396032623796e-06, -5.612770751019133e-06, -2.3901402852107364e-06, -7.7877375531777e-06, 4.464171819755137e-06, -2.5990623020784137e-06, 8.1977527658682e-06, 7.306985025359501e-06, -2.4020509079370578e-05, 3.2547815350467166e-06, -3.2636991717419135e-06, 9.407228796969372e-06, -2.352694576968018e-05, -1.1297768656752587e-05, 5.246858986378391e-06, -7.778776741911498e-06], "data_imag": [5.624747451204452e-23, 2.5776157899700788e-21, 0.0, 0.0, 0.0, 0.0, 0.0, 0.0, 0.0, 0.0, 0.0, 0.0, 0.0, 0.0, 0.0, 0.0, 0.0, 0.0, 0.0, 0.0, 0.0, 0.0, 0.0, 0.0, 0.0, 0.0, 0.0, 0.0, 0.0, 0.0, 0.0, 0.0, 0.0, 0.0, 0.0, 0.0, 0.0, 0.0, 0.0, 0.0, 0.0, 0.0, 0.0, 0.0, 0.0, 0.0, 0.0, 0.0]}, {"time": 0.35, "step_sample_count": 262144, "data": [0.6299515482627024, 0.7954530624342891, 0.00894993454531042, -0.05152563955287046, 0.07843123858506254, 0.009295855392443018, -0.05097988474563986, 0.07841402752550132, 0.009584896934853666, -0.049506099955970814, 0.07746341936312653, 0.00858936078900251, -0.0511963666431853, 0.07745581835672284, 0.33529535425172663, 0.3347953195101988, 0.3313083304863048, 0.3574120924566927, 0.363974170058327, 0.331335607439567, 0.37677180865750665, 0.39057721441721593, 0.32790389921578017, 0.3086695628349075, 0.3008560993783073, 0.32790814822510544, 0.004006996208334345, -0.35186698175633996, 0.00043327068787955944, 0.0018899946803667465, 0.003335102225393325, -0.004080722072529036, -0.0026080209176271643, -0.0011503366131821132, -0.008575308161720557, -0.007112661225590893, -0.005632264890226839, 0.004006996208334345, -0.0013816353540098997, 0.08419548581766809, 0.16953018227454064, -0.26446852000913385, -0.17897140555321403, -0.09345139937591058, -0.5275114741106877, -0.44213322312009984, -0.3565409798762989, -0.35186698175633996], "data_imag": [2.0599301878355412e-18, 3.715394625580005e-17, 0.0, 0.0, 0.0, 0.0, 0.0, 0.0, 0.0, 0.0, 0.0, 0.0, 0.0, 0.0, 0.0, 0.0, 0.0, 0.0, 0.0, 0.0, 0.0, 0.0, 0.0, 0.0, 0.0, 0.0, 0.0, 0.0, 0.0, 0.0, 0.0, 0.0, 0.0, 0.0, 0.0, 0.0, 0.0, 0.0, 0.0, 0.0, 0.0, 0.0, 0.0, 0.0, 0.0, 0.0, 0.0, 0.0]}, {"time": 0.7, "step_sample_count": 262144, "data": [0.629083564694512, 0.7934416632522971, 0.03201774473016935, -0.2152301561852975, 0.2731480707024643, 0.032206902122284733, -0.21199114374073014, 0.27313085965245115, 0.03139314509050799, -0.1939126865267594, 0.2600922077437658, 0.030682173486222826, -0.2034804393712399, 0.2600846067348919, 0.6610589816113706, 0.6518231755220737, 0.5674650354839489, 0.6836818881422335, 0.7326474391203972, 0.5674923125121822, 0.6800310876017338, 0.7857833093904706, 0.545212729493774, 0.6081007300034501, 0.5394540405706398, 0.5452169785193984, 0.013489673155217864, -0.7133039940436616, 0.00264469810794988, 0.00829584258882091, 0.013999753339198204, -0.014543010671598054, -0.008868436544898495, -0.0031597916359275826, -0.03168933446316084, -0.02599077913263498, -0.02028740979948514, 0.013489673155217864, 0.004169133070164847, 0.17730242728598314, 0.3487675547106354, -0.5263011851590713, -0.35373602966549983, -0.18114082530594214, -1.0562726682501737, -0.8847643500574398, -0.711616232300788, -0.7133039940436616], "data_imag": [1.355126944687081e-18, 5.019449867898535e-17, 0.0, 0.0, 0.0, 0.0, 0.0, 0.0, 0.0, 0.0, 0.0, 0.0, 0.0, 0.0, 0.0, 0.0, 0.0, 0.0, 0.0, 0.0, 0.0, 0.0, 0.0, 0.0, 0.0, 0.0, 0.0, 0.0, 0.0, 0.0, 0.0, 0.0, 0.0, 0.0, 0.0, 0.0, 0.0, 0.0, 0.0, 0.0, 0.0, 0.0, 0.0, 0.0, 0.0, 0.0, 0.0, 0.0]}, {"time": 1.0499999999999998, "step_sample_count": 262144, "data": [0.6280713016231408, 0.7907145699407808, 0.057855939944168315, -0.5087571785711205, 0.498906991748947, 0.05711039229685856, -0.5006744419478472, 0.49888978065018097, 0.05123191093423953, -0.41552606985909285, 0.4458865279336564, 0.050518329413302546, -0.43619359522109413, 0.44587892692252395, 0.9798856330096961, 0.9184296701031682, 0.6802644017839435, 0.9562584236598158, 1.0994201951852896, 0.6802916788382539, 0.8497303772696195, 1.1773134315884015, 0.6251957894239247, 0.9024555874246964, 0.6409142149661095, 0.625200038410434, 0.021712628605468173, -1.0860149578870517, 0.008898421695596678, 0.02083980765494677, 0.03327976162833697, -0.026902792936121758, -0.01483531429996795, -0.002498194832314242, -0.06256284723579057, -0.050232392480014355, -0.03811841018165988, 0.021712628605468173, 0.019910716090358337, 0.2845103069429093, 0.5438626209034285, -0.786198422826536, -0.5234394187373591, -0.2605922422257648, -1.5907162757173996, -1.3313385588421722, -1.0666976893928362, -1.0860149578870517], "data_imag": [4.010694013568904e-18, 5.77327982288694e-17, 0.0, 0.0, 0.0, 0.0, 0.0, 0.0, 0.0, 0.0, 0.0, 0.0, 0.0, 0.0, 0.0, 0.0, 0.0, 0.0, 0.0, 0.0, 0.0, 0.0, 0.0, 0.0, 0.0, 0.0, 0.0, 0.0, 0.0, 0.0, 0.0, 0.0, 0.0, 0.0, 0.0, 0.0, 0.0, 0.0, 0.0, 0.0, 0.0, 0.0, 0.0, 0.0, 0.0, 0.0, 0.0, 0.0]}, {"time": 1.4, "step_sample_count": 262144, "data": [0.6268122130695101, 0.7867564429693978, 0.07240240515728662, -0.9366804226043265, 0.6960895341692732, 0.08002661148466332, -0.9321420071417662, 0.6960723231147714, 0.07226215802268404, -0.6709903961942137, 0.5652006432142935, 0.033952804429757746, -0.6664408424107402, 0.5651930421351353, 1.31501520406569, 1.0791376122429899, 0.7037153753445115, 1.166309069751161, 1.4418757578206143, 0.703742652211393, 0.8546632450424958, 1.5435919177156674, 0.6174231660917078, 1.2095501612024462, 0.5329756086177548, 0.6174274150749578, 0.023720964317582843, -1.4620968277400133, 0.019225765128645118, 0.038400878403096375, 0.0596957074987439, -0.037517956407085745, -0.01772601794741341, 0.0029145074825709743, -0.09397677393980772, -0.07302496751749983, -0.05339447595573968, 0.023720964317582843, 0.0433592490957887, 0.40532690230610696, 0.7556191242821677, -1.049295913262701, -0.691614190604644, -0.3336371807348845, -2.138613885832405, -1.7884020291886173, -1.4262688434814776, -1.4620968277400133], "data_imag": [-8.670635039750592e-19, -4.673979546666338e-17, 0.0, 0.0, 0.0, 0.0, 0.0, 0.0, 0.0, 0.0, 0.0, 0.0, 0.0, 0.0, 0.0, 0.0, 0.0, 0.0, 0.0, 0.0, 0.0, 0.0, 0.0, 0.0, 0.0, 0.0, 0.0, 0.0, 0.0, 0.0, 0.0, 0.0, 0.0, 0.0, 0.0, 0.0, 0.0, 0.0, 0.0, 0.0, 0.0, 0.0, 0.0, 0.0, 0.0, 0.0, 0.0, 0.0]}, {"time": 1.75, "step_sample_count": 262144, "data": [0.6249216553420887, 0.7803602926223586, 0.057330237303501605, -1.4569997061341484, 0.8503604432680437, 0.12133227583825089, -1.5042039498316684, 0.8503432321355454, 0.1336125306910073, -0.8851159513517053, 0.6042582492622087, -0.06883202450765497, -0.7267712639221456, 0.6042506481274087, 1.6986620649196928, 1.0559847326372207, 0.6802049046508128, 1.30752126602978, 1.7215843573343022, 0.6802321815160647, 0.7104918883586652, 1.878416828507724, 0.5853789951756273, 1.5248431854301683, 0.23034444675593443, 0.5853832441816951, 0.021113851115032833, -1.8327611455346218, 0.029317686583298103, 0.05441521787606703, 0.08533908477039155, -0.045132411712250554, -0.018227937029624584, 0.010415211184021372, -0.11951019828274415, -0.08929428693280786, -0.06324277440992383, 0.021113851115032833, 0.06748681972717872, 0.5347386610321623, 0.9803953977449138, -1.3212787519794091, -0.8623071225999052, -0.4026376924845322, -2.704381158460199, -2.259105866458242, -1.7913990464110243, -1.8327611455346218], "data_imag": [-2.1132477947433765e-18, -1.462834312658635e-17, 0.0, 0.0, 0.0, 0.0, 0.0, 0.0, 0.0, 0.0, 0.0, 0.0, 0.0, 0.0, 0.0, 0.0, 0.0, 0.0, 0.0, 0.0, 0.0, 0.0, 0.0, 0.0, 0.0, 0.0, 0.0, 0.0, 0.0, 0.0, 0.0, 0.0, 0.0, 0.0, 0.0, 0.0, 0.0, 0.0, 0.0, 0.0, 0.0, 0.0, 0.0, 0.0, 0.0, 0.0, 0.0, 0.0]}, {"time": 2.0999999999999996, "step_sample_count": 262144, "data": [0.622428470205378, 0.771222883992735, -0.02854571096107792, -1.9361267853781736, 0.9670022441703928, 0.2352476584845837, -2.1814476635364026, 0.9669850329087855, 0.2701891424655259, -0.9958736519955511, 0.5792868870101509, -0.2849332112966817, -0.4907098482538117, 0.5792792858099983, 2.143283985783558, 0.7800406723965825, 0.6315973740608993, 1.3747093419994723, 1.887433612566733, 0.6316246508430299, 0.49477697795414144, 2.2230080493578477, 0.5721145503832171, 1.786376707182858, -0.08167429370562253, 0.5721187993607629, 0.018648806297997648, -2.195134977844123, 0.037259311385476834, 0.06234223061688209, 0.09927382118679445, -0.047237083128179355, -0.01856314875062498, 0.012789014674833146, -0.13304968090648767, -0.09727417147014712, -0.07050685041584444, 0.018648806297997648, 0.0830625684483164, 0.6638944031413331, 1.209514057122623, -1.603803301249166, -1.0368115671687006, -0.46854181256933325, -3.2819198015890763, -2.737225166283115, -2.155506243147234, -2.195134977844123], "data_imag": [-2.058910049286674e-18, -2.158356601714495e-18, 0.0, 0.0, 0.0, 0.0, 0.0, 0.0, 0.0, 0.0, 0.0, 0.0, 0.0, 0.0, 0.0, 0.0, 0.0, 0.0, 0.0, 0.0, 0.0, 0.0, 0.0, 0.0, 0.0, 0.0, 0.0, 0.0, 0.0, 0.0, 0.0, 0.0, 0.0, 0.0, 0.0, 0.0, 0.0, 0.0, 0.0, 0.0, 0.0, 0.0, 0.0, 0.0, 0.0, 0.0, 0.0, 0.0]}, {"time": 2.4499999999999997, "step_sample_count": 262144, "data": [0.6198904211575571, 0.76069050395173, -0.24562309879459315, -2.172904790755074, 1.0505021833649062, 0.49134101008824255, -2.8966291395379806, 1.0504849721979048, 0.4529631405876373, -1.0157220400561224, 0.5150724355310462, -0.5735550264197117, -0.04190877488838614, 0.5150648344745542, 2.5942062123087033, 0.308860823945415, 0.5635791075348494, 1.403398168785593, 1.9035823986660114, 0.5636063843593543, 0.2966234104802717, 2.6239876494380208, 0.600784444492698, 1.9216399620685363, -0.18952824673191576, 0.6007886937138998, 0.01961410369861154, -2.5513403418786313, 0.050001726040534024, 0.06304381665375709, 0.09552234524584394, -0.03869069097221535, -0.020260626158819725, 0.0015515047989552284, -0.13197931808713917, -0.10113644592766956, -0.08548593289067483, 0.01961410369861154, 0.08798935023713396, 0.7845989380938043, 1.429996962888356, -1.8907643823238918, -1.214067151430401, -0.5353769615600262, -3.856045309578505, -3.2122975981095516, -2.514361389626095, -2.5513403418786313], "data_imag": [6.230506200394531e-19, 1.4777232082942896e-17, 0.0, 0.0, 0.0, 0.0, 0.0, 0.0, 0.0, 0.0, 0.0, 0.0, 0.0, 0.0, 0.0, 0.0, 0.0, 0.0, 0.0, 0.0, 0.0, 0.0, 0.0, 0.0, 0.0, 0.0, 0.0, 0.0, 0.0, 0.0, 0.0, 0.0, 0.0, 0.0, 0.0, 0.0, 0.0, 0.0, 0.0, 0.0, 0.0, 0.0, 0.0, 0.0, 0.0, 0.0, 0.0, 0.0]}, {"time": 2.8, "step_sample_count": 262144, "data": [0.6179107954187162, 0.7515502163604864, -0.5925857271865419, -2.120756011359939, 1.1001131888984512, 0.8903923377084576, -3.6029795737330006, 1.1000959777584256, 0.6167133513696734, -0.9970247560351359, 0.4388520014747662, -0.8625760861229961, 0.42676070730312654, 0.43884440039247874, 2.928621698914541, -0.14892104916074111, 0.4782857976243942, 1.4824945706542152, 1.7601860503865774, 0.47831307445704796, 0.14875818164687385, 3.074263306568312, 0.6816500499652846, 1.9113008986678421, -0.04653095637262964, 0.6816542990886977, 0.024440566346654105, -2.9052519247834976, 0.07281117332312871, 0.0620175040785565, 0.07839523517150672, -0.019026609023723804, -0.023530972094256086, -0.0243295162159587, -0.12111830617631712, -0.10682216651669849, -0.11399592275549407, 0.024440566346654105, 0.09330680655351153, 0.8948084097613398, 1.6298900834331733, -2.1695804942392307, -1.392264844926848, -0.612152672455794, -4.411053791294308, -3.6784309457360935, -2.875321526498286, -2.9052519247834976], "data_imag": [-1.6252343835667378e-19, -6.159399206908302e-18, 0.0, 0.0, 0.0, 0.0, 0.0, 0.0, 0.0, 0.0, 0.0, 0.0, 0.0, 0.0, 0.0, 0.0, 0.0, 0.0, 0.0, 0.0, 0.0, 0.0, 0.0, 0.0, 0.0, 0.0, 0.0, 0.0, 0.0, 0.0, 0.0, 0.0, 0.0, 0.0, 0.0, 0.0, 0.0, 0.0, 0.0, 0.0, 0.0, 0.0, 0.0, 0.0, 0.0, 0.0, 0.0, 0.0]}], "random_generator": {"seed": "very_nice_seed"}, "realworld_total_calculation_time": 48687.992}