{"hamiltonian": {"U": 1.0, "E": 2.5, "J": 0.01, "phi": 0.1, "type": "ZerothOrderFlippingAndSwappingOptimization"}, "start_time": 0.0, "time_step": 50.0, "number_of_time_steps": 16, "sampler": {"system_geometry": {"type": "LinearChainNonPeriodicState", "size": 6}, "initial_system_state": {"type": "HomogenousInitialSystemState"}, "type": "ExactSampler"}, "observables": [{"type": "SpinCurrent", "label": "Spin Current (signed) from 0 to 1 (up)", "site_index_from": 0, "site_index_to": 1, "spin_up": true, "direction_dependent": true}, {"type": "SpinCurrent", "label": "Spin Current (signed) from 3 to 4 (up)", "site_index_from": 3, "site_index_to": 4, "spin_up": true, "direction_dependent": true}, {"type": "DoubleOccupationAtSite", "label": "Double Occupation at site 0", "site": 0}, {"type": "DoubleOccupationAtSite", "label": "Double Occupation at site 1", "site": 1}, {"type": "DoubleOccupationAtSite", "label": "Double Occupation at site 3", "site": 3}, {"type": "DoubleOccupationAtSite", "label": "Double Occupation at site 4", "site": 4}, {"type": "OccupationAtSite", "label": "Occupation at site 0, up", "site": 0, "up": true}, {"type": "OccupationAtSite", "label": "Occupation at site 1, up", "site": 1, "up": true}, {"type": "OccupationAtSite", "label": "Occupation at site 3, up", "site": 3, "up": true}, {"type": "OccupationAtSite", "label": "Occupation at site 4, up", "site": 4, "up": true}], "measurements": [{"time": 0.0, "step_sample_count": 4096, "data": [0.0, 0.0, 0.25, 0.25, 0.25, 0.25, 0.5, 0.5, 0.5, 0.5]}, {"time": 50.0, "step_sample_count": 4096, "data": [0.004717542721169478, 0.004717542721169458, 0.25, 0.25, 0.25, 0.25, 0.5, 0.5, 0.5, 0.5]}, {"time": 100.0, "step_sample_count": 4096, "data": [0.0024936591061484603, 0.0024936591061484417, 0.25, 0.25, 0.25, 0.25, 0.5, 0.5, 0.5, 0.5]}, {"time": 150.0, "step_sample_count": 4096, "data": [-0.002810603200155411, -0.002810603200155409, 0.25, 0.25, 0.25, 0.25, 0.5, 0.5, 0.5, 0.5]}, {"time": 200.0, "step_sample_count": 4096, "data": [-0.003363279646680034, -0.0033632796466800535, 0.25, 0.25, 0.25, 0.25, 0.5, 0.5, 0.5, 0.5]}, {"time": 250.0, "step_sample_count": 4096, "data": [0.00048736326582566675, 0.000487363265825669, 0.25, 0.25, 0.25, 0.25, 0.5, 0.5, 0.5, 0.5]}, {"time": 300.0, "step_sample_count": 4096, "data": [0.002425723622676036, 0.002425723622676044, 0.25, 0.25, 0.25, 0.25, 0.5, 0.5, 0.5, 0.5]}, {"time": 350.0, "step_sample_count": 4096, "data": [0.0007097341125237062, 0.0007097341125237079, 0.25, 0.25, 0.25, 0.25, 0.5, 0.5, 0.5, 0.5]}, {"time": 400.0, "step_sample_count": 4096, "data": [-0.0009152149617055818, -0.0009152149617055771, 0.25, 0.25, 0.25, 0.25, 0.5, 0.5, 0.5, 0.5]}, {"time": 450.0, "step_sample_count": 4096, "data": [-0.0005575105352250445, -0.0005575105352250441, 0.25, 0.25, 0.25, 0.25, 0.5, 0.5, 0.5, 0.5]}, {"time": 500.0, "step_sample_count": 4096, "data": [9.009719907399843e-05, 9.00971990739979e-05, 0.25, 0.25, 0.25, 0.25, 0.5, 0.5, 0.5, 0.5]}, {"time": 550.0, "step_sample_count": 4096, "data": [6.0926859192440386e-05, 6.092685919243944e-05, 0.25, 0.25, 0.25, 0.25, 0.5, 0.5, 0.5, 0.5]}, {"time": 600.0, "step_sample_count": 4096, "data": [6.033669767005196e-07, 6.033669767008301e-07, 0.25, 0.25, 0.25, 0.25, 0.5, 0.5, 0.5, 0.5]}, {"time": 650.0, "step_sample_count": 4096, "data": [-0.00010246494726083962, -0.00010246494726084062, 0.25, 0.25, 0.25, 0.25, 0.5, 0.5, 0.5, 0.5]}, {"time": 700.0, "step_sample_count": 4096, "data": [-0.0002927084812239158, -0.000292708481223918, 0.25, 0.25, 0.25, 0.25, 0.5, 0.5, 0.5, 0.5]}, {"time": 750.0, "step_sample_count": 4096, "data": [0.0003794399414009379, 0.0003794399414009373, 0.25, 0.25, 0.25, 0.25, 0.5, 0.5, 0.5, 0.5]}], "random_generator": {"seed": "very_nice_seed"}, "realworld_total_calculation_time": 1.006}