{"hamiltonian": {"U": 1.0, "E": 0.8, "J": 0.1, "phi": 1.8849555921538759, "type": "FirstOrderVariationalClassicalNetworkHamiltonian", "eta_calculation_sampler": {"system_geometry": {"type": "SquareSystemNonPeriodicState", "size": 2}, "initial_system_state": {"type": "HomogenousInitialSystemState"}, "type": "ExactSampler"}, "psi_selection": {"type": "SquareDirectionDependentAllSameFirstOrder", "number_of_psis": 12, "J": 0.1}, "random_generator": {"seed": "46954944"}, "init_sigma": 1e-05, "pseudo_inverse_cutoff": 1e-10, "effective_time_step_size": 0.0024509803921568627, "number_workers": 16, "variational_step_fraction_multiplier": 200, "ue_might_change": true, "ue_variational": true}, "start_time": 0.0, "time_step": 0.49019607843137253, "number_of_time_steps": 51, "sampler": {"system_geometry": {"type": "SquareSystemNonPeriodicState", "size": 2}, "initial_system_state": {"type": "HomogenousInitialSystemState"}, "type": "ExactSampler"}, "observables": [{"type": "Energy", "label": "Energy per site"}, {"type": "EnergyVariance", "label": "Energy Variance per site"}, {"type": "VCNFactor", "label": "Re-Part of VCN Parameter 0", "param_real_part": true, "param_index": 0, "can_return_value": true}, {"type": "VCNFactor", "label": "Re-Part of VCN Parameter 1", "param_real_part": true, "param_index": 1, "can_return_value": true}, {"type": "VCNFactor", "label": "Re-Part of VCN Parameter 2", "param_real_part": true, "param_index": 2, "can_return_value": true}, {"type": "VCNFactor", "label": "Re-Part of VCN Parameter 3", "param_real_part": true, "param_index": 3, "can_return_value": true}, {"type": "VCNFactor", "label": "Re-Part of VCN Parameter 4", "param_real_part": true, "param_index": 4, "can_return_value": true}, {"type": "VCNFactor", "label": "Re-Part of VCN Parameter 5", "param_real_part": true, "param_index": 5, "can_return_value": true}, {"type": "VCNFactor", "label": "Re-Part of VCN Parameter 6", "param_real_part": true, "param_index": 6, "can_return_value": true}, {"type": "VCNFactor", "label": "Re-Part of VCN Parameter 7", "param_real_part": true, "param_index": 7, "can_return_value": true}, {"type": "VCNFactor", "label": "Re-Part of VCN Parameter 8", "param_real_part": true, "param_index": 8, "can_return_value": true}, {"type": "VCNFactor", "label": "Re-Part of VCN Parameter 9", "param_real_part": true, "param_index": 9, "can_return_value": true}, {"type": "VCNFactor", "label": "Re-Part of VCN Parameter 10", "param_real_part": true, "param_index": 10, "can_return_value": true}, {"type": "VCNFactor", "label": "Re-Part of VCN Parameter 11", "param_real_part": true, "param_index": 11, "can_return_value": true}, {"type": "VCNFactor", "label": "Im-Part of VCN Parameter 0", "param_real_part": false, "param_index": 0, "can_return_value": true}, {"type": "VCNFactor", "label": "Im-Part of VCN Parameter 1", "param_real_part": false, "param_index": 1, "can_return_value": true}, {"type": "VCNFactor", "label": "Im-Part of VCN Parameter 2", "param_real_part": false, "param_index": 2, "can_return_value": true}, {"type": "VCNFactor", "label": "Im-Part of VCN Parameter 3", "param_real_part": false, "param_index": 3, "can_return_value": true}, {"type": "VCNFactor", "label": "Im-Part of VCN Parameter 4", "param_real_part": false, "param_index": 4, "can_return_value": true}, {"type": "VCNFactor", "label": "Im-Part of VCN Parameter 5", "param_real_part": false, "param_index": 5, "can_return_value": true}, {"type": "VCNFactor", "label": "Im-Part of VCN Parameter 6", "param_real_part": false, "param_index": 6, "can_return_value": true}, {"type": "VCNFactor", "label": "Im-Part of VCN Parameter 7", "param_real_part": false, "param_index": 7, "can_return_value": true}, {"type": "VCNFactor", "label": "Im-Part of VCN Parameter 8", "param_real_part": false, "param_index": 8, "can_return_value": true}, {"type": "VCNFactor", "label": "Im-Part of VCN Parameter 9", "param_real_part": false, "param_index": 9, "can_return_value": true}, {"type": "VCNFactor", "label": "Im-Part of VCN Parameter 10", "param_real_part": false, "param_index": 10, "can_return_value": true}, {"type": "VCNFactor", "label": "Im-Part of VCN Parameter 11", "param_real_part": false, "param_index": 11, "can_return_value": true}, {"type": "BaseEnergyFactor", "label": "Re-Part of BE-Factor U", "param_real_part": true, "param_index": -1, "can_return_value": true, "kind": "U"}, {"type": "BaseEnergyFactor", "label": "Im-Part of BE-Factor U", "param_real_part": false, "param_index": -1, "can_return_value": true, "kind": "U"}, {"type": "BaseEnergyFactor", "label": "Re-Part of BE-Factor eps-0", "param_real_part": true, "param_index": 0, "can_return_value": true, "kind": "eps"}, {"type": "BaseEnergyFactor", "label": "Re-Part of BE-Factor eps-1", "param_real_part": true, "param_index": 1, "can_return_value": true, "kind": "eps"}, {"type": "BaseEnergyFactor", "label": "Re-Part of BE-Factor eps-2", "param_real_part": true, "param_index": 2, "can_return_value": true, "kind": "eps"}, {"type": "BaseEnergyFactor", "label": "Re-Part of BE-Factor eps-3", "param_real_part": true, "param_index": 3, "can_return_value": true, "kind": "eps"}, {"type": "BaseEnergyFactor", "label": "Re-Part of BE-Factor eps-4", "param_real_part": true, "param_index": 4, "can_return_value": true, "kind": "eps"}, {"type": "BaseEnergyFactor", "label": "Im-Part of BE-Factor eps-0", "param_real_part": false, "param_index": 0, "can_return_value": true, "kind": "eps"}, {"type": "BaseEnergyFactor", "label": "Im-Part of BE-Factor eps-1", "param_real_part": false, "param_index": 1, "can_return_value": true, "kind": "eps"}, {"type": "BaseEnergyFactor", "label": "Im-Part of BE-Factor eps-2", "param_real_part": false, "param_index": 2, "can_return_value": true, "kind": "eps"}, {"type": "BaseEnergyFactor", "label": "Im-Part of BE-Factor eps-3", "param_real_part": false, "param_index": 3, "can_return_value": true, "kind": "eps"}, {"type": "BaseEnergyFactor", "label": "Im-Part of BE-Factor eps-4", "param_real_part": false, "param_index": 4, "can_return_value": true, "kind": "eps"}], "measurements": [{"time": 0.0, "step_sample_count": 256, "data": [0.4068200343803896, 0.4338893723952918, -2.409211346512654e-05, 1.3364613742072939e-05, 1.5426940819682473e-06, -2.3095526437844924e-06, 2.9577584621232426e-06, -1.5668367408516222e-05, 1.0073359691169309e-05, -1.2604172898632618e-05, -1.1358230129747497e-05, 3.80637423358691e-06, 2.8480717089983352e-06, -1.895923534861108e-05, -1.1357545410297846e-05, 4.318272037258513e-06, -1.4618044943022195e-05, 1.2968369814907847e-06, -2.4229613465669603e-06, 1.2658790972584678e-05, -4.320935634434884e-06, -4.807979398987998e-06, -1.0283182688040512e-05, 1.5791125000597532e-06, 1.6795899010380995e-05, -6.0341603244068835e-06, 7.2706396032623796e-06, -2.5990623020784137e-06, 2.105483127674879e-05, 1.1085069673905734e-05, -9.132533945527703e-06, -1.2101228867378676e-06, 7.2706396032623796e-06, -5.612770751019133e-06, -2.3901402852107364e-06, -7.7877375531777e-06, 4.464171819755137e-06, -2.5990623020784137e-06], "data_imag": [-8.271351266177394e-25, 2.691961125182853e-24, 0.0, 0.0, 0.0, 0.0, 0.0, 0.0, 0.0, 0.0, 0.0, 0.0, 0.0, 0.0, 0.0, 0.0, 0.0, 0.0, 0.0, 0.0, 0.0, 0.0, 0.0, 0.0, 0.0, 0.0, 0.0, 0.0, 0.0, 0.0, 0.0, 0.0, 0.0, 0.0, 0.0, 0.0, 0.0, 0.0]}, {"time": 0.49019607843137253, "step_sample_count": 256, "data": [0.4066566696105284, 0.4337149114883579, 0.010858178334825502, -0.10991367613871768, 0.1331179541433715, 0.011289994205453494, -0.10917965410359316, 0.13310074308188669, 0.011432013544402115, -0.1049830148156543, 0.12951446920374382, 0.01014457543251204, -0.10720048113364994, 0.129506868198527, 0.48340988093943166, 0.47246871545784164, 0.45134984325134336, 0.48570980913610334, 0.49436326511075035, 0.4513771200871457, 0.4783215111239647, 0.5068846583305247, 0.44243951185162095, 0.47090051077854095, 0.43989167061299217, 0.44244376087394693, 0.0033506935149869945, -0.4921844547597245, 0.003712521230237941, 0.009473810446511794, -0.013889166602202092, -0.008107881168840163, 0.0033506935149869945, 0.0005690263633284114, 0.12151675153806787, -0.37163892952666366, -0.2506855331239773, -0.4921844547597245], "data_imag": [-5.3528978410487e-19, 1.7414332870450015e-18, 0.0, 0.0, 0.0, 0.0, 0.0, 0.0, 0.0, 0.0, 0.0, 0.0, 0.0, 0.0, 0.0, 0.0, 0.0, 0.0, 0.0, 0.0, 0.0, 0.0, 0.0, 0.0, 0.0, 0.0, 0.0, 0.0, 0.0, 0.0, 0.0, 0.0, 0.0, 0.0, 0.0, 0.0, 0.0, 0.0]}, {"time": 0.9803921568627451, "step_sample_count": 256, "data": [0.4062909081707414, 0.43295037446692686, 0.03403961400071833, -0.4572600633247805, 0.4347086554194922, 0.0360468394628096, -0.4548018775750091, 0.4346914443579968, 0.03237478758986783, -0.39634426110543197, 0.3888346987986602, 0.023400240579373115, -0.40039459616939493, 0.38882709779344127, 0.9687983383135674, 0.8575622591108828, 0.7225888280612912, 0.9108615735517953, 0.9650785850161964, 0.7226161048972028, 0.7799684585722044, 0.9908414785046633, 0.6717215464126305, 0.9447737824888806, 0.6736335405225308, 0.6717257954349456, 0.01012248647582241, -0.9933153895853938, 0.014779927802299093, 0.03703661548926602, -0.05042411631133931, -0.02814249629159697, 0.01012248647582241, 0.010901743074499976, 0.25877407840870936, -0.7512501491642509, -0.5033705299290563, -0.9933153895853938], "data_imag": [-6.097889853667178e-20, 1.98201376525727e-19, 0.0, 0.0, 0.0, 0.0, 0.0, 0.0, 0.0, 0.0, 0.0, 0.0, 0.0, 0.0, 0.0, 0.0, 0.0, 0.0, 0.0, 0.0, 0.0, 0.0, 0.0, 0.0, 0.0, 0.0, 0.0, 0.0, 0.0, 0.0, 0.0, 0.0, 0.0, 0.0, 0.0, 0.0, 0.0, 0.0]}, {"time": 1.4705882352941175, "step_sample_count": 256, "data": [0.40573118771445027, 0.43081802430890676, 0.040173984326814766, -1.0375940542336413, 0.739888345937793, 0.06811416540622034, -1.056269250334599, 0.7398711348762043, 0.06697330257170486, -0.7702298542724243, 0.5669178510001732, -0.04509968967168289, -0.6830356005007708, 0.5669102499949656, 1.49196486052793, 1.0022047205963063, 0.8041916412085068, 1.2304771015654428, 1.3413426584199017, 0.8042189180444008, 0.7757698222082795, 1.3934041905563865, 0.706686415413842, 1.4451805553736696, 0.48690884280227914, 0.7066906644362312, 0.01317964316854108, -1.5000305992971654, 0.029828959155099966, 0.07607999573247125, -0.09464788689179167, -0.04836487808607185, 0.01317964316854108, 0.03385560423259472, 0.42207528401576166, -1.1517120347705616, -0.7634735827911605, -1.5000305992971654], "data_imag": [7.723386147927606e-19, -2.5068949079808e-18, 0.0, 0.0, 0.0, 0.0, 0.0, 0.0, 0.0, 0.0, 0.0, 0.0, 0.0, 0.0, 0.0, 0.0, 0.0, 0.0, 0.0, 0.0, 0.0, 0.0, 0.0, 0.0, 0.0, 0.0, 0.0, 0.0, 0.0, 0.0, 0.0, 0.0, 0.0, 0.0, 0.0, 0.0, 0.0, 0.0]}, {"time": 1.9607843137254901, "step_sample_count": 256, "data": [0.4045906701951199, 0.4264963651592014, -0.04114018288881002, -1.6859470648507227, 0.9748611106938363, 0.16268913919712127, -1.8766776747877048, 0.974843899632375, 0.21063383332983013, -1.0246090594450306, 0.5879977025469162, -0.34916681092983914, -0.4972201074666398, 0.5879901015418633, 2.1070923665814405, 0.6991112966657462, 0.7736879139757091, 1.413857016410951, 1.5023189198063827, 0.7737151908115141, 0.5100565480560643, 1.728291347783093, 0.6969600417552622, 1.9083152424637992, 0.0031386220476843064, 0.696964290777637, 0.012045789558626315, -2.002132107906583, 0.03879017377949039, 0.10419434164495413, -0.12336694581699689, -0.05789979672280217, 0.012045789558626315, 0.057099740879919425, 0.6069488028256788, -1.5774960701375915, -1.027666059355694, -2.002132107906583], "data_imag": [2.7097964201688993e-19, -8.770866797827775e-19, 0.0, 0.0, 0.0, 0.0, 0.0, 0.0, 0.0, 0.0, 0.0, 0.0, 0.0, 0.0, 0.0, 0.0, 0.0, 0.0, 0.0, 0.0, 0.0, 0.0, 0.0, 0.0, 0.0, 0.0, 0.0, 0.0, 0.0, 0.0, 0.0, 0.0, 0.0, 0.0, 0.0, 0.0, 0.0, 0.0]}, {"time": 2.4509803921568625, "step_sample_count": 256, "data": [0.40337154112640755, 0.4211790614028086, -0.35107292459881984, -1.966959798913899, 1.125133078344196, 0.4560784134014032, -2.7638487301344523, 1.125115867282784, 0.4599093075298966, -1.09901490807433, 0.4997528634921552, -0.8749593882209049, 0.20157764494784447, 0.49974526248710704, 2.7450369140124287, -0.04591832674939053, 0.6799226717278136, 1.50388549712793, 1.3393815808924556, 0.6799499485636092, 0.23023642264164704, 2.163436796541646, 0.7615071448717609, 2.1157074131543525, -0.1352404784637252, 0.7615113938941553, 0.01200133351808284, -2.497117668735606, 0.050144155099720505, 0.10128379857834524, -0.12141821430262323, -0.07004959445637303, 0.01200133351808284, 0.06398374234948735, 0.7848044664292834, -2.0020827613370074, -1.2814622347341282, -2.497117668735606], "data_imag": [-5.554788975125341e-19, 1.7925150316226294e-18, 0.0, 0.0, 0.0, 0.0, 0.0, 0.0, 0.0, 0.0, 0.0, 0.0, 0.0, 0.0, 0.0, 0.0, 0.0, 0.0, 0.0, 0.0, 0.0, 0.0, 0.0, 0.0, 0.0, 0.0, 0.0, 0.0, 0.0, 0.0, 0.0, 0.0, 0.0, 0.0, 0.0, 0.0, 0.0, 0.0]}, {"time": 2.941176470588235, "step_sample_count": 256, "data": [0.4032139861976782, 0.41889313826771807, -0.8860620591175221, -1.7398794187644848, 1.179847952106036, 0.9404598132106614, -3.5663428071335597, 1.1798307410445905, 0.6473982445158001, -1.1418049855944952, 0.39752356906143405, -1.393362681032411, 0.8628407000071404, 0.3975159680563671, 3.1523971569631124, -0.7512909682800641, 0.5539305438156554, 1.6978585374289852, 0.8743840955701387, 0.5539578206513418, 0.03287811881479756, 2.722391551660936, 0.946762712137778, 1.9926807557034192, 0.26939124737601183, 0.9467669611600521, 0.014867991494796883, -2.9894768311782496, 0.07899945451094313, 0.07890830677687859, -0.10196957818251261, -0.101409395145608, 0.014867991494796883, 0.07185699747092264, 0.9278227562497524, -2.3939611539024246, -1.538606126261302, -2.9894768311782496], "data_imag": [-1.4292670436126754e-18, 4.610403695968302e-18, 0.0, 0.0, 0.0, 0.0, 0.0, 0.0, 0.0, 0.0, 0.0, 0.0, 0.0, 0.0, 0.0, 0.0, 0.0, 0.0, 0.0, 0.0, 0.0, 0.0, 0.0, 0.0, 0.0, 0.0, 0.0, 0.0, 0.0, 0.0, 0.0, 0.0, 0.0, 0.0, 0.0, 0.0, 0.0, 0.0]}, {"time": 3.4313725490196076, "step_sample_count": 256, "data": [0.4043238768329886, 0.4217872294388546, -1.4564269611286766, -1.365981773041955, 1.1364178775197573, 1.405328163329534, -4.238587440913296, 1.13640066645831, 0.69380015864301, -1.2216426976637071, 0.3787050805062317, -1.7118232031927387, 1.1439302677510772, 0.3786974795011139, 3.23816865261503, -1.2330833384093904, 0.4394675036461116, 2.0953918325881955, 0.09696436609917289, 0.4394947804818471, -0.16757193088236527, 3.290689917418532, 1.2228978641569794, 1.655962337794759, 0.8966068312958617, 1.2229021131791455, 0.018144539368056375, -3.484277215684748, 0.11537361758955864, 0.060455887809653705, -0.08555264270761424, -0.1392561512495209, 0.018144539368056375, 0.10080472808161921, 1.0377358649055646, -2.751475996335312, -1.8157419450462915, -3.484277215684748], "data_imag": [-1.9863364529057484e-18, 6.424986042668313e-18, 0.0, 0.0, 0.0, 0.0, 0.0, 0.0, 0.0, 0.0, 0.0, 0.0, 0.0, 0.0, 0.0, 0.0, 0.0, 0.0, 0.0, 0.0, 0.0, 0.0, 0.0, 0.0, 0.0, 0.0, 0.0, 0.0, 0.0, 0.0, 0.0, 0.0, 0.0, 0.0, 0.0, 0.0, 0.0, 0.0]}, {"time": 3.9215686274509802, "step_sample_count": 256, "data": [0.4067602969510997, 0.4270634224346282, -1.9438449649928362, -0.9185528515383274, 1.0198830704514767, 1.6562393681810528, -4.534768297749214, 1.019865859390019, 0.6109636374541462, -1.318106798511683, 0.489224125939292, -1.759454283670838, 1.0072927810943704, 0.48921652493422485, 3.035151103676117, -1.6105097378869493, 0.3840928556262793, 2.7056783825512856, -1.0874947403360429, 0.38412013246194604, -0.44732968893041375, 3.792771424821001, 1.4932253108319853, 1.2823902591818703, 1.4142753794587912, 1.4932295598541585, 0.01936353047211867, -3.9835394669195505, 0.14194356985773748, 0.060455745999756255, -0.08398966187125137, -0.1639287726084182, 0.01936353047211867, 0.15766499069958934, 1.1262152853395733, -3.0854899347228644, -2.118661121658403, -3.9835394669195505], "data_imag": [-7.382975846050886e-19, 2.4024811580179638e-18, 0.0, 0.0, 0.0, 0.0, 0.0, 0.0, 0.0, 0.0, 0.0, 0.0, 0.0, 0.0, 0.0, 0.0, 0.0, 0.0, 0.0, 0.0, 0.0, 0.0, 0.0, 0.0, 0.0, 0.0, 0.0, 0.0, 0.0, 0.0, 0.0, 0.0, 0.0, 0.0, 0.0, 0.0, 0.0, 0.0]}, {"time": 4.411764705882352, "step_sample_count": 256, "data": [0.4098869301805871, 0.4298234742814419, -2.2232540306601503, -0.28291231922887905, 0.8811367019544049, 1.5145183186975164, -4.028789658899546, 0.8811194908931789, 0.4378721462065761, -1.3818218276119392, 0.6801454438335967, -1.5856769111204891, 0.5927511634545525, 0.6801378428282832, 2.717394347615562, -1.75963907970208, 0.4124404212429567, 3.3686364664315147, -2.2130952115120057, 0.4124676980782979, -0.8388535891602161, 4.178744940668169, 1.6623342106497199, 1.0041752984007892, 1.6048128672164894, 1.6623384596721904, 0.017910647696301973, -4.485595529579157, 0.13438320454571956, 0.09292588111157037, -0.1114387641972947, -0.15114714789901934, 0.017910647696301973, 0.2293588179102207, 1.2194136893544167, -3.424145526865748, -2.4363841847098673, -4.485595529579157], "data_imag": [-1.896497339809364e-19, 6.21879578168088e-19, 0.0, 0.0, 0.0, 0.0, 0.0, 0.0, 0.0, 0.0, 0.0, 0.0, 0.0, 0.0, 0.0, 0.0, 0.0, 0.0, 0.0, 0.0, 0.0, 0.0, 0.0, 0.0, 0.0, 0.0, 0.0, 0.0, 0.0, 0.0, 0.0, 0.0, 0.0, 0.0, 0.0, 0.0, 0.0, 0.0]}, {"time": 4.901960784313725, "step_sample_count": 256, "data": [0.4121496411015682, 0.4277974190169442, -2.3849967206008125, 0.31872062878051005, 0.7729115793252818, 1.139863611975866, -3.196821630080059, 0.7728943682639341, 0.24753222094408656, -1.3208776470296768, 0.8484930468409969, -1.319417202959371, 0.19787706881855463, 0.8484854458357556, 2.551772161264743, -1.5082386804537422, 0.5108339150873826, 3.8328810843721817, -2.5781337671101303, 0.5108611919228093, -1.313494880388946, 4.437635581158721, 1.7143421578296902, 0.8782692951046548, 1.427601796143771, 1.7143464068522114, 0.015018317900418784, -4.987058411408017, 0.09227434177245665, 0.13771866689404136, -0.1498545074509291, -0.10223389957793078, 0.015018317900418784, 0.2895676465856371, 1.3472461208076314, -3.800284460863105, -2.745868226891447, -4.987058411408017], "data_imag": [-1.8964243775193564e-19, 6.252885012566939e-19, 0.0, 0.0, 0.0, 0.0, 0.0, 0.0, 0.0, 0.0, 0.0, 0.0, 0.0, 0.0, 0.0, 0.0, 0.0, 0.0, 0.0, 0.0, 0.0, 0.0, 0.0, 0.0, 0.0, 0.0, 0.0, 0.0, 0.0, 0.0, 0.0, 0.0, 0.0, 0.0, 0.0, 0.0, 0.0, 0.0]}, {"time": 5.3921568627450975, "step_sample_count": 256, "data": [0.41287203124187605, 0.4235205011103274, -2.5279163764364414, 0.6382954245791346, 0.7249718594741161, 0.7961926736756179, -2.657106013072254, 0.7249546484126924, 0.11723696371100097, -1.077061847749131, 0.9237991217368116, -1.1036714841351043, 0.10411170327309688, 0.9237915207316116, 2.571614080497647, -1.07062358416363, 0.6422322728469748, 4.1140456287939875, -2.379857828533004, 0.6422595496823011, -1.7319222108904724, 4.671805392867242, 1.7138253367576322, 0.8900507787730242, 1.1423772920608466, 1.7138295857801988, 0.013611150973146737, -5.4850130690546965, 0.02493279803623001, 0.1671749341903982, -0.17504687772892114, -0.030328693427129655, 0.013611150973146737, 0.33048423170189595, 1.498766260991722, -4.204609166165696, -3.0409618125030784, -5.4850130690546965], "data_imag": [2.085964157735024e-18, -6.889890071214465e-18, 0.0, 0.0, 0.0, 0.0, 0.0, 0.0, 0.0, 0.0, 0.0, 0.0, 0.0, 0.0, 0.0, 0.0, 0.0, 0.0, 0.0, 0.0, 0.0, 0.0, 0.0, 0.0, 0.0, 0.0, 0.0, 0.0, 0.0, 0.0, 0.0, 0.0, 0.0, 0.0, 0.0, 0.0, 0.0, 0.0]}, {"time": 5.88235294117647, "step_sample_count": 256, "data": [0.41284224906102457, 0.42204263133447995, -2.591732415677754, 0.6470743705606373, 0.7424031759344958, 0.6057337528588697, -2.5028109511539807, 0.742385964873069, 0.04413755625062014, -0.749999074103093, 0.9148516567453757, -0.9858994957772933, 0.25403509294582394, 0.9148440557401775, 2.754294179965102, -0.7558454961143878, 0.7677758341673545, 4.23589156144434, -1.976760271147474, 0.7678031110027419, -1.909831497475214, 5.036872927263132, 1.7468909392724588, 0.9871214580702616, 1.1472677695025477, 1.746895188295104, 0.01791527540750357, -5.979378635111529, -0.058376530654687855, 0.1784027999378863, -0.1895251245599034, 0.04938820890853536, 0.01791527540750357, 0.34597558919501037, 1.6524821594013437, -4.614305235733023, -3.3140293977569977, -5.979378635111529], "data_imag": [8.668501315885759e-19, -2.862978863390981e-18, 0.0, 0.0, 0.0, 0.0, 0.0, 0.0, 0.0, 0.0, 0.0, 0.0, 0.0, 0.0, 0.0, 0.0, 0.0, 0.0, 0.0, 0.0, 0.0, 0.0, 0.0, 0.0, 0.0, 0.0, 0.0, 0.0, 0.0, 0.0, 0.0, 0.0, 0.0, 0.0, 0.0, 0.0, 0.0, 0.0]}, {"time": 6.372549019607843, "step_sample_count": 256, "data": [0.41255194570755566, 0.42542014648507365, -2.50255587726602, 0.4321120684162813, 0.8096968457408392, 0.6148823968415991, -2.6211917787410695, 0.8096796346794013, -0.028980162923313214, -0.5313677504907285, 0.8914369979309403, -0.9101595943446281, 0.3370661059999182, 0.89142939692574, 3.074626609381837, -0.7752033134709722, 0.8527659372019439, 4.143877953820818, -1.5517370438794635, 0.8527932140372514, -1.7983706065407765, 5.562641502133949, 1.8582075213605567, 1.150806170603608, 1.5411293092971885, 1.8582117703832115, 0.031116036350065213, -6.4754339303267665, -0.14078208509231196, 0.17913363438552457, -0.20527564050567634, 0.11603710534903308, 0.031116036350065213, 0.3376281444248279, 1.8050507257551087, -5.020327774685133, -3.5606178719930783, -6.4754339303267665], "data_imag": [-1.0835288860212598e-19, 3.5760956012672875e-19, 0.0, 0.0, 0.0, 0.0, 0.0, 0.0, 0.0, 0.0, 0.0, 0.0, 0.0, 0.0, 0.0, 0.0, 0.0, 0.0, 0.0, 0.0, 0.0, 0.0, 0.0, 0.0, 0.0, 0.0, 0.0, 0.0, 0.0, 0.0, 0.0, 0.0, 0.0, 0.0, 0.0, 0.0, 0.0, 0.0]}, {"time": 6.862745098039215, "step_sample_count": 256, "data": [0.41183047760376873, 0.4309340881810527, -2.3401615787379546, 0.15364874222733874, 0.8895052664077643, 0.7750020547942974, -2.8848157174440594, 0.8894880553463199, -0.11580428214611019, -0.5257261655322002, 0.9263731085387377, -0.805087986379636, 0.15997632148168692, 0.9263655075335294, 3.497546155782792, -1.1782073811601848, 0.8789750898187824, 3.797208068709626, -1.148853611210253, 0.879002366654036, -1.5032652907679378, 6.1540819244160865, 2.0207455904238505, 1.3909528637191362, 2.110725243736792, 2.020749839446542, 0.05112435355576046, -6.981130617579859, -0.20747544172361626, 0.17579377002278876, -0.22561745086362814, 0.15798927182558736, 0.05112435355576046, 0.31691959499669303, 1.9663095198357075, -5.424574877337117, -3.7838516296823586, -6.981130617579859], "data_imag": [-7.042903808357895e-19, 2.3203859512907464e-18, 0.0, 0.0, 0.0, 0.0, 0.0, 0.0, 0.0, 0.0, 0.0, 0.0, 0.0, 0.0, 0.0, 0.0, 0.0, 0.0, 0.0, 0.0, 0.0, 0.0, 0.0, 0.0, 0.0, 0.0, 0.0, 0.0, 0.0, 0.0, 0.0, 0.0, 0.0, 0.0, 0.0, 0.0, 0.0, 0.0]}, {"time": 7.352941176470588, "step_sample_count": 256, "data": [0.4107625887211454, 0.43480533431207313, -2.3749604573992715, 0.07830157100604652, 0.9388196735428986, 0.9850467242111564, -3.1974852318379363, 0.938802462481485, -0.2052852241169936, -0.7353891056220349, 1.037238634800565, -0.6469527610542326, -0.29333889726594436, 1.0372310337953385, 3.966697988856219, -1.8724367470859908, 0.8656101869072004, 3.21849521983389, -0.7547656858904167, 0.8656374637422728, -1.1710713032117952, 6.726072660696925, 2.1610974288322686, 1.7207804499694612, 2.6079943028810657, 2.1611016778548895, 0.06935388216371041, -7.49811265126353, -0.24776298711238792, 0.17380581693686561, -0.24539198528004263, 0.17512719415403122, 0.06935388216371041, 0.2932450708304484, 2.145083434477788, -5.833504401356744, -3.990703499599301, -7.49811265126353], "data_imag": [3.7923512221878307e-19, -1.246204804292538e-18, 0.0, 0.0, 0.0, 0.0, 0.0, 0.0, 0.0, 0.0, 0.0, 0.0, 0.0, 0.0, 0.0, 0.0, 0.0, 0.0, 0.0, 0.0, 0.0, 0.0, 0.0, 0.0, 0.0, 0.0, 0.0, 0.0, 0.0, 0.0, 0.0, 0.0, 0.0, 0.0, 0.0, 0.0, 0.0, 0.0]}, {"time": 7.8431372549019605, "step_sample_count": 256, "data": [0.40946081850248683, 0.43457295426607373, -2.8352324596296827, 0.4589635851221474, 0.9468234488225273, 1.201188305470512, -3.4912699113551477, 0.9468062377611266, -0.2806191864719933, -1.125993439189476, 1.1778008257142656, -0.4905129940212285, -0.9161547899317515, 1.1777932247091614, 4.362939067324288, -2.4655105965329556, 0.8626218396259165, 2.5768927400804444, -0.2687398286128499, 0.8626491164609675, -0.9334887344931222, 7.193891499471273, 2.2229116748121767, 2.1609682798482384, 2.7925555494312477, 2.2229159238345857, 0.07931136000750218, -8.018463367224681, -0.25845011546657326, 0.17361494138735292, -0.2576064586645386, 0.17208536653823084, 0.07931136000750218, 0.2794430842472451, 2.337512468068147, -6.2506177656008255, -4.2014863989942155, -8.018463367224681], "data_imag": [1.963884719393073e-18, -6.433070757177713e-18, 0.0, 0.0, 0.0, 0.0, 0.0, 0.0, 0.0, 0.0, 0.0, 0.0, 0.0, 0.0, 0.0, 0.0, 0.0, 0.0, 0.0, 0.0, 0.0, 0.0, 0.0, 0.0, 0.0, 0.0, 0.0, 0.0, 0.0, 0.0, 0.0, 0.0, 0.0, 0.0, 0.0, 0.0, 0.0, 0.0]}, {"time": 8.333333333333332, "step_sample_count": 256, "data": [0.40846085322495734, 0.4311548828592945, -3.642336634729749, 1.0917646960093799, 0.9437248679948712, 1.3641070159052129, -3.828195413345894, 0.9437076569336134, -0.25667840560764155, -1.5648490585353094, 1.2832171313398435, -0.4926162958866, -1.3293650454769417, 1.2832095303350175, 4.548238430320383, -2.484572295560852, 0.9083532626079378, 2.085496501792741, 0.4255479039735201, 0.9083805394429986, -0.8447743154985079, 7.43693995386428, 2.2046805690304687, 2.685063568115467, 2.514928442190206, 2.204684818052833, 0.08274344157889649, -8.533869556236265, -0.26109619226421926, 0.17287455877537733, -0.2618217990931865, 0.1689270582676416, 0.08274344157889649, 0.2872346274614794, 2.5285072901351207, -6.669365557013991, -4.436899165913778, -8.533869556236265], "data_imag": [-2.5987186596735126e-19, 8.491798728174888e-19, 0.0, 0.0, 0.0, 0.0, 0.0, 0.0, 0.0, 0.0, 0.0, 0.0, 0.0, 0.0, 0.0, 0.0, 0.0, 0.0, 0.0, 0.0, 0.0, 0.0, 0.0, 0.0, 0.0, 0.0, 0.0, 0.0, 0.0, 0.0, 0.0, 0.0, 0.0, 0.0, 0.0, 0.0, 0.0, 0.0]}, {"time": 8.823529411764705, "step_sample_count": 256, "data": [0.40780367194028716, 0.42726498296743276, -4.543884993271345, 1.5613788942659093, 0.9672380027763162, 1.4199961325127457, -4.312928826052591, 0.9672207917151422, -0.06970576560731737, -1.8383062134067978, 1.3183067837372011, -0.7489755315645659, -1.1560808848688684, 1.3182991827325559, 4.466907381352155, -1.9395836936580164, 1.0035372879271383, 1.7531787492883795, 1.2537972036413652, 1.0035645647623295, -0.7933550740631551, 7.527410441662615, 2.1509676533398, 3.1225703465465307, 2.134971047449098, 2.150971902362348, 0.08443776785300333, -9.04290934991583, -0.2786953794880436, 0.17073508254386885, -0.2623633969532149, 0.18382439069319365, 0.08443776785300333, 0.3007091699720516, 2.7034908992489943, -7.077453646718163, -4.683756380012795, -9.04290934991583], "data_imag": [-1.4626950155895238e-18, 4.7719391862893066e-18, 0.0, 0.0, 0.0, 0.0, 0.0, 0.0, 0.0, 0.0, 0.0, 0.0, 0.0, 0.0, 0.0, 0.0, 0.0, 0.0, 0.0, 0.0, 0.0, 0.0, 0.0, 0.0, 0.0, 0.0, 0.0, 0.0, 0.0, 0.0, 0.0, 0.0, 0.0, 0.0, 0.0, 0.0, 0.0, 0.0]}, {"time": 9.313725490196077, "step_sample_count": 256, "data": [0.40664442423274294, 0.42436649682715955, -5.289358809138547, 1.6377180152078756, 1.03839117649546, 1.407868976124565, -4.964693284577543, 1.038373965434309, 0.17089560404540655, -1.959962171030927, 1.2941498879640996, -1.1277734836103948, -0.6542039997811175, 1.2941422869595123, 4.180559720137639, -1.171424876627271, 1.118098405206925, 1.4660015577640602, 2.0539613755213235, 1.1181256820421537, -0.7086927993918845, 7.753808253209143, 2.1167340331669173, 3.3840159686148477, 2.10490820114341, 2.116738282189429, 0.08636494502466004, -9.54858357884346, -0.3030641573030313, 0.17221883978071337, -0.2664274344669031, 0.20633861776145762, 0.08636494502466004, 0.30353369699886057, 2.8624474020212474, -7.472762818850697, -4.923439282627566, -9.54858357884346], "data_imag": [-9.750963710626066e-19, 3.1721400190575263e-18, 0.0, 0.0, 0.0, 0.0, 0.0, 0.0, 0.0, 0.0, 0.0, 0.0, 0.0, 0.0, 0.0, 0.0, 0.0, 0.0, 0.0, 0.0, 0.0, 0.0, 0.0, 0.0, 0.0, 0.0, 0.0, 0.0, 0.0, 0.0, 0.0, 0.0, 0.0, 0.0, 0.0, 0.0, 0.0, 0.0]}, {"time": 9.80392156862745, "step_sample_count": 256, "data": [0.4053195978655328, 0.42284192607568444, -5.825022226166196, 1.3009766246168353, 1.1517889071953396, 1.3898066072543818, -5.8145378327136745, 1.1517716961341304, 0.3842743527890502, -2.1321136038005237, 1.250986925017014, -1.5071576018744703, -0.2307062549136909, 1.2509793240125435, 3.895671603712092, -0.5298825073628862, 1.2088096292320627, 1.1687721521063419, 2.7392152595831107, 1.20883690606743, -0.6510662733378537, 8.28826309734859, 2.1300028722301962, 3.531570958634936, 2.4718978483857983, 2.1300071212523837, 0.0862308177943356, -10.053064003054418, -0.3213637043771246, 0.17602626989313747, -0.2706779041002633, 0.22496007672436358, 0.0862308177943356, 0.29966556472997347, 3.0156784961671903, -7.864066517123829, -5.158139951784242, -10.053064003054418], "data_imag": [-1.0021498445503665e-18, 3.249527775953287e-18, 0.0, 0.0, 0.0, 0.0, 0.0, 0.0, 0.0, 0.0, 0.0, 0.0, 0.0, 0.0, 0.0, 0.0, 0.0, 0.0, 0.0, 0.0, 0.0, 0.0, 0.0, 0.0, 0.0, 0.0, 0.0, 0.0, 0.0, 0.0, 0.0, 0.0, 0.0, 0.0, 0.0, 0.0, 0.0, 0.0]}, {"time": 10.294117647058822, "step_sample_count": 256, "data": [0.4048262379788745, 0.42212149029808504, -6.40155031534798, 0.6600450343295916, 1.2692569487746543, 1.3926784841705233, -7.033276137113987, 1.26923973771376, 0.5554952550307838, -2.519261236531604, 1.2238027301206817, -1.8277895487702165, -0.12407444438435276, 1.2237951291161655, 3.6687910404171538, -0.16408787652025988, 1.246041211170277, 0.8438249884173598, 3.2358579532345164, 1.2460684880054365, -0.6747270443669713, 9.09011152146933, 2.1778318825893574, 3.609468316844786, 3.0936428194789425, 2.1778361316116337, 0.07950965536644321, -10.554801317929966, -0.3268700238505208, 0.1782737481710861, -0.26676371530787657, 0.23705298795630467, 0.07950965536644321, 0.2929057715584373, 3.1731915817440703, -8.263187362731621, -5.3937190516531635, -10.554801317929966], "data_imag": [-3.141771334541968e-18, 1.0174971759619941e-17, 0.0, 0.0, 0.0, 0.0, 0.0, 0.0, 0.0, 0.0, 0.0, 0.0, 0.0, 0.0, 0.0, 0.0, 0.0, 0.0, 0.0, 0.0, 0.0, 0.0, 0.0, 0.0, 0.0, 0.0, 0.0, 0.0, 0.0, 0.0, 0.0, 0.0, 0.0, 0.0, 0.0, 0.0, 0.0, 0.0]}, {"time": 10.784313725490195, "step_sample_count": 256, "data": [0.40559276516212683, 0.4221825860661937, -7.383488158479636, -0.260257889209953, 1.3410390199197266, 1.4929964901489354, -9.040835775727889, 1.3410218088579926, 0.6763810573518307, -3.135850133860572, 1.2187825353520643, -2.0475062771461165, -0.3989809731027772, 1.218774934347523, 3.189133848982091, -0.09229365091347566, 1.2354889190936371, 0.4261589104705799, 3.283473738105335, 1.2355161959290604, -0.8261457899703123, 10.075503599825804, 2.2280168084449343, 3.6564955298540047, 3.7980352700505673, 2.2280210574669077, 0.06425658275234244, -11.049034369421845, -0.30942076468807217, 0.1704918095356914, -0.24414213736113974, 0.23489710966634084, 0.06425658275234244, 0.2794824074615324, 3.349349833551571, -8.688860821298373, -5.630847397104527, -11.049034369421845], "data_imag": [1.2458143327645946e-18, -4.042346240836815e-18, 0.0, 0.0, 0.0, 0.0, 0.0, 0.0, 0.0, 0.0, 0.0, 0.0, 0.0, 0.0, 0.0, 0.0, 0.0, 0.0, 0.0, 0.0, 0.0, 0.0, 0.0, 0.0, 0.0, 0.0, 0.0, 0.0, 0.0, 0.0, 0.0, 0.0, 0.0, 0.0, 0.0, 0.0, 0.0, 0.0]}, {"time": 11.274509803921568, "step_sample_count": 256, "data": [0.4067943466340361, 0.4230610374784016, -9.102149429955823, -1.688537994184427, 1.3422001977092783, 2.1871997195064212, -12.912667724289353, 1.3421829866151072, 0.7364728211250068, -3.8913007265503947, 1.2187460417684546, -2.153653646804348, -0.988275967921565, 1.2187384408124955, 1.6858380207873247, -0.6481287085884319, 1.2113231231025268, 0.08331043716086374, 1.6040244730892856, 1.2113503999230244, -1.1691106277163534, 11.22698042426307, 2.2638599642322155, 3.758618594364005, 4.4144198628865166, 2.26386421330013, 0.0446479568799092, -11.530991642996927, -0.22244800866419, 0.10355293910646643, -0.15806202529984517, 0.16801552670740902, 0.0446479568799092, 0.2810547147380758, 3.5355575916042445, -9.136840486744704, -5.895130960758425, -11.530991642996927], "data_imag": [4.333039117793705e-19, -1.4101246534900885e-18, 0.0, 0.0, 0.0, 0.0, 0.0, 0.0, 0.0, 0.0, 0.0, 0.0, 0.0, 0.0, 0.0, 0.0, 0.0, 0.0, 0.0, 0.0, 0.0, 0.0, 0.0, 0.0, 0.0, 0.0, 0.0, 0.0, 0.0, 0.0, 0.0, 0.0, 0.0, 0.0, 0.0, 0.0, 0.0, 0.0]}, {"time": 11.76470588235294, "step_sample_count": 256, "data": [0.4068796621841369, 0.423786149942351, -9.048714452181693, -1.3883176998703672, 1.2837277988249256, 1.9379395665475452, -12.30295107766792, 1.283710588110469, 0.7606394221568702, -4.558839713851986, 1.205260723754706, -2.195411185458276, -1.5902164997419954, 1.2052531247650144, -2.1889959308592375, -3.0005345601457742, 1.2106139413068886, 1.2212380578650661, -5.781493300391262, 1.210641216595749, -1.7728062600204533, 12.53777508553148, 2.298010450125639, 4.035324714291368, 4.744119373867714, 2.298014699172861, 0.029100083762798913, -12.00002491658088, -0.23060716643013626, 0.1287419542194921, -0.1685079048899949, 0.19223441749111536, 0.029100083762798913, 0.4460145243028168, 3.5991264642697227, -9.474986610139972, -6.335390069893847, -12.00002491658088], "data_imag": [-1.2254186408680188e-18, 3.988783381044189e-18, 0.0, 0.0, 0.0, 0.0, 0.0, 0.0, 0.0, 0.0, 0.0, 0.0, 0.0, 0.0, 0.0, 0.0, 0.0, 0.0, 0.0, 0.0, 0.0, 0.0, 0.0, 0.0, 0.0, 0.0, 0.0, 0.0, 0.0, 0.0, 0.0, 0.0, 0.0, 0.0, 0.0, 0.0, 0.0, 0.0]}, {"time": 12.254901960784313, "step_sample_count": 256, "data": [0.4054144407402827, 0.4233905708734791, -7.31090910129166, 0.08239950577052282, 1.194202000919507, 1.2879255187843182, -8.4205608867601, 1.194184790175242, 0.8375194547953045, -4.791663963289051, 1.175546983270949, -2.279186147309275, -1.6595136749618862, 1.1755393842582236, -4.02309819682173, -3.061249504859689, 1.2522915292225023, 0.7128335966583221, -7.121325066731049, 1.2523188045221914, -2.5418547354571315, 13.989297631362652, 2.360607243666958, 4.45353981506626, 4.900679793367101, 2.360611492731549, 0.02441768504779464, -12.461543448803615, -0.2949425833303812, 0.18296482774830694, -0.21919252644270423, 0.2615272925473231, 0.02441768504779464, 0.45748181722719367, 3.8439055166347957, -10.00160524875328, -6.629510587215632, -12.461543448803615], "data_imag": [-7.717798261748913e-19, 2.5031254928266097e-18, 0.0, 0.0, 0.0, 0.0, 0.0, 0.0, 0.0, 0.0, 0.0, 0.0, 0.0, 0.0, 0.0, 0.0, 0.0, 0.0, 0.0, 0.0, 0.0, 0.0, 0.0, 0.0, 0.0, 0.0, 0.0, 0.0, 0.0, 0.0, 0.0, 0.0, 0.0, 0.0, 0.0, 0.0, 0.0, 0.0]}, {"time": 12.745098039215685, "step_sample_count": 256, "data": [0.40310106732244905, 0.4222245140992368, -5.823038121735586, 0.8458256470033069, 1.1053230385336792, 1.2875040370598798, -6.169841507005352, 1.1053058277891865, 0.9320182289565778, -4.5611420979881245, 1.152387463874641, -2.352302069216029, -1.2568501845351083, 1.152379864861432, -4.856862044590218, -2.62002265321706, 1.3394014849287983, 0.3443044604651842, -7.104804715048278, 1.3394287602283033, -3.1764676240940584, 15.48911782667129, 2.4764236976281175, 4.793527915899853, 5.323090981689132, 2.476427946692658, 0.03293448922270706, -12.924223043620003, -0.30798893750195044, 0.16429834794440867, -0.21022824678608817, 0.26611946942027354, 0.03293448922270706, 0.4724852045734603, 4.0621247034454075, -10.500067207805523, -6.925906229170132, -12.924223043620003], "data_imag": [5.009475747689474e-19, -1.6154600164956405e-18, 0.0, 0.0, 0.0, 0.0, 0.0, 0.0, 0.0, 0.0, 0.0, 0.0, 0.0, 0.0, 0.0, 0.0, 0.0, 0.0, 0.0, 0.0, 0.0, 0.0, 0.0, 0.0, 0.0, 0.0, 0.0, 0.0, 0.0, 0.0, 0.0, 0.0, 0.0, 0.0, 0.0, 0.0, 0.0, 0.0]}, {"time": 13.235294117647058, "step_sample_count": 256, "data": [0.40118909238979666, 0.4205472114658233, -4.793597032595564, 1.270450672719489, 1.049335142297571, 1.3754578855669357, -4.8080497352818785, 1.0493179315530337, 0.9500996497290438, -4.139172618385166, 1.1758685682331242, -2.2769197326547923, -0.8899187643752943, 1.1758609692198685, -5.06648940092833, -2.1677044323913703, 1.461595793551441, 0.16247863584732983, -6.648921530892576, 1.4616230688508909, -3.5444359319382133, 16.81657125289466, 2.638860805132488, 5.004609764844287, 5.978772113896466, 2.6388650541969754, 0.05210220549665764, -13.39567099338915, -0.3125239940320029, 0.13799334274597785, -0.20361649724357037, 0.2512962216030047, 0.05210220549665764, 0.4896449637320358, 4.236882213662513, -10.94575285891756, -7.215524680979108, -13.39567099338915], "data_imag": [5.279965999579881e-19, -1.6946118137763505e-18, 0.0, 0.0, 0.0, 0.0, 0.0, 0.0, 0.0, 0.0, 0.0, 0.0, 0.0, 0.0, 0.0, 0.0, 0.0, 0.0, 0.0, 0.0, 0.0, 0.0, 0.0, 0.0, 0.0, 0.0, 0.0, 0.0, 0.0, 0.0, 0.0, 0.0, 0.0, 0.0, 0.0, 0.0, 0.0, 0.0]}, {"time": 13.72549019607843, "step_sample_count": 256, "data": [0.4003058728572837, 0.41832418306648994, -4.193554239586636, 1.5247522503096558, 1.0505267517576127, 1.4282412116697005, -4.010363954103532, 1.050509541013066, 0.8835698974491425, -3.731951928542048, 1.2723533508667018, -2.022883264375248, -0.8035552582346359, 1.2723457518534529, -5.06189257395693, -1.6911944981603158, 1.5915355363412687, 0.04161841489560109, -6.019963474614219, 1.5915628116406673, -3.681169721330368, 17.8634292009811, 2.7994388826856658, 5.169198515273122, 6.63993091337894, 2.799443131750137, 0.07634664090556642, -13.879706476187206, -0.31456772245749953, 0.11726298595581124, -0.2064253531711264, 0.22842136088481987, 0.07634664090556642, 0.5033547897577569, 4.3865234235549195, -11.352950063515248, -7.488742528300339, -13.879706476187206], "data_imag": [2.842967180054076e-19, -9.104451668129255e-19, 0.0, 0.0, 0.0, 0.0, 0.0, 0.0, 0.0, 0.0, 0.0, 0.0, 0.0, 0.0, 0.0, 0.0, 0.0, 0.0, 0.0, 0.0, 0.0, 0.0, 0.0, 0.0, 0.0, 0.0, 0.0, 0.0, 0.0, 0.0, 0.0, 0.0, 0.0, 0.0, 0.0, 0.0, 0.0, 0.0]}, {"time": 14.215686274509803, "step_sample_count": 256, "data": [0.4001574307967045, 0.4163072204219409, -3.73517607137565, 1.5620995901255272, 1.1116380701571016, 1.4551256068893947, -3.5457878696720084, 1.1116208594125674, 0.7367769815241069, -3.408943094782818, 1.4250256825021914, -1.6176140543736597, -1.0351410622653796, 1.4250180834889623, -5.097041021228849, -1.1047944483666394, 1.6962455359326158, -0.08363339965769824, -5.317182528007242, 1.6962728112318777, -3.6657456210609487, 18.616049033325503, 2.8966840903196944, 5.357443876753511, 7.139819510682803, 2.8966883393841645, 0.10069213825184964, -14.375495428574904, -0.31050146162471537, 0.1015589860800203, -0.21346677041914502, 0.19849992045608955, 0.10069213825184964, 0.5137499951984907, 4.529482230057235, -11.74092877385819, -7.746509544304354, -14.375495428574904], "data_imag": [-1.881740558222609e-18, 6.023939737634525e-18, 0.0, 0.0, 0.0, 0.0, 0.0, 0.0, 0.0, 0.0, 0.0, 0.0, 0.0, 0.0, 0.0, 0.0, 0.0, 0.0, 0.0, 0.0, 0.0, 0.0, 0.0, 0.0, 0.0, 0.0, 0.0, 0.0, 0.0, 0.0, 0.0, 0.0, 0.0, 0.0, 0.0, 0.0, 0.0, 0.0]}, {"time": 14.705882352941176, "step_sample_count": 256, "data": [0.3999206617734833, 0.41622645093552624, -3.1443874754238905, 1.2371767978940564, 1.2150621125032905, 1.4688789640865128, -3.2984964264809395, 1.2150449017587415, 0.5111041439916814, -3.102287173733962, 1.5760815556101788, -1.1005497766261678, -1.4764223860431271, 1.5760739565970399, -5.164825956432283, -0.4452534253789397, 1.7635490722514304, -0.22772489099949672, -4.553497494390798, 1.7635763475507324, -3.603644389052718, 19.107671555607794, 2.9058979714251127, 5.638179625190186, 7.332191694665098, 2.905902220489537, 0.12316144164890679, -14.8784710571539, -0.2977171123178278, 0.0922898583070923, -0.22463152933031585, 0.1611786054302183, 0.12316144164890679, 0.5256315493022224, 4.681771059182191, -12.13090632650917, -7.998519827130532, -14.8784710571539], "data_imag": [-9.27315990084114e-19, 2.9668225954205736e-18, 0.0, 0.0, 0.0, 0.0, 0.0, 0.0, 0.0, 0.0, 0.0, 0.0, 0.0, 0.0, 0.0, 0.0, 0.0, 0.0, 0.0, 0.0, 0.0, 0.0, 0.0, 0.0, 0.0, 0.0, 0.0, 0.0, 0.0, 0.0, 0.0, 0.0, 0.0, 0.0, 0.0, 0.0, 0.0, 0.0]}, {"time": 15.196078431372548, "step_sample_count": 256, "data": [0.3995051663333529, 0.41944507691060573, -2.392000099275756, 0.49177994384072393, 1.3494266082951727, 1.4359264088083001, -3.2617099824900313, 1.349409397550548, 0.2990552344177762, -2.6866766096968413, 1.6629979928173757, -0.6001188636988113, -1.779234630975578, 1.6629903938039745, -5.050100802339825, 0.009576691826139593, 1.8051185005213102, -0.43006684303789877, -3.7499088417845585, 1.8051457758206926, -3.6293795136231153, 19.467178555993282, 2.8608452671003093, 6.123321360116814, 7.0936889078283105, 2.860849516164965, 0.14556310821371035, -15.383476643319371, -0.28699117703898097, 0.08923546173236362, -0.2416176911671108, 0.12640644128474107, 0.14556310821371035, 0.5452709701958594, 4.860695914103928, -12.546103256575682, -8.256087898501331, -15.383476643319371], "data_imag": [-1.6921373592334032e-20, 5.408140937275371e-20, 0.0, 0.0, 0.0, 0.0, 0.0, 0.0, 0.0, 0.0, 0.0, 0.0, 0.0, 0.0, 0.0, 0.0, 0.0, 0.0, 0.0, 0.0, 0.0, 0.0, 0.0, 0.0, 0.0, 0.0, 0.0, 0.0, 0.0, 0.0, 0.0, 0.0, 0.0, 0.0, 0.0, 0.0, 0.0, 0.0]}, {"time": 15.686274509803921, "step_sample_count": 256, "data": [0.39981999471040924, 0.42453625637306236, -1.66983287219218, -0.41170224916942677, 1.5214410482708678, 1.3705410295309717, -3.378885364333499, 1.5214238375266622, 0.30710296578735385, -2.11087798241334, 1.6605564498978906, -0.35890227192691454, -1.4374432356854547, 1.6605488508844577, -4.611645980418507, -0.11681109750853876, 1.827161696313823, -0.8123861356620471, -3.0159852782474252, 1.8271889716132699, -3.7015226413482414, 19.878038043833957, 2.8314120011769077, 6.748469149931693, 6.716095336416655, 2.8314162502413396, 0.17225601777051927, -15.888866929084129, -0.295494008785926, 0.07626363550560326, -0.2525523993575909, 0.10748277559719577, 0.17225601777051927, 0.5556866815389937, 5.068880342097496, -12.991415728797751, -8.503796704063275, -15.888866929084129], "data_imag": [-5.4146523199924405e-19, 1.7319090095504657e-18, 0.0, 0.0, 0.0, 0.0, 0.0, 0.0, 0.0, 0.0, 0.0, 0.0, 0.0, 0.0, 0.0, 0.0, 0.0, 0.0, 0.0, 0.0, 0.0, 0.0, 0.0, 0.0, 0.0, 0.0, 0.0, 0.0, 0.0, 0.0, 0.0, 0.0, 0.0, 0.0, 0.0, 0.0, 0.0, 0.0]}, {"time": 16.176470588235293, "step_sample_count": 256, "data": [0.4003058069188229, 0.4270447539376985, -1.226209660803316, -0.8583366420995692, 1.725931976445967, 1.4096927444584189, -3.426627254208096, 1.7259147657022273, 0.49786836243473864, -1.5391522312222299, 1.602394071036317, -0.3419604453687024, -0.6907612836980939, 1.602386472023349, -3.9207007920658805, -0.7801865999664916, 1.8123920271825162, -1.376641100379741, -2.3781360355217394, 1.8124193024823263, -3.6227030496467703, 20.433654701929104, 2.8847730739632915, 7.266773813353012, 6.7468131401380305, 2.8847773230282883, 0.2055436655749135, -16.397314828308772, -0.30069835307088144, 0.044605776907065534, -0.25065213749141785, 0.08004661791250361, 0.2055436655749135, 0.5368204842966517, 5.279607428233545, -13.437880516561831, -8.71960885395033, -16.397314828308772], "data_imag": [-1.3265157333072574e-18, 4.248095608096607e-18, 0.0, 0.0, 0.0, 0.0, 0.0, 0.0, 0.0, 0.0, 0.0, 0.0, 0.0, 0.0, 0.0, 0.0, 0.0, 0.0, 0.0, 0.0, 0.0, 0.0, 0.0, 0.0, 0.0, 0.0, 0.0, 0.0, 0.0, 0.0, 0.0, 0.0, 0.0, 0.0, 0.0, 0.0, 0.0, 0.0]}, {"time": 16.666666666666664, "step_sample_count": 256, "data": [0.4002819248904752, 0.4246107402150676, -1.1692777173984066, -0.6679703295063618, 1.917390142081334, 1.5497908197590415, -3.3319281896214856, 1.9173729313376247, 0.7234314422334434, -1.1278137072597219, 1.5688204004276034, -0.35069380506158526, -0.0484182900419434, 1.5688128014145741, -3.2415100459372264, -1.3000572077578072, 1.7428101401653204, -1.885131649009402, -1.6677089607622964, 1.742837415465057, -3.4160711089343296, 21.06905902278717, 3.041866147904725, 7.651188690458891, 7.125639889047204, 3.04187039697003, 0.24168407697657507, -16.91152759980886, -0.27796996593498535, 0.005789649708348873, -0.2434225331130497, 0.023809575492132976, 0.24168407697657507, 0.5123612542357309, 5.467413472335421, -13.857129589131164, -8.92495932288638, -16.91152759980886], "data_imag": [-4.0604479837875576e-19, 1.3002591478945061e-18, 0.0, 0.0, 0.0, 0.0, 0.0, 0.0, 0.0, 0.0, 0.0, 0.0, 0.0, 0.0, 0.0, 0.0, 0.0, 0.0, 0.0, 0.0, 0.0, 0.0, 0.0, 0.0, 0.0, 0.0, 0.0, 0.0, 0.0, 0.0, 0.0, 0.0, 0.0, 0.0, 0.0, 0.0, 0.0, 0.0]}, {"time": 17.15686274509804, "step_sample_count": 256, "data": [0.40019472480413454, 0.41951969349226603, -1.3340999279490595, -0.32066885053665134, 2.0369081972873895, 1.651015641994871, -3.2662064490101588, 2.0368909865436895, 0.9363951068263106, -0.9252533928518604, 1.6374919043227645, -0.30574643099211396, 0.3134381918760522, 1.6374843053097208, -2.7057652120803324, -1.372856383388284, 1.6450416568984787, -2.2017420463799566, -0.852688992133901, 1.6450689321981868, -3.199210990061969, 21.728812845554316, 3.2537640419008933, 7.959725931267632, 7.618224257516704, 3.2537682909661347, 0.2743130832548785, -17.42782397809176, -0.2317621539176139, -0.025116512855163826, -0.24026578287619613, -0.051246755423830524, 0.2743130832548785, 0.4984263081745612, 5.629934478932945, -14.249389809494046, -9.139036365598221, -17.42782397809176], "data_imag": [-1.2721675897413246e-18, 4.072918067850148e-18, 0.0, 0.0, 0.0, 0.0, 0.0, 0.0, 0.0, 0.0, 0.0, 0.0, 0.0, 0.0, 0.0, 0.0, 0.0, 0.0, 0.0, 0.0, 0.0, 0.0, 0.0, 0.0, 0.0, 0.0, 0.0, 0.0, 0.0, 0.0, 0.0, 0.0, 0.0, 0.0, 0.0, 0.0, 0.0, 0.0]}, {"time": 17.64705882352941, "step_sample_count": 256, "data": [0.400343429510741, 0.41570473393508495, -1.5234714803555236, -0.11767310726219886, 2.074530247221262, 1.7582450744531475, -3.377708340100134, 2.074513036477568, 1.1073874389939933, -0.9426335646451648, 1.8270638842730873, -0.22264664193249376, 0.37086419697920325, 1.8270562852600356, -2.2952117620561485, -1.0826623133305964, 1.5843369147117148, -2.309164262282056, -0.01421347786630898, 1.5843641900114411, -3.1025711123564177, 22.346197985597627, 3.4257635394091195, 8.220232694717092, 7.995870970893966, 3.4257677884744027, 0.3027492286259784, -17.939775024650665, -0.1673038218438794, -0.04973776614307661, -0.24083561971842754, -0.1417035019116166, 0.3027492286259784, 0.49637368522073805, 5.778658434557653, -14.631552449910217, -9.368917801735646, -17.939775024650665], "data_imag": [2.0840317405454132e-18, -6.6746273137535136e-18, 0.0, 0.0, 0.0, 0.0, 0.0, 0.0, 0.0, 0.0, 0.0, 0.0, 0.0, 0.0, 0.0, 0.0, 0.0, 0.0, 0.0, 0.0, 0.0, 0.0, 0.0, 0.0, 0.0, 0.0, 0.0, 0.0, 0.0, 0.0, 0.0, 0.0, 0.0, 0.0, 0.0, 0.0, 0.0, 0.0]}, {"time": 18.137254901960784, "step_sample_count": 256, "data": [0.4010975605073524, 0.416776433999173, -1.6608363544317781, -0.21755479368736833, 2.076369507332227, 1.9836275724210055, -3.8610174569896123, 2.076352296588597, 1.2342735517699654, -1.092570837722972, 2.076316243647484, -0.16158742617196442, 0.27193417387369884, 2.0763086446345027, -1.9854948901954483, -0.5127215915811878, 1.6070203295734333, -2.1899089066722497, 0.7725318921368086, 1.6070476048730156, -3.264047422637698, 22.81682942956188, 3.4829550193976684, 8.432972424931007, 8.011830198171458, 3.482959268462792, 0.3313465177947968, -18.44681153205168, -0.09293687430524092, -0.07828727652841418, -0.24008307319249783, -0.24483508171187573, 0.3313465177947968, 0.5129995900620054, 5.926523356819757, -15.017684068643831, -9.622857117816773, -18.44681153205168], "data_imag": [-1.8403284659804987e-18, 5.905210065896128e-18, 0.0, 0.0, 0.0, 0.0, 0.0, 0.0, 0.0, 0.0, 0.0, 0.0, 0.0, 0.0, 0.0, 0.0, 0.0, 0.0, 0.0, 0.0, 0.0, 0.0, 0.0, 0.0, 0.0, 0.0, 0.0, 0.0, 0.0, 0.0, 0.0, 0.0, 0.0, 0.0, 0.0, 0.0, 0.0, 0.0]}, {"time": 18.627450980392155, "step_sample_count": 256, "data": [0.40239816350939267, 0.42264750839820164, -1.8165379656372302, -0.7686315236132798, 2.1033053837411737, 2.399916173713722, -5.008337720624906, 2.103288172997835, 1.3790554579847893, -1.175379167262672, 2.2843297956355784, -0.19871300183866897, 0.3598326463713303, 2.284322196622217, -1.7900213450917761, 0.13285385590927307, 1.7102133307855907, -1.8301768509917724, 1.2752586090600802, 1.710240606084935, -3.727985216210663, 23.114644497561244, 3.4264621760373566, 8.556053929360578, 7.635888252719389, 3.4264664251026424, 0.36335276289361595, -18.95257468136117, -0.020985115516091217, -0.12701163200140822, -0.22354422179807634, -0.35015332826578555, 0.36335276289361595, 0.556346164061213, 6.076742038918731, -15.408202863764364, -9.90615022107421, -18.95257468136117], "data_imag": [-4.600606428170867e-19, 1.4810204621803708e-18, 0.0, 0.0, 0.0, 0.0, 0.0, 0.0, 0.0, 0.0, 0.0, 0.0, 0.0, 0.0, 0.0, 0.0, 0.0, 0.0, 0.0, 0.0, 0.0, 0.0, 0.0, 0.0, 0.0, 0.0, 0.0, 0.0, 0.0, 0.0, 0.0, 0.0, 0.0, 0.0, 0.0, 0.0, 0.0, 0.0]}, {"time": 19.11764705882353, "step_sample_count": 256, "data": [0.4030274881661578, 0.4279363732332913, -2.0603528112517635, -1.7929228128691699, 2.2000984944387105, 3.013613459757368, -6.917691552563314, 2.2000812837013064, 1.5730700416894097, -1.0504944460202108, 2.383138509327493, -0.36598045085701086, 0.8421963664623016, 2.3831309103183447, -1.910578884796139, 0.3699373974003824, 1.8493917297352032, -1.0537982213314927, 0.6226071679457555, 1.8494190050381072, -4.351505944635824, 23.36634938587201, 3.3316211009849113, 8.48980950083384, 7.24182710908693, 3.3316253500514446, 0.39865457004012755, -19.459162937409353, 0.03932060430745208, -0.20397859627599005, -0.18177429977315046, -0.4466148337005471, 0.39865457004012755, 0.6398894263295388, 6.196087235084292, -15.767312260844024, -10.229049686136385, -19.459162937409353], "data_imag": [-1.5154250021755428e-18, 4.886063457048026e-18, 0.0, 0.0, 0.0, 0.0, 0.0, 0.0, 0.0, 0.0, 0.0, 0.0, 0.0, 0.0, 0.0, 0.0, 0.0, 0.0, 0.0, 0.0, 0.0, 0.0, 0.0, 0.0, 0.0, 0.0, 0.0, 0.0, 0.0, 0.0, 0.0, 0.0, 0.0, 0.0, 0.0, 0.0, 0.0, 0.0]}, {"time": 19.6078431372549, "step_sample_count": 256, "data": [0.4026854070088203, 0.42791131979399427, -1.7543400880336812, -2.4492624553600177, 2.375689743468128, 3.0771101534708287, -7.333586993245529, 2.3756725327343724, 1.7317438850811182, -0.7689856032483692, 2.3831676862995104, -0.5436337377881666, 1.4610057310106006, 2.3831600872905434, -2.531765732536297, -0.25969227604667533, 1.95273937220929, 0.2849385370987382, -1.9820174624727576, 1.9527666475830414, -4.928928322006938, 23.700075047148495, 3.2941501534716147, 8.173699872008873, 7.2297433088292475, 3.2941544025272935, 0.4354104572638315, -19.967393852265797, 0.02367513016080241, -0.22959864479424363, -0.19216825589696448, -0.46775248531753916, 0.4354104572638315, 0.770430992988731, 6.250758756311914, -16.059767558849927, -10.596348428879365, -19.967393852265797], "data_imag": [7.441497857478165e-19, -2.3972660747950875e-18, 0.0, 0.0, 0.0, 0.0, 0.0, 0.0, 0.0, 0.0, 0.0, 0.0, 0.0, 0.0, 0.0, 0.0, 0.0, 0.0, 0.0, 0.0, 0.0, 0.0, 0.0, 0.0, 0.0, 0.0, 0.0, 0.0, 0.0, 0.0, 0.0, 0.0, 0.0, 0.0, 0.0, 0.0, 0.0, 0.0]}, {"time": 20.098039215686274, "step_sample_count": 256, "data": [0.40278824482985276, 0.424872675679504, -0.9547533704116176, -2.5179628654573043, 2.582848454716001, 2.5302832054769797, -6.032887414115523, 2.582831243979796, 1.7812925520745515, -0.43062501059686414, 2.3551652505764245, -0.550517423591159, 1.8577321277416894, 2.3551576515571404, -2.5886787561690467, -0.7733880243885565, 1.9553073485579482, 1.052764343746626, -3.3141162136607933, 1.9553346239328313, -5.361994613275906, 24.107088785533303, 3.3684817764618886, 7.685657183724278, 7.61177145871553, 3.3684860255322326, 0.47061861660913434, -20.477090633220893, -0.05565216387825314, -0.19356641193521631, -0.26140038550713734, -0.4224809040462471, 0.47061861660913434, 0.8372910374534955, 6.348555716163095, -16.393459661117447, -10.897619177493102, -20.477090633220893], "data_imag": [-8.737037152184037e-19, 2.8153406876331384e-18, 0.0, 0.0, 0.0, 0.0, 0.0, 0.0, 0.0, 0.0, 0.0, 0.0, 0.0, 0.0, 0.0, 0.0, 0.0, 0.0, 0.0, 0.0, 0.0, 0.0, 0.0, 0.0, 0.0, 0.0, 0.0, 0.0, 0.0, 0.0, 0.0, 0.0, 0.0, 0.0, 0.0, 0.0, 0.0, 0.0]}, {"time": 20.588235294117645, "step_sample_count": 256, "data": [0.40439687684585945, 0.4253941902921684, -0.3786251973859748, -2.6135491958265846, 2.735463678579404, 2.085208854964969, -5.089569325837972, 2.7354464678420176, 1.7226407038204605, -0.0902933108077748, 2.378104311783341, -0.29961359849596664, 1.8901488157788642, 2.378096712763654, -2.276433193449473, -1.2812748297267629, 1.8501318602218655, 1.3769246920620486, -3.81223117782956, 1.8501591355973972, -5.645402180389871, 24.536660943521028, 3.53814381512338, 7.185660805521577, 8.180365524422532, 3.538148064193927, 0.5014941316283792, -20.986731456783737, -0.11816927729865807, -0.16710848995469788, -0.31524863067585396, -0.38828523437219437, 0.5014941316283792, 0.8602792054241083, 6.478947702014351, -16.75933532618822, -11.154032392278488, -20.986731456783737], "data_imag": [-2.5704910724055423e-19, 8.315988493127721e-19, 0.0, 0.0, 0.0, 0.0, 0.0, 0.0, 0.0, 0.0, 0.0, 0.0, 0.0, 0.0, 0.0, 0.0, 0.0, 0.0, 0.0, 0.0, 0.0, 0.0, 0.0, 0.0, 0.0, 0.0, 0.0, 0.0, 0.0, 0.0, 0.0, 0.0, 0.0, 0.0, 0.0, 0.0, 0.0, 0.0]}, {"time": 21.07843137254902, "step_sample_count": 256, "data": [0.40702664624693724, 0.4320084940103389, 0.020527572372390505, -2.548353513242811, 2.778337900326781, 1.771811970256724, -4.300074609812831, 2.778320689589241, 1.5682077668184, 0.20500659121692624, 2.5021341401571378, 0.17797808692917083, 1.5541060543230751, 2.5021265411372697, -1.8336783467919362, -1.9095890836883556, 1.6978188611195635, 1.48136339860986, -4.073794723546362, 1.697846136495239, -5.836452088165716, 24.936737698057033, 3.7394301475728864, 6.841263794058028, 8.655849222899347, 3.739434396643592, 0.530692729833363, -21.49443056823614, -0.16217248711894125, -0.15201256270287833, -0.35548980353839515, -0.37013175459283515, 0.530692729833363, 0.8669542141093303, 6.626341556100014, -17.14381511150639, -11.394885341671008, -21.49443056823614], "data_imag": [4.599644248635737e-19, -1.4977422179609745e-18, 0.0, 0.0, 0.0, 0.0, 0.0, 0.0, 0.0, 0.0, 0.0, 0.0, 0.0, 0.0, 0.0, 0.0, 0.0, 0.0, 0.0, 0.0, 0.0, 0.0, 0.0, 0.0, 0.0, 0.0, 0.0, 0.0, 0.0, 0.0, 0.0, 0.0, 0.0, 0.0, 0.0, 0.0, 0.0, 0.0]}, {"time": 21.56862745098039, "step_sample_count": 256, "data": [0.4098580226772838, 0.44130243418229254, 0.22412903211416627, -2.09068028741007, 2.731859647996945, 1.6447953831678124, -3.506761686991972, 2.7318424372596537, 1.3611753608918484, 0.45972282003537895, 2.7282316892368743, 0.7617117869972747, 1.0184146470825541, 2.7282240902172474, -1.3060842577139085, -2.366616502796997, 1.5823794032227623, 1.4987089335348758, -3.9886180353412524, 1.5824066785984054, -6.0396024869580005, 25.2102773999152, 3.907866127156119, 6.773446894532515, 8.71171272434173, 3.9078703762267235, 0.5676935543772321, -21.99863185331342, -0.1921507793692269, -0.15693228852528632, -0.38372543037157464, -0.3732094464861629, 0.5676935543772321, 0.8741251771248588, 6.791647217050417, -17.55000072212768, -11.639650118571037, -21.99863185331342], "data_imag": [-8.11661253359879e-20, 2.661327011086768e-19, 0.0, 0.0, 0.0, 0.0, 0.0, 0.0, 0.0, 0.0, 0.0, 0.0, 0.0, 0.0, 0.0, 0.0, 0.0, 0.0, 0.0, 0.0, 0.0, 0.0, 0.0, 0.0, 0.0, 0.0, 0.0, 0.0, 0.0, 0.0, 0.0, 0.0, 0.0, 0.0, 0.0, 0.0, 0.0, 0.0]}, {"time": 22.058823529411764, "step_sample_count": 256, "data": [0.4116781675394686, 0.4478024431061671, 0.29090053913605085, -1.4294141417926929, 2.680350809633063, 1.710070489375148, -2.8434809903051526, 2.680333598895747, 1.2284151409499589, 0.7721240932718229, 3.006808324086649, 1.2325718596732935, 0.7311823899968904, 3.0068007250668014, -0.7693297282320364, -2.359648747635108, 1.5522169109389066, 1.591675481598861, -3.5073502410592985, 1.5522441863145586, -6.2810897233298215, 25.312491534255198, 4.009499082305526, 6.999150682517958, 8.25848547688096, 4.009503331375969, 0.6245819373691636, -22.50273833458132, -0.22951972759840092, -0.19231763663136214, -0.40176771827074803, -0.38805383195964266, 0.6245819373691636, 0.8990032246605293, 6.967633640073487, -17.96782637485999, -11.903463569712878, -22.50273833458132], "data_imag": [-9.468753673709791e-20, 3.118463329020366e-19, 0.0, 0.0, 0.0, 0.0, 0.0, 0.0, 0.0, 0.0, 0.0, 0.0, 0.0, 0.0, 0.0, 0.0, 0.0, 0.0, 0.0, 0.0, 0.0, 0.0, 0.0, 0.0, 0.0, 0.0, 0.0, 0.0, 0.0, 0.0, 0.0, 0.0, 0.0, 0.0, 0.0, 0.0, 0.0, 0.0]}, {"time": 22.549019607843135, "step_sample_count": 256, "data": [0.41160492415894673, 0.4489651020409765, 0.39871507278405477, -0.8706050450985353, 2.7375971041115577, 1.9576505998828388, -2.4240861928411057, 2.7375798933741127, 1.2408597451976868, 1.1783752054149244, 3.2824382515546717, 1.4449186597793549, 0.9467506642682946, 3.2824306525348663, -0.26196781574870015, -2.0178741214268343, 1.5816558861857815, 1.7418274346592213, -2.780477812281944, 1.5816831615613396, -6.3747727367228615, 25.41072995782961, 4.056901579483888, 7.355355398321406, 7.8195449602466915, 4.0569058285543615, 0.7125098314495865, -23.019500359550346, -0.29504174084855106, -0.2569505046100378, -0.422060184484846, -0.40572266710604526, 0.7125098314495865, 0.9339580413456128, 7.140787287938817, -18.370567997807093, -12.165525592335278, -23.019500359550346], "data_imag": [-2.5969163444902004e-18, 8.551228440168145e-18, 0.0, 0.0, 0.0, 0.0, 0.0, 0.0, 0.0, 0.0, 0.0, 0.0, 0.0, 0.0, 0.0, 0.0, 0.0, 0.0, 0.0, 0.0, 0.0, 0.0, 0.0, 0.0, 0.0, 0.0, 0.0, 0.0, 0.0, 0.0, 0.0, 0.0, 0.0, 0.0, 0.0, 0.0, 0.0, 0.0]}, {"time": 23.03921568627451, "step_sample_count": 256, "data": [0.41049082204939774, 0.4461075955269818, 0.6482542856685415, -0.5275792434480142, 2.981790270907057, 2.3922879171922466, -2.264504060148167, 2.981773060169609, 1.3112266832366128, 1.5389036429743472, 3.5544161674374357, 1.5124956354816994, 1.319222404056748, 3.554408568417629, 0.1494339500088904, -1.5732776535512982, 1.5537527927669406, 1.7894805005567782, -1.94618891815557, 1.5537800681423604, -6.196128714476141, 25.646926807408164, 4.096617967666734, 7.70861412952227, 7.800506677235045, 4.0966222167370105, 0.8346034543777185, -23.570515668994673, -0.3810014636412236, -0.3353605984154607, -0.46297575616104497, -0.4376435131045547, 0.8346034543777185, 0.9748314605015926, 7.310081244274225, -18.734094791616574, -12.39803565939801, -23.570515668994673], "data_imag": [-3.2323544774309126e-18, 1.0614814772765335e-17, 0.0, 0.0, 0.0, 0.0, 0.0, 0.0, 0.0, 0.0, 0.0, 0.0, 0.0, 0.0, 0.0, 0.0, 0.0, 0.0, 0.0, 0.0, 0.0, 0.0, 0.0, 0.0, 0.0, 0.0, 0.0, 0.0, 0.0, 0.0, 0.0, 0.0, 0.0, 0.0, 0.0, 0.0, 0.0, 0.0]}, {"time": 23.52941176470588, "step_sample_count": 256, "data": [0.4098525708693414, 0.4422641883556461, 0.9930946920508728, -0.4135803465873981, 3.3573206433465863, 2.9008925128670997, -2.311598301098785, 3.3573034326091387, 1.3928917695076934, 1.7427847193431605, 3.8778261657976603, 1.5794938810852681, 1.5427335776023037, 3.8778185667778535, 0.3387992636545331, -1.1625162524325394, 1.293034892595016, 1.5569200785278827, -1.0888536431449451, 1.2930621679708376, -5.842614986474766, 26.00048187579448, 4.134190884843926, 8.041298744197004, 8.099797835273623, 4.134195133914186, 0.9705926748448964, -24.1824692936503, -0.46659437694098826, -0.40804440604515224, -0.5241985386538978, -0.48506488644807993, 0.9705926748448964, 1.0369802398669314, 7.493988940824065, -19.04889290448729, -12.588111307355616, -24.1824692936503], "data_imag": [-5.20676282042697e-19, 1.7072041022871174e-18, 0.0, 0.0, 0.0, 0.0, 0.0, 0.0, 0.0, 0.0, 0.0, 0.0, 0.0, 0.0, 0.0, 0.0, 0.0, 0.0, 0.0, 0.0, 0.0, 0.0, 0.0, 0.0, 0.0, 0.0, 0.0, 0.0, 0.0, 0.0, 0.0, 0.0, 0.0, 0.0, 0.0, 0.0, 0.0, 0.0]}, {"time": 24.019607843137255, "step_sample_count": 256, "data": [0.41018888541312176, 0.4393526772526052, 1.2563420267677188, -0.5142125572411064, 3.636212025227795, 3.239047772303038, -2.484034449337957, 3.636194814490339, 1.4897671766610154, 1.7522873390976197, 4.28209967206432, 1.7052611663411081, 1.5228671451439109, 4.282092073044514, 0.2978566621481329, -0.8004241233044636, 0.7627210383563338, 1.0292505967363266, -0.21490897039530962, 0.7627483137319784, -5.498714935664479, 26.402712243716184, 4.097680356077478, 8.32293008301593, 8.491063074733038, 4.0976846051476485, 1.0720198071250573, -24.85535039506754, -0.5236338980536256, -0.4498222749425666, -0.5838822137348075, -0.5289703424798455, 1.0720198071250573, 1.1246200748441622, 7.705728595604393, -19.328950768716023, -12.741012357909518, -24.85535039506754], "data_imag": [-1.378624286954851e-18, 4.52397087735576e-18, 0.0, 0.0, 0.0, 0.0, 0.0, 0.0, 0.0, 0.0, 0.0, 0.0, 0.0, 0.0, 0.0, 0.0, 0.0, 0.0, 0.0, 0.0, 0.0, 0.0, 0.0, 0.0, 0.0, 0.0, 0.0, 0.0, 0.0, 0.0, 0.0, 0.0, 0.0, 0.0, 0.0, 0.0, 0.0, 0.0]}, {"time": 24.509803921568626, "step_sample_count": 256, "data": [0.41139249717396376, 0.4381261202734754, 1.320775251272603, -0.8386491166262058, 3.6654863959351416, 3.2742697996867585, -2.7758374575602547, 3.665469185197694, 1.5900363864057068, 1.5792673560432071, 4.700395928806834, 1.8786139436905, 1.271248347548406, 4.700388329787026, 0.27437369296048053, -0.46535428829659625, 0.20560207048531845, 0.4514585809087197, 0.7024986370447722, 0.20562934586132023, -5.337664592782898, 26.77327453579947, 3.9254108557453335, 8.521788141575595, 8.748101479592316, 3.9254151048157726, 1.1094777515700691, -25.535263810327656, -0.5379622183994325, -0.44722819061582214, -0.6259761342679606, -0.5537631273300562, 1.1094777515700691, 1.2145342117740536, 7.934444223417678, -19.61895962764552, -12.889535449695588, -25.535263810327656], "data_imag": [6.092737673790494e-18, -2.0052052529972463e-17, 0.0, 0.0, 0.0, 0.0, 0.0, 0.0, 0.0, 0.0, 0.0, 0.0, 0.0, 0.0, 0.0, 0.0, 0.0, 0.0, 0.0, 0.0, 0.0, 0.0, 0.0, 0.0, 0.0, 0.0, 0.0, 0.0, 0.0, 0.0, 0.0, 0.0, 0.0, 0.0, 0.0, 0.0, 0.0, 0.0]}], "random_generator": {"seed": "very_nice_seed"}, "realworld_total_calculation_time": 431.249}