{"hamiltonian": {"U": 1.0, "E": 0.5, "J": 0.1, "phi": 0.3141592653589793, "type": "HardcoreBosonicHamiltonianFlippingAndSwappingOptimization"}, "start_time": 0.0, "time_step": 0.05, "number_of_time_steps": 200, "sampler": {"system_geometry": {"type": "LinearChainNonPeriodicState", "size": 4}, "initial_system_state": {"type": "HomogenousInitialSystemState"}, "type": "ExactSampler"}, "observables": [{"type": "Concurrence", "label": "Concurrence between 0 up and 1 up", "perform_checks": false, "index_l": 0, "up_sigma": true, "index_m": 1, "up_sigma_prime": true}, {"type": "ConcurrenceAsymm", "label": "Assym-Concurrence between 0 up and 1 up", "perform_checks": false, "index_l": 0, "up_sigma": true, "index_m": 1, "up_sigma_prime": true}, {"type": "Purity", "label": "Purity of red. density matrix of 0 up and 1 up", "perform_checks": false, "index_l": 0, "up_sigma": true, "index_m": 1, "up_sigma_prime": true}, {"type": "PauliMeasurement", "label": "Pauli Measurement 00 of sites 0 up and 1 up", "perform_checks": false, "index_l": 0, "up_sigma": true, "index_m": 1, "up_sigma_prime": true, "index_of_pauli_op": 0}, {"type": "PauliMeasurement", "label": "Pauli Measurement 0x of sites 0 up and 1 up", "perform_checks": false, "index_l": 0, "up_sigma": true, "index_m": 1, "up_sigma_prime": true, "index_of_pauli_op": 1}, {"type": "PauliMeasurement", "label": "Pauli Measurement 0y of sites 0 up and 1 up", "perform_checks": false, "index_l": 0, "up_sigma": true, "index_m": 1, "up_sigma_prime": true, "index_of_pauli_op": 2}, {"type": "PauliMeasurement", "label": "Pauli Measurement 0z of sites 0 up and 1 up", "perform_checks": false, "index_l": 0, "up_sigma": true, "index_m": 1, "up_sigma_prime": true, "index_of_pauli_op": 3}, {"type": "PauliMeasurement", "label": "Pauli Measurement x0 of sites 0 up and 1 up", "perform_checks": false, "index_l": 0, "up_sigma": true, "index_m": 1, "up_sigma_prime": true, "index_of_pauli_op": 4}, {"type": "PauliMeasurement", "label": "Pauli Measurement xx of sites 0 up and 1 up", "perform_checks": false, "index_l": 0, "up_sigma": true, "index_m": 1, "up_sigma_prime": true, "index_of_pauli_op": 5}, {"type": "PauliMeasurement", "label": "Pauli Measurement xy of sites 0 up and 1 up", "perform_checks": false, "index_l": 0, "up_sigma": true, "index_m": 1, "up_sigma_prime": true, "index_of_pauli_op": 6}, {"type": "PauliMeasurement", "label": "Pauli Measurement xz of sites 0 up and 1 up", "perform_checks": false, "index_l": 0, "up_sigma": true, "index_m": 1, "up_sigma_prime": true, "index_of_pauli_op": 7}, {"type": "PauliMeasurement", "label": "Pauli Measurement y0 of sites 0 up and 1 up", "perform_checks": false, "index_l": 0, "up_sigma": true, "index_m": 1, "up_sigma_prime": true, "index_of_pauli_op": 8}, {"type": "PauliMeasurement", "label": "Pauli Measurement yx of sites 0 up and 1 up", "perform_checks": false, "index_l": 0, "up_sigma": true, "index_m": 1, "up_sigma_prime": true, "index_of_pauli_op": 9}, {"type": "PauliMeasurement", "label": "Pauli Measurement yy of sites 0 up and 1 up", "perform_checks": false, "index_l": 0, "up_sigma": true, "index_m": 1, "up_sigma_prime": true, "index_of_pauli_op": 10}, {"type": "PauliMeasurement", "label": "Pauli Measurement yz of sites 0 up and 1 up", "perform_checks": false, "index_l": 0, "up_sigma": true, "index_m": 1, "up_sigma_prime": true, "index_of_pauli_op": 11}, {"type": "PauliMeasurement", "label": "Pauli Measurement z0 of sites 0 up and 1 up", "perform_checks": false, "index_l": 0, "up_sigma": true, "index_m": 1, "up_sigma_prime": true, "index_of_pauli_op": 12}, {"type": "PauliMeasurement", "label": "Pauli Measurement zx of sites 0 up and 1 up", "perform_checks": false, "index_l": 0, "up_sigma": true, "index_m": 1, "up_sigma_prime": true, "index_of_pauli_op": 13}, {"type": "PauliMeasurement", "label": "Pauli Measurement zy of sites 0 up and 1 up", "perform_checks": false, "index_l": 0, "up_sigma": true, "index_m": 1, "up_sigma_prime": true, "index_of_pauli_op": 14}, {"type": "PauliMeasurement", "label": "Pauli Measurement zz of sites 0 up and 1 up", "perform_checks": false, "index_l": 0, "up_sigma": true, "index_m": 1, "up_sigma_prime": true, "index_of_pauli_op": 15}], "measurements": [{"time": 0.0, "step_sample_count": 256, "data": [1.092798244665664e-08, 0.0, 1.0, 1.0, 1.0, 0.0, 0.0, 1.0, 1.0, 0.0, 0.0, 0.0, 0.0, 0.0, 0.0, 0.0, 0.0, 0.0, 0.0]}, {"time": 0.05, "step_sample_count": 256, "data": [0.004680304073777552, 0.00468030407125122, 0.9993626744132591, 1.0, 0.9995765385725798, 0.013107289439871323, 7.4234708575436e-09, 0.9996181572485825, 0.999219847376303, 0.013102315256603167, 5.329148942284217e-05, -0.010660455755133885, -0.010656208098167426, -0.000139730009288216, 0.004998703231141521, 5.9412242518671737e-05, -6.131163647902734e-06, 0.004999274065337271, -4.684068605987749e-08]}, {"time": 0.1, "step_sample_count": 256, "data": [0.00871748588020446, 0.008717485880744984, 0.9974527943644611, 1.0, 0.9983061355524109, 0.026187545062805226, 1.1845691486588293e-07, 0.9984729222589934, 0.996881480954796, 0.026147804123692334, 0.0002127875230631082, -0.02129592734420827, -0.02126198842274188, -0.0005576935255162275, 0.009989633784072867, 0.0002373042576941197, -2.468319226091807e-05, 0.009994186524473533, -7.478063498808205e-07]}, {"time": 0.15000000000000002, "step_sample_count": 256, "data": [0.01210664146973339, 0.012106641469633563, 0.9942766777849203, 1.0, 0.9961887616555901, 0.03921368827742616, 5.970160028132915e-07, 0.996565187085767, 0.9929912012075043, 0.039079857964008674, 0.00047735917632094993, -0.03188141851638426, -0.03176711313316783, -0.0012502172327593735, 0.014965058486794986, 0.0005326476199783498, -5.613019303777408e-05, 0.014980345945188591, -3.771934237307369e-06]}, {"time": 0.2, "step_sample_count": 256, "data": [0.014843841030338319, 0.014843841030322305, 0.989844945085826, 1.0, 0.9932244568908531, 0.052158556106764224, 1.875148661780826e-06, 0.9938964788800588, 0.9875595944171597, 0.05184230827596427, 0.0008451460146897062, -0.04239191147559829, -0.04212175845319481, -0.0022111998766998786, 0.019917322399079642, 0.0009437471829042396, -0.00010125731491310136, 0.019953302011019018, -1.1860229514779101e-05]}, {"time": 0.25, "step_sample_count": 256, "data": [0.016926217202353218, 0.016926217202368303, 0.9841726475858636, 1.0, 0.9894134604828797, 0.06499487168175247, 4.541661300643509e-06, 0.9904690188340859, 0.980601655450613, 0.06437965800278464, 0.0013135872033976307, -0.052802362562008834, -0.052276716900411725, -0.003432144386624086, 0.02483888600207512, 0.0014682689287159158, -0.0001611531692349217, 0.024908517986513695, -2.8765467167316235e-05]}, {"time": 0.30000000000000004, "step_sample_count": 256, "data": [0.01835207869759831, 0.018352078697615435, 0.9772794329386407, 1.0, 0.9847563862676197, 0.07769522934487849, 9.326861106410044e-06, 0.9862858014690126, 0.9721369489317675, 0.07663732540550548, 0.0018794639689906434, -0.0630877053834812, -0.06218362093207882, -0.0049022042110484715, 0.029722360147075664, 0.002103277984190344, -0.00023719915472957876, 0.029841345437415456, -5.916967042504485e-05]}, {"time": 0.35000000000000003, "step_sample_count": 256, "data": [0.01912104500856493, 0.019121045008560666, 0.9691897339956103, 1.0, 0.9792544372981851, 0.09023209823540539, 1.708403164439134e-05, 0.9813506911642649, 0.9621897986363324, 0.08856190319451451, 0.0025389523412976643, -0.07322286340131617, -0.07179518048771422, -0.006608245089690781, 0.0345605381334008, 0.002845285864444976, -0.0003310556353641334, 0.0347470019008268, -0.00010858097794992585]}, {"time": 0.4, "step_sample_count": 256, "data": [0.019234197044317645, 0.01923419704430395, 0.9599329647893671, 1.0, 0.9729096519434789, 0.1025778474185246, 2.876837045423679e-05, 0.975668532124133, 0.9507894927632077, 0.10010143443152882, 0.0032876848298636283, -0.08318277358772785, -0.08106543585680392, -0.008534923640140586, 0.03934642438333384, 0.003690305787807937, -0.0004446449225056492, 0.03962055215186379, -0.00018321203957549857]}, {"time": 0.45, "step_sample_count": 256, "data": [0.01869423774953212, 0.01869423774953101, 0.9495437053640869, 1.0, 0.9657251725465886, 0.11470479466699054, 4.5414186998588546e-05, 0.9692452674049404, 0.9379704910902799, 0.11120570535218886, 0.0041208194423676915, -0.09294242231805883, -0.08995002608567801, -0.010664784163790022, 0.04407325930119827, 0.004633914720815691, -0.0005801310277813416, 0.044456893652606855, -0.000289842462814962]}, {"time": 0.5, "step_sample_count": 256, "data": [0.017505656182098563, 0.017505656182094455, 0.9380618561322223, 1.0, 0.9577055267796097, 0.12658527994164137, 6.811118484875052e-05, 0.9620880622027037, 0.923772618972931, 0.12182655378950918, 0.005033114243515484, -0.10247689415592283, -0.09840647182240822, -0.01297837496029581, 0.0487345400408221, 0.005671320668436825, -0.00073989618187842, 0.0492507466964154, -0.00043566816095632894]}, {"time": 0.55, "step_sample_count": 256, "data": [0.015674888170962277, 0.015674888170961177, 0.9255327423798118, 1.0, 0.9488569112224106, 0.13819176348828752, 9.798063411557634e-05, 0.9542054263415208, 0.9082412327457999, 0.1319181903779473, 0.006019005491553331, -0.11176143365379458, -0.10639447015035963, -0.015454385179748991, 0.053324037056542394, 0.006797433624594468, -0.0009265141581630591, 0.053996649676094945, -0.0006281407206961768]}, {"time": 0.6000000000000001, "step_sample_count": 256, "data": [0.013210466570416558, 0.013210466570416853, 0.9120071505133239, 1.0, 0.9391874664322405, 0.1494969473180897, 0.00013615218265345088, 0.9456073308157814, 0.8914273413704509, 0.14143752826785813, 0.007072687286196899, -0.12077151974555622, -0.11387619765094951, -0.018069802842734503, 0.05783580647195343, 0.00800693854448376, -0.0011427204985238197, 0.058688959808368926, -0.0008748001065840467]}, {"time": 0.65, "step_sample_count": 256, "data": [0.010123154282761584, 0.010123154282764085, 0.8975412796252802, 1.0, 0.9287075328754467, 0.16047391771417238, 0.0001837419637149436, 0.9363053133274052, 0.8733876701330419, 0.15034451576086832, 0.008188190625350604, -0.12948295177194472, -0.12081661673532196, -0.02080009413559879, 0.06226419846100633, 0.009294368693944467, -0.0013913798114452856, 0.06332185954021449, -0.0011831041462887894]}, {"time": 0.7000000000000001, "step_sample_count": 256, "data": [0.006426053640749437, 0.006426053640748632, 0.8821965948872537, 1.0, 0.9174298775658608, 0.17109630535640197, 0.00024183254177333421, 0.9263125680194281, 0.8541846538064851, 0.1586024651635443, 0.009359459805355984, -0.1378719456750142, -0.1271837792603566, -0.023619403465092753, 0.06660386199009934, 0.010654177771561435, -0.0016754503970390488, 0.06788936874576246, -0.001560258291953831]}, {"time": 0.75, "step_sample_count": 256, "data": [0.0021346864164551328, 0.002134686416455917, 0.8660395730364603, 1.0, 0.9053698820868178, 0.18133845872461526, 0.00031145510644581975, 0.915644015029892, 0.8338863488907529, 0.16617837031579982, 0.010580424214139924, -0.145915238442546, -0.13294912065662648, -0.026500773064028267, 0.07084974640917227, 0.012080809283940251, -0.0019979465476658033, 0.07238536269687891, -0.0020130491278166135]}, {"time": 0.8, "step_sample_count": 256, "data": [0.0, 0.0, 0.8491413346348422, 1.0, 0.8925456838414032, 0.19117562566956883, 0.00039357418651836363, 0.9043163460602065, 0.812566257244588, 0.1730432047350134, 0.011845063757943992, -0.15359019849472527, -0.138087737293679, -0.02941638021428995, 0.07499710049629649, 0.013568761779968783, -0.002361898971846585, 0.07680359565789131, -0.0025476849940566267]}, {"time": 0.8500000000000001, "step_sample_count": 256, "data": [0.0, 0.0, 0.831577162632448, 1.0, 0.8789782638404028, 0.20058413746572273, 0.0004890750211746789, 0.8923480428498429, 0.7903030565090373, 0.17917219216380653, 0.013147466425086544, -0.1608749393975866, -0.14257863962660966, -0.0323377894356929, 0.07904146964622792, 0.015112648710637716, -0.002770313888468034, 0.08113772981732661, -0.003169646924879299]}, {"time": 0.9, "step_sample_count": 256, "data": [0.0, 0.0, 0.8134259118127976, 1.0, 0.8646914760488524, 0.20954158930778238, 0.0005987536016503863, 0.8797593662501484, 0.7671802360652031, 0.18454504153735438, 0.014481876814561182, -0.16774843407182824, -0.14640497382650175, -0.0352362163202178, 0.08297869194259538, 0.016707251870871256, -0.003226131432242634, 0.08538136912961644, -0.0038835528604195]}, {"time": 0.9500000000000001, "step_sample_count": 256, "data": [0.0, 0.0, 0.7947693186713067, 1.0, 0.8497120152082897, 0.21802701110121547, 0.0007233092899575829, 0.8665723144667479, 0.7432856407193972, 0.18914613899354998, 0.015842734828958902, -0.17419062654923834, -0.14955420509760398, -0.03808279911125197, 0.08680489386148565, 0.018347567591515384, -0.0037321840939677424, 0.0895280975006638, -0.004693037794179283]}, {"time": 1.0, "step_sample_count": 256, "data": [0.0, 0.0, 0.7756912259115716, 1.0, 0.8340693220627285, 0.22602102253265094, 0.0008633398362795806, 0.8528105499628137, 0.718710927716303, 0.19296469051491486, 0.017224704132505896, -0.1801825383161573, -0.15201825670988398, -0.04084887367303438, 0.09051648631922868, 0.020028845075306907, -0.004291155984303706, 0.09357152061661544, -0.005600652168739561]}, {"time": 1.05, "step_sample_count": 256, "data": [0.0, 0.0, 0.7562767397871867, 1.0, 0.817795426966766, 0.23350596678505764, 0.0010193385551649672, 0.8384992954538386, 0.6935509458943719, 0.1959948100744787, 0.01862269038590485, -0.18570636637439075, -0.1537935998933861, -0.04350624719690904, 0.09411016169999006, 0.021746616502140586, -0.004905543751843595, 0.09750531058928871, -0.006607780441732499]}, {"time": 1.1, "step_sample_count": 256, "data": [0.0, 0.0, 0.7366113417503853, 1.0, 0.8009247348671855, 0.24046601786994312, 0.0011916933827254082, 0.823665200347994, 0.6679030486765458, 0.19823554970182736, 0.02003184966917247, -0.19074557034148124, -0.15488129110164303, -0.04602746587065561, 0.09758289238293003, 0.023496718758158675, -0.005577620000258101, 0.10132325247893942, -0.0077145813213896275]}, {"time": 1.1500000000000001, "step_sample_count": 256, "data": [0.0, 0.0, 0.7167799781225443, 1.0, 0.7834937565500074, 0.24688725735955055, 0.0013806875208229067, 0.808336179865407, 0.6418663550092909, 0.19969086961948843, 0.021447587871517824, -0.19528494619752124, -0.15528695469336248, -0.04838607180811068, 0.10093193114044628, 0.02527530686249913, -0.006309400031473922, 0.10501929166014443, -0.008919950726425721]}, {"time": 1.2000000000000002, "step_sample_count": 256, "data": [0.0, 0.0, 0.696866152664066, 1.0, 0.7655407927636094, 0.25275771728246205, 0.0015865013764719362, 0.7925412298776257, 0.6155409742225681, 0.20036954844354343, 0.022865552145347672, -0.19931068465493199, -0.1550207107333111, -0.05055684480127185, 0.10415481360685917, 0.027078859367999513, -0.007102612689935317, 0.108587580924222, -0.010221508068449285]}, {"time": 1.25, "step_sample_count": 256, "data": [0.0, 0.0, 0.6769510469470821, 1.0, 0.7471055793043552, 0.25806738705554216, 0.0018092155212445838, 0.7763102212210209, 0.5890272120092832, 0.2002850353104788, 0.024281615774968245, -0.20281041256831525, -0.15409704929776352, -0.05251602490840435, 0.107249362830981, 0.028904176192019997, -0.007958675996470203, 0.1120225261663144, -0.011615605996005711]}, {"time": 1.3, "step_sample_count": 256, "data": [0.0, 0.0, 0.657112692346625, 1.0, 0.7282289023342969, 0.26280818351834856, 0.0020488144218322522, 0.7596736778343013, 0.5624247752724305, 0.1994552475990218, 0.025691857989194027, -0.20577321629877854, -0.1525346543086534, -0.05424151251157887, 0.11021369573740712, 0.030748369486248636, -0.00887867814056795, 0.11531882949101539, -0.013097363286683901]}, {"time": 1.35, "step_sample_count": 256, "data": [0.0, 0.0, 0.6374252153518574, 1.0, 0.7089521940541624, 0.26697388436503433, 0.0023051907246192513, 0.742662543534315, 0.535831993451338, 0.1979023195793527, 0.02709254034550551, -0.20818964648439947, -0.15035618143806997, -0.0557130432387152, 0.11304623114127658, 0.0326088482768975, -0.009863364250342293, 0.1184715285904146, -0.014660720135786919]}, {"time": 1.4000000000000001, "step_sample_count": 256, "data": [0.0, 0.0, 0.6179581749029316, 1.0, 0.6893171193566014, 0.27056002648528155, 0.002578149910272531, 0.7253079425639789, 0.5093450731368281, 0.19565230876929443, 0.028480081331429086, -0.21005170422781289, -0.14758799595214964, -0.05691233601425903, 0.1157456988002153, 0.03448329769760184, -0.010913129185323526, 0.12147603130481598, -0.016298514674597562]}, {"time": 1.4500000000000002, "step_sample_count": 256, "data": [0.0, 0.0, 0.5987760067698804, 1.0, 0.6693651642267388, 0.2735637718838582, 0.00286741516577801, 0.7076409392143185, 0.4830574013700863, 0.19273486794630898, 0.029851030771031822, -0.21135280927457428, -0.14425987744211605, -0.0578232134390693, 0.11831114885432056, 0.03636965369670916, -0.012028016405349376, 0.1243281443699272, -0.018002579165358787]}, {"time": 1.5, "step_sample_count": 256, "data": [0.0, 0.0, 0.579937585826622, 1.0, 0.6491372364463136, 0.2759837449061415, 0.003172632348918566, 0.6896923018369701, 0.45705891106912305, 0.18918289160855561, 0.031202045499625863, -0.21208775130316893, -0.140404699174698, -0.058431694660581346, 0.12074196090755855, 0.038266074130020394, -0.013207722767363489, 0.12702409548436192, -0.019763853970290197]}, {"time": 1.55, "step_sample_count": 256, "data": [0.0, 0.0, 0.5614959126683499, 1.0, 0.6286732886142339, 0.277819845418332, 0.0034933749427408915, 0.6714922764265423, 0.4314355196386199, 0.18503214616748254, 0.03252986758994563, -0.21225262596086655, -0.13605809025390034, -0.05872606183435101, 0.12303785194660756, 0.040170907152296285, -0.014451608899836732, 0.12956054799547806, -0.021572517084180474]}, {"time": 1.6, "step_sample_count": 256, "data": [0.0, 0.0, 0.5434979266049598, 1.0, 0.6080119726525927, 0.27907304334730365, 0.003829148914927079, 0.6530703746711882, 0.406268649107981, 0.1803208932754145, 0.033831306192294824, -0.21184475774176248, -0.1312580889067936, -0.058696902154458726, 0.12519888227822845, 0.04208265779983963, -0.015758714611149298, 0.13193460769597554, -0.023418126759640043]}, {"time": 1.6500000000000001, "step_sample_count": 256, "data": [0.0, 0.0, 0.5259844428503606, 1.0, 0.5871903338651209, 0.27974516055538784, 0.004179397409794737, 0.6344551809561448, 0.3816348332321238, 0.17508951544854817, 0.035103223804425564, -0.21086261219861108, -0.12604479498965074, -0.05833712820311847, 0.1272254586933722, 0.043999953616869765, -0.01712777861270436, 0.1341438214428195, -0.02528977454543102]}, {"time": 1.7000000000000002, "step_sample_count": 256, "data": [0.0, 0.0, 0.5089902079020394, 1.0, 0.5662435513043871, 0.27983864639759126, 0.004543505210115736, 0.6156741822742475, 0.35760541400643275, 0.169380152559041, 0.036342527528987374, -0.2093057002950299, -0.12046002927501373, -0.05764198000464127, 0.12911833413279988, 0.04592151012527197, -0.018557261688226214, 0.1361861675471331, -0.027176245904963366]}, {"time": 1.75, "step_sample_count": 256, "data": [0.0, 0.0, 0.4925440638133416, 1.0, 0.5452047297391815, 0.2793563534790117, 0.004920802913665981, 0.5967536243684204, 0.33424632711464, 0.16323635687415763, 0.03754616562072269, -0.20717447792864968, -0.11454700625691717, -0.05660901263787521, 0.13087860323041056, 0.04784609687582849, -0.020045372324820523, 0.13806003813093182, -0.029066185486449375]}, {"time": 1.8, "step_sample_count": 256, "data": [0.0, 0.0, 0.476669209405082, 1.0, 0.5241047469509401, 0.2783013201024703, 0.005310570777063032, 0.5777183967251232, 0.311617973060669, 0.1567027731622789, 0.03871112938369833, -0.20447024378129855, -0.10835002614424345, -0.05523807354445956, 0.13250769324071174, 0.04977250475413462, -0.021590093744597704, 0.13976421389546856, -0.03094826407939567]}, {"time": 1.85, "step_sample_count": 256, "data": [0.0, 0.0, 0.46138354450038127, 1.0, 0.5029721584835982, 0.27667656568149906, 0.005712042188630688, 0.5585919482778614, 0.2897751682336074, 0.1498248490204272, 0.03983446025960058, -0.2011950386752315, -0.101914190454032, -0.05353127375621217, 0.13400735000896724, 0.05169951515051406, -0.023189211241763104, 0.1412978319878306, -0.032811344313667896]}, {"time": 1.9000000000000001, "step_sample_count": 256, "data": [0.0, 0.0, 0.44670008201032374, 1.0, 0.4818331603776417, 0.27448490500827927, 0.006124406744050716, 0.5393962348900917, 0.2687671680027327, 0.142648579067101, 0.040913261757578756, -0.19735154953425496, -0.09528514422685118, -0.0514929571508038, 0.13537961880926264, 0.053625871543995576, -0.02484033874081671, 0.142660347878766, -0.03464464223532371]}, {"time": 1.9500000000000002, "step_sample_count": 256, "data": [0.0, 0.0, 0.43262741212217243, 1.0, 0.4607116088838464, 0.27172878673044126, 0.0065468129143125275, 0.5201516988908678, 0.24863775220097373, 0.13522028505151862, 0.04194471571752619, -0.19294302086834111, -0.08850884642765842, -0.04912967153592449, 0.13662682004992652, 0.05555025399852249, -0.02654094354660308, 0.14385149236753972, -0.03643788202429721]}, {"time": 2.0, "step_sample_count": 256, "data": [0.0, 0.0, 0.4191702028880545, 1.0, 0.43962909471596096, 0.26841016072796053, 0.006978370315406059, 0.5008772801572585, 0.22942536207357087, 0.1275864323194671, 0.042926102272668076, -0.18797317642634856, -0.08163136863086895, -0.04645014487141453, 0.13775152002097563, 0.0574712570265756, -0.028288368354171384, 0.1448712250018928, -0.03818144129795409]}, {"time": 2.0500000000000003, "step_sample_count": 256, "data": [0.0, 0.0, 0.40632972209736606, 1.0, 0.4186050680971914, 0.26453037831581666, 0.007418151613212869, 0.4815904574956847, 0.21116327696630538, 0.11979348150754812, 0.04385482278239272, -0.1824461533031264, -0.07469872067824157, -0.0434652692860252, 0.13875649702898135, 0.059387371241787716, -0.030079849721726927, 0.14571968533696766, -0.03986648466554317]}, {"time": 2.1, "step_sample_count": 256, "data": [0.0, 0.0, 0.39410436634197554, 1.0, 0.3976570097072939, 0.26009012835338396, 0.007865194124615048, 0.4623073183883212, 0.19387981870694312, 0.11188777286745714, 0.044728424939195995, -0.17636645035651233, -0.06775670069872734, -0.04018809475599296, 0.1396447034265714, 0.061296969197123526, -0.031912532377880165, 0.14639714355177874, -0.041485083454799544]}, {"time": 2.15, "step_sample_count": 256, "data": [0.0, 0.0, 0.3824901845434925, 1.0, 0.37680064166170246, 0.25508941144004316, 0.008318501205942939, 0.4430426545557797, 0.17759857177891442, 0.10391543929925122, 0.0455446292103071, -0.16973889230053063, -0.06085076574029407, -0.03663383341637988, 0.14041922419346048, 0.06319829578699701, -0.033783478928237624, 0.1469039519922155, -0.043030319816205406]}, {"time": 2.2, "step_sample_count": 256, "data": [0.0, 0.0, 0.3714813848004249, 1.0, 0.35605017186031124, 0.24952755343830613, 0.008777043551220153, 0.423810080255497, 0.16233860796671115, 0.09592234303907947, 0.04630135575040159, -0.16256861030893957, -0.05402591832702716, -0.03281987450655973, 0.14108323286128344, 0.06508946357743409, -0.03568967473857472, 0.14724049921378096, -0.04449637371539764]}, {"time": 2.25, "step_sample_count": 256, "data": [0.0, 0.0, 0.3610708151303212, 1.0, 0.3354185644338372, 0.24340325860843262, 0.009239760553605456, 0.4046221697950611, 0.14811470512425468, 0.08795403003631251, 0.046996750912475356, -0.15486103940459509, -0.04732660355411969, -0.028765808944168164, 0.1416399456943319, 0.06696845341439986, -0.03762802799432964, 0.14740716805473383, -0.0458785916430493]}, {"time": 2.3000000000000003, "step_sample_count": 256, "data": [0.0, 0.0, 0.3512504104395276, 1.0, 0.3149178285877831, 0.2367147016770668, 0.009705561912189842, 0.38549061039643984, 0.1349375510270837, 0.08005569539309249, 0.0476292124857841, -0.14662193234179535, -0.04079661089349768, -0.024493461514723917, 0.1420925751419035, 0.06883312064237647, -0.03959536516063722, 0.14740429918157058, -0.04717353619803761]}, {"time": 2.35, "step_sample_count": 256, "data": [0.0, 0.0, 0.3420115997768209, 1.0, 0.29455931789229606, 0.2294596572097972, 0.01017332969100079, 0.36642636630297487, 0.12281392485603981, 0.07227215284390857, 0.0481974128002137, -0.13785738912771076, -0.03447897471954427, -0.020026927695206444, 0.14244428366496067, 0.07068120723846835, -0.04158842228531027, 0.1472321614155091, -0.048379016028555974]}, {"time": 2.4000000000000004, "step_sample_count": 256, "data": [0.0, 0.0, 0.33334566955865685, 1.0, 0.2743540319832469, 0.2216356637252784, 0.01064192105574869, 0.34743984987573723, 0.11174685065895008, 0.06464780113425722, 0.048700318854387206, -0.12857390079173323, -0.028415867684536564, -0.015392611237497926, 0.1426981391096993, 0.07251036012686919, -0.0436038327910089, 0.14689092997337594, -0.049494095942792214]}, {"time": 2.45, "step_sample_count": 256, "data": [0.0, 0.0, 0.3252440799511157, 1.0, 0.2543129127179742, 0.21324021908779758, 0.011110171924674552, 0.32854109537701814, 0.10173571907979367, 0.05722658031907524, 0.04913720865056382, -0.11877840551392982, -0.022648481474995243, -0.010619257859551891, 0.1428570728525278, 0.07431815587971308, -0.045638112584666275, 0.14638067354248993, -0.05051908732268388]}, {"time": 2.5, "step_sample_count": 256, "data": [0.0, 0.0, 0.31769873293017903, 1.0, 0.2344471270612806, 0.20427100285768895, 0.011576901771038263, 0.309739931182295, 0.09277637566299342, 0.05005191143988639, 0.04950768295477444, -0.10847835478070447, -0.017216890152416134, -0.005737979764922876, 0.14292384197329364, 0.07610213192889177, -0.047687643464950503, 0.14570135086105476, -0.05145551928878192]}, {"time": 2.5500000000000003, "step_sample_count": 256, "data": [0.0, 0.0, 0.310702191704881, 1.0, 0.21476832935783596, 0.19472612047825585, 0.01204091980478217, 0.2910461462928687, 0.08486117606499424, 0.0431666137441932, 0.04981167174877058, -0.09768178686107415, -0.012159892205382399, -0.0007822652691810543, 0.1429009967238974, 0.07785982430590697, -0.049748655925716416, 0.1448528171983482, -0.05230609136979539]}, {"time": 2.6, "step_sample_count": 256, "data": [0.0, 0.0, 0.3042478521758324, 0.9999999999999999, 0.195288896172043, 0.18460436344982814, 0.012501032738393909, 0.2724696472336325, 0.07797901046830548, 0.03661279456439748, 0.05004943470537456, -0.08639740460310662, -0.007514828586638665, 0.0042120324142386825, 0.14279085454433413, 0.07958881179088408, -0.05181721252942558, 0.14383484082870784, -0.05307460872573691]}, {"time": 2.6500000000000004, "step_sample_count": 256, "data": [0.0, 0.0, 0.2983300679224324, 1.0, 0.17602212754274893, 0.17390547900537892, 0.012956054306052633, 0.25402060170784563, 0.07211530132867432, 0.030431708152083705, 0.0502215551053821, -0.07463465434794797, -0.0033173753414293596, 0.009206733159651178, 0.14259548183345364, 0.08128676618672614, -0.053889193054791534, 0.14264712927704784, -0.053765901257466414]}, {"time": 2.7, "step_sample_count": 256, "data": [0.0, 0.0, 0.29294423088011234, 1.0, 0.1569824093054614, 0.16263044228013557, 0.013404816655293432, 0.23570956573682628, 0.0672519802306568, 0.024663581134887792, 0.05032892672701158, -0.06240380265753783, 0.00039868909338418193, 0.014161400337880804, 0.14231668460248245, 0.08295150824098184, -0.05596028260400311, 0.14128936478959345, -0.054385728206240304]}, {"time": 2.75, "step_sample_count": 256, "data": [0.0, 0.0, 0.28808681040267, 1.0, 0.13818533207551129, 0.1507817235851572, 0.013846183666741466, 0.21754759143041255, 0.06336745102091389, 0.01934740378740588, 0.050372733382159376, -0.04971600755835139, 0.0036017402802183155, 0.0190334487459121, 0.14195600902050715, 0.08458106851947743, -0.05802596378481281, 0.139761248161064, -0.054940670102202424]}, {"time": 2.8000000000000003, "step_sample_count": 256, "data": [0.0, 0.0, 0.2837553538243622, 1.0, 0.11964776355608508, 0.1383635431792384, 0.014279066180723629, 0.1995463130068664, 0.06043654747762964, 0.014520687936534963, 0.050354420950332913, -0.03658338112155833, 0.0062625846379695165, 0.02377829432450365, 0.14151475269788036, 0.08617375229751091, -0.06008151396123614, 0.13806254973913876, -0.05543801015718909]}, {"time": 2.85, "step_sample_count": 256, "data": [0.0, 0.0, 0.27994845196196416, 1.0, 0.10138787202519983, 0.12538210591253302, 0.014702439021273207, 0.18171800920111025, 0.05843049451108988, 0.010219193999086025, 0.05027566197213224, -0.023019040430905892, 0.00835475200062417, 0.02834954883337712, 0.14099398734203863, 0.08772820728429254, -0.062122008395248826, 0.1361931661401902, -0.05588560741005621]}, {"time": 2.9000000000000004, "step_sample_count": 256, "data": [0.0, 0.0, 0.2766656732464743, 1.0, 0.08342510014966636, 0.11184580831517472, 0.015115359610593944, 0.16407564075956219, 0.057316882236559834, 0.006476631312070646, 0.05013831310812597, -0.009037144330946618, 0.00985479768698385, 0.032699261312885364, 0.14039459315832814, 0.08924349274451723, -0.06414232988456015, 0.1341531809591432, -0.056291764116021464]}, {"time": 2.95, "step_sample_count": 256, "data": [0.0, 0.0, 0.27390747036224206, 0.9999999999999999, 0.06578008964877192, 0.0977654111469558, 0.01551698786367036, 0.14663286230911535, 0.05705966218999056, 0.003324337494593466, 0.049944366041540074, 0.005347086206594687, 0.010742606655802721, 0.0367782066154275, 0.13971730505638533, 0.09071914833983753, -0.06613718524454304, 0.1319429275533468, -0.05666509001803264]}, {"time": 3.0, "step_sample_count": 256, "data": [0.0, 0.0, 0.27167506340833203, 1.0, 0.048474558754421956, 0.08315417112489643, 0.015906606947527456, 0.12940400849637448, 0.057619174458280506, 0.0007909440022450096, 0.04969589269676001, 0.020117365722432657, 0.011001691347496272, 0.04053621959273784, 0.13896277036375893, 0.09215526079657607, -0.06810112869446258, 0.12956305183762137, -0.05701436623987391]}, {"time": 3.0500000000000003, "step_sample_count": 256, "data": [0.0, 0.0, 0.26997030368825436, 1.0, 0.03153113584791519, 0.06802792650946897, 0.016283644387516474, 0.11240405490902476, 0.05895221357467469, -0.0010979637723963532, 0.04939498594931673, 0.03525636092393957, 0.010619474168870085, 0.04392257174440654, 0.13813161734981694, 0.09355252632933407, -0.0700285919004376, 0.12701457295613128, -0.057348411589066756]}, {"time": 3.1, "step_sample_count": 256, "data": [0.0, 0.0, 0.2687955222800562, 1.0, 0.014973154048474647, 0.05240513244998734, 0.016647692909379383, 0.09564855490039344, 0.061012139711710635, -0.0023201826049230856, 0.04904369730282247, 0.05074572668980202, 0.009587545316355375, 0.04688638534899793, 0.13722453343554, 0.09491230662834811, -0.07191392011341848, 0.1242989397054363, -0.057675954044297345]}, {"time": 3.1500000000000004, "step_sample_count": 256, "data": [0.0, 0.0, 0.2681533675346768, 1.0, -0.0011755871693002002, 0.03630684344311461, 0.016998530326526217, 0.0791535540255912, 0.06374904003494866, -0.002857213965532984, 0.048643973287762696, 0.06656616105508546, 0.007901886795653396, 0.04937707840154187, 0.13624235152355718, 0.09623667616577679, -0.07375141353492976, 0.12141808067809182, -0.05800551011975255]}, {"time": 3.2, "step_sample_count": 256, "data": [0.0, 0.0, 0.26804663558804104, 0.9999999999999999, -0.01689108610116301, 0.019756641907579028, 0.01733613772271081, 0.06293548434655509, 0.06710994312742509, -0.002694563051716157, 0.04819759257804047, 0.08269747809546366, 0.005563054100882294, 0.051344832164272144, 0.13518614244630747, 0.09752845860462356, -0.07553537276245341, 0.11837444627986994, -0.05834527464182407]}, {"time": 3.25, "step_sample_count": 256, "data": [0.0, 0.0, 0.268478097840667, 1.0, -0.03214942051394262, 0.002780513668862127, 0.017660715146489356, 0.04701104135660392, 0.07103908724346872, -0.0018220047160325175, 0.04770610600516853, 0.09911869694289763, 0.002576308059710564, 0.05274107189435858, 0.1340573111199755, 0.09879125021251706, -0.07726014692635308, 0.11517104104392625, -0.058703023239204837]}, {"time": 3.3000000000000003, "step_sample_count": 256, "data": [0.0, 0.0, 0.2694503291458972, 1.0, -0.04692703807887009, -0.014593326989040789, 0.017972694030049287, 0.03139704669554338, 0.07547824090352143, -0.00023380742306978308, 0.047170781759445744, 0.11580814453430456, -0.0010483091984189795, 0.05351895042837516, 0.13285769363095687, 0.10002942839548024, -0.0789201829464642, 0.11181144501494347, -0.05908602953592661]}, {"time": 3.35, "step_sample_count": 256, "data": [0.0, 0.0, 0.2709655401438576, 1.0, -0.061201046334896585, -0.03233465819262538, 0.0182727455745087, 0.016110300157741106, 0.08036707211238524, 0.0020710924618093977, 0.046592558087251754, 0.13274356914995647, -0.005295958394018371, 0.053633823849044616, 0.1315896521933696, 0.10124814377318947, -0.08051007422224535, 0.10829982339324067, -0.0595009986527343]}, {"time": 3.4000000000000004, "step_sample_count": 256, "data": [0.0, 0.0, 0.2730254167760392, 1.0, -0.07494949296872899, -0.05041151099846657, 0.018561784408322186, 0.0011674247237794062, 0.08564356039013118, 0.0050889722018616175, 0.045972005712642726, 0.14990226136703155, -0.010147049546730276, 0.053043708484788135, 0.1302561647222799, 0.10245329461048702, -0.082024607035917, 0.10464092409591207, -0.05995401817395251]}, {"time": 3.45, "step_sample_count": 256, "data": [0.0, 0.0, 0.2756309695137875, 1.0, -0.08815162755664283, -0.06879046172345969, 0.018840966924818073, -0.013415291539567486, 0.09124444396322293, 0.008811264329810439, 0.0453093020238907, 0.167261178758862, -0.015577350673520451, 0.05170970901938967, 0.12886090568625902, 0.10365148288759564, -0.08345880299949626, 0.10084006338797198, -0.06045052723744882]}, {"time": 3.5, "step_sample_count": 256, "data": [0.0, 0.0, 0.27878239423916745, 1.0, -0.1007881366407617, -0.08743694695187941, 0.019111683837001674, -0.027622052872862464, 0.09710569297779004, 0.01322456061993366, 0.04460421877189831, 0.18479707052871283, -0.02155815642234033, 0.04959640850948673, 0.12740831494799099, 0.10484995181583914, -0.08480795601543183, 0.09690310023678726, -0.06099530387088416]}, {"time": 3.5500000000000003, "step_sample_count": 256, "data": [0.0, 0.0, 0.2824789460434637, 1.0, -0.11284134508892522, -0.10631559114483434, 0.019375546648434775, -0.04143770880162132, 0.1031629985532219, 0.018310678430380097, 0.043856124634640156, 0.2024865982874546, -0.02805651215269664, 0.046672212581102664, 0.1259036514798626, 0.10605650516464672, -0.0860676624428481, 0.0928364005217037, -0.06159247014763093]}, {"time": 3.6, "step_sample_count": 256, "data": [0.0, 0.0, 0.28671882648077085, 1.0, -0.1242953780712782, -0.1253905362518059, 0.019634367922399937, -0.05484789923537655, 0.10935226695245584, 0.024046787286741478, 0.043064003523682566, 0.22030644936789243, -0.03503548701810582, 0.0429096419310725, 0.12435302915241044, 0.10727940933422551, -0.08723384345817879, 0.08864679266165623, -0.06224551419174997]}, {"time": 3.6500000000000004, "step_sample_count": 256, "data": [0.0, 0.0, 0.2914990840640689, 1.0, -0.13513627961806218, -0.14462576265303148, 0.019890135430339587, -0.0678391885803603, 0.11561010813474785, 0.03040559154513596, 0.04222648896510499, 0.23823343940674513, -0.04245448798571763, 0.038285569395192794, 0.12276343222917611, 0.10852727966050273, -0.08830275895639016, 0.08434151658245312, -0.06295732754501736]}, {"time": 3.7, "step_sample_count": 256, "data": [0.0, 0.0, 0.29681552705825964, 1.0, -0.1453520855259219, -0.16398539116112956, 0.02014498046652326, -0.08039918620535577, 0.12187430847290284, 0.03735556319134516, 0.041341914302178526, 0.2562446014020724, -0.050269605544496596, 0.0327814001407792, 0.12114270874665757, 0.1098089529495583, -0.08927101273920357, 0.07992816821161612, -0.06373025594092757]}, {"time": 3.75, "step_sample_count": 256, "data": [0.0, 0.0, 0.3026626469531815, 1.0, -0.15493285026770243, -0.18343395667005866, 0.020401140820433542, -0.09251665112003081, 0.12808427842160394, 0.04486121740273175, 0.04040837786841356, 0.2743172590460132, -0.058433981177473705, 0.026383195861910774, 0.11949954059110722, 0.11113334868541173, -0.09013554915904404, 0.07541464184641908, -0.06456616112936683]}, {"time": 3.8000000000000003, "step_sample_count": 256, "data": [0.0, 0.0, 0.3090335504358497, 1.0, -0.16387062944136388, -0.20293664532300534, 0.020660919093038403, -0.10418157929350332, 0.13418146734703945, 0.05288342250011982, 0.03942382169563975, 0.2924290828112542, -0.06689818654554822, 0.01908174606163082, 0.11784338977864252, 0.11250932171960695, -0.09089364180959136, 0.07080907278043551, -0.06546649107611527]}, {"time": 3.85, "step_sample_count": 256, "data": [0.0, 0.0, 0.3159198972701084, 0.9999999999999999, -0.1721594210763669, -0.2224594887188066, 0.020926637220228212, -0.1153852726322429, 0.14010973947478667, 0.061379735397793345, 0.03838612178030635, 0.3105581280025483, -0.0756106047545777, 0.010872591462863956, 0.11618442117241225, 0.113945509521219, -0.09154287525347975, 0.06611978249252418, -0.06643235563405049]}, {"time": 3.9000000000000004, "step_sample_count": 256, "data": [0.0, 0.0, 0.3233118412738396, 0.9999999999999999, -0.17979507071643758, -0.24196951061080624, 0.021200588219650606, -0.1261203892245351, 0.14581570686813114, 0.07030475363989938, 0.03729318745717146, 0.3286828547384943, -0.08451780502285816, 0.0017560061796860643, 0.11453340260058101, 0.11545017723551153, -0.09208112113381596, 0.06135522850357105, -0.06746460465354717]}, {"time": 3.95, "step_sample_count": 256, "data": [0.0, 0.0, 0.33119797159135944, 1.0, -0.18677514654344995, -0.26143482368090354, 0.02148498630074213, -0.13638097501872368, 0.15124901738738789, 0.07961047557704938, 0.0361430670436594, 0.34678213057119395, -0.09356490346828501, -0.008263053593471171, 0.11290158404304204, 0.1170310638685985, -0.09250651031020818, 0.056523960700657454, -0.06856390546889272]}, {"time": 4.0, "step_sample_count": 256, "data": [0.0, 0.0, 0.3395652517135358, 1.0, -0.19309879184125647, -0.2808246761958839, 0.021781916568263466, -0.14616247761220946, 0.15636259757540924, 0.08924666114305252, 0.03493405663580199, 0.36483521715263734, -0.10269590450092053, -0.019175026022547143, 0.11130055820742862, 0.11869523288988601, -0.09281740287680582, 0.05163458553139906, -0.06973081676196921]}, {"time": 4.05, "step_sample_count": 256, "data": [0.0, 0.0, 0.34839895420944245, 1.0, -0.19876656278141824, -0.3001094505722304, 0.022093285604803427, -0.15546174326954326, 0.16111285224536878, 0.09916118696659973, 0.03366480876735741, 0.3828217429910568, -0.1118540193231201, -0.030965836823827395, 0.10974210539468114, 0.12044893043399804, -0.09301235804837359, 0.04669573900318031, -0.07096585595669788]}, {"time": 4.1000000000000005, "step_sample_count": 256, "data": [0.0, 0.0, 0.3576825898955722, 1.0, -0.20378025982449977, -0.3192606179927806, 0.02242077423660146, -0.16427699864766468, 0.16545982410881074, 0.10930039110276255, 0.03233443759108615, 0.4007216648874454, -0.12098196017756668, -0.043617001360220085, 0.10823802604461319, 0.12229745410253358, -0.09309010593395554, 0.041716068906227366, -0.07226955752795042]}, {"time": 4.15, "step_sample_count": 256, "data": [0.0, 0.0, 0.36739783116072194, 1.0, -0.20814276096851125, -0.3382506551452192, 0.022765793769679854, -0.17260781897630162, 0.16936731799027352, 0.11960940438564689, 0.03094261730356407, 0.41851522108639966, -0.13002221110937748, -0.05710572887140646, 0.106799964741022, 0.1242450351278282, -0.09304952315386275, 0.03670422614105873, -0.07364251990543932]}, {"time": 4.2, "step_sample_count": 256, "data": [0.0, 0.0, 0.377524430349763, 1.0, -0.21185786465446055, -0.35705293081125633, 0.02312944693049443, -0.18045508461899343, 0.17280299497007257, 0.1300324671697674, 0.029489670706025716, 0.4361828795059553, -0.13891727798972278, -0.0714050236039587, 0.10543922973699373, 0.12629473637990607, -0.09288961409631456, 0.031668864495567835, -0.07508543900477921]}, {"time": 4.25, "step_sample_count": 256, "data": [0.0, 0.0, 0.388040135434968, 1.0, -0.21493014938620456, -0.37564157136232396, 0.023512494658393175, -0.18782092802714037, 0.17573844214703382, 0.14051323192612772, 0.027976645063733128, 0.4537052846218733, -0.14760992226212466, -0.08648377952181029, 0.10416661223110538, 0.1284483683861549, -0.09260949936062576, 0.026618647710048394, -0.07659912681328553]}, {"time": 4.3, "step_sample_count": 256, "data": [0.0, 0.0, 0.39892060660181605, 1.0, -0.21736485607785627, -0.39399131516268304, 0.02391532977766614, -0.19470867310216167, 0.1781492236142497, 0.15099505367787094, 0.026405372782896473, 0.47106320667011864, -0.15604338421115288, -0.10230686745289976, 0.10299220968403974, 0.13070642520009598, -0.09220841260327121, 0.02156226221369649, -0.07818451388711364]}, {"time": 4.3500000000000005, "step_sample_count": 256, "data": [0.0, 0.0, 0.410139338766183, 0.9999999999999999, -0.21916779785581145, -0.4120773664078102, 0.02433795842669703, -0.20112276890876216, 0.18001491771661077, 0.16142127149987257, 0.024778514853317852, 0.48823749679674033, -0.1641616024295873, -0.11883521583279094, 0.10192525741444901, 0.13306804160653932, -0.0916857066033742, 0.01650843353525419, -0.07984263507049974]}, {"time": 4.4, "step_sample_count": 256, "data": [0.0, 0.0, 0.4216675963293716, 0.9999999999999999, -0.220345300569563, -0.42987525901249735, 0.024779989942703272, -0.20706871954733225, 0.18131914475731778, 0.17173548518389192, 0.023099585491983078, 0.5052090516284733, -0.17190943651191898, -0.13602588849824543, 0.10097397255552035, 0.13553097278746593, -0.09104086890970244, 0.0114659441024919, -0.08157459821997028]}, {"time": 4.45, "step_sample_count": 256, "data": [0.0, 0.0, 0.43347436756660457, 1.0, -0.22090417566614204, -0.44736074080021615, 0.025240635695262827, -0.21255301180889363, 0.18204958811199926, 0.1818818316243146, 0.02137295695275595, 0.5219587904628119, -0.17923289979486412, -0.15383216511627384, 0.10014541419293888, 0.13809159719511818, -0.090273546939046, 0.006443649965975372, -0.08338153620022332]}, {"time": 4.5, "step_sample_count": 256, "data": [0.0, 0.0, 0.44552634683042885, 1.0, -0.22085172542086473, -0.46450968743731297, 0.02571871713339751, -0.21758304201552053, 0.18219801028150434, 0.19180526547213467, 0.019603844025059772, 0.5384676478868652, -0.18607940819505775, -0.17220363166257643, 0.09944536314455181, 0.1407449429829408, -0.08938358188502132, 0.0014504939240825273, -0.0852645429080757]}, {"time": 4.55, "step_sample_count": 256, "data": [0.0, 0.0, 0.45778795313299003, 1.0, -0.22019577885776107, -0.48129805432073425, 0.0262126830635379, -0.22216704320639133, 0.18176026386925667, 0.20145184812676403, 0.01779826831483689, 0.5547165841352623, -0.19239804988746337, -0.19108628975238626, 0.09887822438638673, 0.14348473792745842, -0.08837105028786714, -0.0035044874037353933, -0.08722459456997982]}, {"time": 4.6000000000000005, "step_sample_count": 256, "data": [0.0, 0.0, 0.4702213935608632, 1.0, -0.2189447551033918, -0.4977018729989971, 0.026720635914593116, -0.22631401357736705, 0.1807362959156547, 0.21076904820515963, 0.015963002968907937, 0.5706866148960702, -0.19813987878438338, -0.21042269445819098, 0.09844695458449575, 0.1463034823319893, -0.08723631163225254, -0.008412164807063523, -0.08926245803940408]}, {"time": 4.65, "step_sample_count": 256, "data": [0.0, 0.0, 0.48278677930264713, 1.0, -0.21710774946424152, -0.5136972967316451, 0.02724036647842203, -0.23003364683187472, 0.17913014257228332, 0.21970605529316103, 0.01410549905360256, 0.5863588615804647, -0.20325823260432946, -0.2301521304287805, 0.09815301656530646, 0.1491925439358728, -0.08598005990497437, -0.013263327939623714, -0.09137858828306916]}, {"time": 4.7, "step_sample_count": 256, "data": [0.0, 0.0, 0.4954423007905816, 1.0, -0.21469463626511504, -0.5292606975376337, 0.027769396347608163, -0.2333362648630772, 0.1769499098608374, 0.2282141071202044, 0.012233795314370568, 0.601714622301178, -0.2077090738810339, -0.25021083559069474, 0.0979963618598518, 0.15214227336397773, -0.08460337668133157, -0.018048708471246108, -0.09357301767740941]}, {"time": 4.75, "step_sample_count": 256, "data": [0.0, 0.0, 0.5081444665676881, 0.9999999999999999, -0.2117161814943933, -0.5443688146301584, 0.028305027017340403, -0.23623275297045854, 0.17420773533377001, 0.23624682840643266, 0.010356413509036228, 0.6167354629758216, -0.2114513496984468, -0.27053228044350974, 0.09797544170466724, 0.15514213814885605, -0.08310778304055852, -0.022759015854553723, -0.09584524012400791]}, {"time": 4.800000000000001, "step_sample_count": 256, "data": [0.0, 0.0, 0.5208484080302419, 1.0, -0.20818415762486733, -0.5589989515826419, 0.02884439438523829, -0.23873449762494478, 0.17091972491723323, 0.24376057763222073, 0.008482241907639855, 0.6314033271088365, -0.21444736340832726, -0.29104750897612747, 0.09808724609410605, 0.1581808728554789, -0.08149528745719489, -0.02738498598796148, -0.09819409331837498]}, {"time": 4.8500000000000005, "step_sample_count": 256, "data": [0.0, 0.0, 0.5335082492493461, 1.0, -0.20411145265895236, -0.5731292170298722, 0.02938452718344334, -0.24085332664077452, 0.16710585913058665, 0.2507147960105457, 0.006620409871494482, 0.6457006619403732, -0.21666314926299812, -0.3116855446018337, 0.09832736967994846, 0.16124664235447247, -0.07976842679289889, -0.03191744236654497, -0.10061764275240402]}, {"time": 4.9, "step_sample_count": 256, "data": [0.0012229521516363279, 0.001222952151636078, 0.5460775377818528, 1.0, -0.1995121655128718, -0.5867388013011301, 0.02992240772233032, -0.2426014514930452, 0.1627898632710984, 0.2570723511452417, 0.0047801566499604395, 0.6596105578169515, -0.2180688389456413, -0.3323738613531192, 0.0986901025332607, 0.16432721484692225, -0.07793029763253022, -0.03634736860227046, -0.10311307117937389]}, {"time": 4.95, "step_sample_count": 256, "data": [0.012178839088237504, 0.012178839088237428, 0.5585097289214743, 1.0, -0.1944016803167339, -0.5998082792333886, 0.0304550332247072, -0.24399141143903044, 0.1579990370258437, 0.26279986637281966, 0.002970697655056013, 0.6731168968758732, -0.21863900755969404, -0.353038917055738, 0.09916854305231251, 0.16741014086730255, -0.07598457547273174, -0.040665990502654785, -0.10567657730554426]}, {"time": 5.0, "step_sample_count": 256, "data": [0.02261104193838516, 0.022611041938385548, 0.5707587124321964, 0.9999999999999999, -0.18879671305659695, -0.6123199276429492, 0.030979475991229893, -0.24503601905914452, 0.1527640402894567, 0.26786802573860613, 0.001201091484699696, 0.686204506482993, -0.21835298587735053, -0.373606741515083, 0.09975472965195298, 0.17048293420678776, -0.07393551967575493, -0.04486486526155803, -0.1083032873817566]}, {"time": 5.050000000000001, "step_sample_count": 256, "data": [0.03242933166460819, 0.03242933166460798, 0.5827793676842634, 1.0, -0.1827153251887478, -0.6242580446508533, 0.03149294066690852, -0.2457483068283465, 0.14711863365703812, 0.2722518440520285, -0.000519889136764023, 0.6988593123600086, -0.2171951256374065, -0.39400356912218765, 0.10043978733603515, 0.17353325053095953, -0.0717879626319864, -0.048935974776057406, -0.11098718314495373]}, {"time": 5.1000000000000005, "step_sample_count": 256, "data": [0.04153786185137563, 0.041537861851375646, 0.594528130514859, 1.0, -0.17617690036156552, -0.6356092573469724, 0.031992816976305134, -0.2461414743578084, 0.14109937402669048, 0.27593089157027956, -0.002183879543581441, 0.711068486017084, -0.21515500547007113, -0.41415650195748677, 0.10121408486337517, 0.1765490594332818, -0.06954728220875743, -0.052871819694096434, -0.11372104920275468]}, {"time": 5.15, "step_sample_count": 256, "data": [0.049836643515411554, 0.04983664351541178, 0.6059635532766481, 1.0, -0.16920208211223725, -0.6463628041958656, 0.032476726458568285, -0.24622883600540127, 0.1347452678623938, 0.27888946360305006, -0.003783035793578544, 0.7228205809959077, -0.21222756660245404, -0.43399418666675227, 0.10206739799120294, 0.1795188057815325, -0.06721935726985785, -0.056665510547192766, -0.11649644247146555]}, {"time": 5.2, "step_sample_count": 256, "data": [0.05722430259699267, 0.05722430259699228, 0.6170468385903598, 1.0, -0.16181267227377974, -0.6565107791542059, 0.03294256195591326, -0.24602376863638997, 0.12809738679652805, 0.2811166866974775, -0.005310135564577885, 0.7341056525436578, -0.2084131697987419, -0.45344748630879145, 0.10298907423148419, 0.18243155648305978, -0.06481050679287861, -0.06031085225016811, -0.11930368568443524]}, {"time": 5.25, "step_sample_count": 256, "data": [0.0636024786127313, 0.06360247861273127, 0.6277423273937177, 0.9999999999999999, -0.15403149173112815, -0.6660483256652125, 0.033388518879846917, -0.2455396594161937, 0.12119845224877045, 0.282606554990516, -0.006758665496718837, 0.7449153556839971, -0.20371756789561418, -0.472450127189412, 0.10396819468821343, 0.18527712921133535, -0.06232741384952084, -0.06380241836396643, -0.1221318863062302]}, {"time": 5.300000000000001, "step_sample_count": 256, "data": [0.06888199463788569, 0.06888199463788588, 0.6380179230142261, 1.0, -0.14588220699870663, -0.6749737704606348, 0.03381311758450005, -0.24478985362820546, 0.11409239746751218, 0.2833578927025147, -0.0081228937011115, 0.7552430172180532, -0.19815179164234678, -0.49093930050471424, 0.10499372885037793, 0.1880462001860967, -0.05977703640605666, -0.06713561181444454, -0.12496898144773284]}, {"time": 5.3500000000000005, "step_sample_count": 256, "data": [0.0729904386286436, 0.07299043862864366, 0.6478454351422998, 1.0, -0.13738912775516335, -0.6832886893396797, 0.034215216499883974, -0.24378760262434845, 0.10682391674207861, 0.2833742414535695, -0.009397926679146788, 0.7650836779540688, -0.191731950148565, -0.5088561994565874, 0.10605467867785229, 0.19073038875906964, -0.057166507508394734, -0.07030670922393248, -0.12780180861142595]}, {"time": 5.4, "step_sample_count": 256, "data": [0.07588009522752594, 0.07588009522752578, 0.6572008306197952, 0.9999999999999999, -0.128576981874539, -0.690997899681717, 0.03459401600286099, -0.24254601212759355, 0.09943801239708742, 0.2826636739524348, -0.010579750413304055, 0.7744341023948124, -0.1844789508644829, -0.526146474341912, 0.10714020890888734, 0.1933223172962334, -0.05450302790532497, -0.07331288661691357, -0.1306162013402821]}, {"time": 5.45, "step_sample_count": 256, "data": [0.07753452110717948, 0.0775345211071792, 0.6660643816945702, 1.0, -0.11947067556591452, -0.6981093772403588, 0.03494905331355375, -0.24107799120798856, 0.09197955050677915, 0.28123853846501945, -0.011665255875741532, 0.7832927541630178, -0.17641814745097628, -0.5427605908546683, 0.10823976120381713, 0.19581564563048173, -0.051793754509229836, -0.07615222497114309, -0.13339710813277078]}, {"time": 5.5, "step_sample_count": 256, "data": [0.07797189689913607, 0.07797189689913653, 0.6744207065816907, 1.0, -0.11009504692728543, -0.7046340976070177, 0.03528018898493087, -0.23939620234200149, 0.08449283603806501, 0.2791151411475287, -0.012652249634732299, 0.7916597365668689, -0.16757892693790716, -0.5586540803188038, 0.10934315048151613, 0.19820508014792648, -0.04904568828041405, -0.07882369485991388, -0.1361287323523204]}, {"time": 5.550000000000001, "step_sample_count": 256, "data": [0.07724393022721483, 0.0772439302272149, 0.682258701546177, 1.0, -0.10047462151164585, -0.710585805471757, 0.03558758579115527, -0.23751301303551606, 0.07702121736609263, 0.2763133756760178, -0.013539450605019961, 0.7995366988467518, -0.157994250047466, -0.573787674586596, 0.11044064256300587, 0.2004863583303931, -0.04626556514461376, -0.08132712022640481, -0.1387946903285057]}, {"time": 5.6000000000000005, "step_sample_count": 256, "data": [0.07543038119800877, 0.07543038119800928, 0.6895713680086035, 1.0, -0.09063337839763519, -0.715980717312364, 0.03587168100720192, -0.23544044954156285, 0.06960672886060189, 0.27285631149468653, -0.014326474275545838, 0.8069267097492321, -0.14770016034630287, -0.5881273226626409, 0.11152301297218785, 0.20265621027285247, -0.04345975341919316, -0.08366312210451805, -0.1413781844384857]}, {"time": 5.65, "step_sample_count": 256, "data": [0.07263060458547128, 0.0726306045854708, 0.696355542123168, 0.9999999999999999, -0.08059453478151635, -0.7208371652970624, 0.036133153203325864, -0.23319015323417275, 0.06228977860001181, 0.2687697533501029, -0.015013805951508613, 0.8138341010970279, -0.13673527890730874, -0.6016440905095353, 0.11258158742313512, 0.20471229930025403, -0.040634160947651876, -0.08583304381381014, -0.14386218768174444]}, {"time": 5.7, "step_sample_count": 256, "data": [0.06895417983401964, 0.0689541798340196, 0.7026115376803622, 1.0, -0.07038035630984146, -0.7251751919108939, 0.036372884752264946, -0.23077334021036328, 0.05510888633902208, 0.2640817855279387, -0.015602764667507126, 0.8202642849248093, -0.12514030138308596, -0.614313949730111, 0.11360826511933309, 0.2066531443035486, -0.03779415474766995, -0.0878388597772496, -0.1462296361213508]}, {"time": 5.75, "step_sample_count": 256, "data": [0.06451251430409627, 0.06451251430409616, 0.7083427158925273, 1.0, -0.060011999315924054, -0.7290161060633884, 0.0365919212672802, -0.22820076468507997, 0.04810047475214331, 0.258822314353107, -0.01609545946956132, 0.8262235484995967, -0.11295751384257081, -0.6261174647013683, 0.11459552648328576, 0.20847802678770097, -0.03494449549365533, -0.089683070616318, -0.148463625554899]}, {"time": 5.800000000000001, "step_sample_count": 256, "data": [0.05941256285162992, 0.05941256285163072, 0.7135549975447913, 1.0, -0.0495093898799803, -0.7323820121932092, 0.036791429161091585, -0.22548268672168897, 0.041298714819805384, 0.25302262208119125, -0.016494739734904538, 0.8317188321218895, -0.1002303424679537, -0.6370393910941623, 0.11553642731389584, 0.21018688587153853, -0.03208928861191353, -0.09136858755455386, -0.15054760888500904]}, {"time": 5.8500000000000005, "step_sample_count": 256, "data": [0.053752995967419684, 0.05375299596742025, 0.7182563341158851, 1.0, -0.038891143276655965, -0.7352953241732557, 0.03697265244760103, -0.2226288448065801, 0.03473542412871907, 0.2467149443578195, -0.01680414111114677, 0.8367574950006446, -0.08700295035321594, -0.6470682014335576, 0.11642458163103896, 0.21178020460414773, -0.02923195319635522, -0.09289860940354752, -0.1524655908640708]}, {"time": 5.9, "step_sample_count": 256, "data": [0.04762259753299287, 0.047622597532993326, 0.722456154832346, 1.0, -0.028174525975532896, -0.7377782756832588, 0.037136869809661445, -0.21964843373400642, 0.028440014923472607, 0.2399320820358018, -0.01702782852375481, 0.8413470747133187, -0.07331989231354101, -0.6561955553697602, 0.11725413561607674, 0.21325889097537956, -0.026375209383977437, -0.09427649551875708, -0.15420231716829624]}, {"time": 5.95, "step_sample_count": 256, "data": [0.041100460745158295, 0.041100460745157955, 0.726164806303165, 1.0, -0.017375460982903813, -0.7398524382220819, 0.03728535283727976, -0.2165500882197019, 0.022439487052758993, 0.23270705641476852, -0.017170537536239677, 0.8454950458113492, -0.05922583594326014, -0.6644157336176544, 0.11801973510381014, 0.21462415691369505, -0.023521084286754, -0.09550563810748337, -0.15574345508765824]}, {"time": 6.0, "step_sample_count": 256, "data": [0.034257608209913644, 0.03425760820991339, 0.7293930005118022, 1.0, -0.006508576007931824, -0.7415382571569491, 0.0374193262116166, -0.21334187261179866, 0.01675845956052137, 0.22507281500797935, -0.01723751516383866, 0.8492085830284601, -0.04476535428606026, -0.671725055104589, 0.11871648903978514, 0.2158773984009399, -0.02067093607906121, -0.09658933716431922, -0.15707576347650543]}, {"time": 6.050000000000001, "step_sample_count": 256, "data": [0.027159905529726767, 0.027159905529727572, 0.7321512856587354, 0.9999999999999999, 0.004412707258680551, -0.7428546152342222, 0.03753993048016836, -0.2100312770172231, 0.011419233617085753, 0.2170619928471782, -0.017234461050325885, 0.852494334315009, -0.02998279253368565, -0.6781212967940122, 0.11933993120358556, 0.2170200796097871, -0.017825495400179848, -0.0975306811197702, -0.15818724997172223]}, {"time": 6.1000000000000005, "step_sample_count": 256, "data": [0.0198725557783327, 0.019872555778333162, 0.7344495527940204, 1.0, 0.015376045526078299, -0.7438184318862608, 0.037648187945411894, -0.20662522011226517, 0.006441878784862928, 0.20870673220179703, -0.017167469728560314, 0.8553582085797041, -0.014922208261939523, -0.6836031350025735, 0.11988598233103327, 0.21805362370422932, -0.014984922856329306, -0.09833243603601861, -0.1590673138314325]}, {"time": 6.15, "step_sample_count": 256, "data": [0.012467184482031246, 0.012467184482031022, 0.7362965894890938, 1.0, 0.02637001163230519, -0.7444443055326596, 0.03774497207908257, -0.20313005885771274, 0.0018443342663345072, 0.20003856149343824, -0.017042974506004713, 0.857805182593652, 0.0003726180600406427, -0.6881696258882828, 0.12035091456261951, 0.21897931265373505, -0.01214888109707491, -0.09899694588950528, -0.15970687306169687]}, {"time": 6.2, "step_sample_count": 256, "data": [0.005033944521939063, 0.005033944521938271, 0.7376996900833878, 1.0, 0.03738390207773713, -0.7447442049500995, 0.03783098078133999, -0.19955160529124719, -0.0023574832264961253, 0.19108833219510665, -0.016867693352097316, 0.8598391310226804, 0.015858108115306652, -0.6918197412479495, 0.12073131991652102, 0.21979819811176926, -0.00931661969299682, -0.09952604616033657, -0.16009847477025016]}, {"time": 6.25, "step_sample_count": 256, "data": [0.0, 0.0, 0.7386643303893445, 1.0, 0.04840751945081965, -0.7447272147153101, 0.03790671373063743, -0.19589515052121173, -0.0061495730378862004, 0.1818862106658007, -0.01664857701836356, 0.8614626830209465, 0.03149075446801496, -0.6945519739085679, 0.12102408424404361, 0.2205110251103685, -0.006487070847972242, -0.09992099261717895, -0.160236387908974]}, {"time": 6.300000000000001, "step_sample_count": 256, "data": [0.0, 0.0, 0.7391939132028471, 1.0, 0.05943093534050903, -0.7443993387350408, 0.0379724540165598, -0.19216549599434526, -0.00951975304149562, 0.172461720218673, -0.016392759496036177, 0.8626771082569187, 0.04722694310315513, -0.6963640249035093, 0.12122636788184415, 0.22111817003155912, -0.0036589538309812256, -0.10018240685280116, -0.160116677739209]}, {"time": 6.3500000000000005, "step_sample_count": 256, "data": [0.0, 0.0, 0.7392895895661813, 1.0, 0.07044423972690507, -0.7437633649729571, 0.03802825421296269, -0.18836699205291363, -0.012457577663509372, 0.1628438272763076, -0.016107510809839343, 0.8634822346627081, 0.0630227415760103, -0.6972525823491907, 0.1213355939740545, 0.22161959403726464, -0.0008308858990085091, -0.10031023979505158, -0.15973726147952896]}, {"time": 6.4, "step_sample_count": 256, "data": [0.0, 0.0, 0.7389501594587264, 1.0, 0.08143728314354388, -0.7428187936577646, 0.03807392702966072, -0.1845035837309897, -0.014954277060393492, 0.15306106424153634, -0.015800192059469732, 0.8638763996060592, 0.07883366589700272, -0.6972131995242924, 0.12134944520052415, 0.22201481287211627, 0.001998502604907065, -0.10030375409192918, -0.1590979446816391]}, {"time": 6.45, "step_sample_count": 256, "data": [0.0, 0.0, 0.7381720544121939, 1.0, 0.09239941812244123, -0.7415618304880054, 0.038109040673726884, -0.1805788636625244, -0.017002721845343276, 0.14314168071249875, -0.015478212550569128, 0.8638564355842517, 0.094614440245632, -0.6962402771298088, 0.12126586941412619, 0.22230288369550405, 0.0048304513635650794, -0.10016152594525483, -0.15820043793739874]}, {"time": 6.5, "step_sample_count": 256, "data": [0.0, 0.0, 0.736949403408586, 1.0, 0.10331924657144965, -0.739985445605438, 0.03813291905125265, -0.17659613188261816, -0.018597416409091676, 0.1331138138994865, -0.015148988802641958, 0.8634176909310524, 0.1103187642028127, -0.694327152091021, 0.12108309445752605, 0.22248240934527658, 0.00766595384795592, -0.09988146664039976, -0.1570483535618831]}, {"time": 6.550000000000001, "step_sample_count": 256, "data": [0.0, 0.0, 0.7352741822545119, 1.0, 0.11418437979104214, -0.7380794983532516, 0.038144646941627, -0.1725584621960738, -0.019734522428604247, 0.12300566856195337, -0.014819905180507973, 0.8625540854104402, 0.12589910239767502, -0.6914662925621462, 0.12079965219368972, 0.22255156017919892, 0.010505644213529798, -0.09946086368326418, -0.15564718193885746]}, {"time": 6.6000000000000005, "step_sample_count": 256, "data": [0.0, 0.0, 0.7331364453660267, 1.0, 0.12498121780524324, -0.7358309270286084, 0.0381430802731224, -0.16846877466263377, -0.020411912635656435, 0.11284569648266916, -0.014498275866863718, 0.8612581999424261, 0.14130651126286772, -0.6876495960204803, 0.12041441153976462, 0.22250811337450174, 0.013349689841804326, -0.098896441103762, -0.15400424727158107]}, {"time": 6.65, "step_sample_count": 256, "data": [0.0, 0.0, 0.7305246374803851, 1.0, 0.13569475454301205, -0.7332240019452244, 0.038126861614901614, -0.1643299136063817, -0.020629253362441417, 0.10266276544143747, -0.014191307875255056, 0.8595213990661349, 0.1564905169589848, -0.6828687845046708, 0.11992662003611171, 0.2223495092838311, 0.01619769204550249, -0.09818443811211618, -0.15212864256868644]}, {"time": 6.7, "step_sample_count": 256, "data": [0.0, 0.0, 0.7274259811860979, 1.0, 0.14630841514016724, -0.730240639112344, 0.038094440970869, -0.1601447303990488, -0.020388112832535474, 0.0924863078555522, -0.013906064794797028, 0.8573339840947863, 0.1713990574407958, -0.6771158881884723, 0.1193359532077261, 0.22207292414205185, 0.01904859743146426, -0.09732070489739737, -0.15003114382575602]}, {"time": 6.75, "step_sample_count": 256, "data": [0.0058330139646169225, 0.005833013964616787, 0.7238269343047099, 1.0, 0.1568039312126247, -0.7268607706949566, 0.038044101910156, -0.15591617009653602, -0.019692090666667245, 0.0823464397325999, -0.013649430960650983, 0.85468537426102, 0.18597850007640745, -0.6703838056313254, 0.11864257068256284, 0.22167535808931849, 0.02190062234882031, -0.09630081393767058, -0.14772410354942808]}, {"time": 6.800000000000001, "step_sample_count": 256, "data": [0.012385183356105445, 0.012385183356105684, 0.7197137090715262, 1.0, 0.16716125935316906, -0.7230627671451536, 0.037973992993592186, -0.15164736082977734, -0.01854696267301802, 0.0722740413473811, -0.013428075758596981, 0.8515643124980457, 0.200173744185351, -0.6626669262756976, 0.11784717772175013, 0.22115373712109304, 0.024751192726725914, -0.09512018475307658, -0.14522132402025686]}, {"time": 6.8500000000000005, "step_sample_count": 256, "data": [0.018750074492857878, 0.018750074492858336, 0.7150728427891957, 1.0, 0.17735854730298098, -0.7188239045033172, 0.03788216435281608, -0.14734170467176572, -0.016960833745744405, 0.06230079211891292, -0.013248417799724906, 0.8479590918659925, 0.2139284153386023, -0.653961798156288, 0.11695109049517455, 0.22050502719864246, 0.027596901412627807, -0.09377421958757678, -0.14253791100660637]}, {"time": 6.9, "step_sample_count": 256, "data": [0.024804713753824502, 0.02480471375382372, 0.7098918072481588, 1.0, 0.18737215122907472, -0.7141208688976047, 0.037766609148179406, -0.14300296853055983, -0.014944290661560292, 0.05245915352825402, -0.013116588744323593, 0.8438577980321734, 0.2271851552905769, -0.6442678214574866, 0.11595630311122154, 0.2197263583612542, 0.030433484846297734, -0.09225844706771888, -0.139690109022939]}, {"time": 6.95, "step_sample_count": 256, "data": [0.030425900297534787, 0.030425900297534912, 0.7041596418414252, 1.0, 0.1971767062937337, -0.7089302887784883, 0.037625309474797836, -0.1386353734630856, -0.012510545802791794, 0.042782295574030654, -0.01303839661468932, 0.8392485626718421, 0.23988600804600282, -0.6335879466302081, 0.11486555409441054, 0.2188151562856836, 0.033255820537656654, -0.09056867047844853, -0.13669511966466796]}, {"time": 7.0, "step_sample_count": 256, "data": [0.03548312403490652, 0.035483124034905264, 0.6978675931031049, 1.0, 0.20674525124048904, -0.7032292839884045, 0.037456286107063225, -0.13424368067728296, -0.009675562404609346, 0.033303964184878715, -0.013019288516630107, 0.8341198221992269, 0.2519728988916738, -0.6219293543951291, 0.11368238971605829, 0.2177692783551259, 0.03605794635359182, -0.08870111694175391, -0.13357090503514046]}, {"time": 7.050000000000001, "step_sample_count": 256, "data": [0.03983612244726116, 0.03983612244726081, 0.6910097415522409, 1.0, 0.21604940606895215, -0.6969960194766983, 0.037257651277112655, -0.12983327240164919, -0.006458151875835425, 0.024058289152566196, -0.013064312790048577, 0.8284605758961584, 0.26338819936718205, -0.6093040942548376, 0.1124112213409884, 0.21658715094894876, 0.03883310206280717, -0.08665258351156727, -0.13033597878934813]}, {"time": 7.1000000000000005, "step_sample_count": 256, "data": [0.04333657747456124, 0.04333657747456082, 0.6835835954209046, 1.0, 0.22505960007314507, -0.6902102504289753, 0.037027663481266855, -0.12541022576210722, -0.0028800341165901027, 0.015079534451631108, -0.01317808073003584, 0.8222606373068458, 0.27407536726600157, -0.5957296582389194, 0.11105737378002228, 0.2152679043680617, 0.041573792948245654, -0.08442057603642808, -0.12700918782958484]}, {"time": 7.15, "step_sample_count": 256, "data": [0.04583407839956187, 0.0458340783995628, 0.6755906302794253, 1.0, 0.23374534563956603, -0.6828538448924449, 0.03676478311151064, -0.12098137782573784, 0.001034147425841639, 0.0064017951857325076, -0.013364728159588194, 0.8155108727395477, 0.28397964703331324, -0.5812294676142, 0.10962712155657428, 0.21381150159311457, 0.0442718745920021, -0.08200343661680591, -0.12360948817226076]}, {"time": 7.2, "step_sample_count": 256, "data": [0.047186213020345716, 0.047186213020346215, 0.6670367539095245, 1.0, 0.24207555132490474, -0.6749112697437238, 0.03646772752978566, -0.11655438005639847, 0.005256862959781795, -0.00194135225574913, -0.013627877289572833, 0.8082034208817646, 0.2930488125637414, -0.5658332522681196, 0.10812771002811253, 0.21221885695751452, 0.046918657194485625, -0.079400455619196, -0.12015571893168173]}, {"time": 7.25, "step_sample_count": 256, "data": [0.04727159860776664, 0.047271598607766176, 0.6579326771403566, 0.9999999999999999, 0.2500188659562973, -0.6663700261462853, 0.036135524055133116, -0.1121377405826834, 0.009757791129678848, -0.009917238051759356, -0.013970599464834074, 0.8003318879104269, 0.30123393161148554, -0.5495773054246452, 0.10656735846812335, 0.2104919408260024, 0.04950502704182975, -0.0766119645194684, -0.11666637870441393]}, {"time": 7.300000000000001, "step_sample_count": 256, "data": [0.04600323376902488, 0.04600323376902507, 0.6482941738109494, 1.0, 0.25754404392511715, -0.6572210215397604, 0.03576755923166371, -0.10774085290432325, 0.014503974656550447, -0.01749451411034958, -0.014395379559045551, 0.7918915130681499, 0.30849012900881045, -0.5325046002250554, 0.10495524252462718, 0.20863386651938298, 0.05202158202284122, -0.07363940633911328, -0.11315940885712346]}, {"time": 7.3500000000000005, "step_sample_count": 256, "data": [0.04333863050157569, 0.043338630501575895, 0.638142216532652, 1.0, 0.2646203205857129, -0.6474588667174402, 0.035363622701765456, -0.10337400995491262, 0.01946003781025245, -0.024643584298540886, -0.014904082934851673, 0.7828793004749036, 0.31477732482138643, -0.514664759378586, 0.10330145393263027, 0.20664895602756603, 0.054458777461932985, -0.07048538110403892, -0.10965198829590693]}, {"time": 7.4, "step_sample_count": 256, "data": [0.039283699506709166, 0.039283699506709326, 0.6275029793850404, 1.0, 0.2712177858228326, -0.637082088666309, 0.03492394403450132, -0.09904840278809864, 0.02458846421391145, -0.03133703646855372, -0.015497926018319766, 0.773294113932664, 0.3200609235808495, -0.49611387437170157, 0.10161693596610114, 0.2045427815086232, 0.05680707802024278, -0.06715366457765896, -0.10616034420694133]}, {"time": 7.45, "step_sample_count": 256, "data": [0.03388940498499554, 0.03388940498499531, 0.6164077038867419, 1.0, 0.27730774349877235, -0.6260932525068617, 0.03444922096080491, -0.0947761035480598, 0.02984993098002736, -0.037550062555748734, -0.016177451635524757, 0.7631367326269465, 0.3243124318959364, -0.4769141763716998, 0.09991339385560197, 0.20232218017382225, 0.05905711106259213, -0.06364919946668178, -0.10269958299627006]}, {"time": 7.5, "step_sample_count": 256, "data": [0.027242700174800155, 0.02724270017479994, 0.6048924302573584, 1.0, 0.28286304469131424, -0.6144989889754126, 0.033940637647390186, -0.09057003280631158, 0.03520369279141111, -0.04326085320701261, -0.01694251031241168, 0.7524098668897584, 0.3275099840508763, -0.45713356667703786, 0.09820318024531177, 0.19999524089005655, 0.0611998167248697, -0.05997805932614334, -0.09928354522030602]}, {"time": 7.550000000000001, "step_sample_count": 256, "data": [0.01945477999971018, 0.019454779999710167, 0.5929976017864846, 1.0, 0.28785838341159387, -0.6023099272983168, 0.03339987189762188, -0.0864439117758583, 0.04060800741274187, -0.04845095422969304, -0.017792248736703823, 0.7411181345097421, 0.3296387585716782, -0.43684502003445574, 0.096499156682683, 0.1975712616645291, 0.06322658996594913, -0.05614738644764688, -0.09592468769879436]}, {"time": 7.6000000000000005, "step_sample_count": 256, "data": [0.01064965190380697, 0.010649651903807192, 0.5807675556769817, 1.0, 0.29227054483536336, -0.5895405368436566, 0.03282909049178034, -0.08241220032914846, 0.046020592383847043, -0.05310557359972185, -0.018725106515060208, 0.7292679993966593, 0.33069127301764256, -0.4161258790416334, 0.09481453308211972, 0.19506067807612074, 0.06512941015832939, -0.05216530604364623, -0.09263399526001195]}, {"time": 7.65, "step_sample_count": 256, "data": [0.0009549262267071132, 0.0009549262267068495, 0.5682499186600172, 1.0, 0.29607859794121716, -0.5762088844111724, 0.032230932257924824, -0.07849002212683841, 0.05139910141505325, -0.057213829758942104, -0.019738822226128397, 0.7168676756659036, 0.33066754920700875, -0.3950570618884982, 0.09316268803241788, 0.192474963641586, 0.06690095425553745, -0.04804081998191525, -0.08942092371516618]}, {"time": 7.7, "step_sample_count": 256, "data": [0.0, 0.0, 0.5554949296537356, 0.9999999999999999, 0.2992640267380902, -0.5623363172412856, 0.03160847888007627, -0.07469307849035889, 0.05670160835682257, -0.06076893435204075, -0.02083044957120068, 0.7039270013431844, 0.3295751464277369, -0.373722208615332, 0.0915569736760467, 0.18982650400716156, 0.0685346902503805, -0.04378368412252456, -0.08629337473442736]}, {"time": 7.75, "step_sample_count": 256, "data": [0.0, 0.0, 0.5425547144899887, 1.0, 0.30181079686352125, -0.5479470846058033, 0.030965213881646185, -0.07103755290618374, 0.06188708658897799, -0.06376830525773597, -0.021996384164204776, 0.6904572868450906, 0.32742906559941837, -0.35220679270785726, 0.09001050962871367, 0.1871284476921354, 0.07002494847118372, -0.0394042739171159, -0.08325770234487999]}, {"time": 7.800000000000001, "step_sample_count": 256, "data": [0.0, 0.0, 0.5294825390939913, 0.9999999999999999, 0.3037053571030606, -0.533067913029492, 0.030304970646229105, -0.06754000822158879, 0.0669158722637478, -0.06621360859166486, -0.023232401191680213, 0.6764711441236264, 0.3242515325144698, -0.330597225121948, 0.08853597098814862, 0.1843945368389612, 0.07136696920700349, -0.03491344331157117, -0.0803187498368459]}, {"time": 7.8500000000000005, "step_sample_count": 256, "data": [0.0, 0.0, 0.5163320674102736, 1.0, 0.30493657816738795, -0.5177275516645407, 0.02963187073236305, -0.06421727867405881, 0.07175010099244512, -0.06811073112775072, -0.0245337038251485, 0.6619823028412221, 0.3200716728883444, -0.3089799767412481, 0.08714537586918689, 0.1816389220101228, 0.07255692615389224, -0.0303223821276279, -0.07747991499366266]}, {"time": 7.9, "step_sample_count": 256, "data": [0.0, 0.0, 0.5031566488794201, 0.9999999999999999, 0.3054956337148104, -0.5019563050279272, 0.02895025408294412, -0.06108635888883589, 0.07635410919909674, -0.06946968713587733, -0.02589498189985645, 0.6470054201521482, 0.3149250957242692, -0.28744074292045924, 0.08584987807761563, 0.17887596549049006, 0.07359192617595364, -0.025642476982399662, -0.07474324079030108]}, {"time": 7.95, "step_sample_count": 256, "data": [0.0, 0.0, 0.49000865754354567, 1.0, 0.30537583098210985, -0.48578557019524155, 0.028264603006331834, -0.05816429188679554, 0.08069479335539202, -0.07030446582195375, -0.027310480003936884, 0.6315558906076607, 0.30885340424537844, -0.26606367033920486, 0.08465957049078601, 0.1761200377921279, 0.07446998682192961, -0.020885180449249835, -0.07210952806963186]}, {"time": 8.0, "step_sample_count": 256, "data": [0.0, 0.0, 0.4769389011397327, 1.0, 0.3045724003670863, -0.46924739465514537, 0.027579462002350476, -0.055468057978520446, 0.08474192251845324, -0.07063282726861377, -0.028774073769594555, 0.6156496623918938, 0.3019036552399768, -0.2449306621357995, 0.08358330445507693, 0.17338531211527902, 0.07518999388077613, -0.016061892596036558, -0.06957846622339484]}, {"time": 8.05, "step_sample_count": 256, "data": [0.0, 0.0, 0.4639961141336063, 1.0, 0.303082254801752, -0.4523740694439481, 0.026899355615290676, -0.05301446619516508, 0.08846840186565944, -0.07047605593624343, -0.03027935284085064, 0.5993030655626955, 0.29412778806077183, -0.2241207725002588, 0.08262853005765963, 0.1706855614050495, 0.07575164195757633, -0.011183858296535865, -0.06714877758910967]}, {"time": 8.1, "step_sample_count": 256, "data": [0.0, 0.0, 0.4512265438806847, 1.0, 0.3009037307097269, -0.4351977700144418, 0.02622870651646211, -0.05082004964036442, 0.09185048711174244, -0.06985868136260384, -0.031819708726156186, 0.5825326572554547, 0.2855820437545754, -0.20370969689374205, 0.08180116151140673, 0.16803396237855162, 0.07615536157511842, -0.006262082845426222, -0.06481837112463816]}, {"time": 8.15, "step_sample_count": 256, "data": [0.0, 0.0, 0.43867363430782275, 0.9999999999999999, 0.2980363227336153, -0.417750254687919, 0.02557175595498106, -0.048900965859469014, 0.09486795166955087, -0.0688081757049664, -0.03338842554099645, 0.5653550879535852, 0.27632639298676237, -0.18376935913382286, 0.08110547114308347, 0.16544291050993384, 0.0764022366401807, -0.0013072674685751663, -0.06258450092972807]}, {"time": 8.200000000000001, "step_sample_count": 256, "data": [0.0, 0.0, 0.42637780697590955, 1.0, 0.2944804242593843, -0.40006262764742445, 0.024932488576191854, -0.04727290303210777, 0.09750421006747037, -0.06735463724956532, -0.03497877151367852, 0.547786991984142, 0.26642398873586115, -0.16436759202079101, 0.08054401463564306, 0.16292384948326846, 0.07649391625324384, 0.0036702346391757645, -0.060443925331531756]}, {"time": 8.25, "step_sample_count": 256, "data": [0.0, 0.0, 0.41437633536008206, 1.0, 0.29023708509479534, -0.3821651704094085, 0.024314563404822635, -0.045950992519343974, 0.09974640238325888, -0.0655304680490307, -0.036584089071014195, 0.5298449044068257, 0.2559406563816084, -0.14556790421384846, 0.08011758928541111, 0.16048711808956087, 0.07643252479379213, 0.008660442047955408, -0.05839306251629075]}, {"time": 8.3, "step_sample_count": 256, "data": [0.0, 0.0, 0.40270330484129846, 1.0, 0.2853077965395807, -0.3640872427069306, 0.023721252539342888, -0.044949728052719067, 0.10158544524862984, -0.06337005254183736, -0.03819788133980432, 0.5115452054710036, 0.2449444300320161, -0.1274293228755959, 0.07982522613137837, 0.15814181698637295, 0.0762205739979077, 0.013653749758149076, -0.05642813904651296]}, {"time": 8.35, "step_sample_count": 256, "data": [0.0, 0.0, 0.3913896483484029, 1.0, 0.279694312593263, -0.3458572508598362, 0.023155388820559984, -0.0442828916510085, 0.10301605530707082, -0.06090944247481616, -0.03981389299172025, 0.4929040928532298, 0.23350513997473968, -0.11000629930428471, 0.07966421592904718, 0.1558956971846741, 0.07586088038498244, 0.018640916711201466, -0.054545328026046336]}, {"time": 8.4, "step_sample_count": 256, "data": [0.0, 0.0, 0.3804632458598599, 1.0, 0.2733985142673663, -0.32750267910313396, 0.022619323436389553, -0.04396348619927561, 0.10403675088603169, -0.05818605181068314, -0.041426183517435954, 0.47393758098457656, 0.22169405222858216, -0.09334866341922142, 0.07963016810130952, 0.1537550715994571, 0.07535649091502314, 0.023613038683130343, -0.05274087414011631]}, {"time": 8.450000000000001, "step_sample_count": 256, "data": [0.0, 0.0, 0.36994907504629393, 1.0, 0.26642232198951044, -0.30905017707662796, 0.022114894119698494, -0.04400367452736866, 0.10464983711768248, -0.0552383636734636, -0.043029191232726284, 0.45466152595268217, 0.2095835575230464, -0.07750161255070216, 0.07971710102279807, 0.15172475051312567, 0.07471061919816128, 0.02856150957277529, -0.05101120328267129]}, {"time": 8.5, "step_sample_count": 256, "data": [0.0, 0.0, 0.35986940013833946, 1.0, 0.2587676589920443, -0.2905256948043012, 0.021643404298631003, -0.04441472478091551, 0.10486137887568867, -0.0521056498707354, -0.04461778658553233, 0.4350916737304896, 0.19724690382654997, -0.06250572045640795, 0.07991756129472653, 0.14980800136103561, 0.07392659396441374, 0.033477974415443125, -0.0493530149727603]}, {"time": 8.55, "step_sample_count": 256, "data": [0.0, 0.0, 0.35024398653527633, 1.0, 0.2504364664462707, -0.2719546550465911, 0.02120561327776778, -0.04520696188298513, 0.10468116477061505, -0.04882770222149369, -0.0461873136388078, 0.41524372884949945, 0.1847579639192976, -0.04839695374488202, 0.08022276905156837, 0.14800653285739743, 0.0730078208635263, 0.03835427761431118, -0.04776335624347396]}, {"time": 8.6, "step_sample_count": 256, "data": [0.0, 0.0, 0.34109032960510616, 1.0, 0.2414307690063498, -0.25336215190861433, 0.020801737270004055, -0.04638972493172179, 0.10412266415538961, -0.04544457388128999, -0.047733618939279715, 0.39513344010322204, 0.17219102756753343, -0.035206684805863794, 0.08062278581216724, 0.14632050313195652, 0.07195775802811291, 0.04318240989211993, -0.04623967615422626]}, {"time": 8.65, "step_sample_count": 256, "data": [0.0, 0.0, 0.3324238874359662, 1.0, 0.23175278742835645, -0.2347731640336902, 0.020431460866717373, -0.047971330458753896, 0.10320297773089881, -0.04199632813944485, -0.049253067337070175, 0.37477669943750375, 0.15962060666506747, -0.02296169277801945, 0.08110670094685346, 0.1447485512343481, 0.07077990522115839, 0.047954457334339166, -0.044779860526835275]}, {"time": 8.700000000000001, "step_sample_count": 256, "data": [0.0, 0.0, 0.32425830885539325, 1.0, 0.22140509308653147, -0.21621277059372163, 0.020093958329135665, -0.049959041573781206, 0.10194278100567095, -0.03852279179181421, -0.05074254468563321, 0.35418964985926865, 0.1471212412908745, -0.011684146865670231, 0.08166283247895087, 0.14328785107274908, 0.06947780582073866, 0.0526625556355969, -0.04338224693783649]}, {"time": 8.75, "step_sample_count": 256, "data": [0.0, 0.0, 0.316605649721979, 1.0, 0.21039079757123008, -0.197706358586782, 0.019787923906647097, -0.052359043130236024, 0.10036625864282768, -0.035063310170278854, -0.05219944771597893, 0.3333887979750616, 0.13476729497782908, -0.0013915692812407259, 0.08227893767448044, 0.1419341865752943, 0.06805506038672648, 0.05729885228972887, -0.042045620415201664]}, {"time": 8.8, "step_sample_count": 256, "data": [0.0, 0.0, 0.30947657221319547, 1.0, 0.19871376916742506, -0.17927981064195145, 0.01951161023709004, -0.05517642315301384, 0.09850102670284676, -0.03165650121984883, -0.05362166173405322, 0.3123911266584307, 0.12263272855420128, 0.007903221925157853, 0.0829424287001702, 0.14068204658740865, 0.06651535011960143, 0.06185547899813813, -0.04076919068883897]}, {"time": 8.85, "step_sample_count": 256, "data": [0.0, 0.0, 0.30288052350109307, 1.0, 0.18637886692029296, -0.16095966358012118, 0.019262873758373114, -0.05841516086022928, 0.09637803903012189, -0.02834000662059028, -0.05500752712570157, 0.29121420334451437, 0.11079084363336549, 0.016192187040771872, 0.08364058855121148, 0.1395247377399156, 0.06486246817099739, 0.06632453603062116, -0.039552552231591154]}, {"time": 8.9, "step_sample_count": 256, "data": [0.0, 0.0, 0.2968258917599614, 1.0, 0.17339218223228003, -0.1427732293493666, 0.019039225958953694, -0.06207812167634753, 0.09403147358688521, -0.02515023880285892, -0.05635579596012375, 0.2698762795661576, 0.09931398908831045, 0.023472150197954466, 0.08436078247226793, 0.13845451324015276, 0.06310035650771947, 0.07069808967807349, -0.03839562869957226]}, {"time": 8.950000000000001, "step_sample_count": 256, "data": [0.0, 0.0, 0.29132013883984154, 1.0, 0.15976127753519656, -0.12474867160002077, 0.018837889216062012, -0.06616705966522038, 0.09149859444337267, -0.022122123735850034, -0.05766558025036293, 0.2483963775831924, 0.08827322653246752, 0.029744888390620013, 0.08509066022444274, 0.137462715255089, 0.061233145871748676, 0.07496818330945601, -0.03729860373356791]}, {"time": 9.0, "step_sample_count": 256, "data": [0.0, 0.0, 0.2863699101352519, 1.0, 0.14549541156445345, -0.1069150330350552, 0.018655855915308186, -0.07068262780226198, 0.08881958540130235, -0.01928884050669282, -0.05893629364875533, 0.22679436031808353, 0.07773795379384776, 0.035017214542173776, 0.08581834479304695, 0.13653992828038053, 0.059265196321870044, 0.07912686190917766, -0.0362618404098798]}, {"time": 9.05, "step_sample_count": 256, "data": [0.0, 0.0, 0.28198112316118484, 1.0, 0.130605741143411, -0.08930221070485281, 0.018489949514370992, -0.07562439645161814, 0.08603735185027665, -0.016681559869804893, -0.060167588517707274, 0.20509098129693362, 0.06777548845768858, 0.03930104413456788, 0.08653260348969984, 0.1356761406355336, 0.05720113588890184, 0.0831662093495121, -0.03528579191976841]}, {"time": 9.1, "step_sample_count": 256, "data": [0.0, 0.0, 0.27815903711081147, 1.0, 0.11510549016330471, -0.07194087854192907, 0.01833688620843714, -0.0809908803159993, 0.0831972884031527, -0.01432918505210749, -0.06135929041432221, 0.18330791189975018, 0.05845061659753159, 0.042613434526651034, 0.08722299787732021, 0.13486091100920716, 0.055045895023670556, 0.08707839707012163, -0.03437090629975543]}, {"time": 9.15, "step_sample_count": 256, "data": [0.0, 0.0, 0.2749083062128323, 1.0, 0.09901007760184463, -0.054862358573109705, 0.018193335877769633, -0.08677957398610812, 0.08034701107529219, -0.012258099070203974, -0.06251133205587318, 0.1614677439369029, 0.04982511464881106, 0.04497658637813056, 0.08788000953246412, 0.1340835368180668, 0.05280473475889416, 0.09085574231695953, -0.033517528217653865]}, {"time": 9.200000000000001, "step_sample_count": 256, "data": [0.0, 0.0, 0.27223302003967187, 1.0, 0.08233719792707424, -0.03809844432113567, 0.01805598104993379, -0.09298699603827125, 0.0775360541937834, -0.01049192358005278, -0.06362368878917497, 0.1395939663721126, 0.041957254843552325, 0.046417797535784656, 0.08849513934442926, 0.13333322105502562, 0.050483266833016585, 0.09449077365802315, -0.03272580092866668]}, {"time": 9.25, "step_sample_count": 256, "data": [0.0, 0.0, 0.2701367340549524, 1.0, 0.06510684902949859, -0.021681181829468654, 0.01792157269181086, -0.09960874142048097, 0.07481553376112814, -0.00905129477990785, -0.06469631747096208, 0.1177109158813051, 0.03490130657771003, 0.04696936127757999, 0.08906097881607747, 0.13259923430340623, 0.04808746442181171, 0.09797630116307827, -0.03199557154111526]}, {"time": 9.3, "step_sample_count": 256, "data": [0.0, 0.0, 0.26862249364852553, 1.0, 0.04734130484460764, -0.005642615430878879, 0.017786981759510684, -0.1066395416379735, 0.07223778055852514, -0.007953662081953495, -0.06572910048239032, 0.09584370184046724, 0.028707047408659234, 0.04666840286031992, 0.08957125265243744, 0.13187106869361437, 0.04562366257450396, 0.10130548842386887, -0.03132630266417177]}, {"time": 9.35, "step_sample_count": 256, "data": [0.0, 0.0, 0.2676928547115393, 1.0, 0.029065031984300087, 0.009985493242746347, 0.01764924557605984, -0.11407333201051001, 0.0698559477579979, -0.007213115135556534, -0.06672179635632286, 0.07401810723842851, 0.023419297998758547, 0.045556650759712894, 0.09002083276948336, 0.1311385807837125, 0.04309854793434391, 0.10447192351042046, -0.0307169933462246]}, {"time": 9.4, "step_sample_count": 256, "data": [0.0, 0.0, 0.26734990347645504, 1.0, 0.010304551893351726, 0.025171963506897273, 0.01750560827404475, -0.12190332503609941, 0.0677235991244195, -0.006840244325409662, -0.06767399820212015, 0.052260467873729954, 0.01907749519228033, 0.043680141687215894, 0.09040572469301646, 0.13039212065366995, 0.040519137815988635, 0.1074696860114474, -0.030166111952949604]}, {"time": 9.450000000000001, "step_sample_count": 256, "data": [0.0, 0.0, 0.2675952779126026, 1.0, -0.008911747815138324, 0.039886501035754605, 0.01735355472821279, -0.13012208867132288, 0.06589428494197591, -0.00684203910292737, -0.06858510078306279, 0.030597532979637795, 0.015715316542767567, 0.04108886125999782, 0.09072302811082018, 0.1296226449068089, 0.03789274918974259, 0.11029340748923103, -0.029671543284774997]}, {"time": 9.5, "step_sample_count": 256, "data": [0.0, 0.0, 0.26843019245192373, 1.0, -0.028553847213476098, 0.05410000019696384, 0.017190837604862903, -0.13872162813727126, 0.06442111352489213, -0.007221827481358994, -0.069454276752136, 0.009056311091205072, 0.013360368046659589, 0.037836324928804836, 0.09097087405592769, 0.128821811756334, 0.03522695856233373, 0.11293832298135348, -0.02923055180531662]}, {"time": 9.55, "step_sample_count": 256, "data": [0.0, 0.0, 0.2698554672465377, 1.0, -0.04859036574421425, 0.06778483335720346, 0.017015497362966717, -0.14769346969154995, 0.06335632652057031, -0.00797925879377412, -0.07028046219953951, -0.012336094508310302, 0.012033944679572804, 0.0339791062795753, 0.0911483418042753, 0.12798205691935133, 0.03252955412420252, 0.11540031158647884, -0.028839762361221506]}, {"time": 9.600000000000001, "step_sample_count": 256, "data": [0.0, 0.0, 0.2718715625528428, 1.0, -0.06898886298157945, 0.08091511790920987, 0.01682587524796134, -0.1570287446782331, 0.06275088616069006, -0.009110330450863654, -0.07106235132657296, -0.03355265607192813, 0.011750870702285957, 0.029576321981369946, 0.0912553590415559, 0.12709664962094822, 0.029808481836463785, 0.11767592465664052, -0.028495159238856652]}, {"time": 9.65, "step_sample_count": 256, "data": [0.0, 0.0, 0.27447861821742076, 1.0, -0.08971615870701885, 0.09346695284284906, 0.01662061951461043, -0.16671827208439782, 0.06265408216441638, -0.010607458022299352, -0.07179839975081803, -0.0545665925485278, 0.012519423758898269, 0.024689084344205074, 0.09129258917483228, 0.12615972860000788, 0.027071787343686288, 0.1197624006578763, -0.028192103845908163]}, {"time": 9.700000000000001, "step_sample_count": 256, "data": [0.0, 0.0, 0.2776764976272853, 1.0, -0.11073866195314892, 0.10541861805877159, 0.01639868529231653, -0.17675263779705933, 0.06311316517544156, -0.012459586582745623, -0.07248683567974822, -0.07535153678762989, 0.014341343699539563, 0.01937993359699458, 0.09126130982629892, 0.1251663185795573, 0.024327555713755236, 0.12165766632593386, -0.027925370748378642]}, {"time": 9.75, "step_sample_count": 256, "data": [0.0, 0.0, 0.28146483489814644, 1.0, -0.13202269852397422, 0.11675073122495447, 0.01615932865800554, -0.18712226876906216, 0.06417301247184988, -0.014652339988814314, -0.0731256779738726, -0.09588169417291764, 0.01721192399709224, 0.013712262555835254, 0.09116328655050791, 0.12411232819262395, 0.02158385102149709, 0.12336032430526732, -0.027689201257197305]}, {"time": 9.8, "step_sample_count": 256, "data": [0.0, 0.0, 0.28584308352446264, 1.0, -0.15353482677795335, 0.12744635871771912, 0.01590209560298587, -0.19781750036602952, 0.06587583029418968, -0.017168203654178017, -0.07371275996249248, -0.11613198845524005, 0.021120180755515177, 0.007749746321693706, 0.09100064567195175, 0.12299453081832676, 0.018848657712305837, 0.12486962799030571, -0.027477373263109325]}, {"time": 9.850000000000001, "step_sample_count": 256, "data": [0.0, 0.0, 0.2908105642175366, 1.0, -0.17524213213105644, 0.13749107898126406, 0.015626806667640165, -0.2088286352764329, 0.0682608955753003, -0.019986735520986072, -0.07424575777751904, -0.13607819109462488, 0.026049091771083378, 0.0015557890551712128, 0.09077574986412146, 0.12181053016571511, 0.016129825514736455, 0.12618544476387109, -0.027283285579975315]}, {"time": 9.9, "step_sample_count": 256, "data": [0.0, 0.0, 0.2963665092249003, 0.9999999999999999, -0.1971124917484824, 0.1468729983988257, 0.015333538070163133, -0.22014599251984396, 0.07136433821510346, -0.02308479932451948, -0.07472222193242067, -0.15569703108310523, 0.03197589602416482, -0.00480700121364642, 0.09049107970664758, 0.12055871273386581, 0.013435019430211326, 0.1273082092290527, -0.027100054687532255]}, {"time": 9.950000000000001, "step_sample_count": 256, "data": [0.0, 0.0, 0.3025101000668905, 1.0, -0.21911480218191673, 0.15558272141818144, 0.015022600173385164, -0.23175994528003607, 0.07521896341538346, -0.026436813934690117, -0.07513961088988051, -0.17496628297307862, 0.03887244243183034, -0.011277300283716483, 0.09014912399021882, 0.11923818947103736, 0.01077167603005636, 0.12823886834356568, -0.02692062147321951]}], "random_generator": {"seed": "very_nice_seed"}, "realworld_total_calculation_time": 27.615}