{"hamiltonian": {"U": 1.0, "E": 0.5, "J": 0.1, "phi": 0.3141592653589793, "type": "HardcoreBosonicHamiltonianExact"}, "start_time": 0.0, "time_step": 0.05, "number_of_time_steps": 200, "sampler": {"system_geometry": {"type": "LinearChainNonPeriodicState", "size": 4}, "initial_system_state": {"type": "HomogenousInitialSystemState"}, "type": "ExactSampler"}, "observables": [{"type": "Concurrence", "label": "Concurrence between 0 up and 1 up", "perform_checks": false, "index_l": 0, "up_sigma": true, "index_m": 1, "up_sigma_prime": true}, {"type": "ConcurrenceAsymm", "label": "Assym-Concurrence between 0 up and 1 up", "perform_checks": false, "index_l": 0, "up_sigma": true, "index_m": 1, "up_sigma_prime": true}, {"type": "Purity", "label": "Purity of red. density matrix of 0 up and 1 up", "perform_checks": false, "index_l": 0, "up_sigma": true, "index_m": 1, "up_sigma_prime": true}, {"type": "PauliMeasurement", "label": "Pauli Measurement 00 of sites 0 up and 1 up", "perform_checks": false, "index_l": 0, "up_sigma": true, "index_m": 1, "up_sigma_prime": true, "index_of_pauli_op": 0}, {"type": "PauliMeasurement", "label": "Pauli Measurement 0x of sites 0 up and 1 up", "perform_checks": false, "index_l": 0, "up_sigma": true, "index_m": 1, "up_sigma_prime": true, "index_of_pauli_op": 1}, {"type": "PauliMeasurement", "label": "Pauli Measurement 0y of sites 0 up and 1 up", "perform_checks": false, "index_l": 0, "up_sigma": true, "index_m": 1, "up_sigma_prime": true, "index_of_pauli_op": 2}, {"type": "PauliMeasurement", "label": "Pauli Measurement 0z of sites 0 up and 1 up", "perform_checks": false, "index_l": 0, "up_sigma": true, "index_m": 1, "up_sigma_prime": true, "index_of_pauli_op": 3}, {"type": "PauliMeasurement", "label": "Pauli Measurement x0 of sites 0 up and 1 up", "perform_checks": false, "index_l": 0, "up_sigma": true, "index_m": 1, "up_sigma_prime": true, "index_of_pauli_op": 4}, {"type": "PauliMeasurement", "label": "Pauli Measurement xx of sites 0 up and 1 up", "perform_checks": false, "index_l": 0, "up_sigma": true, "index_m": 1, "up_sigma_prime": true, "index_of_pauli_op": 5}, {"type": "PauliMeasurement", "label": "Pauli Measurement xy of sites 0 up and 1 up", "perform_checks": false, "index_l": 0, "up_sigma": true, "index_m": 1, "up_sigma_prime": true, "index_of_pauli_op": 6}, {"type": "PauliMeasurement", "label": "Pauli Measurement xz of sites 0 up and 1 up", "perform_checks": false, "index_l": 0, "up_sigma": true, "index_m": 1, "up_sigma_prime": true, "index_of_pauli_op": 7}, {"type": "PauliMeasurement", "label": "Pauli Measurement y0 of sites 0 up and 1 up", "perform_checks": false, "index_l": 0, "up_sigma": true, "index_m": 1, "up_sigma_prime": true, "index_of_pauli_op": 8}, {"type": "PauliMeasurement", "label": "Pauli Measurement yx of sites 0 up and 1 up", "perform_checks": false, "index_l": 0, "up_sigma": true, "index_m": 1, "up_sigma_prime": true, "index_of_pauli_op": 9}, {"type": "PauliMeasurement", "label": "Pauli Measurement yy of sites 0 up and 1 up", "perform_checks": false, "index_l": 0, "up_sigma": true, "index_m": 1, "up_sigma_prime": true, "index_of_pauli_op": 10}, {"type": "PauliMeasurement", "label": "Pauli Measurement yz of sites 0 up and 1 up", "perform_checks": false, "index_l": 0, "up_sigma": true, "index_m": 1, "up_sigma_prime": true, "index_of_pauli_op": 11}, {"type": "PauliMeasurement", "label": "Pauli Measurement z0 of sites 0 up and 1 up", "perform_checks": false, "index_l": 0, "up_sigma": true, "index_m": 1, "up_sigma_prime": true, "index_of_pauli_op": 12}, {"type": "PauliMeasurement", "label": "Pauli Measurement zx of sites 0 up and 1 up", "perform_checks": false, "index_l": 0, "up_sigma": true, "index_m": 1, "up_sigma_prime": true, "index_of_pauli_op": 13}, {"type": "PauliMeasurement", "label": "Pauli Measurement zy of sites 0 up and 1 up", "perform_checks": false, "index_l": 0, "up_sigma": true, "index_m": 1, "up_sigma_prime": true, "index_of_pauli_op": 14}, {"type": "PauliMeasurement", "label": "Pauli Measurement zz of sites 0 up and 1 up", "perform_checks": false, "index_l": 0, "up_sigma": true, "index_m": 1, "up_sigma_prime": true, "index_of_pauli_op": 15}], "measurements": [{"time": 0.0, "step_sample_count": 256, "data": [1.092798244665664e-08, 0.0, 1.0, 1.0, 1.0, 0.0, 0.0, 1.0, 1.0, 0.0, 0.0, 0.0, 0.0, 0.0, 0.0, 0.0, 0.0, 0.0, 0.0]}, {"time": 0.05, "step_sample_count": 256, "data": [0.0046803402279240874, 0.004680340227440463, 0.9993627577012926, 1.0, 0.9995766050152206, 0.013106993207893686, 8.666830248263431e-10, 0.9996181770143593, 0.9992199317882611, 0.013102152355831754, 5.328527168333053e-05, -0.01066055529878493, -0.010656471848126417, -0.00012722637368951415, 0.004998620024097215, 5.9418794206477865e-05, -6.123662516975553e-06, 0.004999315948179302, -1.2492989320178107e-05]}, {"time": 0.1, "step_sample_count": 256, "data": [0.008718105085193113, 0.0087181050849542, 0.9974541198220365, 1.0, 0.9983071945900207, 0.02618519845492298, 1.3858995737484052e-08, 0.9984732367365663, 0.9968828258979788, 0.026146524706292897, 0.00021268784358610023, -0.021296735047295276, -0.021264117125257644, -0.0005076358268555931, 0.009988971160596594, 0.00023740852953207665, -2.4563263212426252e-05, 0.009994526762866673, -4.9887927664524365e-05]}, {"time": 0.15000000000000002, "step_sample_count": 256, "data": [0.012109833490419353, 0.012109833490747695, 0.9942833279728511, 1.0, 0.9961940890662636, 0.039205898031406096, 7.009417856036759e-08, 0.9965667642302907, 0.9929979625984512, 0.03907567228048101, 0.000476852913969727, -0.03188420779265784, -0.031774401401935916, -0.001137429061564985, 0.014962839213916475, 0.0005331708333526797, -5.5523807178741846e-05, 0.014981523221895724, -0.00011193346394243638]}, {"time": 0.2, "step_sample_count": 256, "data": [0.01485397355432657, 0.014853973554323822, 0.9898657003463831, 1.0, 0.9932411448976805, 0.05214051427888407, 2.2123554030764621e-07, 0.9939013980247333, 0.9875807558861904, 0.05183281866566821, 0.0008435388455865091, -0.04239873018479382, -0.042139372706467275, -0.0020103061987485566, 0.019912118688225736, 0.0009453803056539744, -9.934420017654678e-05, 0.019956188038028254, -0.00019821313098703305]}, {"time": 0.25, "step_sample_count": 256, "data": [0.016950892664610966, 0.01695089266458625, 0.9842225060538089, 1.0, 0.9894537386005442, 0.06496067849477481, 5.391934367847414e-07, 0.9904808252568518, 0.9806526741539094, 0.06436218472495689, 0.0013096415048453724, -0.05281619079801016, -0.05231194820319319, -0.0031175149654935853, 0.02482886543596247, 0.0014721923161756542, -0.00015649313548804478, 0.024914392104926596, -0.0003081489950053644]}, {"time": 0.30000000000000004, "step_sample_count": 256, "data": [0.01840288107181579, 0.018402881071824275, 0.9773807913262766, 1.0, 0.9848387445319186, 0.07763829851105575, 1.1157049565552533e-06, 0.9863097748856664, 0.9722411298190948, 0.07660931124438979, 0.0018712279208296582, -0.06311265367742436, -0.062246195445377794, -0.004447917681352279, 0.029705347290768805, 0.002111253851887749, -0.000227563416622071, 0.029851991071265415, -0.00044100671017692646]}, {"time": 0.35000000000000003, "step_sample_count": 256, "data": [0.01921414884068547, 0.019214148840684758, 0.9693731596705952, 1.0, 0.9794045067378844, 0.09014562453654028, 2.061790813952768e-06, 0.9813940089937657, 0.9623793385976321, 0.0885213732908497, 0.0025235788548468247, -0.07326440151950116, -0.07189760645282814, -0.005988076572356975, 0.03453409205599996, 0.0028597173468520175, -0.00031326479523282523, 0.03476482234238832, -0.0005959019246621477]}, {"time": 0.4, "step_sample_count": 256, "data": [0.01939081605781967, 0.01939081605783138, 0.960237508607604, 1.0, 0.9731608051762591, 0.1024553128785592, 3.507087788000643e-06, 0.9757403121954231, 0.9511061492943862, 0.10004748432250304, 0.0032612397634497075, -0.08324797839683322, -0.0812233629138989, -0.007722356813280483, 0.03930793225606545, 0.0037142574079547137, -0.0004144154238180644, 0.03964870260063928, -0.000771807970223904]}, {"time": 0.45, "step_sample_count": 256, "data": [0.01894089621223218, 0.01894089621223339, 0.950016726119401, 1.0, 0.9661188166757184, 0.11454048719168836, 5.599055055895833e-06, 0.9693564791750107, 0.9384658451623772, 0.11113898816799851, 0.004078079536789372, -0.09304023193836874, -0.09018259087262323, -0.009633046575292053, 0.0440200461020432, 0.004671090332020754, -0.0005319320411676864, 0.04449942592550534, -0.0009675647545166126]}, {"time": 0.5, "step_sample_count": 256, "data": [0.0178742726927454, 0.017874272692745104, 0.9387583503799364, 1.0, 0.9582910710442538, 0.1263747969379353, 8.502052992171057e-06, 0.9622513003835047, 0.9245079180535257, 0.12174973707840099, 0.0049673563011366755, -0.10261835487756342, -0.0987366033338149, -0.011700493238523724, 0.048663994174645474, 0.005725996292601773, -0.0006668190248680741, 0.04931276258319209, -0.001181888763052679]}, {"time": 0.55, "step_sample_count": 256, "data": [0.016202668374437887, 0.016202668374437422, 0.9265141967365454, 1.0, 0.9496914027845026, 0.13793247278382895, 1.239629345358481e-05, 0.9544345459250551, 0.9092868167459002, 0.13183635415612366, 0.005921789490526405, -0.11195992588242286, -0.10684912930147139, -0.013903254818049071, 0.05323375138600948, 0.006874344058359211, -0.0008201564590508817, 0.05408445854248681, -0.0014133840670254789]}, {"time": 0.6000000000000001, "step_sample_count": 256, "data": [0.013939608295733697, 0.013939608295735699, 0.9133399562419651, 1.0, 0.9403348989103156, 0.14918837870430587, 1.7476661242510176e-05, 0.9459169476696625, 0.892861670983596, 0.1413584785769831, 0.006933637318857254, -0.12104294958309506, -0.11448652785795782, -0.016218265548204686, 0.057723733846119625, 0.008111118089564755, -0.0009930873769199919, 0.05881023576000608, -0.0016605542237423275]}, {"time": 0.65, "step_sample_count": 256, "data": [0.011100375458299923, 0.011100375458300565, 0.8992947703033669, 1.0, 0.930237843388016, 0.16011806061032818, 2.395140735831409e-05, 0.936710179631951, 0.8752959929047742, 0.15027899214389392, 0.007994778721291779, -0.12984589571456753, -0.12161798599247434, -0.018621014474834264, 0.062128820329062306, 0.009430947844903729, -0.0011868043460404707, 0.06348579326347717, -0.0019218149484087812]}, {"time": 0.7000000000000001, "step_sample_count": 256, "data": [0.007701959813882858, 0.0077019598138833145, 0.8844407862139667, 1.0, 0.9194176587463307, 0.17069779136588423, 3.204071577990466e-05, 0.9268268366599596, 0.8566573576601347, 0.15856422584256805, 0.009096798783218151, -0.13834773729412791, -0.1282156989963414, -0.021085735818515, 0.0664443681078105, 0.010828139117611851, -0.0014025355699482408, 0.06810680904688421, -0.002195507429565221]}, {"time": 0.75, "step_sample_count": 256, "data": [0.003763000535640243, 0.0037630005356414347, 0.8688426984621778, 1.0, 0.907892845410917, 0.18090461210947673, 4.1975146862341384e-05, 0.9162804114816616, 0.83701706513719, 0.1661841452096509, 0.01023107663693125, -0.14652798775553263, -0.13425503235875802, -0.023585609794751706, 0.0706662230028308, 0.012296707208031561, -0.0016415306821927792, 0.07266894277642132, -0.0024799121555817566]}, {"time": 0.8, "step_sample_count": 256, "data": [0.0, 0.0, 0.8525672807729459, 1.0, 0.8956829193228082, 0.19071636984448792, 5.399396194209937e-05, 0.9050852701606494, 0.8164497848046874, 0.17311251347082057, 0.011388874781013044, -0.15436673696433806, -0.1397146642189519, -0.02609297250994501, 0.07479072356846207, 0.013830411729066872, -0.0019050464084664747, 0.07716783929158567, -0.002773263116346115]}, {"time": 0.8500000000000001, "step_sample_count": 256, "data": [0.0, 0.0, 0.8356829138263703, 1.0, 0.8828083483946196, 0.20011175131094674, 6.83433354194155e-05, 0.8932566260159572, 0.7950331857756139, 0.1793270315591586, 0.012561428765344655, -0.16184468604150326, -0.14457670755800894, -0.028579533495017847, 0.07881469942064115, 0.01542279283180436, -0.002194332269033084, 0.08159913287168138, -0.0030737622425636288]}, {"time": 0.9, "step_sample_count": 256, "data": [0.0, 0.0, 0.8182591135226238, 1.0, 0.8692904883448986, 0.2090703131974106, 8.527446234396668e-05, 0.8808105120645315, 0.7728475542562065, 0.18480945428130333, 0.013740036185886923, -0.1689431809252686, -0.14882681144517906, -0.031016599392239507, 0.08273546378910493, 0.017067208630707268, -0.002510616487381448, 0.08595845222485703, -0.003379593944973569]}, {"time": 0.9500000000000001, "step_sample_count": 256, "data": [0.0, 0.0, 0.8003660645221268, 1.0, 0.8551515184291827, 0.21757250879495843, 0.000105041571355948, 0.8677637520481014, 0.7499754006018996, 0.18954568205914582, 0.014916143947664075, -0.175644244604331, -0.15245424078799785, -0.033375302275138165, 0.08655080045556675, 0.018756873601485955, -0.002855092262035912, 0.09024142614476136, -0.0036889396171276992]}, {"time": 1.0, "step_sample_count": 256, "data": [0.0, 0.0, 0.7820741635907438, 1.0, 0.840414377557496, 0.22559971123502126, 0.00012789985467965333, 0.8541339301094765, 0.7265010582391548, 0.19352582783684125, 0.016081432781540835, -0.18193060795858024, -0.15545193417218378, -0.03562683105654647, 0.090258945315532, 0.02048489771983956, -0.0032289045469466584, 0.09444368976931894, -0.003999991968191349]}, {"time": 1.05, "step_sample_count": 256, "data": [0.0, 0.0, 0.7634535770259265, 1.0, 0.8251027012520886, 0.2331342334881614, 0.00015410332866248885, 0.839939359186241, 0.702510276734556, 0.19674425890533195, 0.0172278980399358, -0.18778573914703164, -0.15781653951486527, -0.03774266442576325, 0.09385856287434124, 0.02224432610591898, -0.0036331374721591076, 0.09856089136714617, -0.004310969056366063]}, {"time": 1.1, "step_sample_count": 256, "data": [0.0, 0.0, 0.7445738161375052, 1.0, 0.8092407598575225, 0.2401593453314147, 0.00018390264007143124, 0.8251990481927707, 0.6780898112997151, 0.1991996135581684, 0.018347925847978567, -0.19319387148613762, -0.15954842739230699, -0.03969480375238526, 0.09734871805674822, 0.02402817893747142, -0.004068802520780629, 0.1025886995699882, -0.004620127898912299]}, {"time": 1.1500000000000001, "step_sample_count": 256, "data": [0.0, 0.0, 0.7255033344122999, 1.0, 0.7928533983683478, 0.24665928751693292, 0.00021754283493520828, 0.8099326680641038, 0.6533270110126302, 0.20089479265191618, 0.019434363749024092, -0.19814002976536874, -0.1606516820399517, -0.04145600440139262, 0.10072884377295223, 0.02582949139426161, -0.00453682756098657, 0.10652281096437971, -0.004925777541272582]}, {"time": 1.2000000000000002, "step_sample_count": 256, "data": [0.0, 0.0, 0.7063091496118273, 1.0, 0.7759659781885658, 0.25261928339400846, 0.00025526110812893707, 0.7941605167377852, 0.6283094080135772, 0.2018369263006697, 0.020480585056063236, -0.20261005495077833, -0.16113407015730918, -0.04300000392126283, 0.1039987047416518, 0.027641353397419237, -0.005038046813265602, 0.11035895795263227, -0.005226291475298535]}, {"time": 1.25, "step_sample_count": 256, "data": [0.0, 0.0, 0.6870564936442003, 1.0, 0.758604321082966, 0.25802554824993595, 0.00029728455308063493, 0.7779034831520759, 0.6031243098971008, 0.20203731608606812, 0.02148054620235183, -0.20659062723125857, -0.16100698778217323, -0.044301745593838655, 0.10715835812164361, 0.029456948909933205, -0.005573191813728123, 0.11409291679228274, -0.005520119305004943]}, {"time": 1.3, "step_sample_count": 256, "data": [0.0, 0.0, 0.6678084926219492, 1.0, 0.7407946555241259, 0.26286529664236263, 0.00034382793191928724, 0.7611830103410652, 0.5778583974715645, 0.20151135331064476, 0.02242883647447063, -0.2100692873662777, -0.16028538562693342, -0.045337595871003, 0.11020811154705551, 0.03126959456837869, -0.006142883414438091, 0.11772051572431348, -0.005805797567406909]}, {"time": 1.35, "step_sample_count": 256, "data": [0.0, 0.0, 0.6486258790742644, 1.0, 0.7225635655816349, 0.26712674799688113, 0.000395091487029007, 0.7440210577090991, 0.552597329995064, 0.20027841396245263, 0.023320719607824673, -0.21303445629810583, -0.15898767339364173, -0.046085554268357636, 0.11314847919694657, 0.033072777421280015, -0.006747624841785608, 0.12123764310373283, -0.006081959625792301]}, {"time": 1.4000000000000001, "step_sample_count": 256, "data": [0.0, 0.0, 0.6295667378320484, 1.0, 0.7039379424429083, 0.2707991307387146, 0.0004512588153530911, 0.7264400625686865, 0.5274253599219608, 0.19836173119178033, 0.024152166827001158, -0.21547545299585932, -0.15713560370329951, -0.04652545433955212, 0.11598013655725142, 0.034860191556031116, -0.007387795814358529, 0.1246402554514322, -0.006347344563053982]}, {"time": 1.4500000000000002, "step_sample_count": 256, "data": [0.0, 0.0, 0.6106862866537928, 1.0, 0.684944938598784, 0.2738726852166559, 0.0005124948268187266, 0.7084629010274487, 0.5024249591086942, 0.19578824622568164, 0.02491988102017626, -0.21738251050308113, -0.15475413638785487, -0.04663915441603357, 0.11870387455152359, 0.036625773404106686, -0.008063647702868638, 0.12792438535342485, -0.006600805013371319]}, {"time": 1.5, "step_sample_count": 256, "data": [0.0, 0.0, 0.5920366922162942, 1.0, 0.6656119246731217, 0.2763386656613849, 0.000578943808014407, 0.6901128483109613, 0.4776764583320392, 0.19258843876233778, 0.025621311846485275, -0.2187467901650668, -0.15187128400015107, -0.04641071686516578, 0.12132055372645374, 0.03836373552321388, -0.008775299696927934, 0.13108614914252725, -0.00684131388146959]}, {"time": 1.55, "step_sample_count": 256, "data": [0.0, 0.0, 0.573666921662228, 1.0, 0.6459664488246113, 0.27818934139929163, 0.0006507276116582477, 0.6714135386093002, 0.4532577018683784, 0.18879613799436717, 0.026254661686618115, -0.2195603940166851, -0.14851793949703612, -0.04582657469423027, 0.12383105917852116, 0.04006859866505527, -0.009522735927116787, 0.13412175430798653, -0.007067969909767304]}, {"time": 1.6, "step_sample_count": 256, "data": [0.0, 0.0, 0.5556226294821711, 1.0, 0.6260361986019617, 0.2794179975176054, 0.0007279439915401858, 0.6523889245359008, 0.429243718770033, 0.18444831550773194, 0.026818882458464217, -0.21981637531604628, -0.14472768714360895, -0.04487568440808827, 0.1262362568994264, 0.04173522194836778, -0.010305803476198633, 0.13702750659031565, -0.007280002064889236]}, {"time": 1.6500000000000001, "step_sample_count": 256, "data": [0.0, 0.0, 0.5379460791163324, 1.0, 0.6058489650911729, 0.2800189351475431, 0.0008106651014562876, 0.633063236287773, 0.40570641235515004, 0.1795848613904113, 0.027313663430119532, -0.2195087472139864, -0.14053659777183747, -0.043549664113563764, 0.12853695220021383, 0.043358830968828935, -0.0111242112007755, 0.13979981673131173, -0.007476772726131551]}, {"time": 1.7000000000000002, "step_sample_count": 256, "data": [0.0, 0.0, 0.520676098295388, 1.0, 0.5854326091566411, 0.27998747150014786, 0.0008989361752559086, 0.6134609405964369, 0.38271426930231284, 0.17424834496241812, 0.027739410270574173, -0.21863248955400666, -0.13598300960428247, -0.041842915953212455, 0.13073385084747607, 0.04493504369014601, -0.011977529274356954, 0.1424352068626935, -0.007657779669482578]}, {"time": 1.75, "step_sample_count": 256, "data": [0.0, 0.0, 0.5038480668035852, 1.0, 0.5648150295466484, 0.279319939755174, 0.0009927744034556201, 0.5936066995589049, 0.36033208961077834, 0.16848376160581224, 0.028097215682717627, -0.2171835538019551, -0.13110729592320272, -0.0397527320443902, 0.132827523510049, 0.04645989397409408, -0.01286518935496992, 0.1449303165306352, -0.007822656851603414]}, {"time": 1.8, "step_sample_count": 256, "data": [0.0, 0.0, 0.48749393504359784, 1.0, 0.5440241326089887, 0.2780136888676179, 0.001092168020059502, 0.5735253294377521, 0.33862073855322017, 0.16233826723008277, 0.02838882206268539, -0.21515886610938553, -0.1259516209268047, -0.03727938319575762, 0.1348183740715724, 0.04792985262139395, -0.013786485275150626, 0.14728190836735117, -0.007971174008709368]}, {"time": 1.85, "step_sample_count": 256, "data": [0.0, 0.0, 0.4716422715135952, 1.0, 0.5230878033443807, 0.27606708332015034, 0.0011970756111774037, 0.5532417595188536, 0.31763692161103746, 0.15586090195477506, 0.028616576722887387, -0.21255632851916792, -0.12055968516781049, -0.03442618977191336, 0.13670661231378572, 0.049341845809929646, -0.014740574149541876, 0.14948687343454556, -0.008103235095508728]}, {"time": 1.9000000000000001, "step_sample_count": 256, "data": [0.0, 0.0, 0.45631833707389735, 1.0, 0.5020338775138988, 0.2734795028135405, 0.0013074256549139038, 0.532780991114512, 0.2974329832435748, 0.14910230462754048, 0.028783380302243197, -0.20937481832648547, -0.1149764620148132, -0.031199574177118758, 0.13849223141799363, 0.05069327083193638, -0.015726477795397056, 0.15154223627655258, -0.00821887559913356]}, {"time": 1.9500000000000002, "step_sample_count": 256, "data": [0.0, 0.0, 0.44154418368447607, 1.0, 0.48089011451220487, 0.27025134185203087, 0.0014231162997192395, 0.5121680567987252, 0.2780567302030312, 0.14211441982223483, 0.028892629065272474, -0.20561418561290679, -0.1092479266142155, -0.02760909453048718, 0.14017499066855565, 0.05198200904721965, -0.016743084364034794, 0.1534451597331189, -0.008318258772360523]}, {"time": 2.0, "step_sample_count": 256, "data": [0.0, 0.0, 0.42733877513547713, 1.0, 0.4596841707205953, 0.26638400914727917, 0.0015440153860897079, 0.4914279799599907, 0.2595512799671868, 0.13495019897848784, 0.02894815186086031, -0.20127524897564752, -0.10342077885995746, -0.02366745920700812, 0.1417544036732301, 0.05320643598521923, -0.01778915008661208, 0.15519294957265575, -0.008401670839210515]}, {"time": 2.0500000000000003, "step_sample_count": 256, "data": [0.0, 0.0, 0.41371812717072187, 1.0, 0.4384435730626997, 0.26187992673370836, 0.0016699607141296223, 0.4705857347555404, 0.24195493472317098, 0.12766329735171056, 0.02895414257101829, -0.19635978947853105, -0.09754216189996197, -0.019390522020867287, 0.14322973234164615, 0.05436542854465866, -0.018863301045358518, 0.15678305901618464, -0.008469515234284353]}, {"time": 2.1, "step_sample_count": 256, "data": [0.0, 0.0, 0.4006954643179098, 1.0, 0.4171956925006062, 0.2567425286605023, 0.001800760557111291, 0.44966620654906914, 0.2253010811981317, 0.12030776844115877, 0.028915088929171166, -0.19087054285538185, -0.09165937772238462, -0.014797257929245654, 0.1445999867859148, 0.05545836925552514, -0.019964034891476884, 0.15821309322977825, -0.008522305944777745]}, {"time": 2.15, "step_sample_count": 256, "data": [0.0, 0.0, 0.38828139068790574, 1.0, 0.3959677172299705, 0.2509762591017389, 0.0019361944187954979, 0.42869415291199175, 0.2096181164974531, 0.11293775755392439, 0.028835698625910698, -0.1848111900007691, -0.08581960137168079, -0.009909719235725449, 0.14586393122744934, 0.05648514758420493, -0.021089722442999254, 0.15948081386895502, -0.00856066003105542]}, {"time": 2.2, "step_sample_count": 256, "data": [0.0, 0.0, 0.3764840719873579, 1.0, 0.37478662535853935, 0.2445865697067346, 0.002076014029937341, 0.4076941652659967, 0.19492939997875655, 0.10560719614498362, 0.02872082364739504, -0.17818634578697762, -0.08006959534431785, -0.004752972372225045, 0.14702009591232876, 0.0574461582785845, -0.022238609109756793, 0.16058414376189736, -0.008585289407849379]}, {"time": 2.25, "step_sample_count": 256, "data": [0.0, 0.0, 0.36530942600218597, 1.0, 0.35367915688301665, 0.23757991599802553, 0.002219944577122023, 0.38669063124214464, 0.18125323106083197, 0.0983694985482557, 0.028575383807427895, -0.17100154624997047, -0.07445542570706573, 0.0006449845632811227, 0.1480667949551082, 0.05834229676580747, -0.02340881610796599, 0.1615211718195053, -0.00859699197353169]}, {"time": 2.3000000000000003, "step_sample_count": 256, "data": [0.0, 0.0, 0.3547613188519779, 1.0, 0.3326717848134519, 0.2299637526148534, 0.002367686154823713, 0.36570769782903817, 0.16860285274134207, 0.09127726268146318, 0.02840429043855094, -0.1632632341907817, -0.06902218146734009, 0.006253323239422913, 0.14900214994879396, 0.059174951631055725, -0.024598341443399844, 0.16229015825899193, -0.00859664217948758]}, {"time": 2.35, "step_sample_count": 256, "data": [0.0, 0.0, 0.3448417643847904, 1.0, 0.3117906853317141, 0.22174652719581459, 0.0025189154294513036, 0.3447692353796831, 0.15698648047605368, 0.08438197626899363, 0.028212371200318883, -0.1549787432422951, -0.06381369870542969, 0.012038505126024234, 0.14982411909783627, 0.05994599422115038, -0.025805060659359547, 0.16288954022398108, -0.008585181135275503]}, {"time": 2.4000000000000004, "step_sample_count": 256, "data": [0.0, 0.0, 0.3355511241757052, 1.0, 0.2910617069101257, 0.21293767269549002, 0.0026732875020582096, 0.3238988025435025, 0.14640735595573331, 0.07773373008239151, 0.02800429694438406, -0.146156280454681, -0.05887229095279279, 0.017964419669763112, 0.1505305315524217, 0.06065776543185768, -0.027026727363305452, 0.16331793787782564, -0.008563606348023734]}, {"time": 2.45, "step_sample_count": 256, "data": [0.0, 0.0, 0.3268883057082675, 1.0, 0.2705103383572914, 0.20354759793649993, 0.0028304379544262875, 0.3031196121866711, 0.13686382520506532, 0.07138093964811675, 0.02778451154639113, -0.1368049074558903, -0.054238487269292784, 0.023992540059946568, 0.15111912654708945, 0.06131305975251243, -0.028260973563662608, 0.16357416103823474, -0.008532961196313927]}, {"time": 2.5, "step_sample_count": 256, "data": [0.0, 0.0, 0.31885095645295514, 1.0, 0.25016167579957854, 0.19358767621033376, 0.0029899850613464437, 0.28245449836045083, 0.12834944032113882, 0.06537007681718304, 0.027557165574378487, -0.12693452024649673, -0.049950779435442856, 0.030082095945853256, 0.15158759687570464, 0.06191510665586418, -0.029505309865588417, 0.16365721641033523, -0.008494324239605205]}, {"time": 2.5500000000000003, "step_sample_count": 256, "data": [0.0, 0.0, 0.3114356517085134, 1.0, 0.23004038864775056, 0.18307023175727097, 0.0031515321501739526, 0.26192588437357367, 0.12085308406739924, 0.05974541253175816, 0.027326054612874847, -0.11655582769087051, -0.046045379633705606, 0.03619026238208152, 0.15193363616901318, 0.062467549434832376, -0.03075712559100305, 0.1635663154621876, -0.008448798464078785]}, {"time": 2.6, "step_sample_count": 256, "data": [0.0, 0.0, 0.30463807423775346, 1.0, 0.2101706846381441, 0.17200852397744532, 0.0033146700870627845, 0.24155575202092078, 0.11435911644257421, 0.0545487720601134, 0.02709456300181474, -0.10568032876910737, -0.042555989945854446, 0.042272364196015585, 0.15215498938124664, 0.06297442160116226, -0.03201368890356809, 0.1633008829716614, -0.008397500564587398]}, {"time": 2.6500000000000004, "step_sample_count": 256, "data": [0.0, 0.0, 0.29845318390674663, 1.0, 0.19057627407559186, 0.1604167292511039, 0.003478979867796557, 0.22136561201686325, 0.1088475422530392, 0.0498193039038887, 0.02686561368048506, -0.09432028865634234, -0.03951358494149125, 0.048282094891960496, 0.15224950583937832, 0.06344012097363524, -0.03327214703318064, 0.16286056625681467, -0.008341550360191019]}, {"time": 2.7, "step_sample_count": 256, "data": [0.0, 0.0, 0.2928753757228122, 1.0, 0.17128033344036941, 0.1483099202759251, 0.0036440352897457043, 0.20137647567758757, 0.10429419863140012, 0.04559326351077887, 0.02664162474977027, -0.08248871369803672, -0.0369462085762351, 0.054171749129775605, 0.15221519416332718, 0.06386938159560314, -0.034529526706633305, 0.16224524508361654, -0.008282060437598176]}, {"time": 2.75, "step_sample_count": 256, "data": [0.0, 0.0, 0.28789862486003737, 1.0, 0.15230546855303734, 0.13570404286223953, 0.0038094056802893033, 0.1816088278926369, 0.10067096136378324, 0.04190381285179569, 0.026424473281906887, -0.07019932535153141, -0.03487878655695491, 0.05989246774203563, 0.15205027832840187, 0.06426724363300482, -0.035782734901055664, 0.16145504222551532, -0.008220126112676739]}, {"time": 2.8000000000000003, "step_sample_count": 256, "data": [0.0, 0.0, 0.28351661745906603, 1.0, 0.1336736775185364, 0.12261589016245833, 0.003974658656008506, 0.16208260142171094, 0.09794596881340299, 0.03878083684544043, 0.026215466816743718, -0.057466533165604114, -0.03333295526580596, 0.06539449418294555, 0.15175325411305687, 0.06463902141477636, -0.03702856004434999, 0.16049033462918386, -0.00815681579519496]}, {"time": 2.85, "step_sample_count": 256, "data": [0.0, 0.0, 0.27972286618858555, 1.0, 0.11540631369378139, 0.10906307434829067, 0.004139362886159622, 0.14281715254851868, 0.0960838621584226, 0.03625077753168011, 0.026015322888227596, -0.04430540687095234, -0.03232690826488266, 0.07062744123453447, 0.1513229451561475, 0.06499026978756225, -0.03826367379186215, 0.1593517651202069, -0.008093161836036198]}, {"time": 2.9000000000000004, "step_sample_count": 256, "data": [0.0, 0.0, 0.27651080975743686, 1.0, 0.09752404894079351, 0.09506399578755118, 0.004303090833333347, 0.12383123811920042, 0.0950460405979085, 0.034336486816717804, 0.025824156825548998, -0.030731647655445695, -0.03187526132901421, 0.07554056673116566, 0.15075855783859637, 0.06532674896586121, -0.039484633510803425, 0.1580402545619135, -0.008030151929511502]}, {"time": 2.95, "step_sample_count": 256, "data": [0.0, 0.0, 0.27387389576692045, 1.0, 0.08004683743985239, 0.08063780981082887, 0.00446542144390463, 0.10514299398854633, 0.09479093012079712, 0.03305709852536219, 0.025641477971302357, -0.016761558698651723, -0.03198893687571535, 0.08008305700226909, 0.1500597342050715, 0.06565438806718307, -0.04068788560335568, 0.15655701436034905, -0.007968721136050096]}, {"time": 3.0, "step_sample_count": 256, "data": [0.0, 0.0, 0.27180564649111305, 1.0, 0.06299388034392658, 0.06580439119610995, 0.004625942760839356, 0.08676991489290832, 0.09527426437921606, 0.032427920411404486, 0.025466194355277888, -0.002412015040529926, -0.03267506857855392, 0.08420431667559722, 0.14922660215196945, 0.06597924752941906, -0.041869769795892, 0.1549035591889694, -0.007909744582635238]}, {"time": 3.0500000000000003, "step_sample_count": 256, "data": [0.0, 0.0, 0.2702997073675404, 1.0, 0.04638359155674276, 0.05058429653586065, 0.004784254431706198, 0.06872883576443888, 0.09644937615928073, 0.03246034668794245, 0.025296625758366484, 0.0122995671406684, -0.033936926863263224, 0.08785426342943024, 0.14825982212880015, 0.06630748061433923, -0.04302652451531967, 0.1530817197884269, -0.007854030889999588]}, {"time": 3.1, "step_sample_count": 256, "data": [0.0, 0.0, 0.26934987817013856, 1.0, 0.03023356491219962, 0.03499872468527537, 0.004939970085387725, 0.051035914497024285, 0.09826749789959377, 0.03316179154907555, 0.02513052499769611, 0.027355261766387175, -0.035773865894826284, 0.09098362623225359, 0.14716062963079604, 0.06664529420701966, -0.04415429346424319, 0.15109365568014138, -0.007802316366837221]}, {"time": 3.1500000000000004, "step_sample_count": 256, "data": [0.0, 0.0, 0.26895012702009224, 1.0, 0.014560543022600092, 0.019069475521624725, 0.0050927195519773856, 0.03370661617007273, 0.10067806967024837, 0.03453564406191603, 0.024965107162806612, 0.04273666453709776, -0.0381812925685367, 0.09354424556278428, 0.14593087280107683, 0.06699890912592028, -0.04524913349457668, 0.148941867617646, -0.007755260002386533]}, {"time": 3.2, "step_sample_count": 256, "data": [0.0, 0.0, 0.26909458756692956, 1.0, -0.0006196119524239145, 0.0028189072721994317, 0.005242150901753799, 0.016755698732190384, 0.10362905299316222, 0.03658124471345095, 0.02479708643454921, 0.05842492497905664, -0.04115065791872581, 0.09548937406212563, 0.14457304451053543, 0.06737452016230798, -0.0463070238645462, 0.1466292095872475, -0.007713439279669791]}, {"time": 3.25, "step_sample_count": 256, "data": [0.0, 0.0, 0.26977753984148156, 1.0, -0.015291945385050174, -0.013730107308406356, 0.005387932280933004, 0.00019720014272546718, 0.10706724885826972, 0.039293883800490016, 0.024622720024683128, 0.07440077878543074, -0.04466947125553213, 0.09677397603369982, 0.14309030834240385, 0.06777825607071696, -0.04732387694694565, 0.14415890015968919, -0.007677346822707009]}, {"time": 3.3000000000000003, "step_sample_count": 256, "data": [0.0, 0.0, 0.27099337544330515, 1.0, -0.02944243490043063, -0.03055422561254922, 0.0055297535241019885, -0.015955573034790102, 0.11093861826952851, 0.04266482175281637, 0.02443785868594437, 0.09064458037981168, -0.04872133723283755, 0.09735502417576752, 0.14148651797550163, 0.0682161397341293, -0.04829555043727833, 0.14153453298749946, -0.007647387882183201]}, {"time": 3.35, "step_sample_count": 256, "data": [0.0, 0.0, 0.2727365478774241, 1.0, -0.043058012563107456, -0.04762968039317204, 0.005667327525895534, -0.031690055597097595, 0.11518860364011038, 0.0466813313797687, 0.024238003160740457, 0.10713633563145739, -0.05328601593947241, 0.09719179190630253, 0.13976622953484144, 0.06869404872848711, -0.049217861089363706, 0.13876008623879102, -0.007623878655520487]}, {"time": 3.4000000000000004, "step_sample_count": 256, "data": [0.0, 0.0, 0.2750015089983219, 1.0, -0.056126584384600976, -0.06493232519735335, 0.005800391357494399, -0.04699443223707179, 0.11976244934769846, 0.05132676192892466, 0.024018365862620118, 0.12385573465311665, -0.058339505991143285, 0.09624613962116192, 0.13793470655967435, 0.06921767651102592, -0.05008659998343268, 0.13583993075758893, -0.00760704542917274]}, {"time": 3.45, "step_sample_count": 256, "data": [0.0, 0.0, 0.27778263265265996, 1.0, -0.06863704704353851, -0.08243767969894737, 0.005928707116958324, -0.061857644668033375, 0.12460551975878421, 0.05658062474245359, 0.023773937019131365, 0.14078218461400427, -0.06385415048250014, 0.09448279321440624, 0.13599791732629912, 0.06979249445569906, -0.050897549308054055, 0.1327788367434559, -0.007597024523343086]}, {"time": 3.5, "step_sample_count": 256, "data": [0.0, 0.0, 0.2810741267358823, 1.0, -0.08057930174715056, -0.10012097461428283, 0.0060520625061703075, -0.07626939735697316, 0.12966361303547863, 0.06241870019221876, 0.023499554448518565, 0.15789484250240798, -0.06979876553761169, 0.09186961318477829, 0.1339625243550201, 0.0704237149566302, -0.05164650061285149, 0.12958197874929556, -0.007593863012296763]}, {"time": 3.5500000000000003, "step_sample_count": 256, "data": [0.0, 0.0, 0.2848699349914444, 1.0, -0.09194426520164088, -0.11795719589580363, 0.006170271131245996, -0.09022016189036107, 0.134883269049929, 0.06881316546902753, 0.0231899760965669, 0.17517264777447883, -0.07613879107320771, 0.08837785265530922, 0.13183586602638003, 0.07111625581704654, -0.05232927446426141, 0.12625493880574795, -0.007597520187096169]}, {"time": 3.6, "step_sample_count": 256, "data": [0.0, 0.0, 0.2891636299845926, 1.0, -0.10272387769804504, -0.135921127915499, 0.006283172527576516, -0.1037011799992734, 0.1402120697502417, 0.07573274269483611, 0.022839954424434643, 0.1925943548279938, -0.08283646326277004, 0.08398240264426562, 0.12962593033007383, 0.07187470613651142, -0.05294174141202485, 0.12280370749347852, -0.007607869721963479]}, {"time": 3.6500000000000004, "step_sample_count": 256, "data": [0.0, 0.0, 0.29394829877518736, 1.0, -0.11291110835887797, -0.1539873953727684, 0.006390631915187672, -0.11670446527342844, 0.14559893034816382, 0.08314286671950558, 0.022444311713973864, 0.21013856524227306, -0.08985100806142862, 0.07866202294579057, 0.12734132086949868, 0.07270329390349156, -0.05347984415009779, 0.11923468280080514, -0.007624702500621627]}, {"time": 3.7, "step_sample_count": 256, "data": [0.0, 0.0, 0.29921642289571804, 1.0, -0.12249995762834728, -0.1721305036896036, 0.006492539694687482, -0.1292228035963708, 0.15099437973296412, 0.09100587185624853, 0.021998015344189013, 0.2277837597279279, -0.0971388550221567, 0.07239955700808524, 0.12499121534447462, 0.07360585549328534, -0.05393962073265264, 0.11555466662328397, -0.007647730054917636]}, {"time": 3.75, "step_sample_count": 256, "data": [0.0, 0.0, 0.30495975431110767, 1.0, -0.1314854571243772, -0.1903248776892586, 0.006588810698705173, -0.14124975233652656, 0.1563508285582682, 0.0992811967026655, 0.021496252091322863, 0.24550832973276376, -0.1046538705036602, 0.06518212923635178, 0.12258531683292649, 0.0745858072631796, -0.05431722868423453, 0.11177085878387842, -0.0076765885647529465]}, {"time": 3.8000000000000003, "step_sample_count": 256, "data": [0.0, 0.0, 0.3111691890957916, 1.0, -0.1398636670033686, -0.2085448983922648, 0.006679383218253568, -0.1527796383310739, 0.16162282349930063, 0.10792560608770844, 0.020934500515661945, 0.26329060865288395, -0.11234760924027802, 0.057001323197419546, 0.12013379828799828, 0.07564611942735339, -0.054608969823333235, 0.1078908484768506, -0.007710843365881906]}, {"time": 3.85, "step_sample_count": 256, "data": [0.0, 0.0, 0.31783464061047695, 1.0, -0.14763167101785157, -0.22676493780510307, 0.0067642178278177955, -0.1638075547016217, 0.16676728623731432, 0.11689342907963512, 0.020308600520446946, 0.28110890260084165, -0.12016958311499125, 0.04785333926342217, 0.11764724075881293, 0.07678929238349973, -0.05481131560099006, 0.10392260306520923, -0.007749993910386463]}, {"time": 3.9000000000000004, "step_sample_count": 256, "data": [0.0, 0.0, 0.32494491399548125, 1.0, -0.1547875694723115, -0.2449593916213135, 0.006843296037041432, -0.17432935654250992, 0.17174373579613647, 0.12613681188663411, 0.019614819202006986, 0.2989415206855974, -0.12806754584913715, 0.03773913030340639, 0.1151365659296545, 0.07801733565144173, -0.0549209327409169, 0.09987445419001147, -0.00779347912362393]}, {"time": 3.95, "step_sample_count": 256, "data": [0.0, 0.0, 0.3324875838190554, 1.0, -0.16133047030293216, -0.26310270980139105, 0.006916618800604029, -0.18434165552412826, 0.17651449293285784, 0.1356059843810249, 0.018849912155080625, 0.3167668047619413, -0.1359877921975684, 0.02666451411463702, 0.1126129636525016, 0.07933174957119282, -0.05493470895525187, 0.0957550811796579, -0.007840683101054114]}, {"time": 4.0, "step_sample_count": 256, "data": [0.0, 0.0, 0.34044887672704693, 1.0, -0.1672604785223683, -0.2811694250456849, 0.006984204921070998, -0.1938418134550418, 0.1810448653708501, 0.14524953888049527, 0.01801117945268202, 0.33456315861005226, -0.1438754701168116, 0.014640261379758386, 0.11008781522037488, 0.08073350989393863, -0.05484977850074581, 0.0915734917780443, -0.007890941088550282]}, {"time": 4.05, "step_sample_count": 256, "data": [0.0, 0.0, 0.34881356093394944, 1.0, -0.17257868428057313, -0.29913417922263874, 0.007046089382175039, -0.20282793484787084, 0.185303312758495, 0.15501471972658315, 0.017096515585191055, 0.3523090765088195, -0.1516749042573283, 0.001682158042005053, 0.10757261319284879, 0.08222305538440314, -0.054663547334058524, 0.08733900024158603, -0.007943545690506988]}, {"time": 4.1000000000000005, "step_sample_count": 256, "data": [0.0, 0.0, 0.35756484437412517, 1.0, -0.17728714979690302, -0.3169717478621622, 0.007102321651952968, -0.21129885853480174, 0.1892615903411782, 0.16484772211233492, 0.016104452717803402, 0.3699831711696039, -0.15932992902036516, -0.012188958891749202, 0.10507887863927354, 0.08380027853702438, -0.05437371762207757, 0.08306120288620743, -0.007997753251178638]}, {"time": 4.15, "step_sample_count": 256, "data": [0.0, 0.0, 0.366684283295014, 1.0, -0.18138889541712616, -0.33465706286972485, 0.007152963996429129, -0.21925414837935495, 0.1928948704471237, 0.1746939985287207, 0.015034196708138707, 0.3875642010000768, -0.16678422931625214, -0.026947192981252782, 0.10261807670891512, 0.08546451949135116, -0.05397831136382893, 0.0787499511958997, -0.008052790356177187]}, {"time": 4.2, "step_sample_count": 256, "data": [0.0, 0.0, 0.37615170302068013, 1.0, -0.1848878850415526, -0.35216523365990965, 0.007198089845001057, -0.2266940831315488, 0.19618184100918531, 0.18449857112383705, 0.013885655415690824, 0.4050310966707867, -0.17398168706556932, -0.042561608137408766, 0.10020153146960022, 0.08721456321414509, -0.05347569288461753, 0.07441532263389562, -0.008107860402772614]}, {"time": 4.25, "step_sample_count": 256, "data": [0.0, 0.0, 0.3859451325433424, 1.0, -0.18778901115738716, -0.3694715669477226, 0.0072377822483155685, -0.23361964547389252, 0.19910478047447255, 0.19420634820112945, 0.012659458930726824, 0.42236298696003116, -0.1808667313985038, -0.05899627713107614, 0.09784034097693654, 0.08904863999702309, -0.0528645899705156, 0.07006758932539753, -0.00816215018961842]}, {"time": 4.3, "step_sample_count": 256, "data": [0.0, 0.0, 0.39604075451186904, 1.0, -0.19009807968989204, -0.38655158547107443, 0.007272132468179412, -0.2400325103058021, 0.20164960859118258, 0.20376244302375027, 0.011356971451068584, 0.4395392238555277, -0.18738469043217176, -0.07621035923502219, 0.09554529354432764, 0.09096442929894764, -0.05214411342203418, 0.0657171848067124, -0.008214836478575613]}, {"time": 4.3500000000000005, "step_sample_count": 256, "data": [0.0, 0.0, 0.4064128720789597, 1.0, -0.19182179486334372, -0.4033810459476443, 0.007301238736985883, -0.2459350323139052, 0.20380591270660847, 0.2131124930426701, 0.009980294639556924, 0.4565394068942145, -0.19348214244184841, -0.09415820723729752, 0.0933267861795469, 0.09295906694290121, -0.051313774819651305, 0.0613746690590989, -0.008265092483452146]}, {"time": 4.4, "step_sample_count": 256, "data": [0.0, 0.0, 0.4170338939423659, 1.0, -0.19296774423459032, -0.41993595659312566, 0.00732520522114592, -0.25133023287549144, 0.20556694936137684, 0.22220297762714408, 0.008532262401628205, 0.47334340672430497, -0.19910726419104155, -0.11278950388509211, 0.09119474613643612, 0.09502915565544424, -0.05037350231058173, 0.05705069206630677, -0.008312094242677159]}, {"time": 4.45, "step_sample_count": 256, "data": [0.0, 0.0, 0.4278743387696812, 1.0, -0.19354438402986582, -0.43619259454496945, 0.007344141219283199, -0.2562217863418934, 0.20692962112163607, 0.23098153234851987, 0.0070164271299153515, 0.48993138787641016, -0.2042101741482868, -0.13204942763129915, 0.08915855650045604, 0.09717077891695645, -0.04932365424547456, 0.05275595615228231, -0.008355026835071524]}, {"time": 4.5, "step_sample_count": 256, "data": [0.0, 0.0, 0.4389028600308208, 1.0, -0.19356102488000193, -0.45212752354570857, 0.007358160621388359, -0.26061400574800875, 0.20789442875228853, 0.2393972578529182, 0.005437037569729443, 0.5062838307331703, -0.20874326829635922, -0.1518788473627278, 0.0872269866845483, 0.09937951806910635, -0.04816503051531367, 0.04850117736960068, -0.008393090400047569]}, {"time": 4.55, "step_sample_count": 256, "data": [0.0, 0.0, 0.45008629207744344, 1.0, -0.19302781801117502, -0.46771761224232933, 0.007367381649918289, -0.2645118279933939, 0.2084653989994121, 0.24740102135576167, 0.003799008564294591, 0.5223815526893304, -0.2126615462332963, -0.17221454559046606, 0.0854081286575406, 0.10165047260478983, -0.046898881462296656, 0.04429704621957938, -0.008425505925672813]}, {"time": 4.6000000000000005, "step_sample_count": 256, "data": [0.0, 0.0, 0.4613897181047264, 1.0, -0.19195574190853604, -0.48294005345279795, 0.007371926897979803, -0.26792079853948647, 0.20864998841753465, 0.25494574880219195, 0.00210788304031128, 0.5382057284966697, -0.215922925274956, -0.19298946938070835, 0.08370933966167436, 0.10397828354448162, -0.045526914263492854, 0.0401541879916327, -0.008451520770124928]}, {"time": 4.65, "step_sample_count": 256, "data": [0.0, 0.0, 0.4727765604088009, 1.0, -0.19035658942944292, -0.49777238473756613, 0.007371923673422739, -0.2708470556664475, 0.20845896384625523, 0.26198670576252386, 0.0003697866914722316, 0.5537379097904349, -0.21848854029647521, -0.2141330081000142, 0.08213719209961745, 0.10635715978181257, -0.044051296712197714, 0.03608312301209653, -0.008470413884138304]}, {"time": 4.7, "step_sample_count": 256, "data": [0.0, 0.0, 0.48420869311410375, 1.0, -0.188242955302438, -0.5121925105927886, 0.007367504650961524, -0.2732973143319635, 0.20790626030945553, 0.2684817651716239, -0.001408624091332201, 0.568960043796177, -0.22032302709554932, -0.23557129684410572, 0.08069743118537885, 0.10878090726043618, -0.04247465834870423, 0.032094227091502225, -0.008481500704142905]}, {"time": 4.75, "step_sample_count": 256, "data": [0.0, 0.0, 0.49564657729044287, 1.0, -0.18562822390847084, -0.5261787265533252, 0.0073588088274901325, -0.275278849673074, 0.20700881727765408, 0.27439166007567034, -0.0032202204104184503, 0.5838544912179299, -0.2213947871242288, -0.25722754421569044, 0.07939494085902779, 0.11124296082398713, -0.04080008891921433, 0.028197692454125137, -0.00848413768790248]}, {"time": 4.800000000000001, "step_sample_count": 256, "data": [0.0, 0.0, 0.5070494181118601, 1.0, -0.18252655720311292, -0.5397097454576839, 0.007345982768711685, -0.2767994801907031, 0.20578639439843874, 0.2796802196193939, -0.005057464463915535, 0.5984040433106594, -0.22167623151821506, -0.27902238291631126, 0.07823371836321062, 0.11373641856133335, -0.03903113416841886, 0.024403489424734803, -0.008477726466720783]}, {"time": 4.8500000000000005, "step_sample_count": 256, "data": [0.0, 0.0, 0.5183753434309063, 1.0, -0.178952882603478, -0.5527647260844315, 0.0073291821281883255, -0.2778675506550998, 0.20426136795985858, 0.2843145865915849, -0.006912477785743604, 0.6125919381416994, -0.22114400245341387, -0.300874241421718, 0.07721685777149821, 0.1162540784506066, -0.03717178899740686, 0.020721329134969078, -0.008461717590576944]}, {"time": 4.9, "step_sample_count": 256, "data": [0.0, 0.0, 0.5295816028558469, 1.0, -0.17492288063210923, -0.5653233043209951, 0.007308573413065123, -0.2784919147688552, 0.20245850950566363, 0.2882654149463306, -0.008777113291861033, 0.6264018760476177, -0.2197791699786468, -0.32269973482173553, 0.076346542646028, 0.11878847708775464, -0.03522648804364665, 0.017160627495927335, -0.008435613845114211]}, {"time": 4.95, "step_sample_count": 256, "data": [0.0, 0.0, 0.5406247861279704, 1.0, -0.17045297208299662, -0.5773656269718294, 0.007284335964232045, -0.27868191762251016, 0.20040474816772022, 0.29150704583170794, -0.010643030256310033, 0.6398180342945188, -0.2175674026105526, -0.34441407272599056, 0.07562404788627532, 0.12133193026880709, -0.033200093763399136, 0.013730470664749406, -0.008398973122071262]}, {"time": 5.0, "step_sample_count": 256, "data": [0.0, 0.0, 0.5514610593056546, 1.0, -0.1655603044528167, -0.5888723882547834, 0.007256664112617789, -0.2784473779761276, 0.19812891841836572, 0.29401766078614566, -0.012501771306752146, 0.6528250809512185, -0.21449911013129158, -0.36593148196817793, 0.07504975071360423, 0.12387657517982661, -0.03109788211873118, 0.010439582211417057, -0.00835141082772527]}, {"time": 5.050000000000001, "step_sample_count": 256, "data": [0.0, 0.0, 0.5620464169753273, 1.0, -0.16026273736402197, -0.5998248689728986, 0.007225769467823834, -0.2777985703984348, 0.1956614950722719, 0.2957794109047014, -0.014344840507269425, 0.6654081879860567, -0.21056955720086667, -0.38716564168566237, 0.07462315061920098, 0.1264144139348037, -0.028925525990984826, 0.007296292168283024, -0.008292601817104124]}, {"time": 5.1000000000000005, "step_sample_count": 256, "data": [0.0, 0.0, 0.5723369484317187, 1.0, -0.15457882669608342, -0.6102049782852182, 0.00719188329056871, -0.27674620729339566, 0.19303431748217273, 0.2967785209321874, -0.016163781586557912, 0.6775530435992685, -0.20577894658279852, -0.4080301282100562, 0.07434289798769447, 0.12893735818965435, -0.026689076459867605, 0.004308508119278492, -0.008222281845221523]}, {"time": 5.15, "step_sample_count": 256, "data": [0.0, 0.0, 0.5822891155056829, 1.0, -0.14852780713728628, -0.6199952979353435, 0.007155258896388129, -0.2753014208422767, 0.19028030497415052, 0.2970053674066567, -0.017950255372328985, 0.6892458638039135, -0.20013247098326795, -0.4284388670797845, 0.074206830996794, 0.13143727455017173, -0.024394942102012807, 0.0014836884588791015, -0.008140248530328631]}, {"time": 5.2, "step_sample_count": 256, "data": [0.0, 0.0, 0.5918600394724358, 1.0, -0.14212957287230144, -0.629179128731928, 0.007116174034974671, -0.2734757448874387, 0.1874331656547308, 0.29645453015380496, -0.019696115507713937, 0.70047340326928, -0.19364033271833334, -0.4483065893792255, 0.0742120202862618, 0.13390603048337804, -0.022049866474812566, -0.0011711820767857715, -0.00804636182820851]}, {"time": 5.25, "step_sample_count": 256, "data": [0.0, 0.0, 0.6010077942514259, 1.0, -0.13540465613032313, -0.6377405390120119, 0.007074933187361027, -0.27128109678228707, 0.18452710079266776, 0.2951248166192827, -0.02139348155252135, 0.7112229654414625, -0.18631773064983412, -0.46754928952231667, 0.0743548207889958, 0.1363355404352993, -0.019660903960405245, -0.0036496145322852578, -0.00794054402079359]}, {"time": 5.300000000000001, "step_sample_count": 256, "data": [0.0, 0.0, 0.6096917029163459, 1.0, -0.12837420333488972, -0.6456644147575432, 0.0070318697220022215, -0.26872975922996667, 0.18159650703183516, 0.2930192587202042, -0.023034808610925703, 0.7214824119565331, -0.1781848140663622, -0.48608468153311507, 0.07463093002434369, 0.13871781185393087, -0.01723539415088005, -0.005945635462139308, -0.007822779226859578]}, {"time": 5.3500000000000005, "step_sample_count": 256, "data": [0.0, 0.0, 0.6178726343747307, 1.0, -0.12105994861934075, -0.6529365109785628, 0.006987347850640123, -0.26583436213158246, 0.17867567872728807, 0.2901450820976605, -0.02461295267700709, 0.7312401713622658, -0.1692666034292986, -0.5038326508326701, 0.0750354520703903, 0.14104499081400587, -0.014780934959086691, -0.008053804247499016, -0.007693112447133392]}, {"time": 5.4, "step_sample_count": 256, "data": [0.0, 0.0, 0.6255132969558754, 1.0, -0.11348418450091959, -0.6595435039246869, 0.006941764325716172, -0.26260786446292644, 0.1757985127133797, 0.2865136478572224, -0.026121230949826713, 0.7404852471648273, -0.1595928781532845, -0.520715698522009, 0.07556296635900896, 0.1433094069403741, -0.012305354639942138, -0.00996922800676625, -0.007551648160872317]}, {"time": 5.45, "step_sample_count": 256, "data": [0.0, 0.0, 0.6325785255673396, 1.0, -0.10566972954130528, -0.6654730436405925, 0.0068955498229625175, -0.2590635361969019, 0.17299821781039412, 0.2821403670922699, -0.02755347643954358, 0.7492072252171739, -0.14919803184344937, -0.5366593751556114, 0.07620760037608627, 0.1455036173291727, -0.009816682905000323, -0.011687574130971917, -0.007398548495653564]}, {"time": 5.5, "step_sample_count": 256, "data": [0.0, 0.0, 0.6390355590478056, 1.0, -0.09763989286130843, -0.6707138063423236, 0.0068491699556209335, -0.25521494028710195, 0.17030703135398007, 0.27704458869384063, -0.028904086264457944, 0.7573962804661714, -0.13812089566596333, -0.5515927010292836, 0.07696310530035376, 0.14762044917077782, -0.007323121308439022, -0.013205080497055731, -0.007234030996735948]}, {"time": 5.550000000000001, "step_sample_count": 256, "data": [0.0, 0.0, 0.6448543043600241, 1.0, -0.08941843542181055, -0.6752555460600744, 0.006803125870527274, -0.2510759147262672, 0.16775594498956625, 0.2712494611583541, -0.030168063124756075, 0.7650431830755219, -0.1264045307815899, -0.5654485700608824, 0.07782293357848342, 0.14965304078551822, -0.004833013075782097, -0.01451856343212334, -0.0070583660268073115]}, {"time": 5.6000000000000005, "step_sample_count": 256, "data": [0.0, 0.0, 0.6500075843342743, 1.0, -0.08102952803106195, -0.6790891449705441, 0.00675795438087424, -0.24666055469170267, 0.16537444191198433, 0.2647817693093034, -0.031341049530854724, 0.7721393039416656, -0.11409599102153835, -0.5781641344222301, 0.07878031741203669, 0.15159488079252958, -0.002354812537893819, -0.015625423518978724, -0.006871873831116769]}, {"time": 5.65, "step_sample_count": 256, "data": [0.0, 0.0, 0.6544713657909512, 1.0, -0.07249770608917815, -0.6822066618284041, 0.006714227595875152, -0.24198319478807948, 0.1631902476488418, 0.2576717470485711, -0.03241935446137346, 0.7786766196197251, -0.1012460572285179, -0.5896811671853391, 0.0798283471238728, 0.15343984514367817, 0.00010294567764176029, -0.01652364934755283, -0.006674921306811029]}, {"time": 5.7, "step_sample_count": 256, "data": [0.0, 0.0, 0.6582249650408329, 1.0, -0.06384782113323727, -0.6846013779024017, 0.006672552013596482, -0.23705839139650167, 0.1612290963853581, 0.2499528674456171, -0.03339997222650653, 0.7846477166764356, -0.0879089449211045, -0.5999464003754507, 0.08096004837786172, 0.15518223176827986, 0.0025316775573553806, -0.017211819328011663, -0.006467918518673092]}, {"time": 5.75, "step_sample_count": 256, "data": [0.0, 0.0, 0.6612512279821133, 1.0, -0.05510498929968416, -0.6862678398272695, 0.006633567049888838, -0.2319009051371945, 0.1595145147089388, 0.24166161165630148, -0.03428059341554848, 0.7900457954867414, -0.07414198716387899, -0.6089118359764869, 0.0821684572461489, 0.15681679259018833, 0.004922780587191164, -0.01768910168931312, -0.0062513150062766965]}, {"time": 5.800000000000001, "step_sample_count": 256, "data": [0.0, 0.0, 0.6635366822824197, 1.0, -0.04629453687382354, -0.6872018987980395, 0.006597942983475953, -0.22652568345171512, 0.15806762451469894, 0.23283721833570997, -0.035059607911108924, 0.7948646734904233, -0.06000529473696917, -0.6165350276103557, 0.083446692152547, 0.15833876269666342, 0.007267664497717483, -0.017955252791638017, -0.006025595929805357]}, {"time": 5.8500000000000005, "step_sample_count": 256, "data": [0.0014585748890237546, 0.0014585748890243166, 0.6650716594486001, 1.0, -0.03744194314797737, -0.6874007455583886, 0.006566378304757045, -0.22094784330921152, 0.15690696665952186, 0.2235214153691954, -0.03573610005568926, 0.7990987879247506, -0.04556139589439586, -0.6227793308088231, 0.08478802176839136, 0.15974388645814586, 0.009557781768101707, -0.01801061388260179, -0.005791278103294031]}, {"time": 5.9, "step_sample_count": 256, "data": [0.004912478241970955, 0.004912478241970872, 0.6658503849428232, 1.0, -0.028572780859338207, -0.6868629406689948, 0.00653959646365831, -0.21518265403992978, 0.15604834678331375, 0.21375813589121012, -0.03630983615739782, 0.8027431980486323, -0.030874858178792857, -0.6276141200138309, 0.08618592799775995, 0.16102844041942016, 0.011784657800898426, -0.01785610642544083, -0.005548905964849687]}, {"time": 5.95, "step_sample_count": 256, "data": [0.008432512525287601, 0.00843251252528733, 0.6658710348953532, 1.0, -0.01971265452474925, -0.685588439585044, 0.006518342019790564, -0.2092455202979274, 0.15550470453342743, 0.20359322069083227, -0.03678124461924066, 0.8057935868732375, -0.016011894918789404, -0.6310149706773349, 0.08763416326147817, 0.16218925280558857, 0.013939920692386257, -0.017493226122710943, -0.005299047533439344]}, {"time": 6.0, "step_sample_count": 256, "data": [0.011957899253132398, 0.011957899253132925, 0.6651357583861761, 1.0, -0.010887137031588612, -0.6835786121233597, 0.006503376206154821, -0.20315196515380027, 0.15528600723340324, 0.19307410921468296, -0.03715138906933055, 0.8082462624134588, -0.0010399591726990185, -0.6329638050830748, 0.08912680137277257, 0.1632237195105703, 0.01601533053500509, -0.016924035751634554, -0.005042290401052098]}, {"time": 6.050000000000001, "step_sample_count": 256, "data": [0.015435146519100627, 0.015435146519101016, 0.6636506647125331, 1.0, -0.002121704880817628, -0.6808362559583309, 0.0064954719255615675, -0.19691761331710209, 0.15539916883201974, 0.18224952147099957, -0.03742193495623321, 0.8100981584738901, 0.013972672003322492, -0.6334490007777636, 0.09065828139063972, 0.16412981646117522, 0.01800280819908895, -0.01615115691736557, -0.0047792378075066835]}, {"time": 6.1000000000000005, "step_sample_count": 256, "data": [0.018818129870757615, 0.01881812987075761, 0.6614257755200107, 1.0, 0.006558327490672035, -0.6773656038508977, 0.0064954082067540195, -0.1905581744871789, 0.15584799475514935, 0.17116913321187202, -0.03759511015338914, 0.8113468349823151, 0.02895731999420977, -0.6324654607757831, 0.09222344393866803, 0.1649061082762315, 0.01989446355034482, -0.015177760818483935, -0.0045105048428357684]}, {"time": 6.15, "step_sample_count": 256, "data": [0.02206716402236232, 0.02206716402236218, 0.6584749421430733, 1.0, 0.015127873856713249, -0.6731723243853273, 0.0065039641547646855, -0.18408942683017868, 0.15663315306306055, 0.15988324682318594, -0.03767366018801886, 0.811990477882899, 0.04384533073864641, -0.630014644986877, 0.09381755958567155, 0.16555175316721077, 0.02168262306712418, -0.014007558105307334, -0.004236714819168975]}, {"time": 6.2, "step_sample_count": 256, "data": [0.025147521337852956, 0.025147521337852946, 0.6548157289685868, 1.0, 0.023562142348209174, -0.6682635160630627, 0.006521912437335956, -0.17752720057917093, 0.15775217209184741, 0.1484424603830311, -0.03766079877222255, 0.8120278986004693, 0.05856850144329065, -0.6261045626079011, 0.09543634899863417, 0.1660665040543438, 0.023359856827340784, -0.012644787896628632, -0.00395849585029117]}, {"time": 6.25, "step_sample_count": 256, "data": [0.02802771079920624, 0.028027710799206178, 0.6504692640947407, 1.0, 0.03183670111963136, -0.6626476946805242, 0.00655001235611867, -0.17088736175358166, 0.15919946453173764, 0.1368973373588328, -0.037560154366345765, 0.8114585330864388, 0.07305950481436255, -0.6207497255148364, 0.09707599469638577, 0.16645070589995023, 0.02491900483879111, -0.011094206004581445, -0.003676477672770825]}, {"time": 6.300000000000001, "step_sample_count": 256, "data": [0.030677730412756867, 0.030677730412756756, 0.6454600589992705, 1.0, 0.03992754305354375, -0.6563347739967716, 0.006589002557826659, -0.16418579599344965, 0.1609663776693991, 0.12529807940099455, -0.03737571354640535, 0.8102824404559572, 0.08725230773734009, -0.6139710629866987, 0.09873314435255834, 0.16670528928842876, 0.02635320268856324, -0.009361072401087111, -0.003391288737742318]}, {"time": 6.3500000000000005, "step_sample_count": 256, "data": [0.03306745195535187, 0.03306745195535143, 0.6398157993474152, 1.0, 0.047811149026068714, -0.6493360397763562, 0.006639593446494114, -0.15743839250348401, 0.1630412692983291, 0.11369420465659677, -0.03711176197800697, 0.8085003012250072, 0.10108258137738976, -0.6057957983864312, 0.10040490571690265, 0.1668317603098073, 0.027655906487170936, -0.0074511379430963545, -0.003103553597209655]}, {"time": 6.4, "step_sample_count": 256, "data": [0.03516527889418341, 0.03516527889418344, 0.6335671094538158, 1.0, 0.055464549268966226, -0.6416641173709635, 0.006702459363420157, -0.15066102810140858, 0.16540960858318138, 0.10213423397087044, -0.03677282381837659, 0.8061134151551781, 0.11448809974173292, -0.5962572887119648, 0.10208883334337573, 0.1668321868307469, 0.02882091708111192, -0.005370630358171632, -0.0028138906032507322]}, {"time": 6.45, "step_sample_count": 256, "data": [0.036937219244873296, 0.03693721924487339, 0.6267472932568047, 1.0, 0.06286538238410044, -0.63333293307928, 0.006778230606217931, -0.14386955136470023, 0.1680541009526574, 0.09066538726739606, -0.036363600375714046, 0.8031236987128371, 0.12740912383968023, -0.5853948282108523, 0.1037829074297047, 0.1667091812630831, 0.02984240350378854, -0.0031262394772289133, -0.0025229099327981857]}, {"time": 6.5, "step_sample_count": 256, "data": [0.03834651515981497, 0.03834651515981506, 0.6193920549622669, 1.0, 0.06999195159326756, -0.6243576695966644, 0.006867485362612965, -0.13707976686955173, 0.17095483589350222, 0.07933329230101671, -0.03588890885105227, 0.7995336821484281, 0.1397887686957731, -0.5732534175214191, 0.10548550518489233, 0.16646587996525897, 0.03071492562933892, -0.0007251016879427705, -0.0022312119449610854]}, {"time": 6.550000000000001, "step_sample_count": 256, "data": [0.039353949173150334, 0.03935394917315025, 0.611539202762319, 1.0, 0.07682327784008566, -0.6147547159334724, 0.0069707416382011585, -0.13030741951570582, 0.17408945632723088, 0.06818170786134393, -0.03535362197235954, 0.7953465062006073, 0.1515733506150491, -0.559883500059632, 0.10719536524665783, 0.16610591943606454, 0.031433455987121765, 0.0018252164292189654, -0.001939385872151656]}, {"time": 6.6000000000000005, "step_sample_count": 256, "data": [0.039918885317374954, 0.03991888531737508, 0.6032283392273385, 1.0, 0.08333914940029141, -0.6045416122420126, 0.007088449260246662, -0.1235681789307141, 0.17743334807331446, 0.057252263370660125, -0.034762609304042166, 0.7905659184288675, 0.16271271226553632, -0.5453406676112632, 0.10891154576864538, 0.16563340948275776, 0.031993400686604126, 0.004516735329765267, -0.0016480088407783253]}, {"time": 6.65, "step_sample_count": 256, "data": [0.040000994957256376, 0.040000994957256585, 0.594500542105643, 1.0, 0.08952016770160683, -0.5937369900462984, 0.007220982041769581, -0.1168776239471842, 0.1809598477394993, 0.04658421666949015, -0.03412068097782529, 0.7851962691772697, 0.17316052332989912, -0.5296853373113602, 0.11063337688604633, 0.16505290356669058, 0.03239061939355805, 0.007341080653181365, -0.0013576452120400524]}, {"time": 6.7, "step_sample_count": 256, "data": [0.039562476339920105, 0.03956247633991933, 0.5853980393415112, 1.0, 0.09534778910345908, -0.582360508414977, 0.0073686301915779, -0.11025122714670432, 0.18464046723322677, 0.03621423161766438, -0.03343253454381857, 0.779242507170844, 0.18287455468386232, -0.5129824023951794, 0.11236040834675111, 0.1643693665488884, 0.032621444289051255, 0.010289502348897465, -0.0010688462284846817]}, {"time": 6.75, "step_sample_count": 256, "data": [0.03857044302822952, 0.038570443028229304, 0.5759638821388461, 1.0, 0.10080436243933966, -0.5704327866554137, 0.007531593056549965, -0.10370433946432124, 0.1884451329591765, 0.02617617696013706, -0.0327027055841756, 0.7727101747452052, 0.1918169242813899, -0.4953008592848897, 0.1140923531622347, 0.16358814007535458, 0.032682697933113625, 0.013352894840447566, -0.0007821499476011694]}, {"time": 6.800000000000001, "step_sample_count": 256, "data": [0.03699908408086892, 0.03699908408086885, 0.5662416198552607, 1.0, 0.10587316217948356, -0.5579753341352963, 0.007709972282323035, -0.09725217484778244, 0.19234243765795755, 0.016500947717069194, -0.03193552266708809, 0.7656054027088828, 0.199954313163415, -0.4767134137328187, 0.11582902818712519, 0.16271490585719206, 0.03257170994549801, 0.016521818286589333, -0.0004980814398243631]}, {"time": 6.8500000000000005, "step_sample_count": 256, "data": [0.03483123096635856, 0.03483123096635837, 0.5562749804116112, 1.0, 0.11053841712774636, -0.5450104778569435, 0.007903765477588304, -0.09090979496613173, 0.19629990275084472, 0.0072163101587454925, -0.031135067146851807, 0.7579349048368325, 0.20725815025558048, -0.45729606887346524, 0.11757029257809118, 0.16175564711371904, 0.03228633240701661, 0.019786520993694406, -0.00021715322502543943]}, {"time": 6.9, "step_sample_count": 256, "data": [0.03205910471879761, 0.03205910471879705, 0.546107559747985, 1.0, 0.11478533462307947, -0.5315612884185669, 0.008112860465377542, -0.084692093962787, 0.20028424898594993, -0.0016532287801117695, -0.03030513823759883, 0.7497059719926471, 0.21370476487859577, -0.4371276981419149, 0.11931598511069873, 0.16071660845757726, 0.0318249538768759, 0.023136963026349485, 6.013408115124706e-05]}, {"time": 6.95, "step_sample_count": 256, "data": [0.02868421396126463, 0.028684213961264568, 0.5357825236527186, 1.0, 0.11860012027168301, -0.5176515049959125, 0.00833703020208315, -0.07861378324879706, 0.2042616731327841, -0.010086527002966738, -0.02944922370513175, 0.7409264658759936, 0.21927550615953809, -0.41628960609480936, 0.12106586134694228, 0.15960425450931262, 0.031186511914612542, 0.026562841052822892, 0.0003332909417943707]}, {"time": 7.0, "step_sample_count": 256, "data": [0.024716555926119106, 0.02471655592611907, 0.5253423250411184, 1.0, 0.12196999328979773, -0.503305459967359, 0.008575928441427075, -0.07268937633270336, 0.20819812844506086, -0.01806588724096679, -0.028570476434426763, 0.7316048123908793, 0.22395682880126938, -0.39486508022132105, 0.12281953164603533, 0.15842522753497124, 0.03037050398995866, 0.030053614449159174, 0.0006018379262478649]}, {"time": 7.050000000000001, "step_sample_count": 256, "data": [0.020173378531037053, 0.020173378531037033, 0.514828439470585, 1.0, 0.12488319758814653, -0.4885480037857819, 0.008829086216178733, -0.06693317368419743, 0.2120596066057954, -0.025577111313313892, -0.02767169704106647, 0.7217499946294654, 0.22774034493716502, -0.3729389368553763, 0.12457640099681147, 0.15718630440390022, 0.029376996660559027, 0.03359853267025467, 0.0008653046236409688]}, {"time": 7.1000000000000005, "step_sample_count": 256, "data": [0.015077774347503868, 0.015077774347503833, 0.5042811213550571, 1.0, 0.12732900877631206, -0.47340443067202964, 0.009095909205139757, -0.06135924762966882, 0.21581241888397784, -0.0326095286549051, -0.02675532260444019, 0.7113715454653206, 0.23062284206699943, -0.35059706429694104, 0.1263356116220138, 0.15589435316520606, 0.028206632896172704, 0.03718666387875515, 0.001123228475673381]}, {"time": 7.15, "step_sample_count": 256, "data": [0.009457320184694397, 0.009457320184694598, 0.49373918299052627, 1.0, 0.12929773730802968, -0.4579004056681818, 0.009375676046762281, -0.05598142727868875, 0.21942347426793288, -0.03915599931617161, -0.02582342151036424, 0.7004795397491984, 0.2326062673343814, -0.32792596621988723, 0.12809598926326468, 0.15455628954014475, 0.026860637429025492, 0.04080692480324766, 0.0013751535616680756]}, {"time": 7.2, "step_sample_count": 256, "data": [0.003342890156042909, 0.0033428901560426036, 0.4832397981317451, 1.0, 0.13078072802569207, -0.44206189354485703, 0.009667537653685474, -0.05081328348154605, 0.22286055239608696, -0.0452128918427356, -0.024877694302106866, 0.6890845860997298, 0.23369767866401103, -0.30501230838765814, 0.12985599400122905, 0.15317903362426358, 0.025340820013537706, 0.0444481117764819, 0.0016206293680848666]}, {"time": 7.25, "step_sample_count": 256, "data": [0.0, 0.0, 0.4728183314749817, 1.0, 0.13177035639372825, -0.4259150900064793, 0.009970517574658519, -0.04586811381907764, 0.22609256918041165, -0.050780036637321904, -0.023919480352934983, 0.6771978182807316, 0.2339091635258394, -0.2819424716165546, 0.1316136763993106, 0.1517694670873401, 0.02364957648479305, 0.048098932882580485, 0.001859209573574318]}, {"time": 7.300000000000001, "step_sample_count": 256, "data": [0.0, 0.0, 0.46250819500973583, 1.0, 0.1322600217353813, -0.4094863555827775, 0.01028351344158229, -0.041158927627247224, 0.2290898331100872, -0.05586065559157686, -0.022949770091488426, 0.6648308861563093, 0.2332577263305596, -0.25880211382142904, 0.13336663968203566, 0.15033439115126934, 0.021789887513951015, 0.05174804111994486, 0.0020904508790679814]}, {"time": 7.3500000000000005, "step_sample_count": 256, "data": [0.0, 0.0, 0.45234073181028783, 1.0, 0.13224413780545305, -0.39280215253495465, 0.010605299529982164, -0.03669843106021384, 0.23182429033164875, -0.06046126894930525, -0.02196922243463622, 0.6519959462143589, 0.2317651456846952, -0.23567574385126508, 0.1351120085723183, 0.14888048561608477, 0.019765314970286423, 0.05538406846421003, 0.002313911910618093]}, {"time": 7.4, "step_sample_count": 256, "data": [0.0, 0.0, 0.44234512745227517, 1.0, 0.13171812104256395, -0.3758889850420946, 0.010934530451086813, -0.03249901219697818, 0.23426975672554518, -0.06459158052368245, -0.02097818701206885, 0.6387056516487207, 0.2294578029418687, -0.21264630967447234, 0.13684640531630068, 0.14741426919239142, 0.017579995813613615, 0.0589956606937249, 0.0025291522206552573]}, {"time": 7.45, "step_sample_count": 256, "data": [0.0, 0.0, 0.4325483488660353, 1.0, 0.1306783768483596, -0.35877334286877793, 0.011269745982916753, -0.02857272619809509, 0.2364021353360107, -0.06826434253792557, -0.019976730703695447, 0.6249731419899122, 0.22636648367795922, -0.18979480330755588, 0.13856593332182213, 0.1459420613848728, 0.015238633457390217, 0.06257151281905933, 0.002735731411134157]}, {"time": 7.5, "step_sample_count": 256, "data": [0.0, 0.0, 0.42297511008260563, 1.0, 0.12912228423792835, -0.3414816486497, 0.011609377036521568, -0.024931280520417064, 0.23819961765972011, -0.07149520149051183, -0.018964667955778853, 0.6108120322741037, 0.222526153890257, -0.1671998846983166, 0.1402661687282745, 0.14446994615623032, 0.012746486561601529, 0.06610040493844621, 0.0029332083997964053]}, {"time": 7.550000000000001, "step_sample_count": 256, "data": [0.0, 0.0, 0.4136478639949105, 1.0, 0.12704817919575978, -0.32404020886267054, 0.011951752741795227, -0.02158602019932247, 0.2396428674569865, -0.07430252656153744, -0.017941594295369682, 0.5962364017399464, 0.21797571287321732, -0.1449375265781684, 0.14194216011325161, 0.143003737584258, 0.010109355235357708, 0.06957123832333983, 0.003121140848430863]}, {"time": 7.6000000000000005, "step_sample_count": 256, "data": [0.0, 0.0, 0.40458681894981574, 1.0, 0.12445533705520362, -0.30647516849880174, 0.012295108625319118, -0.018547913209440856, 0.24071518591540572, -0.07670722217535905, -0.016906922425570094, 0.5812607820428168, 0.2127577248549491, -0.12308068208981483, 0.14358843642654553, 0.14154894770679347, 0.007333564651699642, 0.07297307152278536, 0.003299084769737541]}, {"time": 7.65, "step_sample_count": 256, "data": [0.0, 0.0, 0.3958099787099133, 1.0, 0.12134395419712135, -0.2888124693791815, 0.012637595840521978, -0.015827535916457098, 0.24140265716790318, -0.07873252641592916, -0.015859920256930927, 0.565900144976155, 0.2069181315885386, -0.1016989767788978, 0.14519902312637936, 0.1401107567303241, 0.004425946101038337, 0.07629515626245396, 0.0034665943271124677]}, {"time": 7.7, "step_sample_count": 256, "data": [0.0, 0.0, 0.3873332040797992, 1.0, 0.11771512933586957, -0.27107781201188663, 0.012977291398294195, -0.01343505863415868, 0.24169427334311872, -0.08040379705482037, -0.014799750213076978, 0.5501698896898223, 0.20050594818011752, -0.0808584263137659, 0.14676746637789354, 0.13869398575812103, 0.0013938155346167307, 0.07952697290431764, 0.0036232218394882517]}, {"time": 7.75, "step_sample_count": 256, "data": [0.0, 0.0, 0.3791702942822657, 1.0, 0.11357084462864932, -0.25329662083279464, 0.013312209334174867, -0.011380231302534913, 0.24158203850410456, -0.0817482869979387, -0.013725509141674239, 0.5340858293957114, 0.19357294450125448, -0.06062118106864611, 0.14828686506145677, 0.13730307217335988, -0.001755050325122141, 0.08265826522629198, 0.003768518001222055]}, {"time": 7.800000000000001, "step_sample_count": 256, "data": [0.0, 0.0, 0.37133308599653164, 1.0, 0.10891394680843347, -0.23549401262906133, 0.013640312736530826, -0.009672369304297797, 0.24106105100941516, -0.08279491098537715, -0.012636268165025003, 0.5176641775513643, 0.18617331457664232, -0.04104529847474066, 0.1497499102298943, 0.13594204779163205, -0.005012440204674838, 0.08567907427798853, 0.0039020323249846045]}, {"time": 7.8500000000000005, "step_sample_count": 256, "data": [0.0, 0.0, 0.36383156783406934, 1.0, 0.10374812850204258, -0.21769476790616826, 0.013959526548902127, -0.008320339438841853, 0.2401295640071214, -0.08357400539025335, -0.011531111817701164, 0.5009215335128955, 0.17836333635974477, -0.022184543813431542, 0.15114893155075382, 0.13461451987607825, -0.008369736702197777, 0.08857977106908793, 0.00402331381362486]}, {"time": 7.9, "step_sample_count": 256, "data": [0.0, 0.0, 0.3566740079277383, 1.0, 0.09807790985435871, -0.19992330492847352, 0.014267751049127156, -0.007332546074221363, 0.23878902394521634, -0.08411708295721833, -0.010409175841486306, 0.4838748676492693, 0.17020102430941478, -0.0040882198982078975, 0.1524759501736, 0.13332365508706298, -0.011817946760256182, 0.0913510878509236, 0.0041319118650264535]}, {"time": 7.95, "step_sample_count": 256, "data": [0.0, 0.0, 0.3498670922463029, 1.0, 0.0919086205382597, -0.18220365613979325, 0.014562875898091271, -0.006716917499296671, 0.2370440871497593, -0.0844565843003322, -0.009269683039854962, 0.4665415059108545, 0.16174577716053765, 0.013198974130706139, 0.15372273737443518, 0.13207216641714237, -0.015347734012696998, 0.09398414775954374, 0.004227377412118836]}, {"time": 8.0, "step_sample_count": 256, "data": [0.0, 0.0, 0.3434160712178246, 1.0, 0.08524638218841082, -0.1645594466547589, 0.014842794642136274, -0.0064808924997119145, 0.23490261468336684, -0.0846256279441798, -0.008111976634861557, 0.44893911384608937, 0.15305802324227527, 0.029637054890725257, 0.15488087825071065, 0.1308623031411521, -0.018949452807979657, 0.09647049259984729, 0.0043092642982526025]}, {"time": 8.05, "step_sample_count": 256, "data": [0.0, 0.0, 0.3373249122504567, 1.0, 0.07809809125673123, -0.1470138745037361, 0.015105419545530727, -0.006631407182848041, 0.23237564584992096, -0.08465776064238813, -0.006935550617785571, 0.43108568006127296, 0.14419886563991943, 0.04519083791879129, 0.15594183967218977, 0.12969584379085902, -0.02261318369166086, 0.09880210856513491, 0.004377130886256241]}, {"time": 8.1, "step_sample_count": 256, "data": [0.0, 0.0, 0.3315964557757636, 1.0, 0.07047140224892515, -0.12958969231374456, 0.01534869662299668, -0.007174882078325101, 0.22947735085547402, -0.0845867096453486, -0.0057400766403909575, 0.4129994991196593, 0.13522972942191283, 0.05982999230555343, 0.1568970416358791, 0.128574092143758, -0.026328770113519948, 0.10097144970439198, 0.004430541897469583]}, {"time": 8.15, "step_sample_count": 256, "data": [0.0, 0.0, 0.3262325725056549, 1.0, 0.0623747112659242, -0.11230919011489579, 0.015570620737297449, -0.008117209541936572, 0.2262249632691914, -0.08444613851520169, -0.004525427055330653, 0.3946991538774311, 0.12621201306386456, 0.07352906738085656, 0.15773793112812787, 0.1274978761965572, -0.030085856110400544, 0.10297145897060304, 0.0044690704749827375]}, {"time": 8.200000000000001, "step_sample_count": 256, "data": [0.0, 0.0, 0.3212343196867269, 1.0, 0.05381713974217011, -0.09519417897593797, 0.01576925062338894, -0.009463741492212428, 0.22263869305090783, -0.08426940800236828, -0.003291693780980648, 0.3762034972555579, 0.11720674609797399, 0.08626749220040152, 0.15845605756426392, 0.12646755007568833, -0.03387392470450365, 0.10479558670698415, 0.004492300463086234]}, {"time": 8.25, "step_sample_count": 256, "data": [0.0, 0.0, 0.3166020942525173, 1.0, 0.04480851824508726, -0.07826597519299225, 0.01594272369874687, -0.011219277509959947, 0.2187416210228723, -0.08408934340549468, -0.0020392027368150456, 0.35753163344814787, 0.108274254900934, 0.0980295487399497, 0.15904314885616322, 0.12548299881995856, -0.037682336748908765, 0.10643780645386196, 0.004499828892640274]}, {"time": 8.3, "step_sample_count": 256, "data": [0.0, 0.0, 0.31233578091193026, 1.0, 0.0353593701775149, -0.06154538478186351, 0.016089270519187692, -0.013388053332214083, 0.21455957576192736, -0.08393800973715376, -0.0007685236691743763, 0.3387028985695724, 0.09947383840781483, 0.10880431984465995, 0.15949118715102795, 0.12454364595440319, -0.041500369947571274, 0.10789262798664012, 0.004491268659546008]}, {"time": 8.35, "step_sample_count": 256, "data": [0.0, 0.0, 0.30843489336783947, 1.0, 0.02548089520767818, -0.045052688055603175, 0.016207228740948938, -0.015973729773019342, 0.2101209939744389, -0.08384649591236822, 0.0005195247371815293, 0.31973684074444864, 0.09086345540557558, 0.11858561310649, 0.15979248329036197, 0.12364846375936266, -0.045317257776184935, 0.10915510752432785, 0.0044662513809067056]}, {"time": 8.4, "step_sample_count": 256, "data": [0.0, 0.0, 0.30489870703051963, 1.0, 0.015184952239916717, -0.028807624104411383, 0.016295056452892212, -0.018979382104299072, 0.2054567654896149, -0.08384470906753853, 0.0018238744901499637, 0.3006531996464038, 0.08249942491937112, 0.1273718619517051, 0.15993974905645192, 0.12279598612514354, -0.04912222803312497, 0.1102208550780558, 0.004424430410718247]}, {"time": 8.450000000000001, "step_sample_count": 256, "data": [0.0, 0.0, 0.3017263817730006, 1.0, 0.004484041734062806, -0.01282937503361323, 0.016351344747475915, -0.022407489930824427, 0.20060006406745975, -0.08396118000506919, 0.00314321261675577, 0.2814718854935856, 0.07443614105970875, 0.13516600531322434, 0.1599261663041888, 0.12198432387010193, -0.05290454075609727, 0.11108603893934128, 0.004365483994006352]}, {"time": 8.5, "step_sample_count": 256, "data": [0.0, 0.0, 0.2989170734665537, 1.0, -0.006608712817903201, 0.0028634501437139553, 0.016374829405555263, -0.02625992759386787, 0.19558616526569508, -0.08422288064523044, 0.004475990063728628, 0.2622129575108342, 0.06672580355033846, 0.1419753473388028, 0.15974545211818694, 0.12121118238888161, -0.05665352525017641, 0.11174738733806776, 0.004289118535429783]}, {"time": 8.55, "step_sample_count": 256, "data": [0.0, 0.0, 0.2964700332313607, 1.0, -0.01807958444247422, 0.01825283202081525, 0.01636440157806758, -0.030537955138611454, 0.19045225264587873, -0.08465505425296899, 0.0058204349795855795, 0.24289660187062626, 0.05941816500737737, 0.14781139864623824, 0.15939191918825818, 0.12047388148764382, -0.06035861598631537, 0.11220218732971364, 0.004195071955313256]}, {"time": 8.6, "step_sample_count": 256, "data": [0.0, 0.0, 0.2943846935370326, 1.0, -0.029914263434412707, 0.03332135773710244, 0.0163191173570582, -0.03524220988067551, 0.18523721362321158, -0.0852810590946111, 0.00717457011800634, 0.22354310912702016, 0.052560295891111324, 0.15268970068122448, 0.15886053065936548, 0.11976937725461509, -0.06400938714605883, 0.11244828099986477, 0.004083117103146658]}, {"time": 8.65, "step_sample_count": 256, "data": [0.0, 0.0, 0.292660740487323, 1.0, -0.04209787945944625, 0.04805223832134096, 0.016238206139310096, -0.040372698607293166, 0.17998142627768637, -0.08612222606890571, 0.008536234039401805, 0.20417285115905393, 0.04619636790469403, 0.15662963476289682, 0.1581469487843945, 0.11909428580703207, -0.067595585607722, 0.11248405910091283, 0.003953065195605681]}, {"time": 8.700000000000001, "step_sample_count": 256, "data": [0.0, 0.0, 0.29129817182050616, 1.0, -0.05461502514033081, 0.06242932637599157, 0.016121077697822853, -0.04592879044868224, 0.17472653844708633, -0.08719773074961573, 0.009903105730197537, 0.18480625764234104, 0.040367456469994005, 0.15965421741713207, 0.15724757678818063, 0.11844490874961905, -0.07110716219143516, 0.11230845226074443, 0.003804769243440525]}, {"time": 8.75, "step_sample_count": 256, "data": [0.0, 0.0, 0.29029734034910054, 1.0, -0.06744978122900411, 0.07643713400335697, 0.015967327889397438, -0.05190921045498213, 0.16951524041568203, -0.0885244801737392, 0.01127273220832256, 0.16546379206981737, 0.035111362771325115, 0.1617898835993695, 0.15615959343816596, 0.11781726017496899, -0.0745343010048271, 0.11192091992568534, 0.003638127428955487]}, {"time": 8.8, "step_sample_count": 256, "data": [0.0, 0.0, 0.2896589827477555, 1.0, -0.08058574343592173, 0.09006085084050208, 0.01577674294049864, -0.058312033913821615, 0.16439103249720352, -0.0901170146112978, 0.012642558639346269, 0.1461659273449511, 0.030462455723901667, 0.1630662593979241, 0.15488097990950386, 0.11720709503271379, -0.07786744675724575, 0.11132143721974457, 0.003453086393583674]}, {"time": 8.85, "step_sample_count": 256, "data": [0.0, 0.0, 0.2893842337742437, 1.0, -0.09400605095300524, 0.10328636204031834, 0.015549302268154378, -0.06513468144309006, 0.15939798878772832, -0.09198742446001391, 0.014009960451149266, 0.12693312097298698, 0.026451534096468644, 0.1635159257867792, 0.15341053862909348, 0.11660993869191065, -0.08109732993794554, 0.11051047991886663, 0.003249644393092087]}, {"time": 8.9, "step_sample_count": 256, "data": [0.0, 0.0, 0.2894746261739837, 1.0, -0.10769341666963099, 0.11610026601136379, 0.015285179807697495, -0.07237391489283966, 0.1545805183345148, -0.09414528232163326, 0.01537227690647721, 0.10778578987806725, 0.023105708897481373, 0.16317417496471814, 0.15174790388256332, 0.11602111751975347, -0.08421498978204417, 0.10948900775235873, 0.0030278542765058264]}, {"time": 8.950000000000001, "step_sample_count": 256, "data": [0.0, 0.0, 0.2899320766719597, 1.0, -0.12163015904268944, 0.12848989170954547, 0.014984743834552977, -0.08002583408942025, 0.14998312493154928, -0.09659759023655072, 0.016726845572375724, 0.08874428487637742, 0.020448306022124847, 0.16207876077664937, 0.14989354406936567, 0.11543579029938428, -0.08721179497684788, 0.10825844625369294, 0.0027878262438462177]}, {"time": 9.0, "step_sample_count": 256, "data": [0.0, 0.0, 0.2907588585961962, 1.0, -0.13579823554285106, 0.14044331526083337, 0.014648555282705419, -0.08808587445396154, 0.14565016671263642, -0.09934874197990279, 0.018071037113676757, 0.06982886483762543, 0.018498789053722313, 0.16026964466445726, 0.14784875559243243, 0.11484898031012392, -0.09007946208983743, 0.10682066738932479, 0.0025297303373448335]}, {"time": 9.05, "step_sample_count": 256, "data": [0.0, 0.0, 0.29195756180327903, 1.0, -0.15017927756061938, 0.1519493756861465, 0.014277364577842119, -0.09654880552617455, 0.1416256166692518, -0.10240050025559291, 0.019402289834281997, 0.051059670569391785, 0.0172727020180923, 0.15778873853975556, 0.14561564846909233, 0.11425560789492024, -0.09281007172775294, 0.10517796919710672, 0.0022537986210095827]}, {"time": 9.1, "step_sample_count": 256, "data": [0.0, 0.0, 0.293531040688242, 1.0, -0.16475462661849263, 0.1629976894974957, 0.01387210701818341, -0.1054087304231236, 0.13795282517410848, -0.10575198856471019, 0.02071814339506339, 0.032456698460981204, 0.01678163180327629, 0.1546796459109755, 0.14319712384785363, 0.1136505233419485, -0.09539608246326937, 0.10333305466524297, 0.00196032700421073]}, {"time": 9.15, "step_sample_count": 256, "data": [0.0, 0.0, 0.2954823511582098, 1.0, -0.17950537170045378, 0.1735786639383215, 0.01343389675061779, -0.11465908626115477, 0.13467428554322575, -0.10939969747138348, 0.022016271150459687, 0.014039773925441881, 0.01703318987972001, 0.15098740253339527, 0.1405968437100499, 0.11302853991024492, -0.09783034259142102, 0.10128901007865453, 0.0016496766665090939]}, {"time": 9.200000000000001, "step_sample_count": 256, "data": [0.0, 0.0, 0.2978146775314957, 1.0, -0.19441238747783168, 0.1836835086505832, 0.01296401940360056, -0.12429264556753788, 0.13183140362028142, -0.11333750494205194, 0.02329451056705504, -0.004171475319585986, 0.01803101288745331, 0.14675821778419573, 0.13781919312506813, 0.11238446683271557, -0.1001060998015903, 0.09904928305227567, 0.001322275043123445]}, {"time": 9.25, "step_sample_count": 256, "data": [0.0, 0.0, 0.3005312503916632, 1.0, -0.2094563731821319, 0.1933042455662707, 0.012463923451406584, -0.13430151870659865, 0.12946427231774382, -0.11755671039299233, 0.024550891216162034, -0.022157646089698134, 0.019774781596614978, 0.14203921789654955, 0.13486923551201438, 0.1117131421339323, -0.1022170088723806, 0.09661766046035247, 0.0009786163333073002]}, {"time": 9.3, "step_sample_count": 256, "data": [0.0, 0.0, 0.30363525647986755, 1.0, -0.2246178918514017, 0.2024337168411894, 0.011935210396401814, -0.1446771573432254, 0.1276114520005605, -0.12204608204544697, 0.025783659868174227, -0.03989958664595705, 0.022260257695613437, 0.13687819211812485, 0.13175266143818723, 0.1110094651046408, -0.10415713751548991, 0.09399824645758605, 0.0006192614974557421]}, {"time": 9.35, "step_sample_count": 256, "data": [0.0, 0.0, 0.3071297417492509, 1.0, -0.23987740965755744, 0.21106559067358618, 0.011379623867057301, -0.1554103589645371, 0.12630975755055465, -0.126791917157133, 0.026991302258645742, -0.057378423635575784, 0.025479337816673067, 0.13132334279109284, 0.12847573155494424, 0.11026842827982737, -0.10592097051076128, 0.0911954407722119, 0.0002448377129638098]}, {"time": 9.4, "step_sample_count": 256, "data": [0.0, 0.0, 0.3110175087331837, 1.0, -0.2552153350085156, 0.21919436487890875, 0.010799037739224367, -0.16649127247837242, 0.1255940529036202, -0.13177811467296377, 0.02817256114399938, -0.07457558901363255, 0.02942012417101848, 0.12542304028366275, 0.12504521433364862, 0.10948514877246576, -0.10750341228742667, 0.08821391743321197, -0.00014396273640810558]}, {"time": 9.450000000000001, "step_sample_count": 256, "data": [0.0, 0.0, 0.3153010093956855, 1.0, -0.27061205711106395, 0.22681536812394942, 0.010195443396752227, -0.17790940490490115, 0.12549705380778897, -0.13698625981564388, 0.029326450317776268, -0.09147284689693407, 0.034067011134810886, 0.11922558363799968, 0.12146831931798831, 0.10865489882062104, -0.1088997881162526, 0.08505860407419577, -0.0005463841575708154]}, {"time": 9.5, "step_sample_count": 256, "data": [0.0, 0.0, 0.3199822346385681, 1.0, -0.28604798367867923, 0.23392475875815275, 0.009570936254697448, -0.18965362917530698, 0.12604913950846183, -0.14239572011798513, 0.03045226431555354, -0.10805232029994784, 0.039400787101483606, 0.11277896773671427, 0.11775262665341167, 0.10777313541140249, -0.11010584408360878, 0.08173466193545757, -0.0009616097457242577]}, {"time": 9.55, "step_sample_count": 256, "data": [0.0, 0.0, 0.32506260163685996, 1.0, -0.3015035774728046, 0.2405195212161402, 0.008927701674097276, -0.20171219304890264, 0.12727817402779107, -0.14798375238251157, 0.031549583597424165, -0.12429651770156358, 0.04539875089562449, 0.10613065773041888, 0.11390601368967011, 0.10683552885125394, -0.11111774602141516, 0.07824746666374523, -0.001388764490542558]}, {"time": 9.600000000000001, "step_sample_count": 256, "data": [0.0, 0.0, 0.3305428401631646, 1.0, -0.31695939137665835, 0.24659746000271757, 0.008268000401671537, -0.2140727291575184, 0.12920933766845236, -0.1537256200397079, 0.03261827506015987, -0.14018835939051658, 0.052034842027248396, 0.09932737141248224, 0.10993657947808144, 0.10583799015825483, -0.11193207756651868, 0.07460258998679116, -0.001826918692501972]}, {"time": 9.65, "step_sample_count": 256, "data": [0.0, 0.0, 0.33642287904390966, 1.0, -0.33239610171717154, 0.2521571913089684, 0.007594153670562215, -0.2267222661832261, 0.13186496933775338, -0.15959472036331276, 0.03365848779629954, -0.1557112035365082, 0.05927978405245115, 0.09241487017433274, 0.10585256800125559, 0.10477669715841254, -0.11254583751940382, 0.0708057823170595, -0.0022750920842403784]}, {"time": 9.700000000000001, "step_sample_count": 256, "data": [0.0, 0.0, 0.34270173386718894, 1.0, -0.3477945395729311, 0.2571981323446578, 0.006908528099680032, -0.23964724117277209, 0.13526442025619978, -0.1655627209889483, 0.03467064408329845, -0.1708488719334094, 0.06710124029632764, 0.08543775912553014, 0.10166229097958036, 0.10364811917436524, -0.11295643666534733, 0.06686295631690552, -0.0027322585450640087]}, {"time": 9.75, "step_sample_count": 256, "data": [0.0, 0.0, 0.3493773970341235, 1.0, -0.36313571983368126, 0.2617204885073703, 0.006213520529127122, -0.2528335129892244, 0.1394239195849073, -0.17159970517039053, 0.03565542565187063, -0.18558567536046625, 0.07546398118585765, 0.07843929691740698, 0.09737405109600057, 0.10244904020145808, -0.11316169421147745, 0.06278017143579588, -0.0031973513898949767]}, {"time": 9.8, "step_sample_count": 256, "data": [0.0, 0.0, 0.35644673121439474, 1.0, -0.37840086780955323, 0.26572523854166297, 0.00551154292765555, -0.26626637689849975, 0.1443564524784833, -0.17767432519552434, 0.036613755347860405, -0.19990643850714604, 0.0843300624336967, 0.07146121576724962, 0.09299606646875666, 0.10117658047277912, -0.11315983398085071, 0.05856361940978172, -0.0036692692072284525]}, {"time": 9.850000000000001, "step_sample_count": 256, "data": [0.0, 0.0, 0.3639053672326295, 1.0, -0.3935714432250536, 0.2692141178715532, 0.004805007505306732, -0.2799305802854994, 0.15007165104367953, -0.18375396337098945, 0.03754677436557408, -0.21379652440711264, 0.09365901330765108, 0.06454355214151039, 0.08853639718113586, 0.09982821632150216, -0.1129494804899956, 0.05421961069438134, -0.004146882214023614]}, {"time": 9.9, "step_sample_count": 256, "data": [0.0, 0.0, 0.37174760737639534, 1.0, -0.40862916147345163, 0.2721896003160747, 0.004096312160135689, -0.29381033949166196, 0.1565756986589437, -0.18980489997034194, 0.03845581529176424, -0.22724185832688518, 0.10340803421464004, 0.05772448852122032, 0.08400287464841212, 0.09840179825567127, -0.11252965501965227, 0.049754561784761155, -0.00462903908913394]}, {"time": 9.950000000000001, "step_sample_count": 256, "data": [0.0, 0.0, 0.37996633507917454, 1.0, -0.4235560120507072, 0.2746548784199777, 0.0033878263825275483, -0.3078893577627975, 0.16387124808540043, -0.1957924875249321, 0.03934237125767823, -0.24022895105493872, 0.11353220282158216, 0.051040206640158896, 0.07940303456545464, 0.09689556716755733, -0.11189977177010169, 0.04517498336179041, -0.005114574240773885]}], "random_generator": {"seed": "very_nice_seed"}, "realworld_total_calculation_time": 478.865}