{"hamiltonian": {"U": 1.0, "E": 0.5, "J": 0.1, "phi": 0.3141592653589793, "type": "ZerothOrderFlippingAndSwappingOptimization"}, "start_time": 0.0, "time_step": 0.05, "number_of_time_steps": 200, "sampler": {"system_geometry": {"type": "LinearChainNonPeriodicState", "size": 4}, "initial_system_state": {"type": "HomogenousInitialSystemState"}, "type": "ExactSampler"}, "observables": [{"type": "Concurrence", "label": "Concurrence between 0 up and 1 up", "perform_checks": false, "index_l": 0, "up_sigma": true, "index_m": 1, "up_sigma_prime": true}, {"type": "ConcurrenceAsymm", "label": "Assym-Concurrence between 0 up and 1 up", "perform_checks": false, "index_l": 0, "up_sigma": true, "index_m": 1, "up_sigma_prime": true}, {"type": "Purity", "label": "Purity of red. density matrix of 0 up and 1 up", "perform_checks": false, "index_l": 0, "up_sigma": true, "index_m": 1, "up_sigma_prime": true}, {"type": "PauliMeasurement", "label": "Pauli Measurement 00 of sites 0 up and 1 up", "perform_checks": false, "index_l": 0, "up_sigma": true, "index_m": 1, "up_sigma_prime": true, "index_of_pauli_op": 0}, {"type": "PauliMeasurement", "label": "Pauli Measurement 0x of sites 0 up and 1 up", "perform_checks": false, "index_l": 0, "up_sigma": true, "index_m": 1, "up_sigma_prime": true, "index_of_pauli_op": 1}, {"type": "PauliMeasurement", "label": "Pauli Measurement 0y of sites 0 up and 1 up", "perform_checks": false, "index_l": 0, "up_sigma": true, "index_m": 1, "up_sigma_prime": true, "index_of_pauli_op": 2}, {"type": "PauliMeasurement", "label": "Pauli Measurement 0z of sites 0 up and 1 up", "perform_checks": false, "index_l": 0, "up_sigma": true, "index_m": 1, "up_sigma_prime": true, "index_of_pauli_op": 3}, {"type": "PauliMeasurement", "label": "Pauli Measurement x0 of sites 0 up and 1 up", "perform_checks": false, "index_l": 0, "up_sigma": true, "index_m": 1, "up_sigma_prime": true, "index_of_pauli_op": 4}, {"type": "PauliMeasurement", "label": "Pauli Measurement xx of sites 0 up and 1 up", "perform_checks": false, "index_l": 0, "up_sigma": true, "index_m": 1, "up_sigma_prime": true, "index_of_pauli_op": 5}, {"type": "PauliMeasurement", "label": "Pauli Measurement xy of sites 0 up and 1 up", "perform_checks": false, "index_l": 0, "up_sigma": true, "index_m": 1, "up_sigma_prime": true, "index_of_pauli_op": 6}, {"type": "PauliMeasurement", "label": "Pauli Measurement xz of sites 0 up and 1 up", "perform_checks": false, "index_l": 0, "up_sigma": true, "index_m": 1, "up_sigma_prime": true, "index_of_pauli_op": 7}, {"type": "PauliMeasurement", "label": "Pauli Measurement y0 of sites 0 up and 1 up", "perform_checks": false, "index_l": 0, "up_sigma": true, "index_m": 1, "up_sigma_prime": true, "index_of_pauli_op": 8}, {"type": "PauliMeasurement", "label": "Pauli Measurement yx of sites 0 up and 1 up", "perform_checks": false, "index_l": 0, "up_sigma": true, "index_m": 1, "up_sigma_prime": true, "index_of_pauli_op": 9}, {"type": "PauliMeasurement", "label": "Pauli Measurement yy of sites 0 up and 1 up", "perform_checks": false, "index_l": 0, "up_sigma": true, "index_m": 1, "up_sigma_prime": true, "index_of_pauli_op": 10}, {"type": "PauliMeasurement", "label": "Pauli Measurement yz of sites 0 up and 1 up", "perform_checks": false, "index_l": 0, "up_sigma": true, "index_m": 1, "up_sigma_prime": true, "index_of_pauli_op": 11}, {"type": "PauliMeasurement", "label": "Pauli Measurement z0 of sites 0 up and 1 up", "perform_checks": false, "index_l": 0, "up_sigma": true, "index_m": 1, "up_sigma_prime": true, "index_of_pauli_op": 12}, {"type": "PauliMeasurement", "label": "Pauli Measurement zx of sites 0 up and 1 up", "perform_checks": false, "index_l": 0, "up_sigma": true, "index_m": 1, "up_sigma_prime": true, "index_of_pauli_op": 13}, {"type": "PauliMeasurement", "label": "Pauli Measurement zy of sites 0 up and 1 up", "perform_checks": false, "index_l": 0, "up_sigma": true, "index_m": 1, "up_sigma_prime": true, "index_of_pauli_op": 14}, {"type": "PauliMeasurement", "label": "Pauli Measurement zz of sites 0 up and 1 up", "perform_checks": false, "index_l": 0, "up_sigma": true, "index_m": 1, "up_sigma_prime": true, "index_of_pauli_op": 15}], "measurements": [{"time": 0.0, "step_sample_count": 256, "data": [1.092798244665664e-08, 0.0, 1.0, 1.0, 1.0, 0.0, 0.0, 1.0, 1.0, 0.0, 0.0, 0.0, 0.0, 0.0, 0.0, 0.0, 0.0, 0.0, 0.0]}, {"time": 0.05, "step_sample_count": 256, "data": [0.0, 0.0, 0.999375227813051, 1.0, 0.9996015848027835, 0.013107320750168043, 0.0, 0.9996306675314794, 0.9992323994819308, 0.01310247979103969, 8.326672684688674e-17, -0.010661084750253179, -0.010656837212069854, -0.00013973825736676715, -4.336808689942018e-19, 0.0, -5.551115123125783e-17, 0.0, 0.0]}, {"time": 0.1, "step_sample_count": 256, "data": [0.0, 0.0, 0.997503642536798, 1.0, 0.9984068715223031, 0.02618781273910247, 0.0, 0.9985230850714901, 0.9969323095090264, 0.026149135567523057, 2.7755575615628914e-17, -0.02130096754436462, -0.02126703236636721, -0.0005578257492132865, -1.734723475976807e-18, 0.0, -2.7755575615628914e-17, 8.673617379884035e-19, 0.0]}, {"time": 0.15000000000000002, "step_sample_count": 256, "data": [0.0, 0.0, 0.994393419511191, 1.0, 0.9964174563255326, 0.03921468727117122, 0.0, 0.9966784969402692, 0.9931078526955786, 0.03908443556741362, 2.220446049250313e-16, -0.03189847496208794, -0.0317841972823874, -0.0012508887200657903, -1.5612511283791264e-17, 0.0, 0.0, -1.734723475976807e-18, 0.0]}, {"time": 0.2, "step_sample_count": 256, "data": [0.0, 0.0, 0.990058122753056, 1.0, 0.9936359969367097, 0.052161235723600964, 0.0, 0.9940989752839222, 0.9877725263600009, 0.051853430982374805, 0.0, -0.0424324906183519, -0.042162450118073645, -0.0022133311454834714, 8.673617379884035e-18, 0.0, 0.0, -3.469446951953614e-18, 0.0]}, {"time": 0.25, "step_sample_count": 256, "data": [0.0, 0.0, 0.9845166132005657, 1.0, 0.9900662088101684, 0.06500086943713082, 0.0, 0.9907874174952851, 0.9809451421763746, 0.06440204356456306, -1.1102230246251565e-16, -0.05288198358935552, -0.05235666500667474, -0.003437374910867763, 3.469446951953614e-18, 0.0, 1.1102230246251565e-16, -8.673617379884035e-18, 0.0]}, {"time": 0.30000000000000004, "step_sample_count": 256, "data": [0.0, 0.0, 0.9777929213880294, 1.0, 0.9857128597800761, 0.07770715943197207, 0.0, 0.9867475426077057, 0.9726497421048044, 0.07667734861252364, 2.7755575615628914e-17, -0.06322603672900329, -0.06232271747670604, -0.004913115716352251, -2.2551405187698492e-17, 0.0, -5.551115123125783e-17, 3.469446951953614e-18, 0.0]}, {"time": 0.35000000000000003, "step_sample_count": 256, "data": [0.0, 0.0, 0.9699160856704072, 1.0, 0.9805817631948384, 0.09025387589123784, 0.0, 0.9819838866663098, 0.9629154910161708, 0.08862785183437641, 2.498001805406602e-16, -0.07344387483934381, -0.07201772428582479, -0.0066285943647218515, -6.938893903907228e-18, 0.0, 0.0, 0.0, 0.0]}, {"time": 0.4, "step_sample_count": 256, "data": [0.0, 0.0, 0.9609199574181808, 1.0, 0.9746797695461364, 0.10261502735434364, 0.0, 0.976501797082638, 0.9517765465418937, 0.10020375861920063, -1.3877787807814457e-16, -0.08351489265886204, -0.08140027633040996, -0.008569882994684141, -6.938893903907228e-18, 0.0, 5.551115123125783e-17, 0.0, 0.0]}, {"time": 0.45, "step_sample_count": 256, "data": [0.0, 0.0, 0.9508429748907119, 1.0, 0.9680147566047548, 0.1147648995633034, 0.0, 0.9703074259797808, 0.9392719067916043, 0.11135723428809705, 1.3877787807814457e-16, -0.09341868263270703, -0.0904306633310368, -0.010721185729678478, -6.938893903907228e-18, 0.0, 5.551115123125783e-17, 6.938893903907228e-18, 0.0]}, {"time": 0.5, "step_sample_count": 256, "data": [0.0, 0.0, 0.9397279077672693, 1.0, 0.960595618077501, 0.12667809390534499, 0.0, 0.96340772253647, 0.9254452366905572, 0.12204265394460953, -2.220446049250313e-16, -0.10313506242921502, -0.09907108903965342, -0.013064953123341966, -2.7755575615628914e-17, 0.0, 0.0, 0.0, 0.0]}, {"time": 0.55, "step_sample_count": 256, "data": [0.0, 0.0, 0.9276215745668641, 1.0, 0.9524322508016754, 0.1383295653958618, 0.0, 0.9558104243398117, 0.9103446737936711, 0.1322168405997604, 1.3877787807814457e-16, -0.11264410216740975, -0.10728587576683994, -0.015582009697224647, 2.0816681711721685e-17, 0.0, -8.326672684688674e-17, -1.0408340855860843e-17, 0.0]}, {"time": 0.6000000000000001, "step_sample_count": 256, "data": [0.0, 0.0, 0.9145745354185251, 1.0, 0.9435355404956927, 0.1496946601463797, 0.0, 0.9475240477576288, 0.8940226145336609, 0.1418392903096004, -2.220446049250313e-16, -0.12192615132053222, -0.115041657086778, -0.0182516937848832, 2.42861286636753e-17, 0.0, -5.551115123125783e-17, 1.3877787807814457e-17, 0.0]}, {"time": 0.65, "step_sample_count": 256, "data": [0.0, 0.0, 0.9006407628504141, 1.0, 0.9339173460865066, 0.1607491522629697, 0.0, 0.9385578773426129, 0.8765354819563986, 0.1508723831325573, 1.1102230246251565e-16, -0.13096186526106177, -0.12230755764314963, -0.021052008819493123, -4.5102810375396984e-17, 0.0, 0.0, -6.938893903907228e-18, 0.0]}, {"time": 0.7000000000000001, "step_sample_count": 256, "data": [0.0, 0.0, 0.8858772934473156, 1.0, 0.9235904826365992, 0.17146928012136178, 0.0, 0.9289219542817065, 0.8579434760867748, 0.1592815787896129, -5.551115123125783e-17, -0.13973223141315083, -0.12905535905076096, -0.023959785130164557, -3.469446951953614e-18, 0.0, 0.0, -6.938893903907228e-18, 0.0]}, {"time": 0.75, "step_sample_count": 256, "data": [0.0, 0.0, 0.8703438633797982, 1.0, 0.9125687028952977, 0.18183178196592525, 0.0, 0.918627063905366, 0.8383103081526361, 0.16703559599203868, 2.7755575615628914e-17, -0.1482185949788904, -0.13525965096484946, -0.026950851245497426, 4.5102810375396984e-17, 0.0, 0.0, -1.3877787807814457e-17, 0.0]}, {"time": 0.8, "step_sample_count": 256, "data": [0.0, 0.0, 0.8541025309332719, 1.0, 0.9008666775012033, 0.19181393078065517, 0.0, 0.907684722272518, 0.8177029199722452, 0.1741065744886389, -1.1102230246251565e-16, -0.1564026842053721, -0.14089796647236333, -0.03000021364207789, 4.85722573273506e-17, 0.0, 0.0, 2.0816681711721685e-17, 0.0]}, {"time": 0.8500000000000001, "step_sample_count": 256, "data": [0.0, 0.0, 0.8372172892601328, 1.0, 0.8884999738644382, 0.2013935683813724, 0.0, 0.8961071618482198, 0.79619118988188, 0.18047021897671692, 8.326672684688674e-17, -0.16426663516009343, -0.14595090104654226, -0.03308224382089224, 1.3877787807814457e-17, 0.0, 0.0, 0.0, 0.0]}, {"time": 0.9, "step_sample_count": 256, "data": [0.0, 0.0, 0.8197536726423402, 1.0, 0.8754850337593827, 0.21054913867946523, 0.0, 0.8839073162921769, 0.7738476266442216, 0.18610592411779542, -2.220446049250313e-16, -0.17179301598288044, -0.15040221439739823, -0.03617087154634323, 1.3877787807814457e-17, 0.0, -5.551115123125783e-17, -6.938893903907228e-18, 0.0]}, {"time": 0.9500000000000001, "step_sample_count": 256, "data": [0.0, 0.0, 0.8017783595844716, 1.0, 0.8618391496603814, 0.2192597200687163, 0.0, 0.8710988043773714, 0.7507470528347691, 0.19099687999997583, 5.551115123125783e-17, -0.1789648505831678, -0.1542389146456945, -0.03923978304100481, 2.0816681711721685e-17, 0.0, 2.7755575615628914e-17, -1.3877787807814457e-17, 0.0]}, {"time": 1.0, "step_sample_count": 256, "data": [0.0, 0.0, 0.7833587760584542, 1.0, 0.8475804398547963, 0.22750505688801684, 0.0, 0.8576959130592086, 0.7269662792523848, 0.19513015749315463, 0.0, -0.18576564175218468, -0.1574513243462251, -0.04226262289466974, 1.3877787807814457e-17, 0.0, -2.7755575615628914e-17, -1.3877787807814457e-17, 0.0]}, {"time": 1.05, "step_sample_count": 256, "data": [0.0, 0.0, 0.7645627021906524, 1.0, 0.8327278223694823, 0.23526558991413096, 0.0, 0.8437135797166051, 0.7025837719409685, 0.19849677305059024, 8.326672684688674e-17, -0.19217939366033998, -0.1600331279870624, -0.04521319841884, -4.85722573273506e-17, 0.0, 2.7755575615628914e-17, -1.3877787807814457e-17, 0.0]}, {"time": 1.1, "step_sample_count": 256, "data": [0.0, 0.0, 0.745457885620362, 1.0, 0.8173009877485432, 0.24252248584006542, 0.0, 0.8291673735875453, 0.6776793134419663, 0.20109173261992977, -5.551115123125783e-17, -0.19819063371087908, -0.1619814006944111, -0.0480656851577804, 5.551115123125783e-17, 0.0, 2.7755575615628914e-17, -4.163336342344337e-17, 0.0]}, {"time": 1.1500000000000001, "step_sample_count": 256, "data": [0.0, 0.0, 0.7261116646665644, 1.0, 0.8013203707218592, 0.24925766569608332, 0.0, 0.814073476422614, 0.6523336599218017, 0.20291405443819635, -2.7755575615628914e-17, -0.20378443372171115, -0.1632966179772257, -0.05079483225467202, -4.85722573273506e-17, 0.0, -2.7755575615628914e-17, 2.0816681711721685e-17, 0.0]}, {"time": 1.2000000000000002, "step_sample_count": 256, "data": [0.0, 0.0, 0.706590604318089, 1.0, 0.7848071208054939, 0.2554538321719372, 0.0, 0.798448662381011, 0.6266281958342391, 0.20396677059778656, -5.551115123125783e-17, -0.20894643040815797, -0.16398264645121197, -0.0533761663664111, -6.938893903907228e-18, 0.0, 0.0, 2.7755575615628914e-17, 0.0]}, {"time": 1.25, "step_sample_count": 256, "data": [0.0, 0.0, 0.6869601479123841, 1.0, 0.7677830718766383, 0.2610944958004824, 0.0, 0.7823102771945425, 0.60064458778509, 0.20425690738364471, 0.0, -0.21366284514026282, -0.1640467155876932, -0.05578619282319337, 3.469446951953614e-17, 0.0, -8.326672684688674e-17, -6.938893903907228e-18, 0.0]}, {"time": 1.3, "step_sample_count": 256, "data": [0.0, 0.0, 0.6672842871914404, 1.0, 0.7502707107672469, 0.2661639999645012, 0.0, 0.7656762166259626, 0.5744644392655378, 0.20379544449485212, 8.326672684688674e-17, -0.21792050294923068, -0.1634993706384753, -0.05800259273924298, 2.7755575615628914e-17, 0.0, -5.551115123125783e-17, 1.3877787807814457e-17, 0.0]}, {"time": 1.35, "step_sample_count": 256, "data": [0.0, 0.0, 0.6476252532218573, 1.0, 0.7322931449219305, 0.27064754469026564, 0.0, 0.7485649042489638, 0.5481689479106578, 0.20259725337628592, 2.7755575615628914e-17, -0.2217068507585178, -0.16235440699269219, -0.060004414798804126, -6.938893903907228e-17, 0.0, 5.551115123125783e-17, 0.0, 0.0]}, {"time": 1.4000000000000001, "step_sample_count": 256, "data": [0.0, 0.0, 0.628043230441695, 1.0, 0.7138740691670188, 0.27453120919313295, 0.0, 0.7309952685779756, 0.5218385669215967, 0.20068101499717061, -5.551115123125783e-17, -0.2250099748160821, -0.1606287863251248, -0.06177226046677537, 6.938893903907228e-18, 0.0, 2.7755575615628914e-17, -6.938893903907228e-18, 0.0]}, {"time": 1.4500000000000002, "step_sample_count": 256, "data": [0.0, 0.0, 0.6085960958518375, 1.0, 0.6950377316390353, 0.2778019731422859, 0.0, 0.7129867195767208, 0.49555267226336147, 0.19806911752265877, -5.551115123125783e-17, -0.22781861730532288, -0.15834253499703324, -0.0632884614059661, -6.245004513516506e-17, 0.0, 0.0, -1.3877787807814457e-17, 0.0]}, {"time": 1.5, "step_sample_count": 256, "data": [0.0, 0.0, 0.5893391851066245, 1.0, 0.6758088989220037, 0.2804477366135799, 0.0, 0.6945591245753153, 0.4693892372154748, 0.19478753443145674, -1.6653345369377348e-16, -0.23012219211328375, -0.15551862526959623, -0.06453724792272585, 5.551115123125783e-17, 0.0, 0.0, 3.469446951953614e-17, 0.0]}, {"time": 1.55, "step_sample_count": 256, "data": [0.0, 0.0, 0.5703250869801195, 1.0, 0.6562128204441608, 0.2824573387013791, 0.0, 0.6757327836263859, 0.4434245158100549, 0.19086568373638382, 8.326672684688674e-17, -0.23191079973576362, -0.1521828399860663, -0.06550490730947214, 3.469446951953614e-17, 0.0, 1.3877787807814457e-17, 2.7755575615628914e-17, 0.0]}, {"time": 1.6, "step_sample_count": 256, "data": [0.0, 0.0, 0.5516034673934306, 1.0, 0.6362751921857495, 0.28382057476219547, 0.0, 0.6565284043314512, 0.41773273664139765, 0.18633626906505943, -2.7755575615628914e-17, -0.23317524130008777, -0.14836362147117174, -0.06617993100610456, 0.0, 0.0, 5.551115123125783e-17, -2.0816681711721685e-17, 0.0]}, {"time": 1.6500000000000001, "step_sample_count": 256, "data": [0.0, 0.0, 0.5332209238878225, 1.0, 0.6160221197505364, 0.28452821226494984, 0.0, 0.6369670761694209, 0.39238580847318805, 0.18123510345411747, -4.163336342344337e-17, -0.23390703168740365, -0.1440919054846303, -0.06655314956221814, -7.632783294297951e-17, 0.0, 0.0, 1.3877787807814457e-17, 0.0]}, {"time": 1.7000000000000002, "step_sample_count": 256, "data": [0.0, 0.0, 0.5152208711210701, 1.0, 0.5954800808546329, 0.2845720052246843, 0.0, 0.6170702443597521, 0.3674530390043334, 0.17560091680194068, 0.0, -0.23409841173752804, -0.13940094114940427, -0.06661785444806215, -6.938893903907228e-18, 0.0, -1.3877787807814457e-17, 6.938893903907228e-18, 0.0]}, {"time": 1.75, "step_sample_count": 256, "data": [0.0, 0.0, 0.497643457653603, 1.0, 0.5746758872870397, 0.2839447071986156, 0.0, 0.5968596832933457, 0.34300086808246516, 0.16947514801138755, 0.0, -0.23374235952052158, -0.13432609785402203, -0.06636990583396808, -6.245004513516506e-17, 0.0, -1.3877787807814457e-17, 2.0816681711721685e-17, 0.0]}, {"time": 1.8, "step_sample_count": 256, "data": [0.0, 0.0, 0.4805255139796503, 1.0, 0.5536366463971096, 0.28264008282552255, 0.0, 0.576357469564836, 0.3190926165757999, 0.16290172293491367, 5.551115123125783e-17, -0.23283260066037992, -0.12890466020153002, -0.06580782553513151, 2.7755575615628914e-17, 0.0, 0.0, -4.85722573273506e-17, 0.0]}, {"time": 1.85, "step_sample_count": 256, "data": [0.0, 0.0, 0.4639005314498573, 1.0, 0.5323897221647906, 0.28065291789154867, 0.0, 0.5555859546404225, 0.2957882520296746, 0.1559268193093962, 1.3877787807814457e-17, -0.23136361769741148, -0.12317561214496572, -0.06493287440072328, -2.7755575615628914e-17, 0.0, -2.7755575615628914e-17, -6.938893903907228e-18, 0.0]}, {"time": 1.9000000000000001, "step_sample_count": 256, "data": [0.0, 0.0, 0.44779867142886065, 1.0, 0.5109626959101345, 0.2779790279076744, 0.0, 0.5345677371958555, 0.2731441721441745, 0.14859861993650914, 5.551115123125783e-17, -0.22933065847712353, -0.11717941151031734, -0.06374911351289769, -6.938893903907228e-18, 0.0, -4.163336342344337e-17, -3.469446951953614e-17, 0.0]}, {"time": 1.9500000000000002, "step_sample_count": 256, "data": [0.0, 0.0, 0.4322468037370129, 1.0, 0.48938332669906515, 0.2746152651862466, 0.0, 0.5133256351595903, 0.25121300701431104, 0.1409670554262495, 0.0, -0.2267297435546545, -0.1109577561624026, -0.06226344865187118, 2.7755575615628914e-17, 0.0, -2.7755575615628914e-17, 5.551115123125783e-17, 0.0]}, {"time": 2.0, "step_sample_count": 256, "data": [0.0, 0.0, 0.4172685731428337, 1.0, 0.4676795115028495, 0.2705595244061552, 0.0, 0.4918826574965175, 0.23004344097469487, 0.13308353787589347, 4.163336342344337e-17, -0.2235576726050627, -0.10455334311664957, -0.0604856575773727, 0.0, 0.0, 2.7755575615628914e-17, -2.7755575615628914e-17, 0.0]}, {"time": 2.0500000000000003, "step_sample_count": 256, "data": [0.0, 0.0, 0.4028844924045679, 1.0, 0.4458792451690612, 0.26581074665842924, 0.0, 0.47026197576797735, 0.2096800547871372, 0.12500068690395413, 2.7755575615628914e-17, -0.21981202983103953, -0.098009621940143, -0.058428399773893525, 9.020562075079397e-17, 0.0, 0.0, -1.3877787807814457e-17, 0.0]}, {"time": 2.1, "step_sample_count": 256, "data": [0.0, 0.0, 0.3891120601081566, 1.0, 0.42401058026210725, 0.26036892196624073, 0.0, 0.44848689550407383, 0.1901631888026334, 0.11677204949838173, 4.163336342344337e-17, -0.21549118836089184, -0.09137054381827278, -0.05610720840674952, -6.245004513516506e-17, 0.0, -4.163336342344337e-17, 6.938893903907228e-18, 0.0]}, {"time": 2.15, "step_sample_count": 256, "data": [0.0, 0.0, 0.37596590131739915, 1.0, 0.4021015868315688, 0.2542350902755141, 0.0, 0.42658082742451103, 0.17152882761931965, 0.10845181517007406, -8.326672684688674e-17, -0.21059431363093362, -0.08468030768870348, -0.053540464337470436, 4.163336342344337e-17, 0.0, -1.3877787807814457e-17, 2.7755575615628914e-17, 0.0]}, {"time": 2.2, "step_sample_count": 256, "data": [0.0, 0.0, 0.36345792884241973, 1.0, 0.3801803121667176, 0.24741134091456748, 0.0, 0.4045672585443885, 0.15380850664583876, 0.10009452792659765, 4.163336342344337e-17, -0.20512136574770792, -0.07798310486202698, -0.05074935214986791, 2.7755575615628914e-17, 0.0, 6.938893903907228e-17, 2.0816681711721685e-17, 0.0]}, {"time": 2.25, "step_sample_count": 256, "data": [0.0, 0.0, 0.3515975227467609, 1.0, 0.35827474059558184, 0.23990081052343076, 0.0, 0.3824697232015147, 0.13702924086568674, 0.09175479659671566, 8.326672684688674e-17, -0.19907310082677437, -0.07132286355827064, -0.04775779824175582, 4.85722573273506e-17, 0.0, -1.3877787807814457e-17, -1.3877787807814457e-17, 0.0]}, {"time": 2.3000000000000003, "step_sample_count": 256, "data": [0.0, 0.0, 0.34039172555334546, 1.0, 0.3364127533868704, 0.23170767945571535, 0.0, 0.36031177404190734, 0.12121347598314602, 0.08348700504382237, 6.938893903907228e-18, -0.1924510713060891, -0.06474299479033431, -0.04459239114110032, 2.0816681711721685e-17, 0.0, 0.0, -5.551115123125783e-17, 0.0]}, {"time": 2.35, "step_sample_count": 256, "data": [0.0, 0.0, 0.329845450476702, 1.0, 0.31462208881291814, 0.2228371666581212, 0.0, 0.3381169530001916, 0.1063790620159795, 0.07534502380563977, -1.3877787807814457e-17, -0.18525762523332057, -0.058286141019428035, -0.041282284308805275, -2.0816681711721685e-17, 0.0, -1.3877787807814457e-17, 0.0, 0.0]}, {"time": 2.4000000000000004, "step_sample_count": 256, "data": [0.0, 0.0, 0.31996169990451556, 1.0, 0.2929303024315687, 0.2132955230348889, 0.0, 0.31590876231161136, 0.09253924928472293, 0.06738192468855954, 1.3877787807814457e-17, -0.17749590452774675, -0.05199392899367768, -0.037859081792796484, -2.7755575615628914e-17, 0.0, 2.0816681711721685e-17, 6.938893903907228e-18, 0.0]}, {"time": 2.45, "step_sample_count": 256, "data": [0.0, 0.0, 0.3107417912767152, 1.0, 0.2713647276446085, 0.20309002330669465, 0.0, 0.2937106355923305, 0.07970270663383766, 0.0596496998278705, -3.469446951953614e-17, -0.16916984221868706, -0.04590672815935535, -0.03435670719898304, -3.469446951953614e-17, 0.0, 3.469446951953614e-17, -1.0408340855860843e-17, 0.0]}, {"time": 2.5, "step_sample_count": 256, "data": [0.0, 0.0, 0.30218558746562574, 1.0, 0.2499524365899416, 0.1922289563756835, 0.0, 0.271545909024595, 0.06787356160672812, 0.05219898669988419, -1.3877787807814457e-17, -0.1602841586637292, -0.04006341600476784, -0.030811256543483125, 6.938893903907228e-17, 0.0, 1.3877787807814457e-17, 0.0, 0.0]}, {"time": 2.5500000000000003, "step_sample_count": 256, "data": [0.0, 0.0, 0.2942917287465723, 1.0, 0.2287202014242283, 0.18072161421050137, 0.0, 0.2494377926832117, 0.057051462185319105, 0.04507880053881444, 2.0816681711721685e-17, -0.15084435675130803, -0.03450115165986725, -0.027260835646641134, -3.469446951953614e-17, 0.0, 1.3877787807814457e-17, 1.734723475976807e-17, 0.0]}, {"time": 2.6, "step_sample_count": 256, "data": [0.0, 0.0, 0.28705786346478157, 1.0, 0.20769445605212944, 0.16857827926733746, 0.0, 0.22740934203959912, 0.04723165959608721, 0.038336275570353025, 6.938893903907228e-18, -0.14085671609349326, -0.029255159030327292, -0.023745382822289003, -6.938893903907228e-18, 0.0, -1.3877787807814457e-17, -6.938893903907228e-18, 0.0]}, {"time": 2.6500000000000004, "step_sample_count": 256, "data": [0.0, 0.0, 0.2804808745512415, 1.0, 0.18690125835765053, 0.15581021046511595, 0.0, 0.2054834296794401, 0.03840511157873319, 0.032016416425447475, -3.469446951953614e-17, -0.13032828621612233, -0.02435852069338925, -0.020306477704891898, -2.7755575615628914e-17, 0.0, 6.938893903907228e-18, 3.469446951953614e-17, 0.0]}, {"time": 2.7, "step_sample_count": 256, "data": [0.0, 0.0, 0.27455709911680937, 1.0, 0.16636625299235425, 0.14242962773507956, 0.0, 0.18368271726969976, 0.030558605411613985, 0.026161861042091207, -1.3877787807814457e-17, -0.11926687875470246, -0.019841983724513224, -0.01698713714215714, 3.469446951953614e-18, 0.0, -6.938893903907228e-18, -1.3877787807814457e-17, 0.0]}, {"time": 2.75, "step_sample_count": 256, "data": [0.0, 0.0, 0.26928253845942807, 1.0, 0.14611463477439257, 0.12844969516707355, 0.0, 0.1620296278104362, 0.02367489989015268, 0.020812656300284935, 1.734723475976807e-17, -0.1076810586657641, -0.015733778559068008, -0.01383159916088516, 6.938893903907228e-18, 0.0, 6.938893903907228e-18, -3.469446951953614e-18, 0.0]}, {"time": 2.8000000000000003, "step_sample_count": 256, "data": [0.0, 0.0, 0.2646530559526985, 1.0, 0.1261711127514248, 0.11388450277688426, 0.0, 0.14054631820648156, 0.017732885361227628, 0.016006047566066967, 1.734723475976807e-17, -0.09558013446461203, -0.012059451922330853, -0.010885096088850106, 0.0, 0.0, 1.734723475976807e-17, 1.0408340855860843e-17, 0.0]}, {"time": 2.85, "step_sample_count": 256, "data": [0.0, 0.0, 0.26066456044381486, 1.0, 0.10655987497952527, 0.09874904692098443, 0.0, 0.11925465219365017, 0.01270776082848218, 0.01177628324501651, 3.469446951953614e-17, -0.08297414750165462, -0.008841714784308988, -0.008193617984869547, -6.938893903907228e-18, 0.0, -1.3877787807814457e-17, 2.7755575615628914e-17, 0.0]}, {"time": 2.9000000000000004, "step_sample_count": 256, "data": [0.0, 0.0, 0.2573131729733198, 1.0, 0.0873045540691327, 0.08305920938700648, 0.0, 0.09817617365367914, 0.008571227061048242, 0.008154435364316063, -3.469446951953614e-18, -0.06987386029072215, -0.0061003062137703, -0.005803667592565523, 4.163336342344337e-17, 0.0, 0.0, 2.7755575615628914e-17, 0.0]}, {"time": 2.95, "step_sample_count": 256, "data": [0.0, 0.0, 0.2545953748363309, 1.0, 0.06842819354799196, 0.06683173519018862, 0.0, 0.07733208035161152, 0.005291694561768946, 0.005168237115765394, 3.469446951953614e-18, -0.05629074390399229, -0.003851873918822822, -0.0037620080902503877, -3.469446951953614e-18, 0.0, 6.938893903907228e-18, 1.3877787807814457e-17, 0.0]}, {"time": 3.0, "step_sample_count": 256, "data": [0.0, 0.0, 0.2525081352326569, 1.0, 0.04995321508983741, 0.05008420910791859, 0.0, 0.05674319812879014, 0.002834505181012765, 0.002841938200534407, -1.214306433183765e-17, -0.042236964449332094, -0.002109872169879235, -0.002115404959564013, -1.734723475976807e-18, 0.0, 3.469446951953614e-18, 6.5052130349130266e-18, 0.0]}, {"time": 3.0500000000000003, "step_sample_count": 256, "data": [0.0, 0.0, 0.2510490169991828, 1.0, 0.031901386656318476, 0.032835030986333, 0.0, 0.03642995558404401, 0.0011621660989591404, 0.0011961787204328607, -3.903127820947816e-18, -0.02772536864703448, -0.0008844777053979487, -0.000910363338632883, 3.122502256758253e-17, 0.0, -3.469446951953614e-18, 0.0, 0.0]}, {"time": 3.1, "step_sample_count": 256, "data": [0.0, 0.0, 0.25021625917949575, 1.0, 0.014293791598335253, 0.01510338985471893, 0.0, 0.016412359275033647, 0.00023459484311441105, 0.0002478822605665994, 4.7704895589362195e-18, -0.012769468524080441, -0.00018252412190465118, -0.00019286226135665878, 2.42861286636753e-17, 0.0, -3.469446951953614e-18, -4.336808689942018e-18, 0.0]}, {"time": 3.1500000000000004, "step_sample_count": 256, "data": [0.0, 0.0, 0.2500088354602285, 1.0, -0.0028492012384435175, -0.00309076311481038, 0.0, -0.003290030528952952, 9.373959057668371e-06, 1.0168705005512589e-05, -8.673617379884035e-18, 0.002616574754823165, -7.455148031851712e-06, -8.087212739299639e-06, 2.5153490401663703e-17, 0.0, 6.938893903907228e-18, 0.0, 0.0]}, {"time": 3.2, "step_sample_count": 256, "data": [0.0, 0.0, 0.2504264877881611, 1.0, -0.01950796636056369, -0.021726742763207345, 0.0, -0.02265812351215884, 0.000442013911268687, 0.0004922872210456975, -1.0408340855860843e-17, 0.01841796789907131, -0.0003592970982049734, -0.0004001624507641169, 4.90059381963448e-17, 0.0, -1.734723475976807e-18, -5.204170427930421e-18, 0.0]}, {"time": 3.25, "step_sample_count": 256, "data": [0.0, 0.0, 0.2514697347737959, 1.0, -0.035663649384479974, -0.0407831591751763, 0.0, -0.04167332236562273, 0.0014862227575340153, 0.0016995697393956885, -6.938893903907228e-18, 0.034619303325424934, -0.0012346506957328762, -0.001411884558054439, 2.6020852139652106e-18, 0.0, 2.6020852139652106e-18, -3.469446951953614e-18, 0.0]}, {"time": 3.3000000000000003, "step_sample_count": 256, "data": [0.0, 0.0, 0.2531398547828797, 1.0, -0.05129819366475314, -0.06023794794231492, 0.0, -0.06031754519948239, 0.003094181115025547, 0.0036334051477347053, -1.0408340855860843e-17, 0.05120457779023235, -0.0026267023480051922, -0.003084458691336186, 2.0816681711721685e-17, 0.0, -6.5052130349130266e-18, -3.469446951953614e-18, 0.0]}, {"time": 3.35, "step_sample_count": 256, "data": [0.0, 0.0, 0.2554388439141284, 1.0, -0.06639436575418209, -0.08006840141487061, 0.0, -0.07857324728606549, 0.005216820918804877, 0.006291234304170655, 3.469446951953614e-17, 0.06815721179710751, -0.004525254848842358, -0.0054572389934890286, 2.168404344971009e-17, 0.0, -3.469446951953614e-17, 3.469446951953614e-18, 0.0]}, {"time": 3.4000000000000004, "step_sample_count": 256, "data": [0.0, 0.0, 0.2583693493561342, 1.0, -0.08093577965900506, -0.10025120089683971, 0.0, -0.09642344210637518, 0.007804106464284459, 0.009666565865771122, -1.3877787807814457e-17, 0.08546006975557685, -0.006916777375380533, -0.008567474621724223, -1.734723475976807e-18, 0.0, 1.3877787807814457e-17, -1.0408340855860843e-17, 0.0]}, {"time": 3.45, "step_sample_count": 256, "data": [0.0, 0.0, 0.2619345789060532, 1.0, -0.09490691985404977, -0.12076244973775853, 0.0, -0.11385172167345894, 0.010805316224108524, 0.013749012816148452, -5.551115123125783e-17, 0.10309548086524907, -0.009784474539792882, -0.012450062826179645, 3.469446951953614e-18, 0.0, 6.938893903907228e-18, 0.0, 0.0]}, {"time": 3.5, "step_sample_count": 256, "data": [0.0, 0.0, 0.26613818771417963, 1.0, -0.10829316302452006, -0.14157770727323737, 0.0, -0.13084227610708066, 0.014169323936963405, 0.018524349465652467, -6.938893903907228e-18, 0.12104526069912988, -0.013108374150236354, -0.01713731048607404, 6.938893903907228e-18, 0.0, -1.0408340855860843e-17, 1.3877787807814457e-17, 0.0]}, {"time": 3.5500000000000003, "step_sample_count": 256, "data": [0.0, 0.0, 0.2709841435889842, 1.0, -0.12108079850295307, -0.16267202356505356, 0.0, -0.14737991243506282, 0.017844877480932744, 0.02397458858865215, -4.85722573273506e-17, 0.1392907334588173, -0.016865433231255535, -0.02265870547560627, -4.163336342344337e-17, 0.0, 2.7755575615628914e-17, -1.3877787807814457e-17, 0.0]}, {"time": 3.6, "step_sample_count": 256, "data": [0.0, 0.0, 0.27647657245382784, 1.0, -0.13325704737177713, -0.18401997489045163, 0.0, -0.16345007259765554, 0.02178087406706622, 0.0300780782552632, -4.85722573273506e-17, 0.15781275487345015, -0.02102966175204201, -0.02904069918920517, -1.0408340855860843e-17, 0.0, -1.0408340855860843e-17, 6.938893903907228e-18, 0.0]}, {"time": 3.6500000000000004, "step_sample_count": 256, "data": [0.0, 0.0, 0.2826195857866829, 1.0, -0.14481008020384747, -0.20559569992922117, 0.0, -0.17903885063230635, 0.02592663031966899, 0.03680961781027241, 6.245004513516506e-17, 0.17659173571346376, -0.025572263412003318, -0.03630650150572559, 6.938893903907228e-18, 0.0, -3.122502256758253e-17, 6.938893903907228e-18, 0.0]}, {"time": 3.7, "step_sample_count": 256, "data": [0.0, 0.0, 0.2894170920952967, 1.0, -0.1557290334153033, -0.22737293659609398, 0.0, -0.19413300901724667, 0.030232145848260138, 0.04414059235048741, -6.938893903907228e-17, 0.19560766588941658, -0.030461792737582365, -0.04447588941398417, 4.85722573273506e-17, 0.0, -1.734723475976807e-17, 1.3877787807814457e-17, 0.0]}, {"time": 3.75, "step_sample_count": 256, "data": [0.0, 0.0, 0.2968725946800093, 1.0, -0.16600402420711693, -0.24932505946507377, 0.0, -0.20871999415338577, 0.03464835896194798, 0.052039124953842844, -1.3877787807814457e-17, 0.2148401391054061, -0.0356643276527142, -0.05356503045794, -6.938893903907228e-18, 0.0, -2.7755575615628914e-17, -2.0816681711721685e-17, 0.0]}, {"time": 3.8000000000000003, "step_sample_count": 256, "data": [0.0, 0.0, 0.30498897811278924, 1.0, -0.17562616407375523, -0.27142511773144745, 0.0, -0.22278795096509857, 0.03912739322985211, 0.06047024581984996, -6.245004513516506e-17, 0.23426837803588532, -0.04114365659822286, -0.06358632208914536, -3.469446951953614e-17, 0.0, 4.163336342344337e-17, 1.3877787807814457e-17, 0.0]}, {"time": 3.85, "step_sample_count": 256, "data": [0.0, 0.0, 0.3137682860121179, 1.0, -0.1845875708594464, -0.2936458736564419, 0.0, -0.2363257366016197, 0.04362279365086233, 0.06939607739188483, -2.0816681711721685e-17, 0.25387125999401366, -0.046861479193321946, -0.07454824793720365, 6.938893903907228e-18, 0.0, 0.0, -3.469446951953614e-17, 0.0]}, {"time": 3.9000000000000004, "step_sample_count": 256, "data": [0.0, 0.0, 0.32321149281753037, 1.0, -0.19288137934467237, -0.31595984143879224, 0.0, -0.24932293322189897, 0.04808975126209943, 0.07877603444784577, 4.85722573273506e-17, 0.27362734305905645, -0.052777619355648675, -0.08645525192625739, -4.163336342344337e-17, 0.0, 6.938893903907228e-18, 0.0, 0.0]}, {"time": 3.95, "step_sample_count": 256, "data": [0.0, 0.0, 0.3333182723635741, 1.0, -0.2005017503476248, -0.33833932645686465, 0.0, -0.26176985984694523, 0.05248531508756499, 0.08856703806732345, -7.632783294297951e-17, 0.2935148926297552, -0.058850249725361084, -0.09930763107741036, -6.938893903907228e-18, 0.0, 6.938893903907228e-18, 1.3877787807814457e-17, 0.0]}, {"time": 4.0, "step_sample_count": 256, "data": [0.0, 0.0, 0.34408676611962635, 1.0, -0.20744387832753577, -0.360756464824436, 0.0, -0.27365758326487194, 0.056768590406205535, 0.09872374231103404, -4.85722573273506e-17, 0.31351190837003895, -0.0650361261741479, -0.11310144774393774, -1.3877787807814457e-17, 0.0, 1.0408340855860843e-17, -2.7755575615628914e-17, 0.0]}, {"time": 4.05, "step_sample_count": 256, "data": [0.0, 0.0, 0.3555133539986661, 1.0, -0.21370399747895863, -0.3831832632027733, 0.0, -0.2849779279750584, 0.0609009224015408, 0.10919877238224794, -4.85722573273506e-17, 0.3335961515129565, -0.07129083112191517, -0.12782846192862132, -4.163336342344337e-17, 0.0, 3.469446951953614e-17, -1.3877787807814457e-17, 0.0]}, {"time": 4.1000000000000005, "step_sample_count": 256, "data": [0.0, 0.0, 0.3675924306442794, 1.0, -0.21927938630827998, -0.40559163881129245, 0.0, -0.2957234851590803, 0.06484606434262886, 0.11994297298065838, -1.5265566588595902e-16, 0.35374517248823717, -0.07756902433273725, -0.14347608423108738, 0.0, 0.0, 4.163336342344337e-17, 0.0, 0.0]}, {"time": 4.15, "step_sample_count": 256, "data": [0.0, 0.0, 0.38031619008073514, 1.0, -0.22416837068593437, -0.42795345957876824, 0.0, -0.3058876206672859, 0.06857032953798262, 0.13090566550688307, -4.163336342344337e-17, 0.37393633883848343, -0.08382469981768641, -0.16002734986814754, -1.3877787807814457e-17, 0.0, 4.85722573273506e-17, -6.938893903907228e-17, 0.0]}, {"time": 4.2, "step_sample_count": 256, "data": [0.0, 0.0, 0.39367442155609134, 1.0, -0.22837032537002394, -0.450240584376886, 0.0, -0.31546448201115695, 0.07204272639957392, 0.1420349127308549, 9.020562075079397e-17, 0.39414686338861415, -0.09001144743563216, -0.17746091410240614, -2.7755575615628914e-17, 0.0, 2.7755575615628914e-17, 1.3877787807814457e-17, 0.0]}, {"time": 4.25, "step_sample_count": 256, "data": [0.0, 0.0, 0.407654319323427, 1.0, -0.23188567399925325, -0.4724249032777758, 0.0, -0.3244490043528596, 0.07523507605274946, 0.1532777894999704, 4.163336342344337e-17, 0.4143538326328617, -0.09608271775424504, -0.1957510693043553, 1.3877787807814457e-17, 0.0, 5.551115123125783e-17, 0.0, 0.0]}, {"time": 4.3, "step_sample_count": 256, "data": [0.0, 0.0, 0.42224030899125886, 1.0, -0.2347158875553198, -0.49447837777715903, 0.0, -0.3328369154846686, 0.07812211202915884, 0.16458065803321237, 6.938893903907228e-17, 0.4345342353033463, -0.1019920887123972, -0.21486778376143684, -6.938893903907228e-17, 0.0, 1.3877787807814457e-17, -2.7755575615628914e-17, 0.0]}, {"time": 4.3500000000000005, "step_sample_count": 256, "data": [0.0, 0.0, 0.43741389293203203, 1.0, -0.23686348129712598, -0.5163730809247714, 0.0, -0.3406247397922239, 0.08068156168311376, 0.17588944632570921, 1.3877787807814457e-17, 0.4546649910840004, -0.107693532612083, -0.23477676223467886, 2.7755575615628914e-17, 0.0, 1.3877787807814457e-17, 1.3877787807814457e-17, 0.0]}, {"time": 4.4, "step_sample_count": 256, "data": [0.0, 0.0, 0.4531535170686659, 1.0, -0.23833201017139385, -0.5380812373038598, 0.0, -0.34780980119689175, 0.08289420907656796, 0.18714992817443316, 2.7755575615628914e-17, 0.4747229794334469, -0.1131416819629268, -0.2554395281501239, 2.7755575615628914e-17, 0.0, 4.163336342344337e-17, -5.551115123125783e-17, 0.0]}, {"time": 4.45, "step_sample_count": 256, "data": [0.0, 0.0, 0.46943446116510534, 1.0, -0.23912606270648154, -0.5595752628017815, 0.0, -0.35439022507378426, 0.08474393918355781, 0.19830800333004528, -5.551115123125783e-17, 0.4946850684802799, -0.11829209270537558, -0.27681352719896996, 2.7755575615628914e-17, 0.0, 1.3877787807814457e-17, -1.3877787807814457e-17, 0.0]}, {"time": 4.5, "step_sample_count": 256, "data": [0.0, 0.0, 0.48622875452956127, 1.0, -0.23925125339840284, -0.5808278041140102, 0.0, -0.3603649391433064, 0.0862177633708752, 0.20930997628228584, -9.71445146547012e-17, 0.5145281439541, -0.1231015033497724, -0.2988522520077173, 4.163336342344337e-17, 0.0, 2.7755575615628914e-17, -4.163336342344337e-17, 0.0]}, {"time": 4.55, "step_sample_count": 256, "data": [0.0, 0.0, 0.5035051188007702, 1.0, -0.23871421360024137, -0.6018117779242733, 0.0, -0.36573367333540396, 0.0873058262173883, 0.22010283219675494, 0.0, 0.5342291381156113, -0.12752808858760292, -0.32150538742830803, -1.3877787807814457e-17, 0.0, 0.0, 5.551115123125783e-17, 0.0]}, {"time": 4.6000000000000005, "step_sample_count": 256, "data": [0.0, 0.0, 0.5212289392304745, 1.0, -0.2375225809283273, -0.6225004097039772, 0.0, -0.37049695862698917, 0.08800139383917807, 0.2306345085393782, 5.551115123125783e-17, 0.5537650586490842, -0.13153170595825717, -0.34471897588880196, -1.3877787807814457e-17, 0.0, -2.0816681711721685e-17, 0.0, 0.0]}, {"time": 4.65, "step_sample_count": 256, "data": [0.0, 0.0, 0.5393622656019843, 1.0, -0.2356849872006984, -0.6428672720746568, 0.0, -0.37465612485433847, 0.0883008239909578, 0.24085416095117057, -2.7755575615628914e-17, 0.5731130174805268, -0.13507413418945152, -0.3684356021381811, 4.163336342344337e-17, 0.0, -2.0816681711721685e-17, 1.3877787807814457e-17, 0.0]}, {"time": 4.7, "step_sample_count": 256, "data": [0.0, 0.0, 0.5578638436378158, 1.0, -0.2332110449254977, -0.662886322677812, 0.0, -0.3782132975035502, 0.08820351831552092, 0.25071242196997756, 4.163336342344337e-17, 0.5922502594849965, -0.1381193018718932, -0.39259459661498913, -1.3877787807814457e-17, 0.0, 1.3877787807814457e-17, 2.7755575615628914e-17, 0.0]}, {"time": 4.75, "step_sample_count": 256, "data": [0.0, 0.0, 0.5766891774518541, 1.0, -0.23011133235907189, -0.6825319414971874, 0.0, -0.38117139348345697, 0.08771185721164224, 0.2601616512374527, -6.938893903907228e-17, 0.6111541910466358, -0.14063350517857226, -0.41713225656920355, 5.551115123125783e-17, 0.0, -2.0816681711721685e-17, -2.7755575615628914e-17, 0.0]}, {"time": 4.800000000000001, "step_sample_count": 256, "data": [0.0, 0.0, 0.5957906232962262, 1.0, -0.2263973771556091, -0.7017789675793829, 0.0, -0.383534115886687, 0.08683111788644117, 0.2691561758784306, 0.0, 0.62980240843517, -0.14258561339600814, -0.44198208397064254, 0.0, 0.0, -6.938893903907228e-18, 0.0, 0.0]}, {"time": 4.8500000000000005, "step_sample_count": 256, "data": [0.0, 0.0, 0.615117514543112, 1.0, -0.22208163863219738, -0.7206027350995081, 0.0, -0.38530594774584065, 0.08556937625012782, 0.2776525197957611, 0.0, 0.6481727259628669, -0.14394726109853181, -0.46707503914574555, 1.3877787807814457e-17, 0.0, -2.0816681711721685e-17, -2.7755575615628914e-17, 0.0]}, {"time": 4.9, "step_sample_count": 256, "data": [0.0, 0.0, 0.6346163175301922, 1.0, -0.21717748867521047, -0.7389791087196013, 0.0, -0.3864921447930538, 0.08393739339885106, 0.2856096206862979, -4.163336342344337e-17, 0.6662432038862034, -0.14469302586693195, -0.49233980899831814, -1.3877787807814457e-17, 0.0, -2.7755575615628914e-17, 2.7755575615628914e-17, 0.0]}, {"time": 4.95, "step_sample_count": 256, "data": [0.0, 0.0, 0.6542308175883762, 1.0, -0.21169919131588175, -0.7568845181884926, 0.0, -0.3870987272324584, 0.0819484875145185, 0.29298903365271817, -4.163336342344337e-17, 0.6839921760168282, -0.14480059052915295, -0.5177030885891961, -2.7755575615628914e-17, 0.0, 3.469446951953614e-17, -5.551115123125783e-17, 0.0]}, {"time": 5.0, "step_sample_count": 256, "data": [0.0, 0.0, 0.6739023342650706, 1.0, -0.20566188100487925, -0.7742959921329495, 0.0, -0.38713247053633093, 0.07961839208856744, 0.2997551203608079, 5.551115123125783e-17, 0.7013982770067586, -0.14425088898279148, -0.5430898747752891, -4.163336342344337e-17, 0.0, -1.3877787807814457e-17, 0.0, 0.0]}, {"time": 5.050000000000001, "step_sample_count": 256, "data": [0.0, 0.0, 0.6935699644584957, 1.0, -0.19908153961757216, -0.7911911909910737, 0.0, -0.38660089527694724, 0.07696510144926635, 0.30587522277238316, 4.163336342344337e-17, 0.718440469273161, -0.14302823474647214, -0.5684237705404187, 2.7755575615628914e-17, 0.0, 0.0, 5.551115123125783e-17, 0.0]}, {"time": 5.1000000000000005, "step_sample_count": 256, "data": [0.0, 0.0, 0.7131708518915181, 1.0, -0.19197497222353277, -0.8075484390402005, 0.0, -0.38551225600739747, 0.0740087046388514, 0.31131982056963975, 1.3877787807814457e-17, 0.7350980695285343, -0.14112043147931302, -0.5936272985892326, 0.0, 0.0, 2.0816681711721685e-17, 5.551115123125783e-17, 0.0]}, {"time": 5.15, "step_sample_count": 256, "data": [0.0, 0.0, 0.7326404810799418, 1.0, -0.18435978165560163, -0.8233467554728159, 0.0, -0.3838755292058217, 0.07077120874731352, 0.31606267147702327, 4.163336342344337e-17, 0.7513507748825871, -0.13851886480412093, -0.6186222227215642, 5.551115123125783e-17, 0.0, 6.938893903907228e-18, -8.326672684688674e-17, 0.0]}, {"time": 5.2, "step_sample_count": 256, "data": [0.0, 0.0, 0.7519129936930402, 1.0, -0.1762543419156031, -0.8385658844754452, 0.0, -0.38170040029871727, 0.06727635286357261, 0.32008093378112545, -1.3877787807814457e-17, 0.7671786884826681, -0.13521857487018846, -0.6433298754581813, -5.551115123125783e-17, 0.0, -1.734723475976807e-17, 5.551115123125783e-17, 0.0]}, {"time": 5.25, "step_sample_count": 256, "data": [0.0, 0.0, 0.7709215249658157, 1.0, -0.16767777045547563, -0.8531863242668635, 0.0, -0.3789972497801452, 0.06354941385189165, 0.32335527044717227, -1.3877787807814457e-17, 0.7825623446601594, -0.131218309195025, -0.6676714903502603, 8.326672684688674e-17, 0.0, 1.3877787807814457e-17, 5.551115123125783e-17, 0.0]}, {"time": 5.300000000000001, "step_sample_count": 256, "data": [0.0, 0.0, 0.789598557605566, 1.0, -0.15864989937421856, -0.8671893550535149, 0.0, -0.3757771384448094, 0.05961700520140083, 0.32586993433180955, 1.3877787807814457e-17, 0.7974827335508973, -0.12652055543052654, -0.6915685373743166, 0.0, 0.0, 1.734723475976807e-17, 2.7755575615628914e-17, 0.0]}, {"time": 5.3500000000000005, "step_sample_count": 256, "data": [0.0, 0.0, 0.8078762904419354, 1.0, -0.14919124557263963, -0.8805570658615987, 0.0, -0.3720517917541105, 0.055506870229328, 0.3276128340955502, -1.3877787807814457e-17, 0.8119213251583304, -0.12113155380735943, -0.71494305979188, 0.0, 0.0, 2.0816681711721685e-17, 5.551115123125783e-17, 0.0]}, {"time": 5.4, "step_sample_count": 256, "data": [0.0, 0.0, 0.8256870189017587, 1.0, -0.13932297990938902, -0.8932723802068916, 0.0, -0.3678335833553834, 0.05124767094382046, 0.32857558052389346, 4.163336342344337e-17, 0.825860092828837, -0.1150612891211585, -0.7377180108390993, 1.942890293094024e-16, 0.0, -3.469446951953614e-17, 2.7755575615628914e-17, 0.0]}, {"time": 5.45, "step_sample_count": 256, "data": [0.0, 0.0, 0.8429635242493951, 1.0, -0.12906689540323005, -0.9053190805650819, 0.0, -0.36313551777559555, 0.04686877388994061, 0.32875351307312684, 1.3877787807814457e-17, 0.8392815361093576, -0.10832346223488862, -0.7598175886057729, -2.7755575615628914e-17, 0.0, 6.938893903907228e-18, -1.6653345369377348e-16, 0.0]}, {"time": 5.5, "step_sample_count": 256, "data": [0.0, 0.0, 0.8596394684213486, 1.0, -0.11844537452786796, -0.9166818316071186, 0.0, -0.3579712123118455, 0.042400034312471385, 0.3281457065646432, 0.0, 0.8521687029582917, -0.10093544118282227, -0.7811675674660702, -5.551115123125783e-17, 0.0, 6.938893903907228e-18, 2.7755575615628914e-17, 0.0]}, {"time": 5.550000000000001, "step_sample_count": 256, "data": [0.0, 0.0, 0.8756497912019567, 1.0, -0.10748135564699386, -0.927346202165884, 0.0, -0.35235487814201205, 0.0378715799715347, 0.3267549580596176, 5.551115123125783e-17, 0.8645052112814204, -0.09291819207241789, -0.8016956244344406, 8.326672684688674e-17, 0.0, 2.0816681711721685e-17, 5.551115123125783e-17, 0.0]}, {"time": 5.6000000000000005, "step_sample_count": 256, "data": [0.0, 0.0, 0.8909311064356797, 1.0, -0.09619829863843472, -0.9372986859023092, 0.0, -0.3463013006799033, 0.03331359594168344, 0.32458775405353346, 9.71445146547012e-17, 0.8762752697654612, -0.08429619009037277, -0.8213316588398586, 2.7755575615628914e-17, 0.0, -1.0408340855860843e-17, 1.3877787807814457e-16, 0.0]}, {"time": 5.65, "step_sample_count": 256, "data": [0.0, 0.0, 0.9054220939516748, 1.0, -0.08462014975748366, -0.9465267206409858, 0.0, -0.33982581920021104, 0.02875611171218173, 0.32165421823671225, 0.0, 0.8874636979827755, -0.07509731102763298, -0.8400081037395587, 1.6653345369377348e-16, 0.0, 0.0, 5.551115123125783e-17, 0.0]}, {"time": 5.7, "step_sample_count": 256, "data": [0.0, 0.0, 0.9190638838880565, 1.0, -0.07277130579059843, -0.9550187063472168, 0.0, -0.3329443057595097, 0.024228791885663875, 0.3179680401721189, -2.0816681711721685e-17, 0.8980559457416323, -0.06535270384462946, -0.8576602275296001, 2.498001805406602e-16, 0.0, -1.734723475976807e-17, 5.551115123125783e-17, 0.0]}, {"time": 5.75, "step_sample_count": 256, "data": [0.0, 0.0, 0.9318004301466017, 1.0, -0.060676577551670365, -0.962764021719433, 0.0, -0.3256731434404284, 0.01976073174445961, 0.3135463853447163, 3.469446951953614e-17, 0.9080381116574294, -0.055096644901854404, -0.8742264242538264, 0.0, 0.0, 1.214306433183765e-17, 0.0, 0.0]}, {"time": 5.800000000000001, "step_sample_count": 256, "data": [0.0, 0.0, 0.9435788697832441, 1.0, -0.0483611527740384, -0.9697530393729251, 0.0, -0.31802920394698897, 0.01538025891868608, 0.30840978713694417, 3.469446951953614e-17, 0.9173969609212275, -0.044366374581550065, -0.8896484911648449, 2.220446049250313e-16, 0.0, 8.673617379884035e-18, 8.326672684688674e-17, 0.0]}, {"time": 5.8500000000000005, "step_sample_count": 256, "data": [0.0, 0.0, 0.9543498652448386, 1.0, -0.03585055845229092, -0.9759771395928627, 0.0, -0.31002982457993244, 0.011114742348056261, 0.3025820213819991, 1.3877787807814457e-17, 0.9261199422429808, -0.03320191712321428, -0.9038718921502118, 5.551115123125783e-17, 0.0, 8.673617379884035e-19, 5.551115123125783e-17, 0.0]}, {"time": 5.9, "step_sample_count": 256, "data": [0.0, 0.0, 0.964067926497477, 1.0, -0.023170622688695675, -0.9814287226366651, 0.0, -0.3016927846216282, 0.006990409680369708, 0.2960899642399032, 6.938893903907228e-18, 0.9341952039479036, -0.021645884588266308, -0.9168460057038897, 5.551115123125783e-17, 0.0, -8.673617379884035e-18, -8.326672684688674e-17, 0.0]}, {"time": 5.95, "step_sample_count": 256, "data": [0.0, 0.0, 0.9726917102547429, 1.0, -0.010347436099831039, -0.9861012195678874, 0.0, -0.2930362811609348, 0.0030321741942447022, 0.2889634342304358, 2.7755575615628914e-17, 0.9416116092054528, -0.009743265957112557, -0.928524356196778, 2.7755575615628914e-17, 0.0, -1.8431436932253575e-18, -5.551115123125783e-17, 0.0]}, {"time": 6.0, "step_sample_count": 256, "data": [0.0, 0.0, 0.9801842937042777, 1.0, 0.002592687160389156, -0.9899891016059073, 0.0, -0.2840789043890675, -0.0007365277279470783, 0.2812350193413233, 1.3877787807814457e-17, 0.9483587503715515, 0.0024587975555310435, -0.9388648272804325, 1.6653345369377348e-16, 0.0, -2.168404344971009e-19, 0.0, 0.0]}, {"time": 6.050000000000001, "step_sample_count": 256, "data": [0.0, 0.0, 0.9865134203460031, 1.0, 0.015623248704526083, -0.99308788797788, 0.0, -0.2748396123982262, -0.004293887618352893, 0.2729398902092134, -2.7755575615628914e-17, 0.9544269624257485, 0.014911249804282739, -0.94782985634453, -1.1102230246251565e-16, 0.0, -1.3010426069826053e-18, 0.0, 0.0]}, {"time": 6.1000000000000005, "step_sample_count": 256, "data": [0.0, 0.0, 0.9916517157933018, 1.0, 0.028717605485031092, -0.9953941522615547, 0.0, -0.2653377055153431, -0.007619863547292882, 0.2641156004444708, -6.938893903907228e-18, 0.9598073354862136, 0.02756336840213187, -0.9553866090407211, 5.551115123125783e-17, 0.0, 2.6020852139652106e-18, -5.551115123125783e-17, 0.0]}, {"time": 6.15, "step_sample_count": 256, "data": [0.0, 0.0, 0.9955768716471325, 1.0, 0.04184900957964007, -0.9969055272097941, 0.0, -0.25559280020392044, -0.010696305544220935, 0.25480187523831727, 2.0816681711721685e-17, 0.9644917263865739, 0.0403630234970348, -0.9615071329828916, -8.326672684688674e-17, 0.0, 6.938893903907228e-18, 5.551115123125783e-17, 0.0]}, {"time": 6.2, "step_sample_count": 256, "data": [0.0, 0.0, 0.9982717958299214, 1.0, 0.05499064813080305, -0.9976207080497895, 0.0, -0.245624802567469, -0.013507067090185787, 0.24504038945194814, 0.0, 0.9684727692998398, 0.05325694528083178, -0.9661684898358467, -2.7755575615628914e-16, 0.0, -5.204170427930421e-18, -1.1102230246251565e-16, 0.0]}, {"time": 6.25, "step_sample_count": 256, "data": [0.0, 0.0, 0.9997247280585175, 1.0, 0.06811568338100041, -0.9975394542522055, 0.0, -0.23545388148855836, -0.01603810204230241, 0.23487453644166006, 6.245004513516506e-17, 0.9717438853958491, 0.06619099882504682, -0.9693528651106937, -1.942890293094024e-16, 0.0, 0.0, -5.551115123125783e-17, 0.0]}, {"time": 6.300000000000001, "step_sample_count": 256, "data": [0.0, 0.0, 0.9999293194406876, 1.0, 0.08119729274563611, -0.9966625897677147, 0.0, -0.2251004414379688, -0.01827754644061083, 0.22434918892142153, 5.551115123125783e-17, 0.97429929151988, 0.0791104647954054, -0.9710476550950524, 2.7755575615628914e-17, 0.0, 3.469446951953614e-18, -5.551115123125783e-17, 0.0]}, {"time": 6.3500000000000005, "step_sample_count": 256, "data": [0.0, 0.0, 0.9988846754945762, 1.0, 0.09420870886515861, -0.9949920017305671, 0.0, -0.21458509498883485, -0.020215784740605425, 0.2135104532044848, 2.7755575615628914e-17, 0.9761340078813325, 0.09196032456187299, -0.9712455304591291, 0.0, 0.0, 6.938893903907228e-18, -5.551115123125783e-17, 0.0]}, {"time": 6.4, "step_sample_count": 256, "data": [0.0, 0.0, 0.9965953622123673, 1.0, 0.1071232595780892, -0.9925306376311318, 0.0, -0.20392863507105613, -0.02184550011012218, 0.20240541819832195, 4.163336342344337e-17, 0.9772438647426513, 0.10468554819392165, -0.9699444761941352, -1.1102230246251565e-16, 0.0, -1.3877787807814457e-17, 1.1102230246251565e-16, 0.0]}, {"time": 6.45, "step_sample_count": 256, "data": [0.0, 0.0, 0.993071375114688, 1.0, 0.11991440775673828, -0.9892825009614831, 0.0, -0.19315200700157978, -0.023161708526619196, 0.19108190055225277, -1.3877787807814457e-17, 0.9776255080998646, 0.11723138381167549, -0.9671478076567748, 5.551115123125783e-17, 0.0, 0.0, -2.7755575615628914e-17, 0.0]}, {"time": 6.5, "step_sample_count": 256, "data": [0.0, 0.0, 0.988328071568327, 1.0, 0.1325557909476118, -0.985252645340404, 0.0, -0.1822762803264353, -0.02416177650965934, 0.17958818737442955, 4.85722573273506e-17, 0.9772764043474957, 0.1295436467527204, -0.962864162612129, 2.7755575615628914e-17, 0.0, 6.938893903907228e-18, 2.7755575615628914e-17, 0.0]}, {"time": 6.550000000000001, "step_sample_count": 256, "data": [0.0, 0.0, 0.9823860669630288, 1.0, 0.14502126075877098, -0.9804471671263297, 0.0, -0.17132262051065228, -0.024845422422951152, 0.16797277794432833, -2.42861286636753e-17, 0.9761948439217818, 0.14156900701174843, -0.957107469286441, 2.7755575615628914e-17, 0.0, -6.938893903907228e-18, 8.326672684688674e-17, 0.0]}, {"time": 6.6000000000000005, "step_sample_count": 256, "data": [0.0, 0.0, 0.975271095660713, 1.0, 0.15728492193679175, -0.9748731965289652, 0.0, -0.16031226051237413, -0.025214701380199128, 0.15628412584848222, 3.469446951953614e-17, 0.9743799439175043, 0.15325527341583994, -0.9498968905605705, 0.0, 0.0, -1.734723475976807e-17, 0.0, 0.0]}, {"time": 6.65, "step_sample_count": 256, "data": [0.0, 0.0, 0.9670138379391819, 1.0, 0.1693211710764157, -0.9685388872324989, 0.0, -0.14926647227762765, -0.025273973888493034, 0.14457038296089433, -3.122502256758253e-17, 0.971831649675009, 0.16455167301209703, -0.9412567445535561, -1.942890293094024e-16, 0.0, 3.469446951953614e-18, 5.551115123125783e-17, 0.0]}, {"time": 6.7, "step_sample_count": 256, "data": [0.0, 0.0, 0.9576497144492904, 1.0, 0.18110473490651402, -0.961453404545483, 0.0, -0.13820653819231976, -0.025029858461666832, 0.1328791466754511, -6.938893903907228e-18, 0.9685507353353022, 0.17540912416640875, -0.9312164019631576, 2.7755575615628914e-17, 0.0, -1.3877787807814457e-17, 0.0, 0.0]}, {"time": 6.75, "step_sample_count": 256, "data": [0.0, 0.0, 0.947218649986838, 1.0, 0.19261070809660902, -0.9536269120945894, 0.0, -0.12715372252806392, -0.024491168533250146, 0.12125721177576966, 1.734723475976807e-17, 0.9645388033624123, 0.18578050190228998, -0.9198101606459076, 0.0, 0.0, 6.938893903907228e-18, 5.551115123125783e-17, 0.0]}, {"time": 6.800000000000001, "step_sample_count": 256, "data": [0.0, 0.0, 0.9357648086453452, 1.0, 0.20381459052888778, -0.945070557081562, 0.0, -0.11612924291846978, -0.023668834093857505, 0.10975032829841808, 6.938893903907228e-18, 0.9597982830335212, 0.1956208940468066, -0.9070770980324171, -3.0531133177191805e-16, 0.0, 0.0, 1.1102230246251565e-16, 0.0]}, {"time": 6.8500000000000005, "step_sample_count": 256, "data": [0.0, 0.0, 0.9233363026608927, 1.0, 0.21469232398141855, -0.9357964541247936, 0.0, -0.10515424190246983, -0.022575808570545475, 0.09840296670851185, 2.42861286636753e-17, 0.9543324278986833, 0.2048878467963979, -0.8930609020838937, 8.326672684688674e-17, 0.0, 1.3877787807814457e-17, 2.7755575615628914e-17, 0.0]}, {"time": 6.9, "step_sample_count": 256, "data": [0.0, 0.0, 0.9099848774829165, 1.0, 0.22522032816914528, -0.9258176677089613, 0.0, -0.09424975857117893, -0.02122696155526363, 0.08725809166250165, 1.0408340855860843e-17, 0.9481453122132457, 0.2135415983687033, -0.8778096816024519, 2.7755575615628914e-17, 0.0, -1.3877787807814457e-17, 1.3877787807814457e-16, 0.0]}, {"time": 6.95, "step_sample_count": 256, "data": [0.0, 0.0, 0.8957655758032423, 1.0, 0.23537553609015105, -0.915148193268229, 0.0, -0.08343670035465177, -0.019638958075569313, 0.0763569455818222, -1.734723475976807e-17, 0.941241826347384, 0.22154529946698814, -0.861375756810297, 1.6653345369377348e-16, 0.0, 1.3877787807814457e-17, -2.7755575615628914e-17, 0.0]}, {"time": 7.0, "step_sample_count": 256, "data": [0.0, 0.0, 0.880736383447734, 1.0, 0.24513542862571225, -0.9038029369304683, 0.0, -0.07273581498471222, -0.01783012518271776, 0.06573884320321402, -1.0408340855860843e-17, 0.9336276711784851, 0.22886521935116372, -0.8438154312106692, -2.498001805406602e-16, 0.0, 2.0816681711721685e-17, 5.551115123125783e-17, 0.0]}, {"time": 7.050000000000001, "step_sample_count": 256, "data": [0.0, 0.0, 0.8649578601791355, 1.0, 0.2544780683437257, -0.8917976939519083, 0.0, -0.06216766266981794, -0.015820306709659615, 0.055440978207323736, -3.469446951953614e-18, 0.9253093514733699, 0.23547093638332883, -0.8251887458360876, 3.0531133177191805e-16, 0.0, 4.163336342344337e-17, 0.0, 0.0]}, {"time": 7.1000000000000005, "step_sample_count": 256, "data": [0.0, 0.0, 0.8484927585746752, 1.0, 0.2633821324562669, -0.8791491258735313, 0.0, -0.05175258851764122, -0.01363070712390807, 0.045498242956976756, 8.673617379884035e-18, 0.9162941682686445, 0.24133551199583714, -0.8055592170763922, -2.220446049250313e-16, 0.0, -6.938893903907228e-18, -5.551115123125783e-17, 0.0]}, {"time": 7.15, "step_sample_count": 256, "data": [0.0, 0.0, 0.8314056342266554, 1.0, 0.2718269448832589, -0.8658747364323527, 0.0, -0.04151069524073118, -0.011283725467267913, 0.03594306230069198, -1.9949319973733282e-17, 0.9065902102587432, 0.24643564711570537, -0.7849935593599409, -1.1102230246251565e-16, 0.0, 1.3877787807814457e-17, 5.551115123125783e-17, 0.0]}, {"time": 7.2, "step_sample_count": 256, "data": [0.0, 0.0, 0.8137624505679156, 1.0, 0.2797925073755246, -0.8519928462625989, 0.0, -0.031461816180267624, -0.008802780435664737, 0.02680524231601695, -8.673617379884035e-19, 0.8962063442024757, 0.25075182017026304, -0.7635613940356655, 2.7755575615628914e-17, 0.0, 0.0, 2.7755575615628914e-17, 0.0]}, {"time": 7.25, "step_sample_count": 256, "data": [0.0, 0.0, 0.7956301816461135, 1.0, 0.28725952965187496, -0.8375225664234554, 0.0, -0.021625488682500457, -0.006212127707426823, 0.018111834781529158, -2.168404344971009e-19, 0.8851522043601261, 0.2542684058948101, -0.7413349458710714, -2.7755575615628914e-17, 0.0, 0.0, 0.0, 0.0]}, {"time": 7.300000000000001, "step_sample_count": 256, "data": [0.0, 0.0, 0.777076416161281, 1.0, 0.2942094585063, -0.8224837707918515, 0.0, -0.012020927862025353, -0.003536670677029452, 0.009887018076375369, 1.1709383462843448e-17, 0.873438180974411, 0.25697377426320894, -0.7183887286414089, 2.220446049250313e-16, 0.0, 1.3877787807814457e-17, -5.551115123125783e-17, 0.0]}, {"time": 7.3500000000000005, "step_sample_count": 256, "data": [0.0, 0.0, 0.7581689660400668, 1.0, 0.30062450584284206, -0.8068970673603397, 0.0, -0.002667000785551547, -0.0008017657932387345, 0.002151995112509311, -1.8648277366750676e-17, 0.8610754078097798, 0.25886036896623854, -0.6947992213378196, 1.942890293094024e-16, 0.0, 0.0, 2.7755575615628914e-17, 0.0]}, {"time": 7.4, "step_sample_count": 256, "data": [0.0, 0.0, 0.7389754827480612, 1.0, 0.3064876755972803, -0.7907837684817329, 0.0, 0.006417798890727254, 0.0019669762644699273, -0.00507509119216705, -1.474514954580286e-17, 0.8480757487657531, 0.25992476496963857, -0.6706445365669504, 1.6653345369377348e-16, 0.0, 2.7755575615628914e-17, 0.0, 0.0]}, {"time": 7.45, "step_sample_count": 256, "data": [0.0, 0.0, 0.7195630844393799, 1.0, 0.31178278950637067, -0.7741658601036967, 0.0, 0.015215375797614117, 0.004743892309568051, -0.011779224491160742, -2.42861286636753e-17, 0.8344517835811767, 0.2601677047935056, -0.646004082751186, 5.551115123125783e-17, 0.0, 4.85722573273506e-17, 5.551115123125783e-17, 0.0]}, {"time": 7.5, "step_sample_count": 256, "data": [0.0, 0.0, 0.6999979969112966, 1.0, 0.3164945116870641, -0.7570659700379353, 0.0, 0.02370805721133009, 0.007503469990148989, -0.017948563330410533, 3.469446951953614e-17, 0.8202167926473937, 0.25959411326646664, -0.6209582217670029, -1.3877787807814457e-16, 0.0, 6.938893903907228e-18, 5.551115123125783e-17, 0.0]}, {"time": 7.550000000000001, "step_sample_count": 256, "data": [0.0, 0.0, 0.6803452111726187, 1.0, 0.3206083719898546, -0.739507335310048, 0.0, 0.0318786168626171, 0.010220551453612406, -0.023574471009443973, 0.0, 0.8053847409494912, 0.258213090621287, -0.5955879236789321, -8.326672684688674e-17, 0.0, -4.85722573273506e-17, 5.551115123125783e-17, 0.0]}, {"time": 7.6000000000000005, "step_sample_count": 256, "data": [0.0, 0.0, 0.6606681602492491, 1.0, 0.32411078809218213, -0.7215137686374332, 0.0, 0.03971029816596588, 0.012870536033946972, -0.028651526883442108, -1.734723475976807e-18, 0.7899702611558852, 0.256037883912621, -0.5699744202380803, 0.0, 0.0, 0.0, -2.7755575615628914e-17, 0.0]}, {"time": 7.65, "step_sample_count": 256, "data": [0.0, 0.0, 0.6410284176409073, 1.0, 0.3269890862996611, -0.7031096240838868, 0.0, 0.047186836839159654, 0.015429580663408035, -0.033177519111689084, 8.673617379884035e-18, 0.7739886358775474, 0.25308583685192043, -0.5441988588170629, 0.0, 0.0, 6.938893903907228e-18, 0.0, 0.0]}, {"time": 7.7, "step_sample_count": 256, "data": [0.0, 0.0, 0.621485419611475, 1.0, 0.32923152102475756, -0.6843197619407593, 0.0, 0.054292482884089444, 0.01787479672013946, -0.037153418962412706, -8.673617379884035e-18, 0.7574557791192918, 0.249378318268437, -0.5183419584475655, -8.326672684688674e-17, 0.0, -1.3877787807814457e-17, -2.7755575615628914e-17, 0.0]}, {"time": 7.75, "step_sample_count": 256, "data": [0.0, 0.0, 0.6020962132441299, 1.0, 0.3308272929144881, -0.6651695128856241, 0.0, 0.06101202190062479, 0.020184442040623363, -0.04058333688780551, -3.8163916471489756e-17, 0.7403882169465045, 0.24494062951819662, -0.49248366961256196, -8.326672684688674e-17, 0.0, -2.7755575615628914e-17, 0.0, 0.0]}, {"time": 7.800000000000001, "step_sample_count": 256, "data": [0.0, 0.0, 0.582915231923999, 1.0, 0.331766565600655, -0.645684641470486, 0.0, 0.06733079570616576, 0.022338106850594147, -0.04347446068545807, -1.0408340855860843e-17, 0.7228030673917337, 0.23980189127417412, -0.46670283942259955, 2.7755575615628914e-17, 0.0, -6.938893903907228e-18, 2.7755575615628914e-17, 0.0]}, {"time": 7.8500000000000005, "step_sample_count": 256, "data": [0.0, 0.0, 0.5639940996281125, 1.0, 0.3320404810481392, -0.6258913089925114, 0.0, 0.0732347222343894, 0.02431689240013342, -0.045836976162985, -6.938893903907228e-18, 0.7047180196264962, 0.2339949102400738, -0.44107688377463855, 1.1102230246251565e-16, 0.0, -6.938893903907228e-18, -1.3877787807814457e-17, 0.0]}, {"time": 7.9, "step_sample_count": 256, "data": [0.0, 0.0, 0.5453814651078832, 1.0, 0.3316411734788144, -0.605816035801155, 0.0, 0.07871031468763032, 0.026103581127892732, -0.047683970820721726, 3.469446951953614e-17, 0.6861513124246033, 0.22755602643652378, -0.4156814680528334, 5.551115123125783e-17, 0.0, -2.0816681711721685e-17, 6.938893903907228e-17, 0.0]}, {"time": 7.95, "step_sample_count": 256, "data": [0.0, 0.0, 0.5271228667461136, 1.0, 0.3305617818507038, -0.5854856630964065, 0.0, 0.0837446999182746, 0.02768279722553739, -0.04903132116246045, 0.0, 0.6671217119441913, 0.22052494181156387, -0.390590197883655, 2.7755575615628914e-17, 0.0, 2.7755575615628914e-17, 1.3877787807814457e-17, 0.0]}, {"time": 8.0, "step_sample_count": 256, "data": [0.0, 0.0, 0.5092606285616641, 1.0, 0.3287964608741181, -0.5649273142735692, 0.0, 0.0883256360155408, 0.0290411565263654, -0.04989756433576412, 4.5102810375396984e-17, 0.6476484888565271, 0.21294453102649685, -0.3658743214030534, 1.3877787807814457e-17, 0.0, 1.3877787807814457e-17, 1.3877787807814457e-17, 0.0]}, {"time": 8.05, "step_sample_count": 256, "data": [0.0, 0.0, 0.491833787523529, 1.0, 0.3263403905486112, -0.5441683558706799, 0.0, 0.09244152907503136, 0.030167404701256666, -0.0503037548909313, 6.938893903907228e-18, 0.6277513948504528, 0.20486063536293225, -0.34160244443129717, 4.163336342344337e-17, 0.0, 6.938893903907228e-18, 0.0, 0.0]}, {"time": 8.1, "step_sample_count": 256, "data": [0.0, 0.0, 0.47487805202525857, 1.0, 0.32318978420676797, -0.5232363581752396, 0.0, 0.09608144912947696, 0.031052542810429344, -0.05027330753070676, 4.85722573273506e-17, 0.607450638542165, 0.1963218407867056, -0.31784025988202613, 0.0, 0.0, -2.0816681711721685e-17, -5.551115123125783e-17, 0.0]}, {"time": 8.15, "step_sample_count": 256, "data": [0.0, 0.0, 0.45842579106350734, 1.0, 0.3193418950529894, -0.5021590555473952, 0.0, 0.09923514522017096, 0.03168993933046803, -0.049831826800869644, 9.367506770274758e-17, 0.5867668608207341, 0.18737924128878677, -0.29465029265624987, 1.3877787807814457e-17, 0.0, -2.0816681711721685e-17, -2.7755575615628914e-17, 0.0]}, {"time": 8.200000000000001, "step_sample_count": 256, "data": [0.0, 0.0, 0.44250605336412185, 1.0, 0.31479502118762953, -0.4809643065171904, 0.0, 0.10189305958968616, 0.03207542785240778, -0.04900692474446814, -4.163336342344337e-17, 0.565721109660524, 0.17808618870187384, -0.2720916611900095, 1.249000902703301e-16, 0.0, -2.7755575615628914e-17, 0.0, 0.0]}, {"time": 8.25, "step_sample_count": 256, "data": [0.0, 0.0, 0.42714461540845705, 1.0, 0.3095485091090452, -0.45968005371372866, 0.0, 0.10404634097758264, 0.03220738972786218, -0.04782802760929195, -6.245004513516506e-17, 0.5443348144323177, 0.1684980302636727, -0.2502198567365003, -6.938893903907228e-17, 0.0, 1.3877787807814457e-17, 0.0, 0.0]}, {"time": 8.3, "step_sample_count": 256, "data": [0.0, 0.0, 0.4123640570345677, 1.0, 0.3036027556883248, -0.4383342836844333, 0.0, 0.10568685700196478, 0.03208682102583446, -0.04632617275881513, -6.938893903907228e-18, 0.5226297597455928, 0.15867183526348902, -0.22908654137025158, -1.3877787807814457e-17, 0.0, -1.3877787807814457e-17, -1.3877787807814457e-17, 0.0]}, {"time": 8.35, "step_sample_count": 256, "data": [0.0, 0.0, 0.39818386302518904, 1.0, 0.296959208613683, -0.41695498666268577, 0.0, 0.1068072056109093, 0.03171738325245474, -0.04453379699097505, -5.204170427930421e-17, 0.5006280588550088, 0.1486661121673877, -0.20873936560285627, -1.3877787807814457e-17, 0.0, 0.0, -1.3877787807814457e-17, 0.0]}, {"time": 8.4, "step_sample_count": 256, "data": [0.0, 0.0, 0.3846205488496379, 1.0, 0.2896203653037329, -0.39557011634220995, 0.0, 0.10740072558897229, 0.031105437378964155, -0.04248451751646745, 0.0, 0.4783521266646777, 0.13854051766844128, -0.18922180639729014, -4.163336342344337e-17, 0.0, -2.0816681711721685e-17, 4.163336342344337e-17, 0.0]}, {"time": 8.450000000000001, "step_sample_count": 256, "data": [0.0, 0.0, 0.3716878085023736, 1.0, 0.2815897702910679, -0.37420754971658043, 0.0, 0.10746150610518512, 0.030260060819291414, -0.04021290688847464, 0.0, 0.4558246523643369, 0.12835555915227953, -0.17057302626167103, 2.7755575615628914e-17, 0.0, -5.551115123125783e-17, 0.0, 0.0]}, {"time": 8.5, "step_sample_count": 256, "data": [0.0, 0.0, 0.35939668217907883, 1.0, 0.2728720110798156, -0.35289504704209923, 0.0, 0.10698439529017992, 0.02919304709698948, -0.03775426320869826, 0.0, 0.43306857173198643, 0.1181722921039705, -0.15282775399381412, -1.249000902703301e-16, 0.0, 6.938893903907228e-18, -1.3877787807814457e-17, 0.0]}, {"time": 8.55, "step_sample_count": 256, "data": [0.0, 0.0, 0.34775574135380205, 1.0, 0.2634727124830306, -0.3316602119821334, 0.0, 0.10596500783131427, 0.027918888041602023, -0.03514437696002183, -3.8163916471489756e-17, 0.4101070391379653, 0.10805201401006397, -0.13601618753586264, -2.7755575615628914e-17, 0.0, -1.3877787807814457e-17, -1.3877787807814457e-17, 0.0]}, {"time": 8.6, "step_sample_count": 256, "data": [0.0, 0.0, 0.33677128866962547, 1.0, 0.25339852944801494, -0.310530451990747, 0.0, 0.10439973157592247, 0.02645473845610634, -0.032419295833983536, 1.0408340855860843e-17, 0.38696339928586176, 0.09805595632924209, -0.12016391928411452, -4.163336342344337e-17, 0.0, -1.3877787807814457e-17, 0.0, 0.0]}, {"time": 8.65, "step_sample_count": 256, "data": [0.0, 0.0, 0.326447569931917, 1.0, 0.24265713837984149, -0.2895329389930627, 0.0, 0.10228573313408439, 0.024820363299401155, -0.029615088931371422, -3.469446951953614e-18, 0.3636611587259174, 0.08824497611632852, -0.10529188408353757, 0.0, 0.0, -5.551115123125783e-17, -1.3877787807814457e-17, 0.0]}, {"time": 8.700000000000001, "step_sample_count": 256, "data": [0.0, 0.0, 0.31678699539874006, 1.0, 0.23125722697554726, -0.26869457041942674, 0.0, 0.09962096247357852, 0.023038067530274917, -0.02676761171660791, -6.245004513516506e-17, 0.34022395717694276, 0.07867924888738716, -0.09141633002005611, 3.469446951953614e-17, 0.0, -6.938893903907228e-18, 0.0, 0.0]}, {"time": 8.75, "step_sample_count": 256, "data": [0.0, 0.0, 0.3077903674982022, 1.0, 0.21920848258361364, -0.24804193064987037, 0.0, 0.09640415650097225, 0.02113260886133138, -0.023912273101173158, 3.469446951953614e-17, 0.3166755386929365, 0.06941796430822703, -0.07854881200698376, 6.245004513516506e-17, 0.0, 4.163336342344337e-17, -1.3877787807814457e-17, 0.0]}, {"time": 8.8, "step_sample_count": 256, "data": [0.0, 0.0, 0.2994571120681053, 1.0, 0.20652157910550714, -0.22760125292480238, 0.0, 0.0926348416240925, 0.019131093772396194, -0.021083806018133814, -6.938893903907228e-18, 0.293039722710849, 0.060519026274884466, -0.06669620804572604, 6.938893903907228e-18, 0.0, 0.0, -2.0816681711721685e-17, 0.0]}, {"time": 8.85, "step_sample_count": 256, "data": [0.0, 0.0, 0.2917855102094087, 1.0, 0.19320816245816974, -0.2073983817771874, 0.0, 0.08831333529242597, 0.017062857232401772, -0.018316042828994936, -3.469446951953614e-18, 0.2693403750160487, 0.05203875893264488, -0.05586075792558931, -2.0816681711721685e-17, 0.0, -1.3877787807814457e-17, -1.3877787807814457e-17, 0.0]}, {"time": 8.9, "step_sample_count": 256, "data": [0.0, 0.0, 0.2847729278717209, 1.0, 0.1792808346184227, -0.18745873604067015, 0.0, 0.08344074651328989, 0.014959326676086892, -0.015641696875671154, 2.42861286636753e-17, 0.24560137866215026, 0.044031620149985615, -0.04604012401385271, 0.0, 0.0, 0.0, 2.0816681711721685e-17, 0.0]}, {"time": 8.950000000000001, "step_sample_count": 256, "data": [0.0, 0.0, 0.2784160403459731, 1.0, 0.16475313627234234, -0.16780727248732674, 0.0, 0.07801897534293543, 0.012853870876503247, -0.013092151454553853, -6.938893903907228e-18, 0.22184660488194852, 0.03654992392567228, -0.0372274736758135, -6.938893903907228e-18, 0.0, -6.938893903907228e-18, 0.0, 0.0]}, {"time": 9.0, "step_sample_count": 256, "data": [0.0, 0.0, 0.2727110489258736, 1.0, 0.14963952809464925, -0.14846845014774104, 0.0, 0.07205071135304085, 0.01078163444575279, -0.010697257446628031, 6.591949208711867e-17, 0.19809988402617065, 0.02964357316128094, -0.02941158275581291, 2.0816681711721685e-17, 0.0, 2.0816681711721685e-17, -6.938893903907228e-18, 0.0]}, {"time": 9.05, "step_sample_count": 256, "data": [0.0, 0.0, 0.2676538871148314, 1.0, 0.13395537068518, -0.12946619536516807, 0.0, 0.06553943107436283, 0.008779358784061997, -0.008485140787595219, -4.85722573273506e-17, 0.17438497656674606, 0.023359804177924926, -0.02257695944494071, -1.3877787807814457e-17, 0.0, 4.85722573273506e-17, 6.938893903907228e-18, 0.0]}, {"time": 9.1, "step_sample_count": 256, "data": [0.0, 0.0, 0.26324041389745567, 1.0, 0.11771690319144942, -0.11082386763445462, 0.0, 0.05848939442062533, 0.006885190380739072, -0.006482020905290493, 5.898059818321144e-17, 0.15072554420121573, 0.01774294429521292, -0.01670398775968679, 6.938893903907228e-18, 0.0, -6.938893903907228e-18, -3.469446951953614e-18, 0.0]}, {"time": 9.15, "step_sample_count": 256, "data": [0.0, 0.0, 0.2594665917630008, 1.0, 0.10094122064820461, -0.09256422627522909, 0.0, 0.05090564009701157, 0.005138477449270583, -0.004712041188625071, 2.0816681711721685e-17, 0.12714512109473536, 0.01283418372276649, -0.011769089758804498, -1.3877787807814457e-17, 0.0, -1.0408340855860843e-17, -1.3877787807814457e-17, 0.0]}, {"time": 9.200000000000001, "step_sample_count": 256, "data": [0.0, 0.0, 0.25632864736046257, 1.0, 0.08364625006677101, -0.07470939798770447, 0.0, 0.04279397999893863, 0.00357955595234361, -0.003197112483218443, -9.367506770274758e-17, 0.10366708529600174, 0.008671362940362722, -0.007744905533604296, -2.7755575615628914e-17, 0.0, -8.673617379884035e-18, 3.469446951953614e-18, 0.0]}, {"time": 9.25, "step_sample_count": 256, "data": [0.0, 0.0, 0.25382321287938664, 1.0, 0.06585072530876655, -0.057280845338102335, 0.0, 0.03416099260806463, 0.002249526140508341, -0.0019567705341784346, -5.724587470723463e-17, 0.08031463036315326, 0.005288776662319153, -0.004600489920218723, 1.9081958235744878e-17, 0.0, 0.0, -6.938893903907228e-18, 0.0]}, {"time": 9.3, "step_sample_count": 256, "data": [0.0, 0.0, 0.25194744648461903, 1.0, 0.0475741607805591, -0.04029933621939437, 0.0, 0.02501401539376901, 0.0011900207901104102, -0.0010080482165504391, 3.2959746043559335e-17, 0.05711073723546684, 0.0027169953955364467, -0.0023015248015896403, 2.6020852139652106e-18, 0.0, -1.3010426069826053e-18, -5.204170427930421e-18, 0.0]}, {"time": 9.35, "step_sample_count": 256, "data": [0.0, 0.0, 0.25069913038473757, 1.0, 0.02883682398654789, -0.023784914331629027, 0.0, 0.01536113622961481, 0.00044296638168655946, -0.00036536330925772496, -7.979727989493313e-17, 0.03407814638634666, 0.0009827055091309422, -0.0008105457923801478, 3.903127820947816e-18, 0.0, -1.1275702593849246e-17, -6.938893903907228e-18, 0.0]}, {"time": 9.4, "step_sample_count": 256, "data": [0.0, 0.0, 0.2500767453801479, 1.0, 0.00965970698098632, -0.007756870724605554, 0.0, 0.005211183835548642, 5.033850887540929e-05, -4.042247933438688e-05, -3.469446951953614e-18, 0.011239330292721268, 0.00010856863729029808, -8.718203211172983e-05, -5.204170427930421e-18, 0.0, 9.107298248878237e-18, 1.214306433183765e-17, 0.0]}, {"time": 9.450000000000001, "step_sample_count": 256, "data": [0.0, 0.0, 0.2500795210150401, 1.0, -0.009935503240292357, 0.007766283555840817, 0.0, -0.005426282742145783, 5.391284976725107e-05, -4.2142050429534034e-05, 1.3877787807814457e-17, -0.01138353374439898, 0.00011310113640352823, -8.840775092641695e-05, -2.3418766925686896e-17, 0.0, -6.071532165918825e-18, -2.6020852139652106e-18, 0.0]}, {"time": 9.5, "step_sample_count": 256, "data": [0.0, 0.0, 0.2507074607446915, 1.0, -0.029926455365395233, 0.022766843678335258, 0.0, -0.01654098559991555, 0.0004950130672553574, -0.0003765860334387673, 1.214306433183765e-17, -0.03376859039394668, 0.0010105742131768557, -0.0007688042187367601, -2.0816681711721685e-17, 0.0, 3.469446951953614e-18, -8.673617379884035e-19, 0.0]}, {"time": 9.55, "step_sample_count": 256, "data": [0.0, 0.0, 0.25196134182298746, 1.0, -0.05029016536476517, 0.03722793605525376, 0.0, -0.028121940380578806, 0.0014142570321171869, -0.0010469217982377165, 1.474514954580286e-17, -0.05589433266960694, 0.002810935232907796, -0.0020808306424752636, -3.469446951953614e-18, 0.0, -1.734723475976807e-18, -1.734723475976807e-18, 0.0]}, {"time": 9.600000000000001, "step_sample_count": 256, "data": [0.0, 0.0, 0.25384268991147974, 1.0, -0.07100304901667959, 0.05113354215455471, 0.0, -0.04015746959589539, 0.002851302782102983, -0.002053393664401883, -8.673617379884035e-19, -0.0777396278521543, 0.005519750606925031, -0.003975102537857554, -1.3877787807814457e-17, 0.0, 3.469446951953614e-18, 2.0383000842727483e-17, 0.0]}, {"time": 9.65, "step_sample_count": 256, "data": [0.0, 0.0, 0.25635372870773226, 1.0, -0.0920409553127492, 0.06446852105967571, 0.0, -0.052635216851264384, 0.004844595642084001, -0.003393314586056278, 0.0, -0.09928374292665271, 0.009138170545994629, -0.0064006760717502725, 1.3877787807814457e-17, 0.0, -1.0408340855860843e-17, -1.0408340855860843e-17, 0.0]}, {"time": 9.700000000000001, "step_sample_count": 256, "data": [0.0, 0.0, 0.25949730518405456, 1.0, -0.11337920069501126, 0.07721863074482409, 0.0, -0.06554216195458376, 0.007431117934233524, -0.0050610760021883895, -6.938893903907228e-18, -0.12050636950246343, 0.013662915852847072, -0.00930533684900991, 1.0408340855860843e-17, 0.0, 1.0408340855860843e-17, -1.9949319973733282e-17, 0.0]}, {"time": 9.75, "step_sample_count": 256, "data": [0.0, 0.0, 0.2632767913149383, 1.0, -0.13499260407500824, 0.08937054803486112, 0.0, -0.07886463689017315, 0.010646142703234215, -0.007048175819445083, -1.9081958235744878e-17, -0.14138764818464353, 0.019086286812486298, -0.012635891603621748, -4.163336342344337e-17, 0.0, -3.469446951953614e-18, -1.734723475976807e-17, 0.0]}, {"time": 9.8, "step_sample_count": 256, "data": [0.0, 0.0, 0.2676959634496393, 1.0, -0.156855522584125, 0.10091188722090338, 0.0, -0.09258834263757806, 0.014522992869615092, -0.00934326439021359, -3.469446951953614e-18, -0.16190819236607487, 0.02539619412423181, -0.01633846124818565, 1.3877787807814457e-17, 0.0, 1.3877787807814457e-17, 2.0816681711721685e-17, 0.0]}, {"time": 9.850000000000001, "step_sample_count": 256, "data": [0.0, 0.0, 0.27275886075246303, 1.0, -0.17894188800335822, 0.11183121730469614, 0.0, -0.10669836681396677, 0.01909280720456582, -0.01193220824522886, -1.3877787807814457e-17, -0.18204911141032493, 0.03257621170509733, -0.020358773738254874, -1.3877787807814457e-17, 0.0, -4.163336342344337e-17, -4.683753385137379e-17, 0.0]}, {"time": 9.9, "step_sample_count": 256, "data": [0.0, 0.0, 0.2784696243846908, 1.0, -0.20122524381974277, 0.12211807784683071, 0.0, -0.12117920211780339, 0.024384314492036735, -0.01479817123763871, -6.938893903907228e-18, -0.20179203319609051, 0.04060565108076501, -0.024642455218710307, 0.0, 0.0, -1.3877787807814457e-17, 0.0, 0.0]}, {"time": 9.950000000000001, "step_sample_count": 256, "data": [0.0, 0.0, 0.28483231933607345, 1.0, -0.22367878285572595, 0.13176299339589043, 0.0, -0.13601476555044542, 0.030423617208730394, -0.017921712654966893, 3.122502256758253e-17, -0.2211191259948398, 0.04945965696864768, -0.029135317938163027, 4.163336342344337e-17, 0.0, -4.163336342344337e-17, 1.3877787807814457e-17, 0.0]}], "random_generator": {"seed": "very_nice_seed"}, "realworld_total_calculation_time": 17.631}