{"hamiltonian": {"U": 1.0, "E": 0.5, "J": 0.1, "phi": 0.3141592653589793, "type": "HardcoreBosonicHamiltonianFlippingAndSwappingOptimizationSecondOrder"}, "start_time": 0.0, "time_step": 0.05, "number_of_time_steps": 200, "sampler": {"system_geometry": {"type": "LinearChainNonPeriodicState", "size": 4}, "initial_system_state": {"type": "HomogenousInitialSystemState"}, "type": "ExactSampler"}, "observables": [{"type": "Concurrence", "label": "Concurrence between 0 up and 1 up", "perform_checks": false, "index_l": 0, "up_sigma": true, "index_m": 1, "up_sigma_prime": true}, {"type": "ConcurrenceAsymm", "label": "Assym-Concurrence between 0 up and 1 up", "perform_checks": false, "index_l": 0, "up_sigma": true, "index_m": 1, "up_sigma_prime": true}, {"type": "Purity", "label": "Purity of red. density matrix of 0 up and 1 up", "perform_checks": false, "index_l": 0, "up_sigma": true, "index_m": 1, "up_sigma_prime": true}, {"type": "PauliMeasurement", "label": "Pauli Measurement 00 of sites 0 up and 1 up", "perform_checks": false, "index_l": 0, "up_sigma": true, "index_m": 1, "up_sigma_prime": true, "index_of_pauli_op": 0}, {"type": "PauliMeasurement", "label": "Pauli Measurement 0x of sites 0 up and 1 up", "perform_checks": false, "index_l": 0, "up_sigma": true, "index_m": 1, "up_sigma_prime": true, "index_of_pauli_op": 1}, {"type": "PauliMeasurement", "label": "Pauli Measurement 0y of sites 0 up and 1 up", "perform_checks": false, "index_l": 0, "up_sigma": true, "index_m": 1, "up_sigma_prime": true, "index_of_pauli_op": 2}, {"type": "PauliMeasurement", "label": "Pauli Measurement 0z of sites 0 up and 1 up", "perform_checks": false, "index_l": 0, "up_sigma": true, "index_m": 1, "up_sigma_prime": true, "index_of_pauli_op": 3}, {"type": "PauliMeasurement", "label": "Pauli Measurement x0 of sites 0 up and 1 up", "perform_checks": false, "index_l": 0, "up_sigma": true, "index_m": 1, "up_sigma_prime": true, "index_of_pauli_op": 4}, {"type": "PauliMeasurement", "label": "Pauli Measurement xx of sites 0 up and 1 up", "perform_checks": false, "index_l": 0, "up_sigma": true, "index_m": 1, "up_sigma_prime": true, "index_of_pauli_op": 5}, {"type": "PauliMeasurement", "label": "Pauli Measurement xy of sites 0 up and 1 up", "perform_checks": false, "index_l": 0, "up_sigma": true, "index_m": 1, "up_sigma_prime": true, "index_of_pauli_op": 6}, {"type": "PauliMeasurement", "label": "Pauli Measurement xz of sites 0 up and 1 up", "perform_checks": false, "index_l": 0, "up_sigma": true, "index_m": 1, "up_sigma_prime": true, "index_of_pauli_op": 7}, {"type": "PauliMeasurement", "label": "Pauli Measurement y0 of sites 0 up and 1 up", "perform_checks": false, "index_l": 0, "up_sigma": true, "index_m": 1, "up_sigma_prime": true, "index_of_pauli_op": 8}, {"type": "PauliMeasurement", "label": "Pauli Measurement yx of sites 0 up and 1 up", "perform_checks": false, "index_l": 0, "up_sigma": true, "index_m": 1, "up_sigma_prime": true, "index_of_pauli_op": 9}, {"type": "PauliMeasurement", "label": "Pauli Measurement yy of sites 0 up and 1 up", "perform_checks": false, "index_l": 0, "up_sigma": true, "index_m": 1, "up_sigma_prime": true, "index_of_pauli_op": 10}, {"type": "PauliMeasurement", "label": "Pauli Measurement yz of sites 0 up and 1 up", "perform_checks": false, "index_l": 0, "up_sigma": true, "index_m": 1, "up_sigma_prime": true, "index_of_pauli_op": 11}, {"type": "PauliMeasurement", "label": "Pauli Measurement z0 of sites 0 up and 1 up", "perform_checks": false, "index_l": 0, "up_sigma": true, "index_m": 1, "up_sigma_prime": true, "index_of_pauli_op": 12}, {"type": "PauliMeasurement", "label": "Pauli Measurement zx of sites 0 up and 1 up", "perform_checks": false, "index_l": 0, "up_sigma": true, "index_m": 1, "up_sigma_prime": true, "index_of_pauli_op": 13}, {"type": "PauliMeasurement", "label": "Pauli Measurement zy of sites 0 up and 1 up", "perform_checks": false, "index_l": 0, "up_sigma": true, "index_m": 1, "up_sigma_prime": true, "index_of_pauli_op": 14}, {"type": "PauliMeasurement", "label": "Pauli Measurement zz of sites 0 up and 1 up", "perform_checks": false, "index_l": 0, "up_sigma": true, "index_m": 1, "up_sigma_prime": true, "index_of_pauli_op": 15}], "measurements": [{"time": 0.0, "step_sample_count": 256, "data": [1.092798244665664e-08, 0.0, 1.0, 1.0, 1.0, 0.0, 0.0, 1.0, 1.0, 0.0, 0.0, 0.0, 0.0, 0.0, 0.0, 0.0, 0.0, 0.0, 0.0]}, {"time": 0.05, "step_sample_count": 256, "data": [0.004680260121304141, 0.004680260115091173, 0.999362774920984, 1.0, 0.9995766148463046, 0.013107072398012265, -1.6435351506746446e-06, 0.9996181893666783, 0.9992199509251696, 0.013102178608018197, 5.163755693118457e-05, -0.01066029757103813, -0.010656051177158786, -0.00012464550883822605, 0.0049985610780312285, 6.16145540559221e-05, -3.926545130270489e-06, 0.00499922365821865, -1.5071803714074048e-05]}, {"time": 0.1, "step_sample_count": 256, "data": [0.008717520839925082, 0.008717520840057821, 0.9974543944422445, 1.0, 0.9983073517165421, 0.02618583493918878, -6.556804526083397e-06, 0.998473434181966, 0.996883131146528, 0.0261467394271041, 0.0002060638614361935, -0.02129468119751706, -0.021260765765491522, -0.0004972925439919904, 0.009988489118733615, 0.0002461940928892186, -1.5755596156828463e-05, 0.00999377806229193, -6.0198774077839854e-05]}, {"time": 0.15000000000000002, "step_sample_count": 256, "data": [0.012108027206333414, 0.01210802720645251, 0.9942847107635857, 1.0, 0.9961948831122549, 0.03920806272268017, -1.4687009843187102e-05, 0.9965677621941325, 0.9929995000345713, 0.03907642333381171, 0.0004618232974507753, -0.03187732066417287, -0.031763169008460664, -0.00111408533621224, 0.014961153930802938, 0.0005529451854491206, -3.563436897931675e-05, 0.014978938429642773, -0.0001351160585331944]}, {"time": 0.2, "step_sample_count": 256, "data": [0.014850023317049649, 0.014850023316913971, 0.9898700380723167, 1.0, 0.9932436484698743, 0.05214569980253667, -2.59436079946886e-05, 0.993904545078203, 0.9875855804692573, 0.051834686033344325, 0.0008165015767343173, -0.04238255206522694, -0.042113006374850694, -0.0019686397866435063, 0.01990793274766149, 0.0009805421436931807, -6.380483970421461e-05, 0.019949871197700444, -0.00023938358275446024]}, {"time": 0.25, "step_sample_count": 256, "data": [0.0169437056693297, 0.01694370566930749, 0.9842329959507929, 1.0, 0.9894598328668194, 0.06497094134727915, -4.019479213642873e-05, 0.9904884868602654, 0.980664346382706, 0.0643660492658538, 0.0012667437853965176, -0.052784958139137306, -0.05226109515225186, -0.0030521061632848494, 0.024820218222278985, 0.0015271228715801072, -0.00010059885216617886, 0.02490158530460796, -0.00037238732673921317]}, {"time": 0.30000000000000004, "step_sample_count": 256, "data": [0.018391173289162354, 0.018391173289184333, 0.9774022951430877, 1.0, 0.9848513386756639, 0.07765631321527812, -5.7263142734488634e-05, 0.9863256082093069, 0.9722650684362002, 0.07661644468479993, 0.0018082804788687125, -0.06305944536144846, -0.062159666027739036, -0.004353255730840918, 0.029689431420700782, 0.0021902846064212663, -0.0001464316266610445, 0.02982889020849999, -0.0005333397081903259]}, {"time": 0.35000000000000003, "step_sample_count": 256, "data": [0.019196377218791763, 0.01919637721878529, 0.9694124701121012, 1.0, 0.9794277513096615, 0.09017474837807465, -7.692097434324102e-05, 0.9814232269458352, 0.9624231205489069, 0.08853354813324134, 0.0024359625469026415, -0.07318131693543012, -0.07176269163752622, -0.0058585901936166794, 0.03450704124004386, 0.0029670809808717063, -0.00020179400974464683, 0.03472636276326248, -0.0007212778629005653]}, {"time": 0.4, "step_sample_count": 256, "data": [0.01936507169854696, 0.019365071698545674, 0.9603035633589082, 1.0, 0.9732003001097487, 0.1024996598090504, -9.888598259749374e-05, 0.9757899350243086, 0.9511797502560354, 0.10006710212591571, 0.0031438056289455675, -0.08312634097774693, -0.08102619928433663, -0.007552472541465998, 0.03926459145841106, 0.0038540220687367276, -0.00026724387668336676, 0.03958832492516351, -0.0009350585300368103]}, {"time": 0.45, "step_sample_count": 256, "data": [0.018904768930370495, 0.018904768930373995, 0.9501207666061011, 1.0, 0.9661818150836889, 0.11460500961269525, -0.0001228178256009797, 0.9694355720444392, 0.93858181583906, 0.11116922438261977, 0.0039250448209476605, -0.09287081335797094, -0.08990856523247993, -0.009417277614458727, 0.043953736338932556, 0.004847079191526164, -0.00034339715221158525, 0.044408834048037714, -0.0011733483452834677]}, {"time": 0.5, "step_sample_count": 256, "data": [0.017824698678946687, 0.01782469867894391, 0.9389140237070137, 1.0, 0.9583866796390785, 0.12646537426477053, -0.00014831624935454922, 0.9623711950460032, 0.9246814928669701, 0.1217947002276683, 0.004772200268974383, -0.10239161479851078, -0.09837078817214359, -0.011433560440202713, 0.048566285354154394, 0.005941696239197795, -0.00043091894895425705, 0.04918168721712735, -0.0014346086309838363]}, {"time": 0.55, "step_sample_count": 256, "data": [0.016135773182615776, 0.01613577318261513, 0.9267375996299068, 1.0, 0.9498307787051827, 0.13805600583626154, -0.00017492128683650678, 0.9546090439717688, 0.9095359522839829, 0.13190125655873777, 0.005677153991984599, -0.11166626195958347, -0.10637673958100292, -0.013580240145355598, 0.05309425716989001, 0.007132809089235649, -0.0005305153339973106, 0.05390044065897872, -0.0017170742476436257]}, {"time": 0.6000000000000001, "step_sample_count": 256, "data": [0.013850556965116102, 0.013850556965115716, 0.9136496192241266, 1.0, 0.9405314407994562, 0.1493528889656518, -0.00020211592823098578, 0.9461625017890536, 0.8932070115814789, 0.1414498149010811, 0.0066312379230001, -0.12067295231070387, -0.11389338880110095, -0.01583479699762598, 0.05752994253442273, 0.008414874393949506, -0.0006429262208392841, 0.05855844473945636, -0.0020187267140938203]}, {"time": 0.65, "step_sample_count": 256, "data": [0.010983240233787439, 0.010983240233789356, 0.8997115788773669, 1.0, 0.930507371776349, 0.16033279312217597, -0.0002293314841587253, 0.9370460479013092, 0.8757607600323603, 0.15040472082572554, 0.007625332720236551, -0.12939060262101376, -0.1208910007064612, -0.01817347989796406, 0.06186597517168064, 0.009781908558365292, -0.0007689198449029325, 0.06314889442647002, -0.002337262572074711]}, {"time": 0.7000000000000001, "step_sample_count": 256, "data": [0.007549613707301596, 0.00754961370729822, 0.8849878337988785, 1.0, 0.9197785773291274, 0.1709733193839897, -0.00025595565821415325, 0.9272752032238294, 0.8572671585873122, 0.15873394677025066, 0.008649976401269785, -0.13779888088920345, -0.12734330389322085, -0.02057152142183836, 0.06609540919612716, 0.01122753717361488, -0.0009092892150135983, 0.0676648943636203, -0.0026700588023875586]}, {"time": 0.75, "step_sample_count": 256, "data": [0.0035670420286625128, 0.003567042028663885, 0.8695450636703579, 1.0, 0.908366270933057, 0.18125294057656782, -0.00028134312747598136, 0.9168664652087476, 0.8377996149677057, 0.1664092651240824, 0.009695481324943876, -0.14587823149243037, -0.1332276274244769, -0.0230033573179612, 0.0702118009817856, 0.012745054537888574, -0.0010648508404665288, 0.0720995369052185, -0.003014137914061829]}, {"time": 0.8, "step_sample_count": 256, "data": [0.0, 0.0, 0.8534517199018368, 1.0, 0.8962927639382605, 0.19115103323331856, -0.0003048282205444286, 0.9058372312406582, 0.817434534840699, 0.1734063884045068, 0.010752057523935944, -0.15360989328354807, -0.13852500436020276, -0.02544284723486384, 0.07420929286521179, 0.014327492233127377, -0.001236445914264388, 0.07644599064601115, -0.0033661360340073733]}, {"time": 0.8500000000000001, "step_sample_count": 256, "data": [0.0, 0.0, 0.8367774587472, 1.0, 0.883581335026542, 0.20064789952062453, -0.00032573910324005986, 0.8942057092220498, 0.7962508507775715, 0.17970507353315274, 0.011809939915339967, -0.1609759103342787, -0.14322024065188568, -0.02786349338916095, 0.07808269558534289, 0.01596769508153109, -0.0014249439899957808, 0.08069759619687657, -0.003722277828944602]}, {"time": 0.9, "step_sample_count": 256, "data": [0.0, 0.0, 0.8195925660163184, 1.0, 0.8702560772709506, 0.2097247770863033, -0.00034341275156115177, 0.8819908148348657, 0.7743295319576233, 0.18528918769148559, 0.012859516526959915, -0.16795913503831097, -0.1473019485246596, -0.03023865394663586, 0.08182756600732051, 0.01765840223490372, -0.0016312490267787678, 0.08484796527555462, -0.00407836230963749]}, {"time": 0.9500000000000001, "step_sample_count": 256, "data": [0.0, 0.0, 0.8019673809192431, 1.0, 0.8563417225488971, 0.21836383481106797, -0.00035720992450795054, 0.869212055873311, 0.75175307919283, 0.19014673402759277, 0.013891454609335496, -0.17454322337986378, -0.15076254422798246, -0.032541748089677594, 0.08544027648554878, 0.019392330702009124, -0.0018563075001664128, 0.08889107866610678, -0.00442976343618903]}, {"time": 1.0, "step_sample_count": 256, "data": [0.0, 0.0, 0.7839717284639797, 1.0, 0.8418634449603921, 0.22654815271724071, -0.0003665293538337108, 0.8558894051290876, 0.7286050116474707, 0.19426983660674935, 0.014896821386763274, -0.18071262235959687, -0.1535982110004883, -0.03474645011630602, 0.08891807222860669, 0.021162258336236462, -0.002101118095838282, 0.09282137831387516, -0.004771448931100669]}, {"time": 1.05, "step_sample_count": 256, "data": [0.0, 0.0, 0.7656743715226084, 1.0, 0.8268466470308707, 0.23426168484079865, -0.00037082044353008885, 0.8420431644761763, 0.7049693533914928, 0.1976546854006918, 0.01586719625293397, -0.18645254985802562, -0.15580882922140574, -0.03682687046791982, 0.09225911325734429, 0.02296110321615321, -0.002366742328545005, 0.09663384881230538, -0.005098019822650264]}, {"time": 1.1, "step_sample_count": 256, "data": [0.0, 0.0, 0.7471424948880893, 1.0, 0.8113167346242698, 0.2414892046906845, -0.00036959391041409436, 0.8276938239275468, 0.6809301294080532, 0.20030144370418712, 0.01679477144341631, -0.19174896759829202, -0.15739787693086663, -0.03875772230736606, 0.09546249800230415, 0.024781996465951812, -0.0026543152740504897, 0.1003240838313023, -0.005403772036980338]}, {"time": 1.1500000000000001, "step_sample_count": 256, "data": [0.0, 0.0, 0.7284412341052393, 1.0, 0.7952988884241458, 0.24821623395525833, -0.00036242998281671885, 0.8128619203910453, 0.6565708816323209, 0.2022141220210981, 0.01767243860871903, -0.19658854832005093, -0.15837230508699984, -0.04051447313649532, 0.09852826625225658, 0.02661834587335047, -0.0029650554802824096, 0.1038883336345878, -0.005682779925644363]}, {"time": 1.2000000000000002, "step_sample_count": 256, "data": [0.0, 0.0, 0.7096332613890337, 1.0, 0.7788178413325485, 0.25442895628837014, -0.0003489839861813554, 0.797567901514955, 0.6319742158313337, 0.2034004240181432, 0.018493859244685783, -0.20095863875422412, -0.15874239296500214, -0.042073481901746014, 0.10145738000660688, 0.028463888142925414, -0.003300273048343779, 0.1073235307078661, -0.005929000080539872]}, {"time": 1.25, "step_sample_count": 256, "data": [0.0, 0.0, 0.6907784394645979, 1.0, 0.7618976719982813, 0.26011411921037636, -0.0003289893591786957, 0.7818320002892892, 0.6072213895196276, 0.2038715714384995, 0.019253517576122377, -0.20484722044381468, -0.1585215898682372, -0.043412123017624926, 0.10425168174736407, 0.030312728231483725, -0.003661374854868953, 0.11062729161495441, -0.006136392292052079]}, {"time": 1.3, "step_sample_count": 256, "data": [0.0, 0.0, 0.6719335517246365, 1.0, 0.744561624791264, 0.26525892827417846, -0.00030225833946609967, 0.7656741259008889, 0.5823919496162256, 0.20364211575013932, 0.01994675519089902, -0.20824287083435875, -0.15772634970710572, -0.04450889965959808, 0.10691383066492724, 0.0321593648969979, -0.004049865931054854, 0.11379789443741022, -0.006299053191202937]}, {"time": 1.35, "step_sample_count": 256, "data": [0.0, 0.0, 0.6531521138724947, 1.0, 0.7268319658415712, 0.26985093855806336, -0.00026868071587925066, 0.7491137757215597, 0.5575634262643671, 0.2027297446623826, 0.02056978743747748, -0.2111347273080696, -0.15637596493479813, -0.04534354945559995, 0.10944721837353459, 0.033998702297740054, -0.004467346122195228, 0.11683423244214058, -0.006411357107751664]}, {"time": 1.4000000000000001, "step_sample_count": 256, "data": [0.0, 0.0, 0.6344842684742409, 1.0, 0.7087298833009936, 0.2738779491593017, -0.0002282211509406232, 0.7321699722825771, 0.5328110863324864, 0.20115509141822682, 0.021119702281943976, -0.21351245691856707, -0.15449240578231876, -0.045897146262474486, 0.11185586656554088, 0.035826048149684146, -0.00491550132079261, 0.11973574586425771, -0.006468098065947492]}, {"time": 1.4500000000000002, "step_sample_count": 256, "data": [0.0, 0.0, 0.6159767599162931, 1.0, 0.6902754378830294, 0.2773279066095514, -0.00018091562829316071, 0.7148612277450109, 0.5082077468448531, 0.19894155396058258, 0.021594442929817423, -0.21536623447546707, -0.15210016973133883, -0.0461522019908087, 0.11414430981612103, 0.037637099542241044, -0.005396088787000565, 0.12250233479843378, -0.006464626677242639]}, {"time": 1.5, "step_sample_count": 256, "data": [0.0, 0.0, 0.5976729835097032, 1.0, 0.6714875671792057, 0.2801888229882023, -0.0001268675749925842, 0.6972055368362741, 0.4838236452464897, 0.1961151297400023, 0.021992776020850802, -0.21668673132745597, -0.14922614477426027, -0.04609277240417871, 0.1163174673137502, 0.03942791799130291, -0.005910916328298374, 0.1251342570861591, -0.006396975976262233]}, {"time": 1.55, "step_sample_count": 256, "data": [0.0, 0.0, 0.5796130992243109, 1.0, 0.6523841444594883, 0.2824487139867411, -6.624415534725002e-05, 0.6792203976295792, 0.4597263602876415, 0.1927042701949843, 0.022314247580783268, -0.21746511671678967, -0.14589948834816996, -0.04570457046107433, 0.11838050762794734, 0.04119489565541209, -0.00646181538876771, 0.1276320157161358, -0.006261970938961406]}, {"time": 1.6, "step_sample_count": 256, "data": [0.0, 0.0, 0.5618341980354948, 1.0, 0.6329820898767119, 0.2840955613269293, 7.268579935603398e-07, 0.6609228580351498, 0.4359807746846624, 0.18873975694596254, 0.022559129153426775, -0.217693072963348, -0.1421515220310096, -0.04497509011312097, 0.12033871072592962, 0.042934714851278456, -0.007050608378526994, 0.12999624059441406, -0.00605731743908895]}, {"time": 1.6500000000000001, "step_sample_count": 256, "data": [0.0, 0.0, 0.544370507290465, 1.0, 0.6132975294270095, 0.28511730283780495, 7.375934582402616e-05, 0.6423295845742308, 0.4126490687823681, 0.18425459967100472, 0.02272835664148028, -0.2173628250312524, -0.13801564030158084, -0.04389374257073801, 0.12219733132533168, 0.04464430308766516, -0.007679070837652366, 0.13222756959032683, -0.005781667634651566]}, {"time": 1.7000000000000002, "step_sample_count": 256, "data": [0.0, 0.0, 0.5272536209134709, 1.0, 0.5933459948485128, 0.28550185224836006, 0.00015251007475461088, 0.6234569490143553, 0.3897907333338165, 0.17928395364302202, 0.022823464365911476, -0.21646718429095094, -0.13352723002999706, -0.04245200596527688, 0.12396146734923012, 0.04632078581066264, -0.008348889260373034, 0.1343265335482112, -0.005434660112858463]}, {"time": 1.75, "step_sample_count": 256, "data": [0.0, 0.0, 0.5105127406328553, 1.0, 0.5731426559932324, 0.28523714945630263, 0.00023657886566720674, 0.604321127814825, 0.3674625892671089, 0.17386505315253947, 0.022846516728673386, -0.21499960556967693, -0.1287235960003608, -0.040643588154036646, 0.12563593677314325, 0.04796143894380383, -0.009061615592123581, 0.13629344951638694, -0.0050169344456499135]}, {"time": 1.8, "step_sample_count": 256, "data": [0.0, 0.0, 0.49417491560578286, 1.0, 0.5527025761454609, 0.28431124078389375, 0.0003255077824574045, 0.5849382090834508, 0.34571880288408013, 0.1680371556304765, 0.022800039652309426, -0.21295425593210116, -0.12364388675961147, -0.03846460121241839, 0.12722516556974783, 0.049563643140860515, -0.009818619546319763, 0.13812832583903606, -0.0045301210183958905]}, {"time": 1.85, "step_sample_count": 256, "data": [0.0, 0.0, 0.4782652696558124, 1.0, 0.5320409802886634, 0.2827123876086647, 0.0004187795285873074, 0.5653243018607186, 0.32461088622452405, 0.161841490294021, 0.022686953693642486, -0.2103260930888224, -0.11832901448563443, -0.035913745010919366, 0.12873308881655057, 0.051124841473958585, -0.010621039966305165, 0.13983078204379454, -0.003976808014466173]}, {"time": 1.9000000000000001, "step_sample_count": 256, "data": [0.0, 0.0, 0.4628072076075795, 1.0, 0.5111735263949644, 0.2804292008165085, 0.0005158153232679303, 0.5454956429765937, 0.3041876741766669, 0.15532120459422552, 0.022510510406839452, -0.20711095091755122, -0.11282156238686131, -0.03299249624636986, 0.1301630663833891, 0.05264250207729223, -0.01146973648209902, 0.14139998569702575, -0.0033604882178820635]}, {"time": 1.9500000000000002, "step_sample_count": 256, "data": [0.0, 0.0, 0.4478225946780936, 1.0, 0.49011657034202705, 0.27745079779857273, 0.0006159725930563699, 0.5254686973974243, 0.28449527213992054, 0.1485213016352543, 0.022274233180611884, -0.20330562931078627, -0.10716567336485835, -0.029705298433153778, 0.13151781400351695, 0.054114087073712853, -0.012365242686378997, 0.14283460764245298, -0.0026854888126888812]}, {"time": 2.0, "step_sample_count": 256, "data": [0.0, 0.0, 0.4333319053576121, 1.0, 0.4688874159423007, 0.27376697820782936, 0.0007185428585777034, 0.5052602488131759, 0.26557697046574597, 0.1414885620187028, 0.021981863408809744, -0.1989079854317366, -0.10140691424507485, -0.02605974768963469, 0.1327993499890434, 0.05553702893744606, -0.013307721987309758, 0.14413279632946746, -0.001956887613799658]}, {"time": 2.0500000000000003, "step_sample_count": 256, "data": [0.0, 0.0, 0.41935434050994935, 1.0, 0.4475045426811135, 0.2693684143904901, 0.0008227502211656258, 0.4848874781234046, 0.24747312434715418, 0.13427144417605974, 0.02163731248394918, -0.19391702345392345, -0.09559211074619378, -0.02206676868915447, 0.1340089574039603, 0.05690871529366421, -0.014296927196680657, 0.14529217130531, -0.0011804191833047295]}, {"time": 2.1, "step_sample_count": 256, "data": [0.0, 0.0, 0.40590791341091575, 1.0, 0.42598780498820604, 0.26424685227865446, 0.0009277508618098894, 0.46436802838412516, 0.23022100015422878, 0.1269199581101748, 0.021244619737684423, -0.18833297995869897, -0.0897691494442994, -0.017740774880983745, 0.13514716117104073, 0.058226483020584884, -0.01533216479009686, 0.1463098354081424, -0.0003623741070602118]}, {"time": 2.15, "step_sample_count": 256, "data": [0.0, 0.0, 0.3930095070406501, 1.0, 0.4043585981114003, 0.2583953185296146, 0.0010326339560510448, 0.44372005560869493, 0.21385459131371448, 0.11948550849262922, 0.02080791609821733, -0.18215740234453284, -0.08398674422303508, -0.013099807011367306, 0.13621371936784343, 0.05948762239269042, -0.01641226464082264, 0.14718240476174563, 0.0004905056238077402]}, {"time": 2.2, "step_sample_count": 256, "data": [0.0, 0.0, 0.3806749061135496, 1.0, 0.3826399868417613, 0.2518083297750516, 0.0011364243838648308, 0.42296226552085964, 0.1984044086332524, 0.11202070418465584, 0.02033139289936521, -0.17539321783772963, -0.07829416601979583, -0.008165644069465886, 0.13720762785805532, 0.06068939187099856, -0.0175355558880761, 0.1479060553331833, 0.0013711326120663494]}, {"time": 2.25, "step_sample_count": 256, "data": [0.0, 0.0, 0.36891880807201005, 1.0, 0.36085679440264284, 0.24448209995202225, 0.0012380875729646633, 0.4021139369010956, 0.18389725143756355, 0.10457913240364244, 0.019819274967814025, -0.1680447909642302, -0.07274093602567396, -0.0029638810275006444, 0.13812713739563515, 0.061829043992161985, -0.018699849460039882, 0.14847658456053714, 0.0022721794001926473]}, {"time": 2.3000000000000003, "step_sample_count": 256, "data": [0.0, 0.0, 0.3577548176239403, 1.0, 0.33903564973283623, 0.23641474178589553, 0.0013365367566020555, 0.3811949325296012, 0.1703559670058712, 0.09721509690015254, 0.01927579684413074, -0.1601179676290462, -0.06737648383026781, 0.002476031878517814, 0.13896978241214797, 0.06290386261614692, -0.01990242763535583, 0.14888948637209803, 0.003186181614059578]}, {"time": 2.35, "step_sample_count": 256, "data": [0.0, 0.0, 0.3471954294291628, 1.0, 0.3172049921643662, 0.22760645855311906, 0.0014306428518429837, 0.3602256989082157, 0.15779920658947116, 0.08998332061353781, 0.01870518077173606, -0.15162010424247127, -0.06224977329022351, 0.008120793083033876, 0.13973242082847645, 0.06391121154742904, -0.02114004089616258, 0.14914003778211307, 0.004105637807313662]}, {"time": 2.4000000000000004, "step_sample_count": 256, "data": [0.0, 0.0, 0.33725200331016986, 1.0, 0.29539503313806714, 0.2180597222533408, 0.0015192470705794197, 0.3392272559511724, 0.14624118677092351, 0.08293861432486717, 0.01811161493062692, -0.14256008062573144, -0.057408900120830435, 0.013933300981067116, 0.1404112843931829, 0.06484859423564572, -0.022408912200781627, 0.1492233951425206, 0.005023105297115474]}, {"time": 2.45, "step_sample_count": 256, "data": [0.0, 0.0, 0.327934735956579, 1.0, 0.2736376751520909, 0.20777943426714632, 0.0016011762629480322, 0.3182211776950526, 0.1356914651322292, 0.0761355138235783, 0.017499230314821215, -0.13294829572446978, -0.052900666347809266, 0.019872755981046066, 0.1410020392114201, 0.06571372388252485, -0.023704748683614826, 0.1491346980385771, 0.005931291584614068]}, {"time": 2.5, "step_sample_count": 256, "data": [0.0, 0.0, 0.31925263258470105, 1.0, 0.25196638864840804, 0.19677306448608248, 0.0016752608623209107, 0.2972295648253743, 0.12615473915701697, 0.06962788905610678, 0.016872074669832347, -0.12279664546254801, -0.04877013779858828, 0.02589481586542097, 0.1414998562603802, 0.06650460283410148, -0.025022760671642424, 0.14886917872671682, 0.006823141158827815]}, {"time": 2.5500000000000003, "step_sample_count": 256, "data": [0.0, 0.0, 0.3112134814685593, 1.0, 0.23041604806333424, 0.18505076481085808, 0.0017403551551633833, 0.27627500949172357, 0.11763067702285439, 0.0634685296400726, 0.01623408203255828, -0.11211848239035022, -0.04506019174410446, 0.031951806004016765, 0.14189949176139588, 0.06721960963093382, -0.02635768778898461, 0.14842227491880633, 0.007691917586764858]}, {"time": 2.6, "step_sample_count": 256, "data": [0.0, 0.0, 0.3038238337264845, 1.0, 0.2090227288505993, 0.17262545287066466, 0.0017953594424741353, 0.2553805525301296, 0.11011378845630038, 0.05770871201217665, 0.015589036660184772, -0.10092855713118296, -0.04181106260346394, 0.037992984818196615, 0.14219537727040552, 0.067857591544357, -0.027703831801780248, 0.14778974361805353, 0.008531280800269445]}, {"time": 2.6500000000000004, "step_sample_count": 256, "data": [0.0, 0.0, 0.2970889902608125, 1.0, 0.18782346797003566, 0.15951286187999703, 0.001839243499141387, 0.2345696328767772, 0.10359334312746088, 0.05239775432895078, 0.014940530499762994, -0.08924294201496223, -0.03905989426715471, 0.043964863599184535, 0.14238171923920281, 0.06841795987383467, -0.02905509573474739, 0.14696777361476374, 0.009335359413266561]}, {"time": 2.7, "step_sample_count": 256, "data": [0.0, 0.0, 0.291012997322165, 0.9999999999999999, 0.16685599114542657, 0.1457315527811203, 0.001871070582516762, 0.2138660286854904, 0.09805334314730406, 0.047582566041433835, 0.014291913829822898, -0.07707893771450072, -0.03684030804437468, 0.04981157835314229, 0.14245260757987427, 0.06890078475849329, -0.030405028669408626, 0.1459530941676852, 0.010098817760607887]}, {"time": 2.75, "step_sample_count": 256, "data": [0.0, 0.0, 0.28559865180272387, 0.9999999999999999, 0.14615841113271733, 0.13130288527809952, 0.0018900211029388551, 0.19329378949192225, 0.09347255509155239, 0.043307199787502255, 0.01364623928272176, -0.06445496416423949, -0.035181995454413154, 0.0554753098082129, 0.14240213243480968, 0.06930688581134244, -0.03174687551507712, 0.14474307734662276, 0.010816917165840968]}, {"time": 2.8000000000000003, "step_sample_count": 256, "data": [0.0, 0.0, 0.280847517039966, 1.0, 0.1257689022798617, 0.11625094509718571, 0.0018954149592184171, 0.1728771587308156, 0.08982460560456673, 0.039612413844249995, 0.013006200102777147, -0.051390437534064255, -0.03411034501622683, 0.06089674612491482, 0.142224507927403, 0.06963791456756468, -0.033073630932080336, 0.14333583151523896, 0.01148557074812341]}, {"time": 2.85, "step_sample_count": 256, "data": [0.0, 0.0, 0.2767599496098467, 0.9999999999999999, 0.10572535774976165, 0.10060242583223271, 0.001886731473915365, 0.15264048602816443, 0.08707814304040744, 0.036535253801184595, 0.01237406417059842, -0.03790563553276498, -0.033646111802816646, 0.06601558127274981, 0.14191420116933853, 0.06989642459770484, -0.03437809648859676, 0.14173028351095626, 0.012101390898299884]}, {"time": 2.9000000000000004, "step_sample_count": 256, "data": [0.0, 0.0, 0.27333513727954833, 1.0, 0.0860650368406901, 0.08438646504816504, 0.001863625848385834, 0.13260812896261534, 0.08519706579827882, 0.03410866229082062, 0.011751605978994101, -0.024021553799089577, -0.03380513778657326, 0.07077104056355152, 0.14146606426626876, 0.07008592521514823, -0.035652940055056516, 0.13992624725071165, 0.012661728420390072]}, {"time": 2.95, "step_sample_count": 256, "data": [0.0, 0.0, 0.2705711479503752, 1.0, 0.06682421077741811, 0.0676344358822753, 0.0018259411054818795, 0.11280434440927092, 0.08414081604998978, 0.032361125486148716, 0.011140039324922659, -0.009759756568611076, -0.034598129895376896, 0.07510242357009313, 0.14087546654140387, 0.07021091503498202, -0.036890756390506076, 0.13792447677052874, 0.013164702273644304]}, {"time": 3.0, "step_sample_count": 256, "data": [0.0, 0.0, 0.2684649890349331, 1.0, 0.04803781605403895, 0.05037969712929788, 0.0017737146041792201, 0.09325317011758433, 0.08386473550667517, 0.03131636459526061, 0.010539953928631518, 0.00485777485673225, -0.03603050123910318, 0.07894965371496049, 0.1401384237385917, 0.0702768922301788, -0.038084127859928714, 0.13572670209866608, 0.013609218881944326]}, {"time": 3.0500000000000003, "step_sample_count": 256, "data": [0.0, 0.0, 0.26701267627531355, 1.0, 0.02973912478114208, 0.03265730661677733, 0.0017071783960983715, 0.0739782977923495, 0.08432047782311712, 0.030993079723560746, 0.009951259453605399, 0.019808792100803087, -0.038102279194688456, 0.08225382329007144, 0.13925172062627045, 0.07029033917067683, -0.03922568424449088, 0.13333564686106575, 0.013994980112927392]}, {"time": 3.1, "step_sample_count": 256, "data": [0.0, 0.0, 0.26620931053108543, 0.9999999999999999, 0.011959441435950877, 0.014503704442903241, 0.001626752943964543, 0.055002939590943704, 0.08545647030125375, 0.031404752233632066, 0.009373140438497527, 0.03507092438585208, -0.04080808202937256, 0.08495772264117318, 0.1382130232496822, 0.07025868018652401, -0.0403081606693246, 0.13075502710695716, 0.01432247926936654]}, {"time": 3.1500000000000004, "step_sample_count": 256, "data": [0.0, 0.0, 0.26604916057246175, 1.0, -0.005272165126605833, -0.004043625781920526, 0.001533034025715688, 0.03634969056294183, 0.08721841584989866, 0.0325595101460326, 0.008804025440860239, 0.05062181424482605, -0.04413716359991378, 0.08700634277076454, 0.1370209771085295, 0.0701902124091061, -0.04132445277338867, 0.12798953149343376, 0.014592984769020248]}, {"time": 3.2, "step_sample_count": 256, "data": [0.0, 0.0, 0.2665257494420499, 0.9999999999999999, -0.021929086592319805, -0.022946508314743732, 0.0014267729888725444, 0.018040390081919704, 0.08954982480276732, 0.03446005926023991, 0.008241573229305897, 0.06643924096836674, -0.048073523516676646, 0.08834734168107976, 0.13567528779228724, 0.07009401093576942, -0.042267668376854195, 0.12504478364285335, 0.014808511594228257]}, {"time": 3.25, "step_sample_count": 256, "data": [0.0, 0.0, 0.26763194154253633, 1.0, -0.03798735075690148, -0.042166429127180924, 0.0013088508772677336, 9.59857019585433e-05, 0.09239256529307413, 0.0371036806343095, 0.007682678165940169, 0.08250122900381121, -0.05259607814323737, 0.08893146635199939, 0.1341767810873441, 0.06997981084051817, -0.043131175053373, 0.12192728814212099, 0.014971781037627115]}, {"time": 3.3000000000000003, "step_sample_count": 256, "data": [0.0, 0.0, 0.2693600273130795, 1.0, -0.05342574340730361, -0.06166488182757691, 0.001180247302869529, -0.01746359692644421, 0.09568742050285568, 0.04048229296842308, 0.007123496037335596, 0.09878613920589105, -0.05767888604993771, 0.08871292423570534, 0.13252744025936122, 0.0698578697200535, -0.04390864317468146, 0.11864436224267634, 0.015086169718063652]}, {"time": 3.35, "step_sample_count": 256, "data": [0.0, 0.0, 0.27170180221417795, 0.9999999999999999, -0.06822587440970561, -0.08140369560643691, 0.001042005255169165, -0.034619574447413815, 0.0993746412823893, 0.04458257642643027, 0.006559490581899755, 0.11527274163782365, -0.06329142017204561, 0.08764970041873935, 0.13073041907082997, 0.06973881542882653, -0.04459408414894605, 0.11520405580186244, 0.015155649251934574]}, {"time": 3.4000000000000004, "step_sample_count": 256, "data": [0.0, 0.0, 0.2746486367775244, 0.9999999999999999, -0.08237218827647284, -0.10134533605954003, 0.0008951933068084695, -0.05135441307198597, 0.10339448335820645, 0.04938615263270245, 0.005985499899521212, 0.13194026948056192, -0.06939887802769099, 0.08570381899284277, 0.12879003006117554, 0.06963348434310627, -0.04518188370794505, 0.1116150623457537, 0.015184718303295536]}, {"time": 3.45, "step_sample_count": 256, "data": [0.0, 0.0, 0.27819153470547836, 1.0, -0.09585192184092871, -0.12145317114898063, 0.0007408668675867812, -0.06765191970525819, 0.10768771956052837, 0.05486981411375851, 0.005395820896816023, 0.14876845446303766, -0.07596252097459988, 0.08284154951680482, 0.1267117086273188, 0.06955275585022071, -0.04566683019951727, 0.10788662430775489, 0.015178328971937298]}, {"time": 3.5, "step_sample_count": 256, "data": [0.0, 0.0, 0.28232117641675286, 0.9999999999999999, -0.10865501383826787, -0.14169169635629733, 0.0005800302454210837, -0.08349731446060751, 0.11219611910556344, 0.06100579540019064, 0.004784308996595368, 0.16573754501257545, -0.08294003362878169, 0.07903356157704955, 0.12450195442475531, 0.06950738876243433, -0.046044137902413275, 0.10402843549792569, 0.015141809593562169]}, {"time": 3.5500000000000003, "step_sample_count": 256, "data": [0.0, 0.0, 0.287027946004183, 0.9999999999999999, -0.1207739730248579, -0.16202671511926905, 0.00041360128382437724, -0.09887728276673383, 0.11686288783819578, 0.06776207741135157, 0.0041444895913638185, 0.18282830898384908, -0.09028589518788363, 0.07425503222293396, 0.12216825249466867, 0.06950786501419658, -0.04630946539763565, 0.10005054369172411, 0.015080786014425446]}, {"time": 3.6, "step_sample_count": 256, "data": [0.0, 0.0, 0.29230194025430106, 1.0, -0.1322037128500092, -0.18242547276369128, 0.00024238025883370037, -0.11378000601110788, 0.12163306533305877, 0.0751027166185197, 0.0034696771990012595, 0.20002202331117605, -0.09795175541236718, 0.06848571235922293, 0.11971897725308393, 0.06956424535540193, -0.0464589290063586, 0.09596325591439776, 0.015001103271681736]}, {"time": 3.6500000000000004, "step_sample_count": 256, "data": [0.0, 0.0, 0.2981329591228007, 0.9999999999999999, -0.1429413615498633, -0.20285674418347974, 6.702453783824122e-05, -0.1281951704143566, 0.12645387672249322, 0.08298819078763811, 0.0027530980146088274, 0.21730045321444424, -0.10588680930529053, 0.061709958964736134, 0.11716328301052459, 0.06968604086534624, -0.046489111248382266, 0.09177704857079301, 0.014908749379426406]}, {"time": 3.7, "step_sample_count": 256, "data": [0.0, 0.0, 0.304510477805779, 1.0, -0.15298605683534008, -0.22329087734467484, -0.00011196976239473342, -0.14211395454816264, 0.13127503893724426, 0.09137575377294907, 0.001988011553489213, 0.23464582366548484, -0.11403816596715369, 0.05391674026357325, 0.11451098500029058, 0.06988210306290873, -0.04639706420080588, 0.08750248406982326, 0.014809782617356828]}, {"time": 3.75, "step_sample_count": 256, "data": [0.0, 0.0, 0.3114236012366101, 1.0, -0.16233873411443536, -0.24369979618069876, -0.0002942782173907514, -0.15552899655755348, 0.13604902260360807, 0.10021979277757193, 0.0011678273324349806, 0.25204078570141064, -0.12235120855586261, 0.04509962074033851, 0.11177243497474883, 0.07016053426694044, -0.04618030756198771, 0.08315013506168886, 0.014710263377470304]}, {"time": 3.8000000000000003, "step_sample_count": 256, "data": [0.0, 0.0, 0.31886100242329996, 1.0, -0.17100191648338992, -0.26405696753697466, -0.0004797501251905184, -0.16843434270172689, 0.1407312720654593, 0.1094721826145982, 0.0002862130072644487, 0.26946837988438477, -0.13076994363575895, 0.035256732237971045, 0.10895839529418155, 0.07052861875453026, -0.04583682117039115, 0.07873051688688304, 0.014616191278366988]}, {"time": 3.85, "step_sample_count": 256, "data": [0.0, 0.0, 0.326810846485211, 1.0, -0.17897951363215572, -0.28433733748553347, -0.0006684020377257765, -0.18082537927254916, 0.14528038685353514, 0.11908263269126003, -0.0006628089728880686, 0.2869119987971347, -0.1392373393593952, 0.024390736407054716, 0.10607991510895666, 0.07099277425169062, -0.04536503171043882, 0.0742540283673064, 0.014533447937058755]}, {"time": 3.9000000000000004, "step_sample_count": 256, "data": [0.0, 0.0, 0.3352607025316037, 0.9999999999999999, -0.18627663544739767, -0.3045172425784758, -0.000860403141441617, -0.1926987502840687, 0.14965826840485616, 0.12899902360819676, -0.0016847783751591976, 0.30435534998193703, -0.1476956528268833, 0.012508782603310162, 0.10314821176098818, 0.071558522432828, -0.04476379337376734, 0.06973090068241368, 0.014467745517965041]}, {"time": 3.95, "step_sample_count": 256, "data": [0.0, 0.0, 0.3441974456454075, 1.0, -0.19289942457876813, -0.324574301491642, -0.0010560532591504866, -0.20405226355559694, 0.15383023596986117, 0.13916773134256163, -0.002784729220789499, 0.3217824202310335, -0.15608674757845453, -0.00037753592894759975, 0.10017455994878793, 0.07223047644328774, -0.04403236234478183, 0.06517115378903551, 0.0144245809716887]}, {"time": 4.0, "step_sample_count": 256, "data": [0.0, 0.0, 0.3536071512082861, 1.0, -0.19885491067599226, -0.34448729210000834, -0.0012557546334313811, -0.2148847879460607, 0.15776511548455505, 0.14953393791619046, -0.0039671373991452255, 0.3391774416675135, -0.16435240249590563, -0.014252225988856042, 0.09717019055780804, 0.07301234301229823, -0.04317036514764378, 0.06058455967415766, 0.014409195735172497]}, {"time": 4.05, "step_sample_count": 256, "data": [0.0, 0.0, 0.36347498365497394, 1.0, -0.20415088750817836, -0.36423601841124054, -0.0014599789810462872, -0.22519614455129164, 0.16143530479544874, 0.16004192820937727, -0.0052358836407968, 0.3565248596570039, -0.17243461344421138, -0.029094937997900652, 0.09414620039805864, 0.07390693648942535, -0.04217776112339548, 0.05598061167728106, 0.014426540582837946]}, {"time": 4.1000000000000005, "step_sample_count": 256, "data": [0.0, 0.0, 0.3737850815124871, 1.0, -0.20879581282784648, -0.3838011710531922, -0.0016692315558287955, -0.23498699466096648, 0.16481681807873141, 0.17063537315879335, -0.006594230961561195, 0.3738093022884879, -0.1802758888222569, -0.044881009708960286, 0.0911134734530923, 0.07491620209555923, -0.04105479958841929, 0.051368499175454795, 0.014481245280092427]}, {"time": 4.15, "step_sample_count": 256, "data": [0.0, 0.0, 0.3845204403033232, 1.0, -0.21279872970460556, -0.40316418424764994, -0.0018840141055069197, -0.24425872719778738, 0.16788931166385654, 0.18125759998344365, -0.008044815144574504, 0.3910155509687876, -0.18781953987043284, -0.06158151125681861, 0.08808261366032023, 0.07604124579536604, -0.039801972539374814, 0.04675708707378074, 0.014577592675995682]}, {"time": 4.2, "step_sample_count": 256, "data": [0.0, 0.0, 0.39566279460981313, 1.0, -0.21616920716965865, -0.422307091474975, -0.002104788642261447, -0.2530133482348963, 0.1706360928212937, 0.19185185033625182, -0.009589646429131514, 0.4081285115868977, -0.19500996616694924, -0.0791632932413638, 0.08506388873649004, 0.07728236843014066, -0.038419964090333394, 0.0421548997643206, 0.01471949685978661]}, {"time": 4.25, "step_sample_count": 256, "data": [0.0, 0.0, 0.407192500342237, 1.0, -0.21891729740413396, -0.4412123813930783, -0.0023319438608692352, -0.26125337501233087, 0.17304411246039508, 0.2023615274093246, -0.011230120331920198, 0.42513318570655734, -0.20179293629710235, -0.09758903976202005, 0.08206718415033559, 0.07863910205450764, -0.03690959812746141, 0.0375701094787089, 0.014910484978348962]}, {"time": 4.3, "step_sample_count": 256, "data": [0.0, 0.0, 0.41908841805023983, 1.0, -0.22105350637470225, -0.4598628550512171, -0.002565765834217203, -0.26898173665181924, 0.1751039421498911, 0.2127304330598052, -0.012967035436122685, 0.44201464131497326, -0.2081158632569637, -0.11681732830964829, 0.07910196603597161, 0.08011024675783868, -0.0352717859178793, 0.0330105292325217, 0.015153682257312997]}, {"time": 4.3500000000000005, "step_sample_count": 256, "data": [0.0, 0.0, 0.43132779797978876, 1.0, -0.22258877475615332, -0.4782414850491059, -0.002806414305891757, -0.27620168350363855, 0.17680973545134213, 0.22290299600220864, -0.014800616034708558, 0.4587579827659008, -0.21392807380199333, -0.1368026981982397, 0.07617725163834814, 0.08169390659038345, -0.033507475588116606, 0.028483610809087425, 0.01545179968558153]}, {"time": 4.4, "step_sample_count": 256, "data": [0.0, 0.0, 0.44388616751189436, 0.9999999999999999, -0.22353446615622222, -0.4963312770365221, -0.003053905505581286, -0.28291670675350605, 0.17815917326313874, 0.2328244920616238, -0.016730537686188932, 0.475348319681285, -0.21918107070702325, -0.15749572882489804, 0.07330158578372832, 0.08338752353509517, -0.03161760547582211, 0.023996448423995856, 0.015807123720411532]}, {"time": 4.45, "step_sample_count": 256, "data": [0.0, 0.0, 0.4567372216240394, 1.0, -0.22390236003558062, -0.5141151338214299, -0.0033081019662051583, -0.2891304695783247, 0.17915339271549197, 0.24244125742592543, -0.018755954008305674, 0.4917707346983596, -0.22382878678933932, -0.17884312853694326, 0.07048302186750187, 0.08518790876121511, -0.02960306334610218, 0.01955578881927052, 0.016221507266444186]}, {"time": 4.5, "step_sample_count": 256, "data": [0.0, 0.0, 0.4698527170878427, 1.0, -0.22370464724921768, -0.5315757223455975, -0.003568709359350622, -0.29484675077729855, 0.17979689913026173, 0.2517008957950809, -0.020875523368102018, 0.508010250058469, -0.22782782957047504, -0.20078783432460062, 0.06772910593966498, 0.08709127066781025, -0.027464653350254574, 0.01516804853407069, 0.016696361103118958]}, {"time": 4.55, "step_sample_count": 256, "data": [0.0, 0.0, 0.48320237125594134, 1.0, -0.22295392677122788, -0.5486953438861092, -0.0038352799277345225, -0.30006940143294475, 0.18009746064836693, 0.2605524803170818, -0.023087434494729307, 0.5240517931301026, -0.23113771561102528, -0.22326912202080879, 0.06504686263382183, 0.08909323948520936, -0.025203072397871472, 0.010839338971528683, 0.01723264490964958]}, {"time": 4.6000000000000005, "step_sample_count": 256, "data": [0.0, 0.0, 0.49675376650106695, 1.0, -0.22166320284551497, -0.565455808041243, -0.004107221718042177, -0.3048023147903382, 0.18006598530803639, 0.2689467512314057, -0.025389430414260485, 0.5398801610509083, -0.23372109382946116, -0.24622272625522976, 0.06244278191585987, 0.09118888846309081, -0.022818897328985607, 0.006575499624580406, 0.01783085709179071]}, {"time": 4.65, "step_sample_count": 256, "data": [0.0, 0.0, 0.5104722616606223, 1.0, -0.21984588247056186, -0.5818383113540173, -0.004383812535951915, -0.30904940919841, 0.1797163805986256, 0.27683631021266636, -0.027778830456722237, 0.5554799847770834, -0.2355439574813323, -0.2695809691557966, 0.059922805909480854, 0.09337275194719281, -0.020312583931837484, 0.0023821394457629514, 0.01849102276895186]}, {"time": 4.7, "step_sample_count": 256, "data": [0.0, 0.0, 0.5243209122249882, 0.9999999999999999, -0.21751577371932532, -0.5978233218097279, -0.004664217378017764, -0.3128146236483807, 0.17906539578201366, 0.2841758125102737, -0.03025255039212444, 0.5708356929602553, -0.23657584488857877, -0.2932728967871941, 0.057492315372176535, 0.09563884093666856, -0.01768447847663643, -0.0017353141314539514, 0.01921267954032764]}, {"time": 4.75, "step_sample_count": 256, "data": [0.0, 0.0, 0.5382604015020742, 1.0, -0.2146870858634229, -0.6133904709042381, -0.004947508049353399, -0.31610192518196245, 0.17813244753061155, 0.29092215809552857, -0.03280712099779288, 0.5859314762448751, -0.23679002941974073, -0.31722442261211026, 0.055156115730443156, 0.09798065701528418, -0.0149348420478139, -0.005771559555132497, 0.019994861005732528]}, {"time": 4.800000000000001, "step_sample_count": 256, "data": [0.0, 0.0, 0.552248985603101, 0.9999999999999999, -0.21137443257208566, -0.6285184554988068, -0.005232683744418657, -0.3189153272313342, 0.17693942964448767, 0.2970346831267362, -0.03543870553346299, 0.6007512527980609, -0.23616369957417702, -0.34135847788032164, 0.05291842291916487, 0.10039120584479796, -0.012063887574196706, -0.009721360500837894, 0.020836078445770817]}, {"time": 4.8500000000000005, "step_sample_count": 256, "data": [0.0, 0.0, 0.5662424558207562, 1.0, -0.20759283956319644, -0.6431849522245336, -0.005518691530232383, -0.3212589177940971, 0.17551050775391014, 0.3024753530886328, -0.03814311669935523, 0.6152786361419953, -0.23467813025902315, -0.36559516977878326, 0.05078284958829673, 0.1028630116706294, -0.009071829090057836, -0.013579482336506103, 0.021734301527773982]}, {"time": 4.9, "step_sample_count": 256, "data": [0.0, 0.0, 0.5801941227857903, 0.9999999999999999, -0.20335775798585168, -0.6573665477322097, -0.005804445896950066, -0.323136896234409, 0.17387189997250266, 0.30720895891287536, -0.040915833677648, 0.6294969066370525, -0.23231884641290143, -0.3898519493580727, 0.04875239252080144, 0.10538813448447887, -0.005958942415807669, -0.017340628297165993, 0.02268693934989059]}, {"time": 4.95, "step_sample_count": 256, "data": [0.0, 0.0, 0.5940548276418134, 1.0, -0.1986850845202851, -0.671038688547233, -0.0060888467949167515, -0.32455361742753647, 0.1720516444387575, 0.3112033172000235, -0.043752019816175595, 0.6433889882314566, -0.22907577998269082, -0.41404379259124635, 0.04682942233017354, 0.10795819158084884, -0.0027256361256604573, -0.020999378288647848, 0.023690823513801723]}, {"time": 5.0, "step_sample_count": 256, "data": [0.0, 0.0, 0.6077729862941292, 1.0, -0.19359118871948766, -0.684175654622737, -0.0063707958254845005, -0.3255136419185984, 0.17007935458322146, 0.3144294753051813, -0.04664654141544211, 0.6569374323128996, -0.2249434208736644, -0.43808339929015316, 0.04501567665620678, 0.11056438520460174, 0.000627468631640417, -0.024550133402275413, 0.02474219517856397]}, {"time": 5.050000000000001, "step_sample_count": 256, "data": [0.0, 0.0, 0.6212946734677035, 1.0, -0.18809294753175088, -0.6967505608248984, -0.006649210466010432, -0.32602179073722753, 0.16798596281248498, 0.31686192149690035, -0.04959398793947774, 0.6701244106299585, -0.21992096186636698, -0.461881415847917, 0.04331225813937985, 0.11319753779596677, 0.004099451176988007, -0.02798706919573175, 0.025836698156513505]}, {"time": 5.1000000000000005, "step_sample_count": 256, "data": [0.0, 0.0, 0.6345637537380544, 0.9999999999999999, -0.18220778629092096, -0.7087353904775071, -0.006923036367765918, -0.3260832034905146, 0.16580345314699374, 0.31847879964827347, -0.052588693802599694, 0.6829317192620219, -0.21401243664891437, -0.48534668873398157, 0.04171963841742634, 0.11584813599463134, 0.007688999195248445, -0.03130410057086737, 0.026969380045520814]}, {"time": 5.15, "step_sample_count": 256, "data": [0.0, 0.0, 0.6475220667608241, 0.9999999999999999, -0.1759537248037101, -0.7201010646988633, -0.007191257860454336, -0.3257033983429792, 0.1635645832310612, 0.31926212698891415, -0.055624761703280526, 0.6953407954818106, -0.20722684910017777, -0.508386556190232, 0.04023766924852749, 0.11850638408050454, 0.011394313711613419, -0.034494860666508385, 0.028134703147842773]}, {"time": 5.2, "step_sample_count": 256, "data": [0.0, 0.0, 0.6601096735174492, 1.0, -0.16934942656286328, -0.7308175505662399, -0.0074529068313048605, -0.3248883324848077, 0.16130259609307718, 0.3191980123790986, -0.05869608729837212, 0.7073327490657109, -0.19957829085003784, -0.5309071855434868, 0.03886560162778133, 0.12116226693763885, 0.015213013597884333, -0.037552695608999424, 0.029326566521630064]}, {"time": 5.25, "step_sample_count": 256, "data": [0.0, 0.0, 0.672265169439552, 1.0, -0.162414248626225, -0.7408540101522976, -0.00770707013205786, -0.3236444616924832, 0.15905092210752633, 0.31827687142688704, -0.06179638485022173, 0.718888409172342, -0.19108604302711543, -0.5528139628866694, 0.03760211343872545, 0.12380562197626058, 0.019142042227186854, -0.04047067626457155, 0.030538339981375482]}, {"time": 5.300000000000001, "step_sample_count": 256, "data": [0.0, 0.0, 0.6839260687381552, 1.0, -0.15516828936742685, -0.7501789912336978, -0.007952895621313509, -0.3219787976063049, 0.15684287182130272, 0.3164936336368015, -0.06491921334844686, 0.7299883873542296, -0.181774657080485, -0.5740119405699176, 0.0364453457892005, 0.1264262187916036, 0.023177579002170247, -0.043241627364528405, 0.03176291025555333]}, {"time": 5.3500000000000005, "step_sample_count": 256, "data": [0.0, 0.0, 0.695029262160207, 1.0, -0.14763243115057664, -0.7587606590411025, -0.008189596892388745, -0.31989896139523466, 0.15471132066167922, 0.3138479357452307, -0.06805800251776495, 0.7406131566303114, -0.1716740087270695, -0.5944063460258926, 0.03539294774692148, 0.12901384473557098, 0.02731495850501978, -0.04585817358039725, 0.03299273887763854]}, {"time": 5.4, "step_sample_count": 256, "data": [0.0, 0.0, 0.7055115477924025, 0.9999999999999999, -0.13982837501771486, -0.7665670668890082, -0.008416456686118151, -0.31741323255838527, 0.1526883870310536, 0.3103442945541383, -0.07120607808080505, 0.7507431458766614, -0.1608193185168256, -0.6139031530301131, 0.03444212874588899, 0.13155839408222456, 0.03154859994103451, -0.04831280136506923, 0.03421993078523417]}, {"time": 5.45, "step_sample_count": 256, "data": [0.0, 0.0, 0.7153102315499648, 0.9999999999999999, -0.13177866469530214, -0.7735664619931043, -0.00863282895749478, -0.3145305917289787, 0.15080510588603407, 0.30599225200250746, -0.07435668565433654, 0.7603588481411573, -0.14925113228963466, -0.632409713714569, 0.03358971751348261, 0.13404995812438605, 0.03587194936041705, -0.050597934696244094, 0.035436312080196396]}, {"time": 5.5, "step_sample_count": 256, "data": [0.0, 0.0, 0.7243637907869018, 1.0, -0.12350669760075249, -0.7797276213539505, -0.008838139562124698, -0.31126075650175317, 0.14909110055354238, 0.30080648497780227, -0.07750301271894318, 0.769440940904044, -0.13701525496058295, -0.6498354466913968, 0.03283222600221559, 0.13647891337496323, 0.04027743684315356, -0.05270602230015407, 0.03663351499896588]}, {"time": 5.550000000000001, "step_sample_count": 256, "data": [0.0, 0.0, 0.7326125912334653, 1.0, -0.11503672102683324, -0.7850202113525653, -0.009031885554091157, -0.30761420949511875, 0.14757425620350237, 0.294806872506285, -0.08063820821192262, 0.7779704158317273, -0.12416263162361138, -0.6660925736977857, 0.03216591652816322, 0.13883600507419283, 0.044756450427106687, -0.05462963352517859, 0.0378030678815714]}, {"time": 5.6000000000000005, "step_sample_count": 256, "data": [0.007996257945107468, 0.007996257945107933, 0.7399996444061137, 1.0, -0.1063938122583747, -0.7894151637425261, -0.009213633136363211, -0.30360221807713844, 0.14628039902231638, 0.28801851348129415, -0.08375539944319205, 0.7859287152349161, -0.11074917088663289, -0.6810968944339594, 0.03158687014170062, 0.14111242341618607, 0.049299328067213544, -0.05636155979217438, 0.038936487819706926]}, {"time": 5.65, "step_sample_count": 256, "data": [0.019350660472769645, 0.01935066047276991, 0.7464713899380228, 1.0, -0.09760384198792293, -0.7928850600865385, -0.009383014369696003, -0.2992368454184091, 0.14523298566240628, 0.2804716889732356, -0.08684770621296543, 0.7932978722593695, -0.09683550659643926, -0.6947685869013503, 0.03109105419823694, 0.14329987028223526, 0.053895368359792924, -0.05789491847371689, 0.04002537370407507]}, {"time": 5.7, "step_sample_count": 256, "data": [0.03044920204443849, 0.03044920204443888, 0.7519784851126976, 1.0, -0.08869342100279608, -0.7954045163971467, -0.009539722815596154, -0.2945309527717223, 0.1444528079371154, 0.2722017643681588, -0.08990825220421468, 0.8000606518083399, -0.08248669561010381, -0.7070330186902766, 0.030674387159929845, 0.1453906147688744, 0.05853286018193757, -0.059223256138346864, 0.04106149756137914]}, {"time": 5.75, "step_sample_count": 256, "data": [0.04121164334018727, 0.04121164334018733, 0.7564765823801122, 1.0, -0.07968983067948168, -0.796950559796318, -0.009683508352955875, -0.28949819310385755, 0.14395771795512802, 0.2632490280361526, -0.09293017391744746, 0.8062006893073015, -0.06777185093852646, -0.7178215534027645, 0.030332798836708627, 0.14737753638208256, 0.06319913081569727, -0.060340648318586584, 0.04203689234515764]}, {"time": 5.800000000000001, "step_sample_count": 256, "data": [0.05156696338804513, 0.05156696338804495, 0.759927074877988, 1.0, -0.07062093831509916, -0.7975029893759759, -0.00981417145780188, -0.284152996405867, 0.1437623789255851, 0.2536584648552852, -0.09590662759531524, 0.8117026246502044, -0.05276371133934458, -0.7270723357653184, 0.030062284550147176, 0.14925415538839173, 0.06788061158295751, -0.061241793295663295, 0.04294393468947766]}, {"time": 5.8500000000000005, "step_sample_count": 256, "data": [0.06144873461383974, 0.06144873461383961, 0.7622977900035954, 1.0, -0.061515098732041446, -0.797044714068922, -0.009931557265441877, -0.27851054717380846, 0.14387804670915902, 0.24347946462441009, -0.09883079473664878, 0.816552228981553, -0.03753815018523549, -0.7347310389805396, 0.029858952053632933, 0.15101465042357778, 0.07256291953799963, -0.06192209780777498, 0.04377542151587983]}, {"time": 5.9, "step_sample_count": 256, "data": [0.07079214500961553, 0.07079214500961563, 0.7635636118687804, 1.0, -0.052401043903150674, -0.795562061160911, -0.010035549741553048, -0.272586754674578, 0.14431238684867653, 0.2327654671038527, -0.10169588691303891, 0.8207365223364527, -0.022173628103305917, -0.7407515584377934, 0.029719060439206225, 0.15265386402010228, 0.0772309533722767, -0.062377753049227526, 0.044524639768879166]}, {"time": 5.95, "step_sample_count": 256, "data": [0.07953199409286218, 0.0795319940928618, 0.7637070149650462, 0.9999999999999999, -0.04330776256182039, -0.7930450500174631, -0.010126066273900815, -0.26639821668759395, 0.14506933130249788, 0.2215735470505763, -0.10449515066883944, 0.8242438805479654, -0.0067505954092038625, -0.7450966369736141, 0.029639050676095628, 0.15416729719385708, 0.0818690013933279, -0.06260579980305536, 0.0451854289149886]}, {"time": 6.0, "step_sample_count": 256, "data": [0.0876012626232729, 0.08760126262327302, 0.7627184934760005, 1.0, -0.03426437189218697, -0.7894876265923086, -0.01020305296236018, -0.2599621774429616, 0.1461489784487098, 0.20996394410125896, -0.1072218733041812, 0.8270641302080751, 0.00864914830079884, -0.7477384083457115, 0.02961556783009803, 0.15555109460740346, 0.08646085925177005, -0.06260418201176052, 0.04575223615192403]}, {"time": 6.050000000000001, "step_sample_count": 256, "data": [0.0949300058075949, 0.09493000580759535, 0.7605968732886504, 1.0, -0.025299983451807555, -0.784887855264748, -0.010266480836275653, -0.2532964804644397, 0.14754753915605448, 0.19799954365668548, -0.10986939031079102, 0.8291886308112892, 0.02394312891542425, -0.7486588473564859, 0.02964547538158683, 0.15680202208943417, 0.0909899550037102, -0.062371788516715224, 0.04622016452255789]}, {"time": 6.1000000000000005, "step_sample_count": 256, "data": [0.10144443038425045, 0.10144443038425173, 0.7573494967494507, 1.0, -0.016443565477951096, -0.7792480654701336, -0.01031634317022588, -0.24641951697811645, 0.1492573308573104, 0.18574531600494257, -0.11243109515611685, 0.8306103435015507, 0.039048897560278115, -0.747850117032264, 0.029725862373155765, 0.15791743843696904, 0.09543947910094698, -0.06190848306990956, 0.04658501430353106]}, {"time": 6.15, "step_sample_count": 256, "data": [0.1070661650890044, 0.10706616508900446, 0.7529922734608379, 1.0, -0.007723803684222746, -0.7725749514059389, -0.010352654007179283, -0.23935017047444704, 0.15126682064065006, 0.1732677217760022, -0.11490045199908339, 0.831323886074158, 0.05388474531498971, -0.745314805343403, 0.029854044361669566, 0.1588952634641902, 0.09979251698342183, -0.06121512303171389, 0.04684331813874302]}, {"time": 6.2, "step_sample_count": 256, "data": [0.11171199332343727, 0.11171199332343795, 0.7475495938010107, 1.0, 0.0008310374194533375, -0.7648796237972045, -0.01037544793635488, -0.23210775792284746, 0.1535607174202851, 0.16063409244677865, -0.11727101177918525, 0.8313255740523293, 0.06837042245739951, -0.7410660460647868, 0.030027559315952197, 0.15973394420223316, 0.10403218209036731, -0.06029356741057507, 0.046992370415976606]}, {"time": 6.25, "step_sample_count": 256, "data": [0.11529471146057789, 0.11529471146057799, 0.7410541052670059, 1.0, 0.009193250742322825, -0.7561776132872043, -0.010384781115337773, -0.22471196804528298, 0.15612011228294576, 0.14791199502402927, -0.11953643195878624, 0.8306134477664013, 0.08242785160181863, -0.7351275204716249, 0.030244159688400597, 0.16043242101387342, 0.10814174729057545, -0.059146675075502614, 0.04703025134742192]}, {"time": 6.300000000000001, "step_sample_count": 256, "data": [0.11772618538077873, 0.11772618538077902, 0.7335463550959047, 1.0, 0.017335818524719257, -0.7464888254940554, -0.010380733474411544, -0.21718279696899778, 0.15892266515257808, 0.13516859023941852, -0.12169050002559685, 0.8291872854209235, 0.09598182411402818, -0.7275333386063499, 0.030501801899394484, 0.1609900951837227, 0.11210477294123528, -0.05777829408398625, 0.046955846121178285]}, {"time": 6.3500000000000005, "step_sample_count": 256, "data": [0.11892372195804274, 0.11892372195804467, 0.7250743058325719, 1.0, 0.02523253821547566, -0.7358374481652308, -0.010363411996838283, -0.20954048150824583, 0.16194283499161635, 0.12246999361651964, -0.12372716068683563, 0.8270486021529959, 0.10896066940026246, -0.7183278008199526, 0.030798634414316708, 0.1614067992959369, 0.11590523000416016, -0.05619324312338884, 0.04676885935189126]}, {"time": 6.4, "step_sample_count": 256, "data": [0.11881998493280647, 0.11881998493280611, 0.7156927335189702, 1.0, 0.03285814069680453, -0.7242518112015022, -0.01033295493211191, -0.2018054302788911, 0.16515214988212093, 0.10988064863333916, -0.12564054651576306, 0.824200635078644, 0.12129688707152578, -0.7075650421798811, 0.031132985474007273, 0.1616827714338405, 0.11952761686628617, -0.054397286071076995, 0.046469824886291276]}, {"time": 6.45, "step_sample_count": 256, "data": [0.11737466115069431, 0.11737466115069559, 0.7054625209242144, 1.0, 0.040188399357932954, -0.711764200646482, -0.010289536769543146, -0.19399815283437094, 0.16851951252292374, 0.09746272092379533, -0.1274250116510327, 0.8206483143084411, 0.13292773257141732, -0.695308564150069, 0.03150335137201306, 0.1618186339432451, 0.12295706871981733, -0.05239710064623563, 0.046060110825715365]}, {"time": 6.5, "step_sample_count": 256, "data": [0.11458391567652418, 0.11458391567652315, 0.6944498606681327, 1.0, 0.04720022864816067, -0.6984106280858868, -0.010233373776015388, -0.18613918703096732, 0.17201153595955704, 0.08527552205139526, -0.12907516800414232, 0.8163982199054197, 0.14379574762096672, -0.6816306596944955, 0.031908385968511074, 0.16181537720512187, 0.12617945855154497, -0.050200242062847664, 0.04554191942522803]}, {"time": 6.550000000000001, "step_sample_count": 256, "data": [0.1104834077630254, 0.11048340776302641, 0.682725385170654, 0.9999999999999999, 0.05387177088443546, -0.6842305573079824, -0.010164729883262374, -0.1782490248865639, 0.17559290375314673, 0.07337497085780274, -0.13058592330352733, 0.8114585247735456, 0.15384922777521298, -0.6666117396410416, 0.03234689190400782, 0.16167434857282625, 0.1291814889690369, -0.0478151025063809, 0.04491828133080484]}, {"time": 6.6000000000000005, "step_sample_count": 256, "data": [0.10514331479148484, 0.10514331479148437, 0.6703632420436862, 1.0, 0.06018247025378022, -0.6692665905740474, -0.010083922695658738, -0.17034803728927786, 0.17922674831471597, 0.06181309974350632, -0.13195252019805148, 0.8058389235189966, 0.1630426205009277, -0.6503395697694535, 0.032817813738462806, 0.1613972463515748, 0.13195077425467341, -0.04525086715294819, 0.04419304343598721]}, {"time": 6.65, "step_sample_count": 256, "data": [0.09865765797156274, 0.09865765797156159, 0.6574401347911909, 1.0, 0.06611313314266817, -0.6535641174569506, -0.00999132937847824, -0.16245639803712406, 0.18287504080493827, 0.05063761247939099, -0.133170575559777, 0.7995505474327346, 0.17133684846887198, -0.632908429649253, 0.03332023300554329, 0.16098611843944147, 0.1344759121900558, -0.04251746733475177, 0.04337084949233336]}, {"time": 6.7, "step_sample_count": 256, "data": [0.09113224940076005, 0.09113224940076035, 0.6440343494574984, 1.0, 0.07164597414884012, -0.6371709299369385, -0.009887392178598488, -0.15459400784072413, 0.186498985847923, 0.03989149927682131, -0.13423611906772923, 0.7926058659124595, 0.17869955419899436, -0.6144182057316105, 0.03385336494892318, 0.1604433650153326, 0.1367465453376851, -0.03962553133414309, 0.042457112509657405]}, {"time": 6.75, "step_sample_count": 256, "data": [0.08267479853556808, 0.08267479853556801, 0.630224788126157, 0.9999999999999999, 0.0767646473898412, -0.6201368082914352, -0.009772623324831415, -0.14678041908858727, 0.19005941435024792, 0.029612713859905597, -0.1351456301227029, 0.7850185748822165, 0.18510526378831094, -0.5949734325606226, 0.034416556508687836, 0.1597717444558556, 0.13875341160918359, -0.03658633316451837, 0.04145797794877786]}, {"time": 6.800000000000001, "step_sample_count": 256, "data": [0.07338858914427099, 0.07338858914427168, 0.6160900298887447, 0.9999999999999999, 0.08145426301819694, -0.6025130832580174, -0.009647609054187095, -0.139034762346454, 0.19351716796754226, 0.019833916189434565, -0.13589607213984795, 0.7768034730809074, 0.19053546916495068, -0.5746822971664806, 0.035009284960871974, 0.15897438149569595, 0.14048838409469605, -0.033411739572871406, 0.040380276757214485]}, {"time": 6.8500000000000005, "step_sample_count": 256, "data": [0.06336941503413426, 0.06336941503413415, 0.6017074390501844, 1.0, 0.08570138918409066, -0.5843521809461009, -0.009513012514680853, -0.1313756757238834, 0.19683346922769698, 0.010582283290936672, -0.13648492329266632, 0.7679763274722317, 0.1949786301127593, -0.5536556226743704, 0.03563115649041875, 0.15805477652156372, 0.14194450028049374, -0.03011415537916876, 0.03923146744104587]}, {"time": 6.9, "step_sample_count": 256, "data": [0.052704749489545955, 0.05270474948954588, 0.5871523389022502, 0.9999999999999999, 0.0894940400469135, -0.5657071579645138, -0.00936957530661195, -0.1238212383764261, 0.19997027199974562, 0.0018793893541554387, -0.1369102028406688, 0.7585537294658696, 0.19843009915061158, -0.5320058478369218, 0.03628190390421051, 0.15701681481451826, 0.14311598094345823, -0.026706467154839392, 0.0380195666141996]}, {"time": 6.95, "step_sample_count": 256, "data": [0.041474138879785044, 0.04147413887978456, 0.5724972673864896, 0.9999999999999999, 0.09282165081652402, -0.5466312351440624, -0.009218117444758603, -0.11638890950350339, 0.2028905878760501, -0.006258845077695297, -0.13717049226408246, 0.7485529441118215, 0.20089197416707946, -0.5098460194979566, 0.036961382670839094, 0.1558647745357096, 0.14399823918185076, -0.02320198513989236, 0.0367530678240326]}, {"time": 7.0, "step_sample_count": 256, "data": [0.0297501069140393, 0.029750106914039794, 0.5578113284116989, 1.0, 0.09567504118739482, -0.527177338979411, -0.009059535556039472, -0.10909547423471913, 0.20555878508432618, -0.013822136388319592, -0.13726495055217852, 0.7379917549065953, 0.20237288542940438, -0.48728881484692316, 0.03766956450934554, 0.1546033322910071, 0.1445878802183631, -0.019614383209368806, 0.035440848915072896]}, {"time": 7.050000000000001, "step_sample_count": 256, "data": [0.017599158840222687, 0.017599158840222465, 0.5431596495477033, 1.0, 0.09804636889247012, -0.5073976604010533, -0.008894799173055317, -0.10195699775770446, 0.20794085772240867, -0.020805756558581596, -0.13719332314474833, 0.726888307293248, 0.2028877251207399, -0.46444560966436377, 0.03840652783904128, 0.15323756521300005, 0.1448826927873931, -0.01595763662972998, 0.03409206874695345]}, {"time": 7.1000000000000005, "step_sample_count": 256, "data": [0.005082690884043367, 0.005082690884043353, 0.5286029533757575, 1.0, 0.09992907542237381, -0.4873432406267555, -0.008724945045041784, -0.09498878892018464, 0.21000466435569712, -0.027210391435490894, -0.13695594420441906, 0.7152609543030726, 0.20245732882103706, -0.4414256075480576, 0.03917244454217882, 0.1517729486632294, 0.14488163308400387, -0.012245957300083508, 0.0327160547021743]}, {"time": 7.15, "step_sample_count": 256, "data": [0.0, 0.0, 0.5141972460571093, 0.9999999999999999, 0.1013178262005297, -0.4670635935571081, -0.008551069464306492, -0.08820537433544669, 0.21172013626664907, -0.033041943964122716, -0.1365537320937511, 0.7031281080287063, 0.20110811924622965, -0.41833504333733046, 0.03996756267281414, 0.15021534887768845, 0.1445848023944732, -0.008493726158602893, 0.031322183067307316]}, {"time": 7.2, "step_sample_count": 256, "data": [0.0, 0.0, 0.4999936228344523, 1.0, 0.10220844764668463, -0.4466063734198787, -0.008374318696453623, -0.08162048373874677, 0.21305945682154365, -0.038311288705993186, -0.13598817813575742, 0.6905081006928447, 0.19887172301950581, -0.3952764716484318, 0.040792184957790606, 0.1485710101439609, 0.1439934196331326, -0.0047154224586064926, 0.029919755000490395]}, {"time": 7.25, "step_sample_count": 256, "data": [0.0, 0.0, 0.48603818637741797, 1.0, 0.10259786357469182, -0.4260170951140331, -0.008195877702388292, -0.07524704699517012, 0.21399721444440714, -0.04303398467303749, -0.13526132893782403, 0.677419058947786, 0.19578457120950868, -0.3723481486687404, 0.041646643166107375, 0.14684653639314954, 0.14310979006213645, -0.0009255496891876302, 0.028517871354396002]}, {"time": 7.300000000000001, "step_sample_count": 256, "data": [0.0, 0.0, 0.47237207030686956, 1.0, 0.10248403323719761, -0.4053389129785042, -0.00801695744218008, -0.06909720276710772, 0.21451053248889687, -0.047229953912159096, -0.13437576274382776, 0.6638787946866871, 0.19188749380490078, -0.3496435122469981, 0.04253126865616348, 0.1450488673937585, 0.14193727145576168, 0.0028614419610669814, 0.02712531005062072]}, {"time": 7.3500000000000005, "step_sample_count": 256, "data": [0.0, 0.0, 0.45903155706727117, 1.0, 0.1018658930437131, -0.38461246157886664, -0.00783878114561861, -0.06318231843774595, 0.21457917981621957, -0.05092313335353412, -0.13333456043433145, 0.6499047150643781, 0.1872253172117741, -0.3272507620134719, 0.04344635963113901, 0.1431852500244023, 0.14048023887783206, 0.006631236517234012, 0.02575040994493473]}, {"time": 7.4, "step_sample_count": 256, "data": [0.0, 0.0, 0.4460482767314089, 1.0, 0.10074330354773545, -0.3638757596758894, -0.007662570009855099, -0.05751302048513729, 0.2141856660807697, -0.05414110718232181, -0.13214127190821867, 0.6355137536328179, 0.1818464723108811, -0.30525253794814733, 0.04439214582641632, 0.1412632053529448, 0.13874404906404392, 0.010369736187862503, 0.0244009651387297]}, {"time": 7.45, "step_sample_count": 256, "data": [0.0, 0.0, 0.4334494714580144, 1.0, 0.09911700274779923, -0.3431641759594496, -0.007489528828278143, -0.05209923413943882, 0.2133153255805061, -0.05691472643095918, -0.13079987864229373, 0.6207223235362049, 0.17580261868930783, -0.28372569267983483, 0.04536875150638909, 0.1392904924378783, 0.13673500514160528, 0.014063147777147641, 0.0230841334514047]}, {"time": 7.5, "step_sample_count": 256, "data": [0.0, 0.0, 0.42125830927904856, 1.0, 0.09698856611716913, -0.3225104525712464, -0.007320832055165857, -0.04695023086075774, 0.21195639306065692, -0.059277721667710996, -0.12931475323420216, 0.6055462926475793, 0.1691482884979085, -0.26274115003300175, 0.04637615775091621, 0.13727506987428306, 0.1344603220865637, 0.017698070589159395, 0.02180636226306569]}, {"time": 7.550000000000001, "step_sample_count": 256, "data": [0.0, 0.0, 0.4094942307155962, 1.0, 0.09436037312086785, -0.30194478008335407, -0.007157610759537701, -0.04207468196778044, 0.21010007411083967, -0.06126631365052226, -0.12769061669038448, 0.590000979443985, 0.1619405511422473, -0.24236384010834838, 0.04741416505696407, 0.13522505611931604, 0.13192809293370777, 0.02126158451569842, 0.020573334182729996]}, {"time": 7.6000000000000005, "step_sample_count": 256, "data": [0.0, 0.0, 0.3981733123962358, 0.9999999999999999, 0.0912355793581525, -0.28149491562338347, -0.007000940816580794, -0.03748071664041507, 0.20774061183718007, -0.0629188257148891, -0.12593249413311236, 0.57410116740199, 0.15423869786626973, -0.2226526996148143, 0.04848235726532875, 0.133148689548285, 0.12914725534338678, 0.024741336646860717, 0.019389934035314645]}, {"time": 7.65, "step_sample_count": 256, "data": [0.0, 0.0, 0.387308633305387, 1.0, 0.08761809294531478, -0.26118633439316, -0.006851832531321772, -0.033175982515319294, 0.20487535041247776, -0.06427530057004611, -0.12404566948355969, 0.5578611348410195, 0.14610394340731203, -0.20366072534030735, 0.04958006774637526, 0.13105428902026814, 0.12612755773007805, 0.028125624430568735, 0.018260237555701622]}, {"time": 7.7, "step_sample_count": 256, "data": [0.0, 0.0, 0.37691063139072645, 1.0, 0.08351255338232642, -0.24104240402743746, -0.006711221700803811, -0.029167707183161272, 0.20150479500977939, -0.06537712318627448, -0.12203563955088169, 0.5412946965295817, 0.13759914044038943, -0.18543506857246553, 0.05070634864690446, 0.1289502154913609, 0.12287952381012869, 0.031403473171645636, 0.017187521013429054]}, {"time": 7.75, "step_sample_count": 256, "data": [0.0, 0.0, 0.36698744083028145, 1.0, 0.07892431096683854, -0.2210845711392588, -0.006579961920101783, -0.025462759062891315, 0.1976326666091289, -0.06626665065083179, -0.11990806784258887, 0.524415253059324, 0.12878850160317062, -0.16801715891547156, 0.05185994382063293, 0.1268448349328299, 0.11941441417279905, 0.03456470553920675, 0.01617428986172545]}, {"time": 7.800000000000001, "step_sample_count": 256, "data": [0.0, 0.0, 0.3575452030906978, 1.0, 0.07385940484869612, -0.2013325499946461, -0.006458817752405988, -0.0220677063459365, 0.193265949324414, -0.06698684931068065, -0.11766873833093805, 0.5072358440153796, 0.11973732356350618, -0.15144284719585718, 0.05303926584863028, 0.12474648252567176, 0.1157441833576089, 0.03760000077409809, 0.015222323506044435]}, {"time": 7.8500000000000005, "step_sample_count": 256, "data": [0.0, 0.0, 0.34858834777364467, 1.0, 0.06832453805127989, -0.18180450448422664, -0.006348458244844146, -0.018988872942475313, 0.18841492729764642, -0.06758093923633421, -0.11532350938171199, 0.489769201325339, 0.1105117078627665, -0.13574255886711498, 0.054242377317374184, 0.12266342784876083, 0.11188143096075104, 0.04050094147580994, 0.014332732507638656]}, {"time": 7.9, "step_sample_count": 256, "data": [0.0, 0.0, 0.34011984192911127, 1.0, 0.06232704819220404, -0.16251721628994015, -0.006249450207995376, -0.0162323905926455, 0.18309320789492708, -0.06809204602897947, -0.11287826808690504, 0.47202779981470905, 0.10117827408493336, -0.12094145133894318, 0.05546697627696126, 0.12060384058706695, 0.10783934550841578, 0.043260046205333205, 0.013506024045504954]}, {"time": 7.95, "step_sample_count": 256, "data": [0.0, 0.0, 0.3321414088212536, 0.9999999999999999, 0.05587487316438587, -0.14348623421454373, -0.006162250708663717, -0.013804246500685742, 0.17731772792422112, -0.06856286021709701, -0.11033888534344993, 0.45402390286294964, 0.09180386215517478, -0.10705957079041317, 0.05671038556794255, 0.11857575618226918, 0.103631640221623, 0.045870786653403946, 0.012742171296147962]}, {"time": 8.0, "step_sample_count": 256, "data": [0.0, 0.0, 0.3246537189184494, 1.0, 0.04897651162519014, -0.12472600185853772, -0.006087198360650834, -0.01171032598913209, 0.1711087398619948, -0.06903530488768624, -0.10771117217788571, 0.43576960204597937, 0.08245522211528633, -0.09411200610217155, 0.057969545500221695, 0.11658704083969533, 0.09927248033212152, 0.04832758876078906, 0.012040682562702784]}, {"time": 8.05, "step_sample_count": 256, "data": [0.0, 0.0, 0.31765655705670964, 1.0, 0.041640978718149854, -0.10624996299791503, -0.006024503229938822, -0.00995644974191622, 0.16448977557972116, -0.0695502126926856, -0.10500083801351479, 0.417276850660612, 0.07319869138897825, -0.08210903940840121, 0.05924100920891215, 0.11464535538676326, 0.09477640224978563, 0.05062581789107347, 0.01140066646604308]}, {"time": 8.1, "step_sample_count": 256, "data": [0.0, 0.0, 0.3111489702718452, 1.0, 0.03387775795629806, -0.08807064595870308, -0.0059742354761526915, -0.008548405208486251, 0.15748758573947502, -0.07014701387919942, -0.10221345178606435, 0.398557491946754, 0.06409986116944949, -0.07105629430646834, 0.060520939915740014, 0.1127581176281915, 0.09015822557122556, 0.05276174888839825, 0.010820890242062339]}, {"time": 8.15, "step_sample_count": 256, "data": [0.0, 0.0, 0.30512940075146555, 1.0, 0.025696750580507133, -0.07019972985878069, -0.005936313195364234, -0.007491971685227286, 0.15013205380769748, -0.07086343743389793, -0.09935440700565103, 0.3796232835615421, 0.05522323498595218, -0.06095488389434299, 0.0618051093032082, 0.11093246303042364, 0.08543295959069887, 0.05473252254038535, 0.01029982908853386]}, {"time": 8.200000000000001, "step_sample_count": 256, "data": [0.0, 0.0, 0.2995958078180821, 1.0, 0.017108223943063952, -0.05264809670141697, -0.005910490265728853, -0.006792938493703189, 0.14245608444486346, -0.07173522774338502, -0.09642889200617864, 0.3604859203490273, 0.046631883620855755, -0.05180156149997232, 0.06308889627073086, 0.10917520375511347, 0.08061570656057063, 0.056536090551636616, 0.009835705475530556]}, {"time": 8.25, "step_sample_count": 256, "data": [0.0, 0.0, 0.294545781953183, 1.0, 0.008122760551683634, -0.03542587392123715, -0.005896345280751883, -0.006457115562174951, 0.13449546680105687, -0.07279587931075167, -0.09344186669145202, 0.34115705765562304, 0.038387101283797596, -0.04358887723020742, 0.06436728549033807, 0.10749278621427387, 0.07572156438965824, 0.058171151568524794, 0.009426518277710735]}, {"time": 8.3, "step_sample_count": 256, "data": [0.0, 0.0, 0.289976652762675, 1.0, -0.001248790640235927, -0.018542472118721277, -0.005893272843981279, -0.006490335615114323, 0.12628871393193403, -0.07407639201551929, -0.09039804706111065, 0.3216483373674266, 0.030548068281317852, -0.03630534334099272, 0.06563486541109388, 0.10589124741178516, 0.07076553171894989, 0.05963708105131069, 0.009070062418273291]}, {"time": 8.35, "step_sample_count": 256, "data": [0.0, 0.0, 0.2858855916193914, 1.0, -0.010995359260918968, -0.00200662243558118, -0.005900478563925696, -0.006898447112178337, 0.11787688011131014, -0.07560504916498495, -0.08730189866986536, 0.30197141852576165, 0.02317152536782752, -0.02993561098114359, 0.06688582566619616, 0.1043761703554728, 0.0657624183508331, 0.06093385785491976, 0.008763940367431337]}, {"time": 8.4, "step_sample_count": 256, "data": [0.0, 0.0, 0.2822697086327226, 0.9999999999999999, -0.021105693634966213, 0.014173582586489679, -0.005916979015015003, -0.007687297076651639, 0.10930335823709825, -0.07740722018474448, -0.0841576399421423, 0.282138013872578, 0.016311464578919528, -0.02446066016973821, 0.06811395419841651, 0.10295263877577815, 0.060726763828275715, 0.062061990265299724, 0.008505567274877383]}, {"time": 8.450000000000001, "step_sample_count": 256, "data": [0.0, 0.0, 0.2791261426913766, 1.0, -0.03156839497327964, 0.029990641649217577, -0.005941607722838142, -0.008862703030573635, 0.1006136598019891, -0.07950518927439515, -0.08096925594292713, 0.2621599330636379, 0.010018840703975558, -0.019858004018001366, 0.0693126348157446, 0.10162519129221721, 0.05567276658443617, 0.06302244397212556, 0.008292171727556693]}, {"time": 8.5, "step_sample_count": 256, "data": [0.0, 0.0, 0.27645214266655715, 1.0, -0.04237194481781759, 0.04543758876868831, -0.005973027909219252, -0.01043041341852093, 0.09185518003424868, -0.08191801075871019, -0.0777405228141706, 0.24204913264360584, 0.0043413067331918315, -0.01610190728451012, 0.07047484629272258, 0.10039777506104595, 0.05061422554899329, 0.06381657408136175, 0.008120794130340992]}, {"time": 8.55, "step_sample_count": 256, "data": [0.0, 0.0, 0.27424513747410223, 1.0, -0.05350472506232436, 0.060507927658916286, -0.006009752327041638, -0.012396056154652323, 0.08307695081811203, -0.08466139124469486, -0.07447504264962819, 0.22181777227434488, -0.0006770243063479958, -0.013163618434563406, 0.07159316451362556, 0.09927369885723253, 0.04556449545533756, 0.06444606282989472, 0.007988284548527095]}, {"time": 8.6, "step_sample_count": 256, "data": [0.0, 0.0, 0.2725027925660082, 1.0, -0.06495502995368375, 0.07519555622441874, -0.006050170065598814, -0.014765075260577047, 0.07432938389019528, -0.08774759809839258, -0.07117628812659949, 0.2014782761999589, -0.004995789660660903, -0.011011613527363786, 0.07265976947958118, 0.09825558553091279, 0.040536456398033875, 0.06491286420610465, 0.007891301581322802]}, {"time": 8.65, "step_sample_count": 256, "data": [0.0, 0.0, 0.2712230505201424, 1.0, -0.07671106951389393, 0.08949468177936272, -0.006092579755967824, -0.017542655960785233, 0.06566400659072964, -0.09118539322405694, -0.06784765576708991, 0.18104339855133125, -0.008578558762771034, -0.009611849533938205, 0.07366645924169321, 0.09734532386538407, 0.03554249749647527, 0.06521915624599595, 0.007826313512357654]}], "random_generator": {"seed": "very_nice_seed"}, "realworld_total_calculation_time": 180.945}