{"hamiltonian": {"U": 1.0, "E": 0.5, "J": 0.1, "phi": 0.3141592653589793, "type": "ExactHamiltonian"}, "start_time": 0.0, "time_step": 0.05, "number_of_time_steps": 200, "sampler": {"system_geometry": {"type": "LinearChainNonPeriodicState", "size": 4}, "initial_system_state": {"type": "HomogenousInitialSystemState"}, "type": "ExactSampler"}, "observables": [{"type": "Concurrence", "label": "Concurrence between 0 up and 1 up", "perform_checks": false, "index_l": 0, "up_sigma": true, "index_m": 1, "up_sigma_prime": true}, {"type": "ConcurrenceAsymm", "label": "Assym-Concurrence between 0 up and 1 up", "perform_checks": false, "index_l": 0, "up_sigma": true, "index_m": 1, "up_sigma_prime": true}, {"type": "Purity", "label": "Purity of red. density matrix of 0 up and 1 up", "perform_checks": false, "index_l": 0, "up_sigma": true, "index_m": 1, "up_sigma_prime": true}, {"type": "PauliMeasurement", "label": "Pauli Measurement 00 of sites 0 up and 1 up", "perform_checks": false, "index_l": 0, "up_sigma": true, "index_m": 1, "up_sigma_prime": true, "index_of_pauli_op": 0}, {"type": "PauliMeasurement", "label": "Pauli Measurement 0x of sites 0 up and 1 up", "perform_checks": false, "index_l": 0, "up_sigma": true, "index_m": 1, "up_sigma_prime": true, "index_of_pauli_op": 1}, {"type": "PauliMeasurement", "label": "Pauli Measurement 0y of sites 0 up and 1 up", "perform_checks": false, "index_l": 0, "up_sigma": true, "index_m": 1, "up_sigma_prime": true, "index_of_pauli_op": 2}, {"type": "PauliMeasurement", "label": "Pauli Measurement 0z of sites 0 up and 1 up", "perform_checks": false, "index_l": 0, "up_sigma": true, "index_m": 1, "up_sigma_prime": true, "index_of_pauli_op": 3}, {"type": "PauliMeasurement", "label": "Pauli Measurement x0 of sites 0 up and 1 up", "perform_checks": false, "index_l": 0, "up_sigma": true, "index_m": 1, "up_sigma_prime": true, "index_of_pauli_op": 4}, {"type": "PauliMeasurement", "label": "Pauli Measurement xx of sites 0 up and 1 up", "perform_checks": false, "index_l": 0, "up_sigma": true, "index_m": 1, "up_sigma_prime": true, "index_of_pauli_op": 5}, {"type": "PauliMeasurement", "label": "Pauli Measurement xy of sites 0 up and 1 up", "perform_checks": false, "index_l": 0, "up_sigma": true, "index_m": 1, "up_sigma_prime": true, "index_of_pauli_op": 6}, {"type": "PauliMeasurement", "label": "Pauli Measurement xz of sites 0 up and 1 up", "perform_checks": false, "index_l": 0, "up_sigma": true, "index_m": 1, "up_sigma_prime": true, "index_of_pauli_op": 7}, {"type": "PauliMeasurement", "label": "Pauli Measurement y0 of sites 0 up and 1 up", "perform_checks": false, "index_l": 0, "up_sigma": true, "index_m": 1, "up_sigma_prime": true, "index_of_pauli_op": 8}, {"type": "PauliMeasurement", "label": "Pauli Measurement yx of sites 0 up and 1 up", "perform_checks": false, "index_l": 0, "up_sigma": true, "index_m": 1, "up_sigma_prime": true, "index_of_pauli_op": 9}, {"type": "PauliMeasurement", "label": "Pauli Measurement yy of sites 0 up and 1 up", "perform_checks": false, "index_l": 0, "up_sigma": true, "index_m": 1, "up_sigma_prime": true, "index_of_pauli_op": 10}, {"type": "PauliMeasurement", "label": "Pauli Measurement yz of sites 0 up and 1 up", "perform_checks": false, "index_l": 0, "up_sigma": true, "index_m": 1, "up_sigma_prime": true, "index_of_pauli_op": 11}, {"type": "PauliMeasurement", "label": "Pauli Measurement z0 of sites 0 up and 1 up", "perform_checks": false, "index_l": 0, "up_sigma": true, "index_m": 1, "up_sigma_prime": true, "index_of_pauli_op": 12}, {"type": "PauliMeasurement", "label": "Pauli Measurement zx of sites 0 up and 1 up", "perform_checks": false, "index_l": 0, "up_sigma": true, "index_m": 1, "up_sigma_prime": true, "index_of_pauli_op": 13}, {"type": "PauliMeasurement", "label": "Pauli Measurement zy of sites 0 up and 1 up", "perform_checks": false, "index_l": 0, "up_sigma": true, "index_m": 1, "up_sigma_prime": true, "index_of_pauli_op": 14}, {"type": "PauliMeasurement", "label": "Pauli Measurement zz of sites 0 up and 1 up", "perform_checks": false, "index_l": 0, "up_sigma": true, "index_m": 1, "up_sigma_prime": true, "index_of_pauli_op": 15}], "measurements": [{"time": 0.0, "step_sample_count": 256, "data": [1.092798244665664e-08, 0.0, 1.0, 1.0, 1.0, 0.0, 0.0, 1.0, 1.0, 0.0, 0.0, 0.0, 0.0, 0.0, 0.0, 0.0, 0.0, 0.0, 0.0]}, {"time": 0.05, "step_sample_count": 256, "data": [0.004680340228047104, 0.004680340231710852, 0.9993627577012922, 1.0, 0.9995766050152205, 0.013106993207893694, 8.666830213568961e-10, 0.9996181770143588, 0.999219931788261, 0.013102152355831755, 5.328527168327154e-05, -0.010660555298784923, -0.010656471848126419, -0.00012722637368953668, 0.0049986200240972134, 5.941879420647438e-05, -6.123662516992899e-06, 0.004999315948179295, -1.2492989320174634e-05]}, {"time": 0.1, "step_sample_count": 256, "data": [0.008718105085196633, 0.008718105084021205, 0.9974541198220362, 1.0, 0.9983071945900204, 0.02618519845492299, 1.3858995798199374e-08, 0.9984732367365663, 0.9968828258979787, 0.026146524706292893, 0.00021268784358600482, -0.021296735047295266, -0.02126411712525766, -0.0005076358268555428, 0.00998897116059659, 0.0002374085295320142, -2.4563263212178187e-05, 0.009994526762866674, -4.9887927664406404e-05]}, {"time": 0.15000000000000002, "step_sample_count": 256, "data": [0.012109833490422552, 0.012109833490247949, 0.9942833279728505, 1.0, 0.9961940890662632, 0.03920589803140611, 7.009417860893982e-08, 0.9965667642302903, 0.9929979625984506, 0.039075672280480984, 0.0004768529139695342, -0.03188420779265784, -0.0317744014019359, -0.0011374290615650366, 0.014962839213916466, 0.0005331708333528946, -5.552380717875223e-05, 0.014981523221895712, -0.0001119334639424849]}, {"time": 0.2, "step_sample_count": 256, "data": [0.014853973554322369, 0.014853973554367919, 0.9898657003463831, 1.0, 0.9932411448976803, 0.05214051427888408, 2.2123554023131838e-07, 0.9939013980247333, 0.9875807558861904, 0.051832818665668225, 0.0008435388455865352, -0.042398730184793815, -0.04213937270646726, -0.0020103061987485895, 0.01991211868822575, 0.0009453803056538425, -9.934420017655199e-05, 0.01995618803802829, -0.00019821313098701223]}, {"time": 0.25, "step_sample_count": 256, "data": [0.016950892664611937, 0.01695089266455578, 0.9842225060538081, 1.0, 0.9894537386005435, 0.06496067849477478, 5.391934367379034e-07, 0.9904808252568512, 0.9806526741539089, 0.06436218472495688, 0.0013096415048453264, -0.05281619079801015, -0.05231194820319316, -0.003117514965493615, 0.02482886543596242, 0.0014721923161759361, -0.0001564931354881453, 0.024914392104926544, -0.00030814899500525837]}, {"time": 0.30000000000000004, "step_sample_count": 256, "data": [0.018402881071815695, 0.01840288107182192, 0.9773807913262764, 1.0, 0.9848387445319187, 0.0776382985110557, 1.1157049565084158e-06, 0.9863097748856662, 0.9722411298190948, 0.07660931124438977, 0.0018712279208295316, -0.06311265367742436, -0.062246195445377774, -0.004447917681352208, 0.029705347290768847, 0.002111253851887756, -0.00022756341662198947, 0.029851991071265453, -0.0004410067101768779]}, {"time": 0.35000000000000003, "step_sample_count": 256, "data": [0.01921414884068425, 0.019214148840677948, 0.9693731596705951, 1.0, 0.9794045067378842, 0.09014562453654024, 2.061790813979656e-06, 0.9813940089937657, 0.962379338597632, 0.08852137329084973, 0.002523578854846955, -0.0732644015195012, -0.07189760645282815, -0.005988076572356984, 0.03453409205599996, 0.0028597173468520166, -0.0003132647952327719, 0.034764822342388306, -0.0005959019246622023]}, {"time": 0.4, "step_sample_count": 256, "data": [0.019390816057820656, 0.019390816057817343, 0.9602375086076045, 1.0, 0.9731608051762596, 0.10245531287855925, 3.507087788125544e-06, 0.9757403121954235, 0.9511061492943865, 0.10004748432250307, 0.0032612397634497014, -0.08324797839683323, -0.08122336291389891, -0.0077223568132805676, 0.039307932256065485, 0.003714257407954645, -0.00041441542381775575, 0.039648702600639296, -0.0007718079702239181]}, {"time": 0.45, "step_sample_count": 256, "data": [0.018940896212232293, 0.018940896212227804, 0.950016726119401, 1.0, 0.9661188166757181, 0.11454048719168837, 5.5990550559339966e-06, 0.9693564791750108, 0.9384658451623772, 0.11113898816799853, 0.004078079536789467, -0.09304023193836879, -0.09018259087262322, -0.009633046575292025, 0.04402004610204317, 0.004671090332020754, -0.0005319320411677506, 0.04449942592550533, -0.0009675647545165675]}, {"time": 0.5, "step_sample_count": 256, "data": [0.017874272692745198, 0.017874272692744515, 0.9387583503799366, 1.0, 0.9582910710442543, 0.12637479693793527, 8.502052992117282e-06, 0.9622513003835046, 0.924507918053526, 0.12174973707840096, 0.004967356301136645, -0.10261835487756339, -0.0987366033338149, -0.011700493238523823, 0.04866399417464551, 0.005725996292601611, -0.0006668190248680269, 0.04931276258319215, -0.0011818887630527383]}, {"time": 0.55, "step_sample_count": 256, "data": [0.01620266837443761, 0.016202668374432, 0.9265141967365451, 1.0, 0.9496914027845025, 0.13793247278382892, 1.2396293453560523e-05, 0.9544345459250547, 0.9092868167459002, 0.1318363541561236, 0.005921789490526364, -0.11195992588242286, -0.10684912930147138, -0.013903254818048908, 0.0532337513860095, 0.0068743440583592386, -0.0008201564590509459, 0.054084458542486745, -0.0014133840670255656]}, {"time": 0.6000000000000001, "step_sample_count": 256, "data": [0.013939608295733472, 0.013939608295732873, 0.9133399562419657, 1.0, 0.9403348989103161, 0.14918837870430585, 1.7476661242426916e-05, 0.9459169476696628, 0.8928616709835963, 0.14135847857698314, 0.006933637318857238, -0.12104294958309511, -0.11448652785795782, -0.01621826554820475, 0.057723733846119646, 0.008111118089564578, -0.0009930873769200131, 0.058810235760006116, -0.0016605542237423004]}, {"time": 0.65, "step_sample_count": 256, "data": [0.011100375458299519, 0.011100375458299215, 0.8992947703033665, 1.0, 0.9302378433880156, 0.16011806061032816, 2.395140735833056e-05, 0.9367101796319507, 0.8752959929047737, 0.15027899214389392, 0.00799477872129179, -0.1298458957145676, -0.12161798599247431, -0.0186210144748343, 0.06212882032906225, 0.009430947844903857, -0.001186804346040346, 0.06348579326347713, -0.0019218149484088523]}, {"time": 0.7000000000000001, "step_sample_count": 256, "data": [0.0077019598138828235, 0.007701959813881219, 0.8844407862139664, 1.0, 0.9194176587463306, 0.17069779136588412, 3.204071577988036e-05, 0.9268268366599594, 0.8566573576601344, 0.15856422584256794, 0.009096798783218164, -0.13834773729412783, -0.12821569899634136, -0.021085735818514983, 0.06644436810781047, 0.010828139117612047, -0.0014025355699482914, 0.06810680904688415, -0.002195507429565081]}, {"time": 0.75, "step_sample_count": 256, "data": [0.0037630005356406662, 0.0037630005356409854, 0.8688426984621782, 1.0, 0.9078928454109173, 0.1809046121094767, 4.197514686245328e-05, 0.916280411481662, 0.8370170651371901, 0.16618414520965089, 0.010231076636931296, -0.14652798775553263, -0.134255032358758, -0.023585609794751643, 0.07066622300283086, 0.01229670720803172, -0.0016415306821927268, 0.07266894277642143, -0.002479912155581758]}, {"time": 0.8, "step_sample_count": 256, "data": [0.0, 0.0, 0.8525672807729452, 1.0, 0.8956829193228077, 0.19071636984448778, 5.39939619421375e-05, 0.9050852701606489, 0.816449784804687, 0.17311251347082032, 0.011388874781012954, -0.15436673696433795, -0.1397146642189518, -0.026092972509945026, 0.07479072356846203, 0.013830411729067134, -0.00190504640846644, 0.07716783929158559, -0.002773263116345983]}, {"time": 0.8500000000000001, "step_sample_count": 256, "data": [0.0, 0.0, 0.8356829138263698, 1.0, 0.8828083483946196, 0.2001117513109467, 6.834333541946407e-05, 0.8932566260159569, 0.7950331857756134, 0.17932703155915858, 0.012561428765344721, -0.16184468604150326, -0.14457670755800886, -0.028579533495017757, 0.07881469942064118, 0.015422792831804283, -0.0021943322690330114, 0.0815991328716814, -0.0030737622425636634]}, {"time": 0.9, "step_sample_count": 256, "data": [0.0, 0.0, 0.8182591135226236, 1.0, 0.8692904883448984, 0.20907031319741043, 8.527446234386257e-05, 0.8808105120645313, 0.7728475542562064, 0.1848094542813033, 0.013740036185887048, -0.16894318092526853, -0.1488268114451791, -0.031016599392239587, 0.08273546378910487, 0.017067208630707303, -0.0025106164873815043, 0.08595845222485701, -0.0033795939449736277]}, {"time": 0.9500000000000001, "step_sample_count": 256, "data": [0.0, 0.0, 0.8003660645221268, 1.0, 0.8551515184291827, 0.21757250879495857, 0.00010504157135592461, 0.8677637520481017, 0.7499754006018993, 0.1895456820591459, 0.014916143947664242, -0.17564424460433103, -0.152454240787998, -0.033375302275138206, 0.08655080045556676, 0.018756873601485605, -0.0028550922620359373, 0.0902414261447615, -0.003688939617127732]}, {"time": 1.0, "step_sample_count": 256, "data": [0.0, 0.0, 0.7820741635907437, 1.0, 0.8404143775574962, 0.22559971123502146, 0.00012789985467957614, 0.8541339301094761, 0.7265010582391547, 0.1935258278368413, 0.016081432781540707, -0.18193060795858026, -0.1554519341721837, -0.03562683105654635, 0.09025894531553204, 0.02048489771983949, -0.0032289045469467295, 0.09444368976931901, -0.003999991968191381]}, {"time": 1.05, "step_sample_count": 256, "data": [0.0, 0.0, 0.7634535770259259, 1.0, 0.8251027012520882, 0.23313423348816115, 0.00015410332866268566, 0.8399393591862404, 0.7025102767345556, 0.19674425890533187, 0.01722789803993581, -0.1877857391470315, -0.15781653951486513, -0.03774266442576331, 0.09385856287434122, 0.022244326105919306, -0.003633137472158995, 0.0985608913671462, -0.004310969056365962]}, {"time": 1.1, "step_sample_count": 256, "data": [0.0, 0.0, 0.7445738161375051, 1.0, 0.8092407598575225, 0.2401593453314145, 0.00018390264007141474, 0.8251990481927706, 0.678089811299715, 0.19919961355816831, 0.01834792584797843, -0.19319387148613754, -0.15954842739230696, -0.03969480375238537, 0.09734871805674829, 0.024028178937471494, -0.004068802520780648, 0.10258869956998824, -0.0046201278989121426]}, {"time": 1.1500000000000001, "step_sample_count": 256, "data": [0.0, 0.0, 0.7255033344122997, 1.0, 0.7928533983683477, 0.24665928751693303, 0.00021754283493529583, 0.8099326680641037, 0.6533270110126301, 0.20089479265191623, 0.01943436374902403, -0.19814002976536874, -0.1606516820399517, -0.04145600440139252, 0.10072884377295217, 0.025829491394261283, -0.004536827560986474, 0.10652281096437974, -0.004925777541272527]}, {"time": 1.2000000000000002, "step_sample_count": 256, "data": [0.0, 0.0, 0.7063091496118266, 1.0, 0.7759659781885655, 0.25261928339400846, 0.00025526110812889533, 0.7941605167377846, 0.6283094080135766, 0.20183692630066966, 0.020480585056063358, -0.20261005495077836, -0.16113407015730907, -0.043000003921262776, 0.10399870474165185, 0.02764135339741923, -0.005038046813265647, 0.11035895795263219, -0.005226291475298441]}, {"time": 1.25, "step_sample_count": 256, "data": [0.0, 0.0, 0.6870564936442001, 1.0, 0.7586043210829659, 0.258025548249936, 0.00029728455308043457, 0.7779034831520756, 0.6031243098971005, 0.20203731608606817, 0.02148054620235181, -0.20659062723125862, -0.16100698778217334, -0.044301745593838655, 0.10715835812164361, 0.02945694890993305, -0.005573191813728434, 0.11409291679228284, -0.00552011930500502]}, {"time": 1.3, "step_sample_count": 256, "data": [0.0, 0.0, 0.6678084926219496, 1.0, 0.7407946555241263, 0.2628652966423627, 0.00034382793191925346, 0.7611830103410657, 0.5778583974715646, 0.2015113533106448, 0.0224288364744706, -0.21006928736627778, -0.16028538562693367, -0.04533759587100309, 0.11020811154705554, 0.03126959456837866, -0.006142883414438295, 0.11772051572431341, -0.005805797567406821]}, {"time": 1.35, "step_sample_count": 256, "data": [0.0, 0.0, 0.6486258790742644, 1.0, 0.7225635655816348, 0.2671267479968811, 0.0003950914870290737, 0.744021057709099, 0.5525973299950638, 0.20027841396245272, 0.023320719607824725, -0.21303445629810583, -0.15898767339364164, -0.04608555426835763, 0.11314847919694661, 0.03307277742128014, -0.006747624841785628, 0.12123764310373279, -0.006081959625792311]}, {"time": 1.4000000000000001, "step_sample_count": 256, "data": [0.0, 0.0, 0.6295667378320485, 1.0, 0.7039379424429083, 0.2707991307387146, 0.00045125881535309457, 0.7264400625686865, 0.527425359921961, 0.1983617311917803, 0.024152166827001224, -0.21547545299585927, -0.15713560370329946, -0.04652545433955219, 0.11598013655725142, 0.03486019155603107, -0.00738779581435841, 0.12464025545143222, -0.00634734456305377]}, {"time": 1.4500000000000002, "step_sample_count": 256, "data": [0.0, 0.0, 0.6106862866537928, 1.0, 0.6849449385987841, 0.273872685216656, 0.000512494826818593, 0.7084629010274488, 0.5024249591086942, 0.19578824622568167, 0.024919881020176254, -0.2173825105030813, -0.15475413638785485, -0.04663915441603366, 0.11870387455152356, 0.03662577340410653, -0.008063647702868677, 0.1279243853534249, -0.006600805013371322]}, {"time": 1.5, "step_sample_count": 256, "data": [0.0, 0.0, 0.5920366922162941, 1.0, 0.6656119246731216, 0.27633866566138476, 0.0005789438080143201, 0.6901128483109611, 0.4776764583320392, 0.1925884387623377, 0.025621311846485383, -0.2187467901650668, -0.15187128400015099, -0.04641071686516576, 0.12132055372645373, 0.03836373552321371, -0.008775299696927837, 0.13108614914252723, -0.00684131388146965]}, {"time": 1.55, "step_sample_count": 256, "data": [0.0, 0.0, 0.5736669216622275, 1.0, 0.6459664488246105, 0.2781893413992915, 0.0006507276116581806, 0.6714135386092998, 0.4532577018683781, 0.1887961379943671, 0.026254661686617994, -0.2195603940166851, -0.14851793949703612, -0.04582657469423027, 0.12383105917852119, 0.040068598665055126, -0.00952273592711696, 0.13412175430798648, -0.00706796990976746]}, {"time": 1.6, "step_sample_count": 256, "data": [0.0, 0.0, 0.5556226294821711, 1.0, 0.6260361986019618, 0.27941799751760543, 0.0007279439915401703, 0.652388924535901, 0.429243718770033, 0.18444831550773197, 0.0268188824584641, -0.2198163753160463, -0.14472768714360884, -0.0448756844080883, 0.12623625689942644, 0.041735221948367936, -0.010305803476198753, 0.1370275065903156, -0.007280002064889244]}, {"time": 1.6500000000000001, "step_sample_count": 256, "data": [0.0, 0.0, 0.5379460791163322, 1.0, 0.6058489650911726, 0.280018935147543, 0.0008106651014561947, 0.633063236287773, 0.40570641235515, 0.17958486139041127, 0.027313663430119702, -0.2195087472139863, -0.14053659777183738, -0.04354966411356381, 0.12853695220021386, 0.04335883096882876, -0.011124211200775566, 0.13979981673131167, -0.007476772726131526]}, {"time": 1.7000000000000002, "step_sample_count": 256, "data": [0.0, 0.0, 0.5206760982953882, 1.0, 0.5854326091566412, 0.2799874715001479, 0.0008989361752559339, 0.6134609405964373, 0.38271426930231295, 0.17424834496241817, 0.02773941027057428, -0.21863248955400674, -0.13598300960428242, -0.04184291595321245, 0.13073385084747605, 0.04493504369014586, -0.01197752927435696, 0.14243520686269345, -0.0076577796694825145]}, {"time": 1.75, "step_sample_count": 256, "data": [0.0, 0.0, 0.5038480668035852, 1.0, 0.5648150295466484, 0.2793199397551742, 0.0009927744034557635, 0.593606699558905, 0.3603320896107784, 0.16848376160581227, 0.02809721568271759, -0.2171835538019551, -0.13110729592320286, -0.039752732044390185, 0.13282752351004903, 0.046459893974093995, -0.012865189354970002, 0.14493031653063518, -0.007822656851603318]}, {"time": 1.8, "step_sample_count": 256, "data": [0.0, 0.0, 0.487493935043598, 1.0, 0.5440241326089891, 0.2780136888676178, 0.001092168020059309, 0.5735253294377525, 0.3386207385532202, 0.16233826723008277, 0.028388822062685396, -0.21515886610938564, -0.12595162092680476, -0.037279383195757576, 0.1348183740715725, 0.047929852621393786, -0.013786485275150669, 0.14728190836735125, -0.00797117400870935]}, {"time": 1.85, "step_sample_count": 256, "data": [0.0, 0.0, 0.47164227151359533, 1.0, 0.5230878033443808, 0.2760670833201502, 0.0011970756111773578, 0.5532417595188539, 0.31763692161103757, 0.15586090195477512, 0.028616576722887456, -0.21255632851916784, -0.12055968516781049, -0.03442618977191333, 0.13670661231378572, 0.0493418458099295, -0.014740574149541795, 0.14948687343454561, -0.00810323509550885]}, {"time": 1.9000000000000001, "step_sample_count": 256, "data": [0.0, 0.0, 0.4563183370738976, 1.0, 0.5020338775138992, 0.27347950281354055, 0.0013074256549139025, 0.5327809911145124, 0.2974329832435746, 0.1491023046275405, 0.028783380302243224, -0.2093748183264855, -0.11497646201481333, -0.031199574177118803, 0.1384922314179936, 0.05069327083193632, -0.015726477795396977, 0.15154223627655272, -0.008218875599133727]}, {"time": 1.9500000000000002, "step_sample_count": 256, "data": [0.0, 0.0, 0.44154418368447623, 1.0, 0.4808901145122048, 0.27025134185203126, 0.001423116299719144, 0.5121680567987256, 0.2780567302030312, 0.14211441982223488, 0.028892629065272575, -0.20561418561290687, -0.10924792661421537, -0.02760909453048715, 0.14017499066855557, 0.05198200904721922, -0.016743084364034787, 0.15344515973311892, -0.008318258772360596]}, {"time": 2.0, "step_sample_count": 256, "data": [0.0, 0.0, 0.427338775135477, 1.0, 0.4596841707205952, 0.26638400914727905, 0.001544015386089679, 0.49142797995999027, 0.2595512799671867, 0.13495019897848787, 0.02894815186086024, -0.2012752489756475, -0.10342077885995749, -0.023667459207008145, 0.14175440367323006, 0.05320643598521898, -0.017789150086612124, 0.15519294957265567, -0.008401670839210455]}, {"time": 2.0500000000000003, "step_sample_count": 256, "data": [0.0, 0.0, 0.41371812717072187, 1.0, 0.4384435730627002, 0.2618799267337086, 0.0016699607141295232, 0.47058573475554033, 0.241954934723171, 0.1276632973517108, 0.028954142571018193, -0.196359789478531, -0.09754216189996195, -0.019390522020867246, 0.14322973234164613, 0.0543654285446585, -0.01886330104535853, 0.15678305901618472, -0.008469515234284427]}, {"time": 2.1, "step_sample_count": 256, "data": [0.0, 0.0, 0.4006954643179098, 1.0, 0.41719569250060634, 0.25674252866050207, 0.0018007605571115045, 0.4496662065490691, 0.22530108119813175, 0.12030776844115877, 0.028915088929171044, -0.1908705428553817, -0.0916593777223846, -0.014797257929245574, 0.14459998678591485, 0.055458369255525074, -0.019964034891476922, 0.1582130932297782, -0.008522305944777469]}, {"time": 2.15, "step_sample_count": 256, "data": [0.0, 0.0, 0.38828139068790557, 1.0, 0.39596771722997026, 0.2509762591017388, 0.0019361944187953452, 0.4286941529119913, 0.209618116497453, 0.1129377575539244, 0.028835698625910667, -0.184811190000769, -0.08581960137168083, -0.009909719235725417, 0.14586393122744926, 0.05648514758420515, -0.02108972244299912, 0.15948081386895493, -0.008560660031055392]}, {"time": 2.2, "step_sample_count": 256, "data": [0.0, 0.0, 0.3764840719873579, 1.0, 0.3747866253585394, 0.2445865697067346, 0.002076014029937371, 0.4076941652659967, 0.19492939997875672, 0.10560719614498373, 0.028720823647394974, -0.17818634578697767, -0.0800695953443178, -0.004752972372225219, 0.14702009591232895, 0.05744615827858461, -0.02223860910975677, 0.1605841437618974, -0.008585289407849351]}, {"time": 2.25, "step_sample_count": 256, "data": [0.0, 0.0, 0.3653094260021859, 1.0, 0.3536791568830163, 0.23757991599802547, 0.002219944577122029, 0.3866906312421447, 0.1812532310608317, 0.09836949854825577, 0.028575383807428006, -0.1710015462499704, -0.0744554257070657, 0.000644984563281124, 0.14806679495510822, 0.058342296765807565, -0.023408816107965923, 0.1615211718195055, -0.008596991973531818]}, {"time": 2.3000000000000003, "step_sample_count": 256, "data": [0.0, 0.0, 0.354761318851978, 1.0, 0.332671784813452, 0.2299637526148532, 0.002367686154823926, 0.3657076978290382, 0.16860285274134199, 0.0912772626814633, 0.028404290438550892, -0.1632632341907819, -0.06902218146734, 0.006253323239422826, 0.1490021499487939, 0.05917495163105582, -0.02459834144339999, 0.1622901582589921, -0.008596642179487534]}, {"time": 2.35, "step_sample_count": 256, "data": [0.0, 0.0, 0.3448417643847903, 1.0, 0.311790685331714, 0.22174652719581442, 0.002518915429451231, 0.344769235379683, 0.15698648047605357, 0.08438197626899355, 0.028212371200318782, -0.15497874324229494, -0.06381369870542959, 0.01203850512602414, 0.14982411909783633, 0.059945994221150795, -0.02580506065935969, 0.1628895402239811, -0.008585181135275394]}, {"time": 2.4000000000000004, "step_sample_count": 256, "data": [0.0, 0.0, 0.33555112417570515, 1.0, 0.2910617069101255, 0.21293767269549008, 0.002673287502058412, 0.3238988025435026, 0.1464073559557334, 0.07773373008239148, 0.028004296944384173, -0.14615628045468107, -0.05887229095279266, 0.01796441966976299, 0.1505305315524218, 0.060657765431857594, -0.027026727363305445, 0.16331793787782567, -0.008563606348023549]}, {"time": 2.45, "step_sample_count": 256, "data": [0.0, 0.0, 0.32688830570826755, 1.0, 0.2705103383572914, 0.20354759793650004, 0.0028304379544261417, 0.3031196121866712, 0.13686382520506524, 0.07138093964811666, 0.027784511546391034, -0.13680490745589027, -0.05423848726929279, 0.02399254005994661, 0.15111912654708942, 0.06131305975251257, -0.028260973563662563, 0.16357416103823447, -0.008532961196314054]}, {"time": 2.5, "step_sample_count": 256, "data": [0.0, 0.0, 0.3188509564529552, 1.0, 0.2501616757995785, 0.19358767621033376, 0.0029899850613463734, 0.2824544983604509, 0.1283494403211388, 0.06537007681718315, 0.027557165574378317, -0.12693452024649676, -0.04995077943544295, 0.03008209594585317, 0.15158759687570483, 0.0619151066558641, -0.02950530986558848, 0.1636572164103355, -0.008494324239605026]}, {"time": 2.5500000000000003, "step_sample_count": 256, "data": [0.0, 0.0, 0.3114356517085133, 1.0, 0.23004038864775053, 0.18307023175727097, 0.0031515321501736798, 0.2619258843735735, 0.12085308406739904, 0.059745412531758205, 0.027326054612874868, -0.11655582769087047, -0.04604537963370555, 0.036190262382081374, 0.15193363616901331, 0.06246754943483261, -0.03075712559100308, 0.1635663154621876, -0.008448798464078516]}, {"time": 2.6, "step_sample_count": 256, "data": [0.0, 0.0, 0.3046380742377536, 1.0, 0.2101706846381445, 0.17200852397744554, 0.0033146700870627746, 0.24155575202092056, 0.11435911644257432, 0.05454877206011337, 0.02709456300181466, -0.1056803287691075, -0.042555989945854626, 0.04227236419601561, 0.15215498938124655, 0.06297442160116211, -0.032013688903568135, 0.16330088297166162, -0.008397500564587115]}, {"time": 2.6500000000000004, "step_sample_count": 256, "data": [0.0, 0.0, 0.2984531839067467, 1.0, 0.19057627407559188, 0.16041672925110376, 0.0034789798677964494, 0.22136561201686344, 0.10884754225303916, 0.04981930390388871, 0.026865613680484984, -0.09432028865634241, -0.039513584941491174, 0.04828209489196054, 0.15224950583937827, 0.06344012097363513, -0.03327214703318064, 0.16286056625681464, -0.008341550360191253]}, {"time": 2.7, "step_sample_count": 256, "data": [0.0, 0.0, 0.2928753757228122, 1.0, 0.17128033344036944, 0.14830992027592513, 0.0036440352897457616, 0.20137647567758743, 0.10429419863139994, 0.04559326351077892, 0.026641624749770318, -0.08248871369803676, -0.036946208576235075, 0.05417174912977568, 0.15221519416332718, 0.0638693815956033, -0.03452952670663331, 0.16224524508361657, -0.00828206043759811]}, {"time": 2.75, "step_sample_count": 256, "data": [0.0, 0.0, 0.28789862486003737, 1.0, 0.1523054685530372, 0.13570404286223942, 0.0038094056802890465, 0.18160882789263708, 0.1006709613637833, 0.04190381285179563, 0.02642447328190689, -0.07019932535153132, -0.03487878655695489, 0.05989246774203567, 0.15205027832840168, 0.06426724363300472, -0.03578273490105556, 0.16145504222551524, -0.008220126112676831]}, {"time": 2.8000000000000003, "step_sample_count": 256, "data": [0.0, 0.0, 0.2835166174590661, 1.0, 0.13367367751853648, 0.12261589016245836, 0.003974658656008682, 0.1620826014217108, 0.09794596881340302, 0.038780836845440536, 0.026215466816743825, -0.057466533165603906, -0.03333295526580582, 0.0653944941829456, 0.15175325411305682, 0.06463902141477668, -0.037028560044350026, 0.16049033462918372, -0.008156815795194776]}, {"time": 2.85, "step_sample_count": 256, "data": [0.0, 0.0, 0.2797228661885855, 1.0, 0.11540631369378139, 0.10906307434829056, 0.004139362886159755, 0.14281715254851862, 0.09608386215842266, 0.036250777531680135, 0.026015322888227718, -0.04430540687095231, -0.032326908264882534, 0.07062744123453445, 0.15132294515614733, 0.06499026978756256, -0.03826367379186211, 0.15935176512020702, -0.00809316183603597]}, {"time": 2.9000000000000004, "step_sample_count": 256, "data": [0.0, 0.0, 0.2765108097574369, 1.0, 0.09752404894079365, 0.09506399578755118, 0.004303090833333369, 0.12383123811920048, 0.09504604059790858, 0.034336486816717755, 0.025824156825549047, -0.03073164765544574, -0.03187526132901421, 0.07554056673116555, 0.1507585578385964, 0.06532674896586092, -0.039484633510803516, 0.15804025456191362, -0.008030151929511621]}, {"time": 2.95, "step_sample_count": 256, "data": [0.0, 0.0, 0.2738738957669204, 1.0, 0.08004683743985229, 0.0806378098108288, 0.0044654214439046784, 0.10514299398854642, 0.09479093012079687, 0.0330570985253622, 0.02564147797130233, -0.01676155869865161, -0.03198893687571531, 0.08008305700226916, 0.15005973420507138, 0.06565438806718288, -0.04068788560335578, 0.15655701436034886, -0.00796872113604989]}, {"time": 3.0, "step_sample_count": 256, "data": [0.0, 0.0, 0.2718056464911131, 1.0, 0.06299388034392661, 0.06580439119610985, 0.004625942760839346, 0.0867699148929083, 0.09527426437921613, 0.03242792041140444, 0.025466194355278027, -0.0024120150405300645, -0.03267506857855397, 0.08420431667559736, 0.1492266021519696, 0.06597924752941903, -0.04186976979589195, 0.15490355918896936, -0.007909744582635424]}, {"time": 3.0500000000000003, "step_sample_count": 256, "data": [0.0, 0.0, 0.2702997073675403, 1.0, 0.04638359155674268, 0.05058429653586054, 0.004784254431706119, 0.06872883576443872, 0.09644937615928065, 0.032460346687942475, 0.025296625758366578, 0.01229956714066841, -0.03393692686326328, 0.08785426342943016, 0.1482598221288002, 0.0663074806143393, -0.04302652451531969, 0.15308171978842683, -0.007854030889999555]}, {"time": 3.1, "step_sample_count": 256, "data": [0.0, 0.0, 0.26934987817013856, 1.0, 0.03023356491219957, 0.034998724685275075, 0.00493997008538787, 0.05103591449702426, 0.09826749789959374, 0.03316179154907555, 0.025130524997696062, 0.02735526176638706, -0.03577386589482632, 0.09098362623225364, 0.14716062963079612, 0.06664529420701948, -0.044154293464243155, 0.1510936556801413, -0.007802316366837137]}, {"time": 3.1500000000000004, "step_sample_count": 256, "data": [0.0, 0.0, 0.2689501270200923, 1.0, 0.014560543022600136, 0.01906947552162464, 0.005092719551977191, 0.033706616170072735, 0.1006780696702484, 0.03453564406191603, 0.024965107162806654, 0.042736664537097506, -0.038181292568536765, 0.09354424556278407, 0.14593087280107692, 0.06699890912592021, -0.04524913349457661, 0.148941867617646, -0.00775526000238656]}, {"time": 3.2, "step_sample_count": 256, "data": [0.0, 0.0, 0.2690945875669295, 1.0, -0.0006196119524238536, 0.00281890727219941, 0.005242150901753816, 0.016755698732190388, 0.10362905299316219, 0.036581244713450936, 0.02479708643454918, 0.05842492497905674, -0.04115065791872577, 0.09548937406212557, 0.14457304451053543, 0.06737452016230805, -0.046307023864546173, 0.1466292095872476, -0.007713439279669802]}, {"time": 3.25, "step_sample_count": 256, "data": [0.0, 0.0, 0.26977753984148156, 1.0, -0.015291945385050139, -0.013730107308406563, 0.005387932280933007, 0.0001972001427254446, 0.10706724885826968, 0.0392938838004899, 0.02462272002468309, 0.07440077878543085, -0.04466947125553221, 0.0967739760336998, 0.143090308342404, 0.06777825607071698, -0.047323876946945675, 0.14415890015968894, -0.007677346822706852]}, {"time": 3.3000000000000003, "step_sample_count": 256, "data": [0.0, 0.0, 0.2709933754433052, 1.0, -0.029442434900430678, -0.030554225612549307, 0.005529753524101906, -0.015955573034790144, 0.11093861826952868, 0.04266482175281638, 0.024437858685944426, 0.09064458037981171, -0.04872133723283756, 0.09735502417576755, 0.14148651797550169, 0.06821613973412918, -0.04829555043727832, 0.14153453298749932, -0.0076473878821831185]}, {"time": 3.35, "step_sample_count": 256, "data": [0.0, 0.0, 0.2727365478774241, 1.0, -0.04305801256310735, -0.047629680393172016, 0.00566732752589572, -0.03169005559709762, 0.11518860364011045, 0.046681331379768654, 0.02423800316074048, 0.1071363356314573, -0.05328601593947237, 0.09719179190630246, 0.13976622953484144, 0.06869404872848735, -0.04921786108936373, 0.13876008623879105, -0.007623878655520505]}, {"time": 3.4000000000000004, "step_sample_count": 256, "data": [0.0, 0.0, 0.27500150899832193, 1.0, -0.056126584384600865, -0.06493232519735337, 0.005800391357494382, -0.046994432237071636, 0.11976244934769852, 0.05132676192892468, 0.02401836586262012, 0.1238557346531166, -0.0583395059911431, 0.09624613962116199, 0.13793470655967421, 0.06921767651102571, -0.050086599983432706, 0.13583993075758902, -0.007607045429172675]}, {"time": 3.45, "step_sample_count": 256, "data": [0.0, 0.0, 0.27778263265265996, 1.0, -0.06863704704353853, -0.0824376796989474, 0.005928707116958239, -0.06185764466803351, 0.12460551975878416, 0.056580624742453574, 0.023773937019131476, 0.14078218461400407, -0.06385415048250001, 0.0944827932144062, 0.13599791732629926, 0.06979249445569921, -0.05089754930805415, 0.13277883674345603, -0.0075970245233431405]}, {"time": 3.5, "step_sample_count": 256, "data": [0.0, 0.0, 0.2810741267358823, 1.0, -0.08057930174715043, -0.10012097461428289, 0.006052062506170383, -0.07626939735697331, 0.12966361303547846, 0.062418700192218755, 0.023499554448518558, 0.1578948425024079, -0.06979876553761172, 0.09186961318477821, 0.13396252435502004, 0.07042371495663027, -0.05164650061285154, 0.12958197874929556, -0.007593863012296755]}, {"time": 3.5500000000000003, "step_sample_count": 256, "data": [0.0, 0.0, 0.2848699349914445, 1.0, -0.09194426520164087, -0.11795719589580368, 0.006170271131246034, -0.09022016189036097, 0.1348832690499289, 0.06881316546902759, 0.023189976096566974, 0.17517264777447888, -0.07613879107320763, 0.08837785265530917, 0.13183586602637998, 0.07111625581704625, -0.052329274464261444, 0.12625493880574803, -0.007597520187095988]}, {"time": 3.6, "step_sample_count": 256, "data": [0.0, 0.0, 0.28916362998459266, 1.0, -0.10272387769804511, -0.13592112791549912, 0.006283172527576394, -0.1037011799992734, 0.14021206975024172, 0.07573274269483618, 0.02283995442443457, 0.19259435482799372, -0.08283646326277001, 0.08398240264426558, 0.12962593033007377, 0.0718747061365114, -0.05294174141202485, 0.12280370749347844, -0.007607869721963447]}, {"time": 3.6500000000000004, "step_sample_count": 256, "data": [0.0, 0.0, 0.29394829877518736, 1.0, -0.11291110835887802, -0.15398739537276865, 0.006390631915187482, -0.11670446527342855, 0.14559893034816382, 0.08314286671950556, 0.022444311713973892, 0.21013856524227317, -0.08985100806142844, 0.07866202294579047, 0.12734132086949876, 0.07270329390349146, -0.05347984415009769, 0.11923468280080528, -0.007624702500621493]}, {"time": 3.7, "step_sample_count": 256, "data": [0.0, 0.0, 0.29921642289571804, 1.0, -0.12249995762834716, -0.17213050368960348, 0.006492539694687104, -0.1292228035963707, 0.15099437973296417, 0.09100587185624849, 0.021998015344189003, 0.2277837597279277, -0.09713885502215668, 0.07239955700808538, 0.12499121534447462, 0.0736058554932853, -0.05393962073265252, 0.11555466662328404, -0.007647730054917701]}, {"time": 3.75, "step_sample_count": 256, "data": [0.0, 0.0, 0.3049597543111077, 1.0, -0.13148545712437712, -0.19032487768925851, 0.006588810698705086, -0.14124975233652654, 0.15635082855826823, 0.09928119670266565, 0.021496252091322735, 0.24550832973276382, -0.10465387050366019, 0.06518212923635182, 0.12258531683292652, 0.07458580726317969, -0.05431722868423448, 0.11177085878387835, -0.007676588564753025]}, {"time": 3.8000000000000003, "step_sample_count": 256, "data": [0.0, 0.0, 0.3111691890957915, 1.0, -0.13986366700336852, -0.20854489839226437, 0.00667938321825376, -0.15277963833107397, 0.16162282349930035, 0.10792560608770865, 0.02093450051566177, 0.2632906086528839, -0.11234760924027797, 0.05700132319741951, 0.1201337982879981, 0.07564611942735383, -0.05460896982333318, 0.10789084847685064, -0.007710843365881931]}, {"time": 3.85, "step_sample_count": 256, "data": [0.0, 0.0, 0.317834640610477, 1.0, -0.14763167101785174, -0.2267649378051029, 0.006764217827817724, -0.16380755470162164, 0.16676728623731454, 0.11689342907963492, 0.02030860052044679, 0.2811089026008417, -0.12016958311499117, 0.04785333926342209, 0.11764724075881293, 0.07678929238349985, -0.05481131560099017, 0.10392260306520919, -0.00774999391038628]}, {"time": 3.9000000000000004, "step_sample_count": 256, "data": [0.0, 0.0, 0.3249449139954814, 1.0, -0.15478756947231173, -0.24495939162131375, 0.0068432960370413765, -0.17432935654251, 0.17174373579613675, 0.12613681188663423, 0.019614819202007083, 0.29894152068559754, -0.12806754584913757, 0.03773913030340639, 0.11513656592965457, 0.07801733565144171, -0.05492093274091694, 0.09987445419001147, -0.007793479123623834]}, {"time": 3.95, "step_sample_count": 256, "data": [0.0, 0.0, 0.3324875838190554, 1.0, -0.16133047030293238, -0.2631027098013909, 0.006916618800603929, -0.18434165552412823, 0.17651449293285768, 0.13560598438102492, 0.01884991215508071, 0.3167668047619416, -0.1359877921975687, 0.02666451411463702, 0.11261296365250167, 0.07933174957119275, -0.05493470895525184, 0.09575508117965788, -0.007840683101054166]}, {"time": 4.0, "step_sample_count": 256, "data": [0.0, 0.0, 0.3404488767270469, 1.0, -0.16726047852236844, -0.2811694250456849, 0.0069842049210710995, -0.19384181345504203, 0.18104486537085027, 0.14524953888049527, 0.018011179452682023, 0.33456315861005226, -0.14387547011681148, 0.014640261379758504, 0.11008781522037482, 0.08073350989393911, -0.054849778500745766, 0.09157349177804416, -0.007890941088550204]}, {"time": 4.05, "step_sample_count": 256, "data": [0.0, 0.0, 0.3488135609339493, 1.0, -0.17257868428057319, -0.29913417922263863, 0.007046089382175026, -0.20282793484787065, 0.18530331275849468, 0.15501471972658287, 0.0170965155851914, 0.35230907650881926, -0.15167490425732819, 0.0016821580420051298, 0.10757261319284873, 0.08222305538440315, -0.054663547334058295, 0.08733900024158599, -0.00794354569050678]}, {"time": 4.1000000000000005, "step_sample_count": 256, "data": [0.0, 0.0, 0.35756484437412533, 1.0, -0.1772871497969029, -0.31697174786216215, 0.007102321651952816, -0.2112988585348018, 0.18926159034117815, 0.16484772211233498, 0.016104452717803378, 0.36998317116960444, -0.1593299290203655, -0.01218895889174895, 0.10507887863927351, 0.08380027853702487, -0.05437371762207744, 0.08306120288620744, -0.007997753251179015]}, {"time": 4.15, "step_sample_count": 256, "data": [0.0, 0.0, 0.3666842832950139, 1.0, -0.18138889541712613, -0.33465706286972463, 0.00715296399642899, -0.219254148379355, 0.1928948704471237, 0.17469399852872072, 0.01503419670813875, 0.38756420100007677, -0.16678422931625222, -0.026947192981252737, 0.102618076708915, 0.08546451949135099, -0.053978311363828774, 0.07874995119589993, -0.008052790356177213]}, {"time": 4.2, "step_sample_count": 256, "data": [0.0, 0.0, 0.3761517030206803, 1.0, -0.18488788504155276, -0.3521652336599097, 0.007198089845000953, -0.2266940831315489, 0.1961818410091854, 0.18449857112383733, 0.013885655415690578, 0.40503109667078685, -0.1739816870655694, -0.042561608137408766, 0.10020153146960019, 0.087214563214145, -0.05347569288461753, 0.07441532263389565, -0.008107860402772676]}, {"time": 4.25, "step_sample_count": 256, "data": [0.0, 0.0, 0.3859451325433424, 1.0, -0.18778901115738725, -0.3694715669477226, 0.007237782248315271, -0.23361964547389275, 0.19910478047447264, 0.19420634820112942, 0.012659458930726938, 0.4223629869600312, -0.18086673139850376, -0.05899627713107601, 0.09784034097693624, 0.08904863999702274, -0.05286458997051571, 0.07006758932539775, -0.008162150189618788]}, {"time": 4.3, "step_sample_count": 256, "data": [0.0, 0.0, 0.39604075451186904, 1.0, -0.1900980796898918, -0.38655158547107416, 0.007272132468179437, -0.24003251030580225, 0.20164960859118242, 0.20376244302375005, 0.011356971451068844, 0.43953922385552796, -0.18738469043217187, -0.07621035923502202, 0.09554529354432771, 0.09096442929894781, -0.05214411342203406, 0.06571718480671265, -0.00821483647857597]}, {"time": 4.3500000000000005, "step_sample_count": 256, "data": [0.0, 0.0, 0.4064128720789597, 1.0, -0.1918217948633435, -0.40338104594764457, 0.0073012387369857795, -0.24593503231390537, 0.20380591270660806, 0.2131124930426702, 0.009980294639556816, 0.4565394068942144, -0.1934821424418485, -0.0941582072372977, 0.09332678617954682, 0.09295906694290132, -0.05131377481965119, 0.06137466905909908, -0.008265092483452322]}, {"time": 4.4, "step_sample_count": 256, "data": [0.0, 0.0, 0.4170338939423659, 1.0, -0.1929677442345906, -0.41993595659312555, 0.0073252052211459605, -0.25133023287549144, 0.20556694936137718, 0.22220297762714403, 0.008532262401628268, 0.47334340672430486, -0.19910726419104147, -0.11278950388509235, 0.09119474613643659, 0.0950291556554443, -0.050373502310581963, 0.05705069206630689, -0.008312094242677228]}, {"time": 4.45, "step_sample_count": 256, "data": [0.0, 0.0, 0.4278743387696812, 1.0, -0.19354438402986598, -0.4361925945449695, 0.007344141219283249, -0.25622178634189346, 0.20692962112163596, 0.2309815323485198, 0.007016427129915515, 0.48993138787641033, -0.20421017414828682, -0.13204942763129904, 0.08915855650045594, 0.09717077891695641, -0.04932365424547457, 0.0527559561522823, -0.008355026835071019]}, {"time": 4.5, "step_sample_count": 256, "data": [0.0, 0.0, 0.4389028600308208, 1.0, -0.19356102488000185, -0.45212752354570873, 0.0073581606213884935, -0.26061400574800886, 0.20789442875228858, 0.2393972578529184, 0.005437037569729537, 0.5062838307331703, -0.20874326829635909, -0.15187884736272808, 0.08722698668454835, 0.09937951806910629, -0.04816503051531358, 0.04850117736960076, -0.008393090400047815]}, {"time": 4.55, "step_sample_count": 256, "data": [0.0, 0.0, 0.4500862920774436, 1.0, -0.1930278180111753, -0.4677176122423294, 0.007367381649918456, -0.26451182799339373, 0.20846539899941222, 0.24740102135576178, 0.003799008564294608, 0.5223815526893306, -0.21266154623329644, -0.17221454559046584, 0.08540812865754045, 0.10165047260479021, -0.04689888146229684, 0.04429704621957944, -0.008425505925673036]}, {"time": 4.6000000000000005, "step_sample_count": 256, "data": [0.0, 0.0, 0.46138971810472645, 1.0, -0.1919557419085361, -0.4829400534527982, 0.0073719268979798944, -0.26792079853948636, 0.2086499884175346, 0.2549457488021922, 0.0021078830403112557, 0.5382057284966696, -0.21592292527495602, -0.1929894693807081, 0.08370933966167435, 0.10397828354448169, -0.045526914263492826, 0.04015418799163265, -0.008451520770124796]}, {"time": 4.65, "step_sample_count": 256, "data": [0.0, 0.0, 0.4727765604088009, 1.0, -0.1903565894294429, -0.497772384737566, 0.007371923673422601, -0.2708470556664473, 0.2084589638462553, 0.2619867057625239, 0.00036978669147225764, 0.5537379097904347, -0.21848854029647524, -0.21413300810001404, 0.08213719209961762, 0.10635715978181239, -0.044051296712197846, 0.036083123012096555, -0.008470413884138165]}, {"time": 4.7, "step_sample_count": 256, "data": [0.0, 0.0, 0.4842086931141037, 1.0, -0.188242955302438, -0.5121925105927886, 0.007367504650961356, -0.2732973143319635, 0.20790626030945555, 0.26848176517162364, -0.0014086240913323313, 0.568960043796177, -0.22032302709554938, -0.23557129684410583, 0.08069743118537874, 0.10878090726043606, -0.042474658348704016, 0.032094227091502225, -0.008481500704142655]}, {"time": 4.75, "step_sample_count": 256, "data": [0.0, 0.0, 0.495646577290443, 1.0, -0.1856282239084707, -0.5261787265533254, 0.007358808827490024, -0.2752788496730744, 0.20700881727765402, 0.27439166007567045, -0.003220220410418388, 0.58385449121793, -0.22139478712422878, -0.2572275442156904, 0.07939494085902772, 0.11124296082398727, -0.04080008891921451, 0.02819769245412506, -0.008484137687902718]}, {"time": 4.800000000000001, "step_sample_count": 256, "data": [0.0, 0.0, 0.5070494181118597, 1.0, -0.18252655720311273, -0.5397097454576831, 0.0073459827687118034, -0.2767994801907028, 0.2057863943984386, 0.27968021961939366, -0.005057464463915715, 0.5984040433106591, -0.2216762315182151, -0.27902238291631126, 0.07823371836321064, 0.11373641856133321, -0.03903113416841894, 0.02440348942473477, -0.008477726466720473]}, {"time": 4.8500000000000005, "step_sample_count": 256, "data": [0.0, 0.0, 0.5183753434309065, 1.0, -0.17895288260347797, -0.5527647260844318, 0.007329182128188125, -0.27786755065510016, 0.2042613679598586, 0.2843145865915851, -0.006912477785743817, 0.6125919381416993, -0.22114400245341384, -0.3008742414217183, 0.07721685777149814, 0.1162540784506064, -0.03717178899740665, 0.020721329134969258, -0.00846171759057684]}, {"time": 4.9, "step_sample_count": 256, "data": [0.0, 0.0, 0.5295816028558471, 1.0, -0.17492288063210917, -0.5653233043209952, 0.007308573413064757, -0.27849191476885543, 0.20245850950566352, 0.2882654149463312, -0.008777113291861087, 0.6264018760476182, -0.21977916997864694, -0.32269973482173553, 0.0763465426460278, 0.11878847708775468, -0.03522648804364662, 0.01716062749592744, -0.008435613845114067]}, {"time": 4.95, "step_sample_count": 256, "data": [0.0, 0.0, 0.5406247861279705, 1.0, -0.17045297208299662, -0.5773656269718295, 0.007284335964232437, -0.27868191762251027, 0.20040474816772036, 0.2915070458317077, -0.010643030256310054, 0.639818034294519, -0.21756740261055246, -0.34441407272599067, 0.07562404788627564, 0.12133193026880726, -0.033200093763399295, 0.013730470664749571, -0.008398973122071099]}, {"time": 5.0, "step_sample_count": 256, "data": [0.0, 0.0, 0.5514610593056548, 1.0, -0.16556030445281644, -0.5888723882547836, 0.007256664112617606, -0.2784473779761277, 0.1981289184183657, 0.29401766078614605, -0.012501771306752105, 0.6528250809512184, -0.21449911013129153, -0.3659314819681784, 0.0750497507136045, 0.12387657517982664, -0.03109788211873112, 0.010439582211417255, -0.008351410827725225]}, {"time": 5.050000000000001, "step_sample_count": 256, "data": [0.0, 0.0, 0.5620464169753272, 1.0, -0.16026273736402188, -0.599824868972899, 0.0072257694678238525, -0.2777985703984346, 0.19566149507227193, 0.29577941090470133, -0.014344840507269476, 0.6654081879860565, -0.21056955720086667, -0.3871656416856626, 0.07462315061920097, 0.12641441393480346, -0.028925525990984764, 0.007296292168283187, -0.008292601817104141]}, {"time": 5.1000000000000005, "step_sample_count": 256, "data": [0.0, 0.0, 0.5723369484317182, 1.0, -0.15457882669608333, -0.6102049782852176, 0.007191883290568572, -0.27674620729339544, 0.19303431748217273, 0.2967785209321869, -0.01616378158655767, 0.6775530435992683, -0.20577894658279833, -0.408030128210056, 0.0743428979876942, 0.12893735818965457, -0.02668907645986786, 0.0043085081192785375, -0.00822228184522144]}, {"time": 5.15, "step_sample_count": 256, "data": [0.0, 0.0, 0.5822891155056829, 1.0, -0.14852780713728644, -0.6199952979353432, 0.007155258896387906, -0.2753014208422767, 0.19028030497415033, 0.2970053674066569, -0.017950255372328878, 0.6892458638039136, -0.2001324709832678, -0.42843886707978457, 0.07420683099679387, 0.13143727455017182, -0.024394942102012714, 0.001483688458879369, -0.008140248530329297]}, {"time": 5.2, "step_sample_count": 256, "data": [0.0, 0.0, 0.5918600394724354, 1.0, -0.14212957287230127, -0.6291791287319278, 0.007116174034974435, -0.27347574488743853, 0.187433165654731, 0.29645453015380496, -0.01969611550771385, 0.7004734032692796, -0.19364033271833309, -0.4483065893792254, 0.0742120202862618, 0.1339060304833777, -0.02204986647481257, -0.001171182076785498, -0.008046361828208273]}, {"time": 5.25, "step_sample_count": 256, "data": [0.0, 0.0, 0.6010077942514263, 1.0, -0.1354046561303233, -0.6377405390120122, 0.00707493318736134, -0.27128109678228707, 0.1845271007926679, 0.295124816619283, -0.02139348155252149, 0.7112229654414625, -0.18631773064983412, -0.46754928952231706, 0.0743548207889957, 0.13633554043529938, -0.01966090396040508, -0.0036496145322853332, -0.007940544020793597]}, {"time": 5.300000000000001, "step_sample_count": 256, "data": [0.0, 0.0, 0.609691702916346, 1.0, -0.12837420333488966, -0.6456644147575435, 0.007031869722002333, -0.26872975922996667, 0.18159650703183508, 0.2930192587202044, -0.02303480861092581, 0.7214824119565333, -0.17818481406636205, -0.48608468153311524, 0.07463093002434372, 0.13871781185393076, -0.01723539415088012, -0.005945635462139427, -0.007822779226859552]}, {"time": 5.3500000000000005, "step_sample_count": 256, "data": [0.0, 0.0, 0.6178726343747301, 1.0, -0.12105994861934094, -0.6529365109785619, 0.0069873478506399175, -0.26583436213158207, 0.178675678727288, 0.29014508209766043, -0.02461295267700693, 0.7312401713622652, -0.16926660342929858, -0.5038326508326697, 0.07503545207039043, 0.14104499081400643, -0.01478093495908673, -0.00805380424749887, -0.007693112447133048]}, {"time": 5.4, "step_sample_count": 256, "data": [0.0, 0.0, 0.6255132969558757, 1.0, -0.11348418450091947, -0.6595435039246872, 0.006941764325716156, -0.2626078644629265, 0.17579851271337948, 0.28651364785722255, -0.0261212309498267, 0.7404852471648276, -0.15959287815328452, -0.5207156985220094, 0.07556296635900868, 0.14330940694037414, -0.01230535463994214, -0.009969228006766397, -0.0075516481608723564]}, {"time": 5.45, "step_sample_count": 256, "data": [0.0, 0.0, 0.6325785255673393, 1.0, -0.10566972954130506, -0.6654730436405921, 0.006895549822962291, -0.25906353619690187, 0.1729982178103941, 0.2821403670922696, -0.02755347643954365, 0.7492072252171734, -0.14919803184344924, -0.5366593751556112, 0.07620760037608573, 0.14550361732917264, -0.009816682905000285, -0.011687574130971929, -0.007398548495653337]}, {"time": 5.5, "step_sample_count": 256, "data": [0.0, 0.0, 0.639035559047806, 1.0, -0.09763989286130854, -0.6707138063423239, 0.006849169955620941, -0.2552149402871023, 0.17030703135398015, 0.277044588693841, -0.02890408626445775, 0.7573962804661715, -0.13812089566596328, -0.5515927010292835, 0.07696310530035376, 0.14762044917077724, -0.007323121308439155, -0.013205080497055374, -0.0072340309967359]}, {"time": 5.550000000000001, "step_sample_count": 256, "data": [0.0, 0.0, 0.6448543043600239, 1.0, -0.08941843542181073, -0.6752555460600741, 0.006803125870527634, -0.25107591472626734, 0.16775594498956636, 0.27124946115835397, -0.03016806312475584, 0.7650431830755212, -0.12640453078159009, -0.5654485700608823, 0.0778229335784837, 0.14965304078551853, -0.004833013075782217, -0.014518563432123516, -0.007058366026807196]}, {"time": 5.6000000000000005, "step_sample_count": 256, "data": [0.0, 0.0, 0.6500075843342744, 1.0, -0.08102952803106205, -0.6790891449705441, 0.006757954380874554, -0.24666055469170245, 0.16537444191198453, 0.2647817693093032, -0.031341049530855064, 0.7721393039416657, -0.1140959910215383, -0.5781641344222302, 0.07878031741203664, 0.15159488079252992, -0.0023548125378936705, -0.015625423518979102, -0.00687187383111636]}, {"time": 5.65, "step_sample_count": 256, "data": [0.0, 0.0, 0.6544713657909513, 1.0, -0.07249770608917819, -0.6822066618284042, 0.0067142275958753765, -0.24198319478807945, 0.16319024764884174, 0.25767174704857093, -0.03241935446137336, 0.7786766196197258, -0.10124605722851786, -0.5896811671853388, 0.07982834712387286, 0.15343984514367817, 0.00010294567764150682, -0.01652364934755289, -0.006674921306810976]}, {"time": 5.7, "step_sample_count": 256, "data": [0.0, 0.0, 0.6582249650408334, 1.0, -0.06384782113323724, -0.684601377902402, 0.006672552013596416, -0.2370583913965019, 0.16122909638535826, 0.24995286744561732, -0.033399972226506584, 0.7846477166764362, -0.08790894492110468, -0.5999464003754508, 0.08096004837786172, 0.15518223176827994, 0.0025316775573553923, -0.017211819328011628, -0.00646791851867347]}, {"time": 5.75, "step_sample_count": 256, "data": [0.0, 0.0, 0.6612512279821134, 1.0, -0.05510498929968407, -0.6862678398272696, 0.006633567049888697, -0.2319009051371946, 0.1595145147089389, 0.24166161165630173, -0.03428059341554837, 0.7900457954867414, -0.07414198716387893, -0.6089118359764872, 0.08216845724614863, 0.15681679259018824, 0.0049227805871911185, -0.017689101689312776, -0.0062513150062768336]}, {"time": 5.800000000000001, "step_sample_count": 256, "data": [0.0, 0.0, 0.6635366822824198, 1.0, -0.04629453687382351, -0.6872018987980394, 0.0065979429834758406, -0.22652568345171525, 0.15806762451469908, 0.23283721833571028, -0.03505960791110885, 0.7948646734904232, -0.060005294736969084, -0.616535027610356, 0.08344669215254695, 0.15833876269666342, 0.0072676644977175625, -0.017955252791637573, -0.006025595929805633]}, {"time": 5.8500000000000005, "step_sample_count": 256, "data": [0.0014585748890244069, 0.0014585748890248093, 0.6650716594486008, 1.0, -0.0374419431479773, -0.6874007455583887, 0.006566378304757316, -0.22094784330921172, 0.15690696665952203, 0.22352141536919556, -0.0357361000556894, 0.7990987879247515, -0.0455613958943956, -0.6227793308088236, 0.08478802176839122, 0.15974388645814575, 0.009557781768101828, -0.018010613882601705, -0.00579127810329383]}, {"time": 5.9, "step_sample_count": 256, "data": [0.0049124782419701155, 0.004912478241969817, 0.6658503849428232, 1.0, -0.028572780859338075, -0.686862940668995, 0.0065395964636580815, -0.21518265403992934, 0.1560483467833137, 0.21375813589120982, -0.03630983615739788, 0.802743198048632, -0.030874858178792867, -0.6276141200138311, 0.08618592799775968, 0.16102844041941958, 0.011784657800898542, -0.017856106425440978, -0.005548905964849625]}, {"time": 5.95, "step_sample_count": 256, "data": [0.00843251252528724, 0.008432512525287317, 0.6658710348953526, 1.0, -0.019712654524749355, -0.6855884395850433, 0.006518342019790622, -0.20924552029792712, 0.15550470453342743, 0.2035932206908322, -0.03678124461924069, 0.8057935868732369, -0.016011894918789564, -0.6310149706773348, 0.08763416326147822, 0.16218925280558913, 0.013939920692386297, -0.017493226122711206, -0.00529904753343896]}, {"time": 6.0, "step_sample_count": 256, "data": [0.01195789925313221, 0.011957899253132613, 0.6651357583861761, 1.0, -0.010887137031588692, -0.6835786121233597, 0.006503376206154663, -0.20315196515380038, 0.15528600723340305, 0.19307410921468304, -0.03715138906933039, 0.8082462624134583, -0.001039959172699182, -0.6329638050830753, 0.0891268013727724, 0.1632237195105708, 0.016015330535005076, -0.01692403575163458, -0.005042290401052328]}, {"time": 6.050000000000001, "step_sample_count": 256, "data": [0.01543514651909992, 0.015435146519100516, 0.6636506647125326, 1.0, -0.0021217048808177944, -0.6808362559583303, 0.006495471925561681, -0.19691761331710209, 0.15539916883201949, 0.18224952147099954, -0.03742193495623305, 0.8100981584738898, 0.013972672003322374, -0.6334490007777633, 0.09065828139063967, 0.16412981646117528, 0.01800280819908884, -0.016151156917365465, -0.004779237807506727]}, {"time": 6.1000000000000005, "step_sample_count": 256, "data": [0.018818129870756803, 0.01881812987075734, 0.6614257755200106, 1.0, 0.006558327490671973, -0.6773656038508975, 0.006495408206754047, -0.19055817448717868, 0.15584799475514954, 0.17116913321187188, -0.03759511015338921, 0.8113468349823146, 0.028957319994209675, -0.6324654607757833, 0.092223443938668, 0.16490610827623187, 0.01989446355034497, -0.01517776081848402, -0.004510504842835797]}, {"time": 6.15, "step_sample_count": 256, "data": [0.022067164022361987, 0.02206716402236182, 0.6584749421430731, 1.0, 0.015127873856713445, -0.6731723243853273, 0.0065039641547647185, -0.18408942683017868, 0.15663315306306055, 0.15988324682318594, -0.03767366018801899, 0.8119904778828984, 0.04384533073864646, -0.6300146449868771, 0.09381755958567145, 0.16555175316721082, 0.021682623067124384, -0.014007558105307216, -0.0042367148191690285]}, {"time": 6.2, "step_sample_count": 256, "data": [0.025147521337852065, 0.025147521337852235, 0.6548157289685865, 1.0, 0.023562142348209168, -0.6682635160630622, 0.0065219124373359525, -0.177527200579171, 0.1577521720918473, 0.14844246038303116, -0.03766079877222253, 0.8120278986004688, 0.058568501443290726, -0.6261045626079011, 0.09543634899863418, 0.16606650405434356, 0.023359856827340774, -0.01264478789662838, -0.0039584958502912205]}, {"time": 6.25, "step_sample_count": 256, "data": [0.028027710799206858, 0.028027710799206632, 0.650469264094741, 1.0, 0.03183670111963126, -0.6626476946805245, 0.006550012356118544, -0.1708873617535817, 0.15919946453173764, 0.13689733735883264, -0.037560154366345674, 0.8114585330864391, 0.07305950481436252, -0.6207497255148366, 0.09707599469638582, 0.16645070589995004, 0.02491900483879105, -0.011094206004581615, -0.003676477672770717]}, {"time": 6.300000000000001, "step_sample_count": 256, "data": [0.030677730412756624, 0.030677730412756874, 0.6454600589992703, 1.0, 0.039927543053543874, -0.6563347739967713, 0.006589002557826828, -0.16418579599344957, 0.1609663776693991, 0.12529807940099466, -0.037375713546405336, 0.8102824404559574, 0.0872523077373399, -0.6139710629866982, 0.09873314435255846, 0.16670528928842876, 0.02635320268856338, -0.009361072401087023, -0.003391288737742226]}, {"time": 6.3500000000000005, "step_sample_count": 256, "data": [0.03306745195535146, 0.033067451955351254, 0.6398157993474153, 1.0, 0.04781114902606889, -0.6493360397763559, 0.006639593446494046, -0.15743839250348393, 0.16304126929832913, 0.11369420465659653, -0.03711176197800699, 0.8085003012250072, 0.10108258137739, -0.605795798386432, 0.10040490571690269, 0.16683176030980715, 0.02765590648717097, -0.0074511379430961915, -0.0031035535972096934]}, {"time": 6.4, "step_sample_count": 256, "data": [0.0351652788941832, 0.035165278894182715, 0.6335671094538154, 1.0, 0.05546454926896611, -0.6416641173709634, 0.0067024593634197795, -0.15066102810140886, 0.16540960858318157, 0.10213423397087064, -0.036772823818376696, 0.8061134151551774, 0.11448809974173271, -0.5962572887119646, 0.10208883334337537, 0.1668321868307469, 0.02882091708111194, -0.005370630358171645, -0.0028138906032503072]}, {"time": 6.45, "step_sample_count": 256, "data": [0.0369372192448737, 0.03693721924487381, 0.6267472932568046, 1.0, 0.06286538238410067, -0.6333329330792795, 0.0067782306062178594, -0.1438695513647003, 0.1680541009526574, 0.09066538726739595, -0.0363636003757141, 0.8031236987128371, 0.12740912383968056, -0.5853948282108523, 0.10378290742970428, 0.16670918126308348, 0.029842403503788483, -0.003126239477228703, -0.002522909932797864]}, {"time": 6.5, "step_sample_count": 256, "data": [0.038346515159815804, 0.0383465151598157, 0.6193920549622672, 1.0, 0.06999195159326756, -0.6243576695966645, 0.0068674853626128, -0.13707976686955167, 0.1709548358935026, 0.07933329230101681, -0.035888908851052226, 0.7995336821484283, 0.13978876869577328, -0.5732534175214197, 0.10548550518489228, 0.16646587996525905, 0.0307149256293389, -0.0007251016879425703, -0.0022312119449611344]}, {"time": 6.550000000000001, "step_sample_count": 256, "data": [0.03935394917314982, 0.039353949173150306, 0.6115392027623189, 1.0, 0.07682327784008555, -0.6147547159334724, 0.006970741638201029, -0.13030741951570568, 0.17408945632723105, 0.06818170786134373, -0.03535362197235936, 0.7953465062006071, 0.1515733506150489, -0.559883500059632, 0.1071953652466577, 0.16610591943606426, 0.031433455987121724, 0.001825216429219283, -0.0019393858721517333]}, {"time": 6.6000000000000005, "step_sample_count": 256, "data": [0.03991888531737558, 0.03991888531737521, 0.6032283392273387, 1.0, 0.0833391494002914, -0.6045416122420129, 0.007088449260246356, -0.12356817893071406, 0.17743334807331443, 0.05725226337066035, -0.0347626093040422, 0.7905659184288678, 0.16271271226553627, -0.5453406676112631, 0.10891154576864516, 0.1656334094827574, 0.03199340068660413, 0.004516735329765291, -0.0016480088407785712]}, {"time": 6.65, "step_sample_count": 256, "data": [0.040000994957257646, 0.04000099495725757, 0.5945005421056428, 1.0, 0.08952016770160662, -0.5937369900462985, 0.007220982041769099, -0.11687762394718432, 0.18095984773949936, 0.04658421666949012, -0.03412068097782524, 0.7851962691772698, 0.1731605233298991, -0.5296853373113601, 0.110633376886046, 0.16505290356669058, 0.032390619393558175, 0.007341080653181355, -0.00135764521204029]}, {"time": 6.7, "step_sample_count": 256, "data": [0.039562476339919786, 0.03956247633991923, 0.585398039341511, 1.0, 0.09534778910345876, -0.582360508414977, 0.0073686301915781086, -0.11025122714670413, 0.1846404672332268, 0.036214231617664426, -0.03343253454381858, 0.7792425071708436, 0.18287455468386188, -0.5129824023951792, 0.11236040834675132, 0.16436936654888845, 0.0326214442890513, 0.010289502348897405, -0.0010688462284845057]}, {"time": 6.75, "step_sample_count": 256, "data": [0.038570443028230046, 0.03857044302823047, 0.5759638821388466, 1.0, 0.10080436243933977, -0.5704327866554142, 0.0075315930565499276, -0.1037043394643214, 0.18844513295917656, 0.02617617696013708, -0.03270270558417572, 0.772710174745206, 0.19181692428139, -0.4953008592848902, 0.11409235316223436, 0.16358814007535422, 0.03268269793311353, 0.013352894840447814, -0.0007821499476008935]}, {"time": 6.800000000000001, "step_sample_count": 256, "data": [0.0369990840808689, 0.03699908408086853, 0.5662416198552608, 1.0, 0.10587316217948356, -0.5579753341352963, 0.007709972282323242, -0.09725217484778254, 0.1923424376579573, 0.016500947717069385, -0.031935522667088, 0.7656054027088828, 0.19995431316341508, -0.4767134137328187, 0.1158290281871254, 0.16271490585719217, 0.032571709945498, 0.016521818286589048, -0.000498081439824448]}, {"time": 6.8500000000000005, "step_sample_count": 256, "data": [0.03483123096635783, 0.03483123096635835, 0.5562749804116112, 1.0, 0.11053841712774631, -0.5450104778569431, 0.007903765477588282, -0.09090979496613184, 0.19629990275084483, 0.0072163101587454405, -0.031135067146851898, 0.7579349048368323, 0.2072581502555807, -0.4572960688734653, 0.11757029257809123, 0.1617556471137188, 0.03228633240701644, 0.019786520993694653, -0.00021715322502555655]}, {"time": 6.9, "step_sample_count": 256, "data": [0.0320591047187984, 0.03205910471879836, 0.5461075597479853, 1.0, 0.11478533462307944, -0.5315612884185674, 0.008112860465377061, -0.0846920939627873, 0.2002842489859503, -0.0016532287801114954, -0.030305138237599148, 0.7497059719926475, 0.21370476487859577, -0.4371276981419154, 0.1193159851106984, 0.16071660845757674, 0.03182495387687586, 0.02313696302634964, 6.013408115112178e-05]}, {"time": 6.95, "step_sample_count": 256, "data": [0.028684213961264318, 0.028684213961264672, 0.5357825236527186, 1.0, 0.11860012027168283, -0.5176515049959126, 0.008337030202083043, -0.07861378324879684, 0.20426167313278384, -0.010086527002966644, -0.029449223705131682, 0.7409264658759935, 0.2192755061595378, -0.4162896060948097, 0.12106586134694253, 0.1596042545093129, 0.031186511914612528, 0.02656284105282311, 0.0003332909417941763]}, {"time": 7.0, "step_sample_count": 256, "data": [0.024716555926118558, 0.02471655592611871, 0.5253423250411184, 1.0, 0.12196999328979781, -0.5033054599673593, 0.008575928441427037, -0.07268937633270318, 0.20819812844506086, -0.018065887240966725, -0.0285704764344268, 0.7316048123908793, 0.22395682880126933, -0.3948650802213212, 0.12281953164603514, 0.158425227534971, 0.03037050398995882, 0.03005361444915923, 0.0006018379262480273]}, {"time": 7.050000000000001, "step_sample_count": 256, "data": [0.020173378531039142, 0.02017337853103903, 0.5148284394705855, 1.0, 0.12488319758814623, -0.4885480037857824, 0.008829086216178261, -0.06693317368419771, 0.21205960660579548, -0.025577111313314107, -0.027671697041066513, 0.7217499946294662, 0.22774034493716502, -0.37293893685537655, 0.12457640099681146, 0.15718630440390052, 0.029376996660559217, 0.03359853267025471, 0.0008653046236406621]}, {"time": 7.1000000000000005, "step_sample_count": 256, "data": [0.015077774347504298, 0.015077774347504076, 0.504281121355057, 1.0, 0.12732900877631223, -0.47340443067202914, 0.00909590920513947, -0.061359247629668656, 0.21581241888397779, -0.03260952865490518, -0.026755322604440097, 0.7113715454653209, 0.23062284206699937, -0.3505970642969408, 0.126335611622014, 0.15589435316520614, 0.02820663289617243, 0.037186663878755265, 0.0011232284756733794]}, {"time": 7.15, "step_sample_count": 256, "data": [0.0094573201846948, 0.009457320184695146, 0.49373918299052644, 1.0, 0.1292977373080297, -0.4579004056681815, 0.009375676046762073, -0.055981427278688926, 0.21942347426793282, -0.039155999316171586, -0.025823421510364365, 0.7004795397491992, 0.2326062673343814, -0.32792596621988734, 0.12809598926326451, 0.15455628954014422, 0.026860637429025464, 0.04080692480324799, 0.0013751535616677592]}, {"time": 7.2, "step_sample_count": 256, "data": [0.003342890156042326, 0.003342890156042354, 0.483239798131745, 1.0, 0.13078072802569216, -0.44206189354485714, 0.009667537653685665, -0.05081328348154579, 0.22286055239608696, -0.04521289184273569, -0.024877694302106883, 0.6890845860997296, 0.23369767866401098, -0.3050123083876578, 0.129855994001229, 0.15317903362426336, 0.025340820013537615, 0.04444811177648182, 0.0016206293680847274]}, {"time": 7.25, "step_sample_count": 256, "data": [0.0, 0.0, 0.47281833147498176, 1.0, 0.13177035639372794, -0.4259150900064793, 0.009970517574658559, -0.04586811381907767, 0.22609256918041187, -0.05078003663732198, -0.02391948035293507, 0.6771978182807316, 0.23390916352583946, -0.2819424716165548, 0.13161367639931051, 0.15176946708734013, 0.023649576484793013, 0.04809893288258056, 0.001859209573574436]}, {"time": 7.300000000000001, "step_sample_count": 256, "data": [0.0, 0.0, 0.46250819500973617, 1.0, 0.13226002173538118, -0.40948635558277763, 0.010283513441582404, -0.04115892762724721, 0.22908983311008727, -0.055860655591577026, -0.022949770091488495, 0.66483088615631, 0.23325772633055952, -0.25880211382142904, 0.13336663968203594, 0.1503343911512693, 0.02178988751395098, 0.051748041119945215, 0.00209045087906816]}, {"time": 7.3500000000000005, "step_sample_count": 256, "data": [0.0, 0.0, 0.4523407318102878, 1.0, 0.13224413780545272, -0.39280215253495476, 0.010605299529981922, -0.036698431060213664, 0.23182429033164906, -0.06046126894930506, -0.021969222434636324, 0.6519959462143586, 0.23176514568469514, -0.23567574385126508, 0.1351120085723182, 0.14888048561608497, 0.019765314970286146, 0.05538406846420999, 0.0023139119106183837]}, {"time": 7.4, "step_sample_count": 256, "data": [0.0, 0.0, 0.4423451274522755, 1.0, 0.1317181210425639, -0.37588898504209517, 0.010934530451086763, -0.03249901219697829, 0.23426975672554534, -0.06459158052368266, -0.020978187012068755, 0.6387056516487213, 0.22945780294186885, -0.21264630967447254, 0.13684640531630057, 0.14741426919239134, 0.017579995813613598, 0.058995660693724736, 0.002529152220655076]}, {"time": 7.45, "step_sample_count": 256, "data": [0.0, 0.0, 0.43254834886603555, 1.0, 0.1306783768483596, -0.35877334286877816, 0.011269745982916853, -0.028572726198095012, 0.23640213533601082, -0.06826434253792547, -0.019976730703695423, 0.6249731419899126, 0.22636648367795928, -0.1897948033075559, 0.1385659333218219, 0.14594206138487265, 0.01523863345739026, 0.06257151281905936, 0.0027357314111341566]}, {"time": 7.5, "step_sample_count": 256, "data": [0.0, 0.0, 0.4229751100826057, 1.0, 0.1291222842379284, -0.3414816486497001, 0.011609377036521267, -0.024931280520416956, 0.23819961765972006, -0.07149520149051194, -0.018964667955778815, 0.6108120322741037, 0.22252615389025723, -0.16719988469831656, 0.14026616872827433, 0.14446994615623046, 0.01274648656160161, 0.06610040493844606, 0.0029332083997962405]}, {"time": 7.550000000000001, "step_sample_count": 256, "data": [0.0, 0.0, 0.4136478639949105, 1.0, 0.12704817919575984, -0.3240402088626704, 0.011951752741795342, -0.021586020199322518, 0.23964286745698615, -0.07430252656153752, -0.01794159429536929, 0.5962364017399466, 0.21797571287321732, -0.1449375265781681, 0.14194216011325178, 0.14300373758425775, 0.010109355235358145, 0.0695712383233401, 0.0031211408484304614]}, {"time": 7.6000000000000005, "step_sample_count": 256, "data": [0.0, 0.0, 0.40458681894981585, 1.0, 0.12445533705520366, -0.3064751684988019, 0.012295108625319661, -0.018547913209440804, 0.2407151859154055, -0.07670722217535939, -0.01690692242557007, 0.5812607820428168, 0.21275772485494931, -0.123080682089815, 0.14358843642654587, 0.14154894770679333, 0.0073335646516994625, 0.07297307152278558, 0.0032990847697375657]}, {"time": 7.65, "step_sample_count": 256, "data": [0.0, 0.0, 0.3958099787099135, 1.0, 0.12134395419712111, -0.2888124693791814, 0.01263759584052225, -0.015827535916456754, 0.24140265716790302, -0.07873252641592927, -0.015859920256931198, 0.5659001449761556, 0.20691813158853867, -0.10169897677889811, 0.14519902312637978, 0.14011075673032414, 0.004425946101038413, 0.07629515626245385, 0.0034665943271125123]}, {"time": 7.7, "step_sample_count": 256, "data": [0.0, 0.0, 0.3873332040797992, 1.0, 0.11771512933586999, -0.2710778120118861, 0.012977291398294125, -0.013435058634158729, 0.24169427334311863, -0.0804037970548202, -0.014799750213077069, 0.5501698896898224, 0.20050594818011766, -0.08085842631376569, 0.14676746637789378, 0.1386939857581208, 0.0013938155346170074, 0.07952697290431816, 0.003623221839488473]}, {"time": 7.75, "step_sample_count": 256, "data": [0.0, 0.0, 0.3791702942822658, 1.0, 0.11357084462864925, -0.2532966208327948, 0.013312209334174834, -0.011380231302534708, 0.24158203850410487, -0.08174828699793873, -0.013725509141674381, 0.5340858293957115, 0.193572944501254, -0.0606211810686463, 0.1482868650614569, 0.13730307217336066, -0.0017550503251216774, 0.08265826522629206, 0.0037685180012219125]}, {"time": 7.800000000000001, "step_sample_count": 256, "data": [0.0, 0.0, 0.3713330859965319, 1.0, 0.108913946808434, -0.235494012629061, 0.013640312736531133, -0.009672369304297589, 0.2410610510094155, -0.08279491098537689, -0.012636268165024389, 0.5176641775513651, 0.18617331457664218, -0.04104529847474044, 0.14974991022989476, 0.1359420477916323, -0.005012440204674974, 0.08567907427798842, 0.0039020323249845616]}, {"time": 7.8500000000000005, "step_sample_count": 256, "data": [0.0, 0.0, 0.36383156783406945, 1.0, 0.10374812850204274, -0.21769476790616799, 0.013959526548901714, -0.008320339438841425, 0.24012956400712135, -0.08357400539025368, -0.01153111181770124, 0.5009215335128961, 0.17836333635974463, -0.022184543813431653, 0.15114893155075373, 0.13461451987607795, -0.008369736702197698, 0.08857977106908782, 0.004023313813624864]}, {"time": 7.9, "step_sample_count": 256, "data": [0.0, 0.0, 0.3566740079277381, 1.0, 0.09807790985435895, -0.19992330492847332, 0.014267751049127204, -0.0073325460742212755, 0.2387890239452158, -0.08411708295721827, -0.010409175841486581, 0.4838748676492691, 0.17020102430941467, -0.004088219898207932, 0.15247595017360002, 0.13332365508706298, -0.011817946760256343, 0.09135108785092345, 0.004131911865026389]}, {"time": 7.95, "step_sample_count": 256, "data": [0.0, 0.0, 0.3498670922463028, 1.0, 0.09190862053825954, -0.18220365613979309, 0.014562875898091025, -0.006716917499297106, 0.2370440871497593, -0.08445658430033193, -0.009269683039855033, 0.4665415059108541, 0.16174577716053767, 0.013198974130705993, 0.15372273737443554, 0.13207216641714248, -0.015347734012697054, 0.09398414775954313, 0.004227377412118815]}, {"time": 8.0, "step_sample_count": 256, "data": [0.0, 0.0, 0.3434160712178247, 1.0, 0.08524638218841059, -0.16455944665475894, 0.014842794642136479, -0.006480892499711953, 0.2349026146833668, -0.08462562794417983, -0.00811197663486174, 0.4489391138460894, 0.15305802324227527, 0.029637054890725475, 0.15488087825071095, 0.13086230314115274, -0.01894945280797942, 0.09647049259984739, 0.004309264298252445]}, {"time": 8.05, "step_sample_count": 256, "data": [0.0, 0.0, 0.33732491225045663, 1.0, 0.07809809125673106, -0.14701387450373632, 0.015105419545530952, -0.006631407182848307, 0.232375645849921, -0.08465776064238811, -0.006935550617785577, 0.4310856800612729, 0.14419886563991932, 0.04519083791879096, 0.15594183967218975, 0.1296958437908585, -0.022613183691660578, 0.09880210856513498, 0.0043771308862558984]}, {"time": 8.1, "step_sample_count": 256, "data": [0.0, 0.0, 0.3315964557757638, 1.0, 0.07047140224892512, -0.1295896923137446, 0.015348696622996812, -0.007174882078325083, 0.22947735085547422, -0.08458670964534828, -0.005740076640391497, 0.4129994991196604, 0.13522972942191308, 0.05982999230555354, 0.15689704163587914, 0.12857409214375767, -0.02632877011352019, 0.10097144970439181, 0.0044305418974696165]}, {"time": 8.15, "step_sample_count": 256, "data": [0.0, 0.0, 0.3262325725056548, 1.0, 0.06237471126592469, -0.11230919011489579, 0.015570620737297532, -0.008117209541936565, 0.2262249632691908, -0.08444613851520123, -0.004525427055330493, 0.39469915387743115, 0.1262120130638646, 0.07352906738085707, 0.15773793112812778, 0.12749787619655759, -0.030085856110400606, 0.10297145897060271, 0.004469070474982184]}, {"time": 8.200000000000001, "step_sample_count": 256, "data": [0.0, 0.0, 0.3212343196867268, 1.0, 0.05381713974217022, -0.09519417897593789, 0.015769250623389304, -0.009463741492212447, 0.22263869305090742, -0.08426940800236783, -0.003291693780980013, 0.3762034972555579, 0.11720674609797412, 0.08626749220040214, 0.15845605756426398, 0.1264675500756881, -0.033873924704503316, 0.10479558670698384, 0.004492300463086023]}, {"time": 8.25, "step_sample_count": 256, "data": [0.0, 0.0, 0.3166020942525173, 1.0, 0.044808518245086935, -0.0782659751929924, 0.015942723698746736, -0.011219277509959874, 0.21874162102287212, -0.08408934340549466, -0.0020392027368151583, 0.3575316334481478, 0.10827425490093381, 0.09802954873994955, 0.15904314885616352, 0.1254829988199581, -0.03768233674890903, 0.10643780645386192, 0.004499828892640654]}, {"time": 8.3, "step_sample_count": 256, "data": [0.0, 0.0, 0.31233578091193026, 1.0, 0.03535937017751504, -0.06154538478186367, 0.01608927051918719, -0.013388053332213974, 0.21455957576192722, -0.08393800973715346, -0.0007685236691743952, 0.33870289856957225, 0.09947383840781507, 0.1088043198446601, 0.1594911871510282, 0.12454364595440248, -0.041500369947571045, 0.10789262798664044, 0.004491268659545967]}, {"time": 8.35, "step_sample_count": 256, "data": [0.0, 0.0, 0.3084348933678393, 1.0, 0.025480895207678017, -0.04505268805560345, 0.01620722874094889, -0.015973729773018724, 0.2101209939744389, -0.08384649591236822, 0.0005195247371815962, 0.3197368407444482, 0.09086345540557554, 0.11858561310648974, 0.15979248329036158, 0.12364846375936278, -0.04531725777618519, 0.10915510752432779, 0.004466251380906983]}, {"time": 8.4, "step_sample_count": 256, "data": [0.0, 0.0, 0.30489870703051947, 1.0, 0.015184952239916946, -0.028807624104411428, 0.016295056452892535, -0.018979382104299215, 0.20545676548961428, -0.08384470906753855, 0.0018238744901498028, 0.3006531996464035, 0.08249942491937096, 0.12737186195170522, 0.1599397490564516, 0.1227959861251432, -0.04912222803312464, 0.11022085507805546, 0.004424430410718238]}, {"time": 8.450000000000001, "step_sample_count": 256, "data": [0.0, 0.0, 0.30172638177300065, 1.0, 0.004484041734062904, -0.012829375033613685, 0.01635134474747582, -0.022407489930824333, 0.2006000640674599, -0.08396118000506914, 0.0031432126167555167, 0.2814718854935858, 0.07443614105970905, 0.13516600531322426, 0.1599261663041887, 0.121984323870102, -0.05290454075609748, 0.11108603893934145, 0.004365483994006762]}, {"time": 8.5, "step_sample_count": 256, "data": [0.0, 0.0, 0.2989170734665539, 1.0, -0.006608712817902992, 0.00286345014371369, 0.016374829405555118, -0.026259927593867423, 0.19558616526569528, -0.08422288064523067, 0.004475990063728653, 0.2622129575108341, 0.06672580355033869, 0.1419753473388033, 0.15974545211818755, 0.12121118238888176, -0.05665352525017608, 0.11174738733806804, 0.004289118535429214]}, {"time": 8.55, "step_sample_count": 256, "data": [0.0, 0.0, 0.2964700332313608, 1.0, -0.01807958444247389, 0.018252832020815395, 0.016364401578067858, -0.03053795513861175, 0.1904522526458784, -0.08465505425296897, 0.005820434979585482, 0.24289660187062662, 0.05941816500737743, 0.14781139864623857, 0.15939191918825832, 0.12047388148764353, -0.060358615986315235, 0.11220218732971375, 0.004195071955313138]}, {"time": 8.6, "step_sample_count": 256, "data": [0.0, 0.0, 0.29438469353703256, 1.0, -0.029914263434412693, 0.03332135773710229, 0.01631911735705798, -0.035242209880675134, 0.1852372136232112, -0.08528105909461094, 0.0071745701180063294, 0.2235431091270199, 0.05256029589111112, 0.15268970068122492, 0.1588605306593653, 0.11976937725461481, -0.06400938714605876, 0.1124482809998643, 0.0040831171031462275]}, {"time": 8.65, "step_sample_count": 256, "data": [0.0, 0.0, 0.292660740487323, 1.0, -0.04209787945944611, 0.04805223832134069, 0.016238206139310065, -0.040372698607292694, 0.17998142627768626, -0.08612222606890566, 0.008536234039401982, 0.2041728511590541, 0.0461963679046944, 0.15662963476289649, 0.1581469487843945, 0.11909428580703249, -0.06759558560772204, 0.11248405910091262, 0.0039530651956058375]}, {"time": 8.700000000000001, "step_sample_count": 256, "data": [0.0, 0.0, 0.291298171820506, 1.0, -0.0546150251403311, 0.06242932637599125, 0.01612107769782309, -0.04592879044868207, 0.17472653844708586, -0.08719773074961583, 0.009903105730197833, 0.18480625764234065, 0.04036745646999385, 0.15965421741713154, 0.1572475767881804, 0.11844490874961938, -0.07110716219143502, 0.11230845226074422, 0.0038047692434408204]}, {"time": 8.75, "step_sample_count": 256, "data": [0.0, 0.0, 0.2902973403491006, 1.0, -0.06744978122900415, 0.07643713400335705, 0.015967327889397417, -0.051909210454982375, 0.1695152404156824, -0.0885244801737389, 0.011272732208322594, 0.1654637920698173, 0.03511136277132523, 0.16178988359936952, 0.15615959343816577, 0.11781726017496916, -0.07453430100482711, 0.11192091992568551, 0.003638127428955372]}, {"time": 8.8, "step_sample_count": 256, "data": [0.0, 0.0, 0.2896589827477556, 1.0, -0.08058574343592143, 0.09006085084050267, 0.015776742940498637, -0.05831203391382186, 0.16439103249720402, -0.09011701461129752, 0.012642558639345752, 0.14616592734495135, 0.030462455723902174, 0.16306625939792393, 0.154880979909504, 0.11720709503271382, -0.077867446757246, 0.11132143721974508, 0.003453086393583505]}, {"time": 8.85, "step_sample_count": 256, "data": [0.0, 0.0, 0.28938423377424377, 1.0, -0.09400605095300475, 0.10328636204031806, 0.015549302268154864, -0.06513468144309002, 0.1593979887877286, -0.09198742446001386, 0.014009960451149177, 0.12693312097298728, 0.02645153409646863, 0.16351592578677904, 0.15341053862909365, 0.1166099386919111, -0.08109732993794579, 0.11051047991886694, 0.0032496443930924235]}, {"time": 8.9, "step_sample_count": 256, "data": [0.0, 0.0, 0.2894746261739836, 1.0, -0.10769341666963092, 0.1161002660113636, 0.015285179807697408, -0.0723739148928395, 0.1545805183345144, -0.09414528232163348, 0.015372276906476759, 0.1077857898780669, 0.023105708897481484, 0.1631741749647181, 0.15174790388256332, 0.11602111751975325, -0.08421498978204396, 0.10948900775235884, 0.00302785427650633]}, {"time": 8.950000000000001, "step_sample_count": 256, "data": [0.0, 0.0, 0.28993207667195964, 1.0, -0.12163015904268948, 0.12848989170954536, 0.014984743834552693, -0.08002583408942042, 0.1499831249315496, -0.09659759023655082, 0.01672684557237583, 0.08874428487637756, 0.02044830602212503, 0.16207876077664973, 0.14989354406936567, 0.11543579029938376, -0.0872117949768472, 0.1082584462536929, 0.002787826243845769]}, {"time": 9.0, "step_sample_count": 256, "data": [0.0, 0.0, 0.29075885859619627, 1.0, -0.1357982355428516, 0.14044331526083334, 0.014648555282706106, -0.08808587445396161, 0.14565016671263642, -0.09934874197990276, 0.018071037113676573, 0.06982886483762524, 0.018498789053721702, 0.1602696446644578, 0.14784875559243285, 0.114848980310124, -0.09007946208983744, 0.10682066738932489, 0.00252973033734471]}, {"time": 9.05, "step_sample_count": 256, "data": [0.0, 0.0, 0.2919575618032791, 1.0, -0.1501792775606195, 0.15194937568614642, 0.01427736457784257, -0.09654880552617452, 0.1416256166692523, -0.10240050025559304, 0.019402289834282105, 0.05105967056939199, 0.017272702018091876, 0.15778873853975503, 0.1456156484690926, 0.11425560789491991, -0.09281007172775309, 0.10517796919710672, 0.0022537986210103703]}, {"time": 9.1, "step_sample_count": 256, "data": [0.0, 0.0, 0.293531040688242, 1.0, -0.1647546266184923, 0.16299768949749563, 0.013872107018183791, -0.10540873042312345, 0.13795282517410815, -0.10575198856470985, 0.020718143395063247, 0.032456698460981356, 0.016781631803276614, 0.15467964591097594, 0.1431971238478543, 0.11365052334194835, -0.09539608246326933, 0.10333305466524276, 0.00196032700421012]}, {"time": 9.15, "step_sample_count": 256, "data": [0.0, 0.0, 0.29548235115821, 1.0, -0.17950537170045408, 0.17357866393832208, 0.01343389675061822, -0.11465908626115506, 0.134674285543226, -0.10939969747138394, 0.022016271150459756, 0.014039773925442409, 0.017033189879720193, 0.15098740253339557, 0.14059684371004974, 0.11302853991024471, -0.09783034259142089, 0.10128901007865426, 0.0016496766665087643]}, {"time": 9.200000000000001, "step_sample_count": 256, "data": [0.0, 0.0, 0.2978146775314956, 1.0, -0.19441238747783138, 0.18368350865058336, 0.012964019403600887, -0.12429264556753729, 0.13183140362028153, -0.11333750494205153, 0.023294510567055015, -0.004171475319585739, 0.01803101288745346, 0.14675821778419545, 0.1378191931250683, 0.11238446683271527, -0.10010609980159059, 0.09904928305227578, 0.0013222750431236777]}, {"time": 9.25, "step_sample_count": 256, "data": [0.0, 0.0, 0.30053125039166323, 1.0, -0.20945637318213242, 0.1933042455662709, 0.012463923451406202, -0.13430151870659904, 0.12946427231774424, -0.11755671039299262, 0.024550891216161743, -0.022157646089697978, 0.019774781596614822, 0.14203921789654947, 0.1348692355120143, 0.11171314213393212, -0.10221700887238018, 0.09661766046035271, 0.0009786163333074303]}, {"time": 9.3, "step_sample_count": 256, "data": [0.0, 0.0, 0.3036352564798676, 1.0, -0.22461789185140127, 0.20243371684118933, 0.01193521039640202, -0.14467715734322556, 0.12761145200056065, -0.1220460820454468, 0.025783659868173835, -0.03989958664595705, 0.022260257695613316, 0.13687819211812494, 0.1317526614381875, 0.11100946510464062, -0.10415713751548995, 0.09399824645758645, 0.0006192614974556872]}, {"time": 9.35, "step_sample_count": 256, "data": [0.0, 0.0, 0.30712974174925084, 1.0, -0.23987740965755738, 0.21106559067358593, 0.011379623867057641, -0.15541035896453714, 0.12630975755055432, -0.126791917157133, 0.02699130225864547, -0.05737842363557616, 0.025479337816673112, 0.13132334279109278, 0.12847573155494402, 0.1102684282798271, -0.10592097051076126, 0.09119544077221187, 0.0002448377129637742]}, {"time": 9.4, "step_sample_count": 256, "data": [0.0, 0.0, 0.3110175087331838, 1.0, -0.2552153350085155, 0.21919436487890911, 0.010799037739223966, -0.16649127247837273, 0.12559405290362033, -0.13177811467296388, 0.028172561143999644, -0.07457558901363236, 0.029420124171018424, 0.12542304028366286, 0.12504521433364896, 0.10948514877246564, -0.10750341228742674, 0.08821391743321204, -0.00014396273640761035]}, {"time": 9.450000000000001, "step_sample_count": 256, "data": [0.0, 0.0, 0.3153010093956856, 1.0, -0.2706120571110637, 0.22681536812394928, 0.010195443396752945, -0.1779094049049016, 0.12549705380778967, -0.13698625981564372, 0.029326450317775952, -0.0914728468969338, 0.03406701113481066, 0.1192255836379996, 0.12146831931798883, 0.10865489882062151, -0.10889978811625271, 0.08505860407419602, -0.0005463841575709601]}, {"time": 9.5, "step_sample_count": 256, "data": [0.0, 0.0, 0.31998223463856806, 1.0, -0.28604798367867945, 0.23392475875815266, 0.009570936254697172, -0.18965362917530662, 0.12604913950846183, -0.14239572011798493, 0.030452264315553694, -0.10805232029994781, 0.039400787101483495, 0.11277896773671403, 0.11775262665341138, 0.10777313541140222, -0.11010584408360921, 0.08173466193545778, -0.0009616097457243659]}, {"time": 9.55, "step_sample_count": 256, "data": [0.0, 0.0, 0.32506260163686007, 1.0, -0.30150357747280476, 0.24051952121614043, 0.0089277016740973, -0.20171219304890273, 0.1272781740277912, -0.1479837523825118, 0.03154958359742416, -0.12429651770156357, 0.04539875089562478, 0.10613065773041856, 0.11390601368966981, 0.10683552885125375, -0.11111774602141532, 0.07824746666374542, -0.001388764490542852]}, {"time": 9.600000000000001, "step_sample_count": 256, "data": [0.0, 0.0, 0.33054284016316443, 1.0, -0.31695939137665763, 0.2465974600027183, 0.008268000401671586, -0.21407272915751854, 0.12920933766845202, -0.15372562003970763, 0.03261827506016004, -0.1401883593905162, 0.052034842027248056, 0.09932737141248214, 0.10993657947808143, 0.10583799015825478, -0.11193207756651866, 0.07460258998679156, -0.001826918692502069]}, {"time": 9.65, "step_sample_count": 256, "data": [0.0, 0.0, 0.33642287904390966, 1.0, -0.33239610171717215, 0.2521571913089682, 0.007594153670561569, -0.22672226618322588, 0.13186496933775313, -0.15959472036331274, 0.03365848779629951, -0.15571120353650814, 0.05927978405245089, 0.09241487017433277, 0.1058525680012555, 0.10477669715841247, -0.11254583751940435, 0.07080578231705968, -0.002275092084240153]}, {"time": 9.700000000000001, "step_sample_count": 256, "data": [0.0, 0.0, 0.34270173386718916, 1.0, -0.34779453957293227, 0.2571981323446579, 0.0069085280996798275, -0.2396472411727721, 0.13526442025619964, -0.16556272098894845, 0.034670644083298834, -0.1708488719334097, 0.06710124029632764, 0.08543775912553025, 0.10166229097958038, 0.10364811917436512, -0.11295643666534723, 0.06686295631690543, -0.0027322585450638053]}, {"time": 9.75, "step_sample_count": 256, "data": [0.0, 0.0, 0.3493773970341234, 1.0, -0.36313571983368115, 0.26172048850737084, 0.006213520529126998, -0.25283351298922385, 0.13942391958490682, -0.1715997051703905, 0.035655425651870534, -0.1855856753604664, 0.07546398118585719, 0.078439296917407, 0.09737405109600035, 0.10244904020145781, -0.1131616942114777, 0.06278017143579555, -0.003197351389895439]}, {"time": 9.8, "step_sample_count": 256, "data": [0.0, 0.0, 0.3564467312143951, 1.0, -0.37840086780955395, 0.2657252385416632, 0.0055115429276557165, -0.2662663768985001, 0.1443564524784831, -0.17767432519552473, 0.03661375534786036, -0.19990643850714568, 0.08433006243369656, 0.07146121576724963, 0.09299606646875647, 0.10117658047278005, -0.11315983398085142, 0.05856361940978167, -0.003669269207228382]}, {"time": 9.850000000000001, "step_sample_count": 256, "data": [0.0, 0.0, 0.36390536723262945, 1.0, -0.3935714432250537, 0.2692141178715529, 0.004805007505306611, -0.27993058028549905, 0.1500716510436797, -0.18375396337098968, 0.03754677436557417, -0.21379652440711255, 0.09365901330765145, 0.06454355214151006, 0.08853639718113561, 0.09982821632150131, -0.11294948048999544, 0.054219610694381255, -0.004146882214023243]}, {"time": 9.9, "step_sample_count": 256, "data": [0.0, 0.0, 0.3717476073763954, 1.0, -0.4086291614734514, 0.27218960031607453, 0.004096312160136487, -0.2938103394916625, 0.15657569865894388, -0.189804899970342, 0.03845581529176366, -0.2272418583268846, 0.10340803421463993, 0.057724488521220606, 0.08400287464841191, 0.09840179825567198, -0.11252965501965251, 0.049754561784761446, -0.004629039089134072]}, {"time": 9.950000000000001, "step_sample_count": 256, "data": [0.0, 0.0, 0.37996633507917443, 1.0, -0.4235560120507075, 0.27465487841997727, 0.0033878263825268947, -0.30788935776279724, 0.16387124808540018, -0.19579248752493197, 0.039342371257678886, -0.24022895105493872, 0.11353220282158219, 0.051040206640158806, 0.07940303456545467, 0.09689556716755732, -0.11189977177010181, 0.04517498336179045, -0.005114574240773564]}], "random_generator": {"seed": "very_nice_seed"}, "realworld_total_calculation_time": 140.538}