{"hamiltonian": {"U": 1.0, "E": 0.5, "J": 0.1, "phi": 0.3141592653589793, "type": "SecondOrderOptimizedHamiltonian"}, "start_time": 0.0, "time_step": 0.05, "number_of_time_steps": 200, "sampler": {"system_geometry": {"type": "LinearChainNonPeriodicState", "size": 4}, "initial_system_state": {"type": "HomogenousInitialSystemState"}, "type": "ExactSampler"}, "observables": [{"type": "Concurrence", "label": "Concurrence between 0 up and 1 up", "perform_checks": false, "index_l": 0, "up_sigma": true, "index_m": 1, "up_sigma_prime": true}, {"type": "ConcurrenceAsymm", "label": "Assym-Concurrence between 0 up and 1 up", "perform_checks": false, "index_l": 0, "up_sigma": true, "index_m": 1, "up_sigma_prime": true}, {"type": "Purity", "label": "Purity of red. density matrix of 0 up and 1 up", "perform_checks": false, "index_l": 0, "up_sigma": true, "index_m": 1, "up_sigma_prime": true}, {"type": "PauliMeasurement", "label": "Pauli Measurement 00 of sites 0 up and 1 up", "perform_checks": false, "index_l": 0, "up_sigma": true, "index_m": 1, "up_sigma_prime": true, "index_of_pauli_op": 0}, {"type": "PauliMeasurement", "label": "Pauli Measurement 0x of sites 0 up and 1 up", "perform_checks": false, "index_l": 0, "up_sigma": true, "index_m": 1, "up_sigma_prime": true, "index_of_pauli_op": 1}, {"type": "PauliMeasurement", "label": "Pauli Measurement 0y of sites 0 up and 1 up", "perform_checks": false, "index_l": 0, "up_sigma": true, "index_m": 1, "up_sigma_prime": true, "index_of_pauli_op": 2}, {"type": "PauliMeasurement", "label": "Pauli Measurement 0z of sites 0 up and 1 up", "perform_checks": false, "index_l": 0, "up_sigma": true, "index_m": 1, "up_sigma_prime": true, "index_of_pauli_op": 3}, {"type": "PauliMeasurement", "label": "Pauli Measurement x0 of sites 0 up and 1 up", "perform_checks": false, "index_l": 0, "up_sigma": true, "index_m": 1, "up_sigma_prime": true, "index_of_pauli_op": 4}, {"type": "PauliMeasurement", "label": "Pauli Measurement xx of sites 0 up and 1 up", "perform_checks": false, "index_l": 0, "up_sigma": true, "index_m": 1, "up_sigma_prime": true, "index_of_pauli_op": 5}, {"type": "PauliMeasurement", "label": "Pauli Measurement xy of sites 0 up and 1 up", "perform_checks": false, "index_l": 0, "up_sigma": true, "index_m": 1, "up_sigma_prime": true, "index_of_pauli_op": 6}, {"type": "PauliMeasurement", "label": "Pauli Measurement xz of sites 0 up and 1 up", "perform_checks": false, "index_l": 0, "up_sigma": true, "index_m": 1, "up_sigma_prime": true, "index_of_pauli_op": 7}, {"type": "PauliMeasurement", "label": "Pauli Measurement y0 of sites 0 up and 1 up", "perform_checks": false, "index_l": 0, "up_sigma": true, "index_m": 1, "up_sigma_prime": true, "index_of_pauli_op": 8}, {"type": "PauliMeasurement", "label": "Pauli Measurement yx of sites 0 up and 1 up", "perform_checks": false, "index_l": 0, "up_sigma": true, "index_m": 1, "up_sigma_prime": true, "index_of_pauli_op": 9}, {"type": "PauliMeasurement", "label": "Pauli Measurement yy of sites 0 up and 1 up", "perform_checks": false, "index_l": 0, "up_sigma": true, "index_m": 1, "up_sigma_prime": true, "index_of_pauli_op": 10}, {"type": "PauliMeasurement", "label": "Pauli Measurement yz of sites 0 up and 1 up", "perform_checks": false, "index_l": 0, "up_sigma": true, "index_m": 1, "up_sigma_prime": true, "index_of_pauli_op": 11}, {"type": "PauliMeasurement", "label": "Pauli Measurement z0 of sites 0 up and 1 up", "perform_checks": false, "index_l": 0, "up_sigma": true, "index_m": 1, "up_sigma_prime": true, "index_of_pauli_op": 12}, {"type": "PauliMeasurement", "label": "Pauli Measurement zx of sites 0 up and 1 up", "perform_checks": false, "index_l": 0, "up_sigma": true, "index_m": 1, "up_sigma_prime": true, "index_of_pauli_op": 13}, {"type": "PauliMeasurement", "label": "Pauli Measurement zy of sites 0 up and 1 up", "perform_checks": false, "index_l": 0, "up_sigma": true, "index_m": 1, "up_sigma_prime": true, "index_of_pauli_op": 14}, {"type": "PauliMeasurement", "label": "Pauli Measurement zz of sites 0 up and 1 up", "perform_checks": false, "index_l": 0, "up_sigma": true, "index_m": 1, "up_sigma_prime": true, "index_of_pauli_op": 15}], "measurements": [{"time": 0.0, "step_sample_count": 256, "data": [1.092798244665664e-08, 0.0, 1.0, 1.0, 1.0, 0.0, 0.0, 1.0, 1.0, 0.0, 0.0, 0.0, 0.0, 0.0, 0.0, 0.0, 0.0, 0.0, 0.0]}, {"time": 0.05, "step_sample_count": 256, "data": [0.004680260121304141, 0.004680260115091173, 0.999362774920984, 1.0, 0.9995766148463046, 0.013107072398012265, -1.6435351506746446e-06, 0.9996181893666783, 0.9992199509251696, 0.013102178608018197, 5.163755693118457e-05, -0.01066029757103813, -0.010656051177158786, -0.00012464550883822605, 0.0049985610780312285, 6.16145540559221e-05, -3.926545130270489e-06, 0.00499922365821865, -1.5071803714074048e-05]}, {"time": 0.1, "step_sample_count": 256, "data": [0.008717520839925082, 0.008717520840057821, 0.9974543944422445, 1.0, 0.9983073517165421, 0.02618583493918878, -6.556804526083397e-06, 0.998473434181966, 0.996883131146528, 0.0261467394271041, 0.0002060638614361935, -0.02129468119751706, -0.021260765765491522, -0.0004972925439919904, 0.009988489118733615, 0.0002461940928892186, -1.5755596156828463e-05, 0.00999377806229193, -6.0198774077839854e-05]}, {"time": 0.15000000000000002, "step_sample_count": 256, "data": [0.012108027206333414, 0.01210802720645251, 0.9942847107635857, 1.0, 0.9961948831122549, 0.03920806272268017, -1.4687009843187102e-05, 0.9965677621941325, 0.9929995000345713, 0.03907642333381171, 0.0004618232974507753, -0.03187732066417287, -0.031763169008460664, -0.00111408533621224, 0.014961153930802938, 0.0005529451854491206, -3.563436897931675e-05, 0.014978938429642773, -0.0001351160585331944]}, {"time": 0.2, "step_sample_count": 256, "data": [0.014850023317049649, 0.014850023316913971, 0.9898700380723167, 1.0, 0.9932436484698743, 0.05214569980253667, -2.59436079946886e-05, 0.993904545078203, 0.9875855804692573, 0.051834686033344325, 0.0008165015767343173, -0.04238255206522694, -0.042113006374850694, -0.0019686397866435063, 0.01990793274766149, 0.0009805421436931807, -6.380483970421461e-05, 0.019949871197700444, -0.00023938358275446024]}, {"time": 0.25, "step_sample_count": 256, "data": [0.0169437056693297, 0.01694370566930749, 0.9842329959507929, 1.0, 0.9894598328668194, 0.06497094134727915, -4.019479213642873e-05, 0.9904884868602654, 0.980664346382706, 0.0643660492658538, 0.0012667437853965176, -0.052784958139137306, -0.05226109515225186, -0.0030521061632848494, 0.024820218222278985, 0.0015271228715801072, -0.00010059885216617886, 0.02490158530460796, -0.00037238732673921317]}, {"time": 0.30000000000000004, "step_sample_count": 256, "data": [0.018391173289162354, 0.018391173289184333, 0.9774022951430877, 1.0, 0.9848513386756639, 0.07765631321527812, -5.7263142734488634e-05, 0.9863256082093069, 0.9722650684362002, 0.07661644468479993, 0.0018082804788687125, -0.06305944536144846, -0.062159666027739036, -0.004353255730840918, 0.029689431420700782, 0.0021902846064212663, -0.0001464316266610445, 0.02982889020849999, -0.0005333397081903259]}, {"time": 0.35000000000000003, "step_sample_count": 256, "data": [0.019196377218791763, 0.01919637721878529, 0.9694124701121012, 1.0, 0.9794277513096615, 0.09017474837807465, -7.692097434324102e-05, 0.9814232269458352, 0.9624231205489069, 0.08853354813324134, 0.0024359625469026415, -0.07318131693543012, -0.07176269163752622, -0.0058585901936166794, 0.03450704124004386, 0.0029670809808717063, -0.00020179400974464683, 0.03472636276326248, -0.0007212778629005653]}, {"time": 0.4, "step_sample_count": 256, "data": [0.01936507169854696, 0.019365071698545674, 0.9603035633589082, 1.0, 0.9732003001097487, 0.1024996598090504, -9.888598259749374e-05, 0.9757899350243086, 0.9511797502560354, 0.10006710212591571, 0.0031438056289455675, -0.08312634097774693, -0.08102619928433663, -0.007552472541465998, 0.03926459145841106, 0.0038540220687367276, -0.00026724387668336676, 0.03958832492516351, -0.0009350585300368103]}, {"time": 0.45, "step_sample_count": 256, "data": [0.01890476893037001, 0.018904768930371754, 0.9501207666061012, 1.0, 0.9661818150836889, 0.11460500961269525, -0.0001228178256009797, 0.9694355720444392, 0.93858181583906, 0.11116922438261977, 0.0039250448209476605, -0.09287081335797094, -0.08990856523247993, -0.0094172776144587, 0.043953736338932556, 0.004847079191526164, -0.00034339715221158525, 0.044408834048037714, -0.0011733483452834677]}, {"time": 0.5, "step_sample_count": 256, "data": [0.017824698678946687, 0.01782469867894391, 0.9389140237070137, 1.0, 0.9583866796390785, 0.12646537426477053, -0.00014831624935454922, 0.9623711950460032, 0.9246814928669701, 0.1217947002276683, 0.004772200268974383, -0.10239161479851078, -0.09837078817214359, -0.011433560440202713, 0.048566285354154394, 0.005941696239197795, -0.00043091894895425705, 0.04918168721712735, -0.0014346086309838363]}, {"time": 0.55, "step_sample_count": 256, "data": [0.016135773182615776, 0.01613577318261513, 0.9267375996299068, 1.0, 0.9498307787051827, 0.13805600583626154, -0.00017492128683650678, 0.9546090439717688, 0.9095359522839829, 0.13190125655873777, 0.005677153991984599, -0.11166626195958347, -0.10637673958100292, -0.013580240145355598, 0.05309425716989001, 0.007132809089235649, -0.0005305153339973106, 0.05390044065897872, -0.0017170742476436257]}, {"time": 0.6000000000000001, "step_sample_count": 256, "data": [0.013850556965116232, 0.013850556965114544, 0.9136496192241266, 1.0, 0.9405314407994562, 0.1493528889656518, -0.00020211592823098578, 0.9461625017890536, 0.8932070115814789, 0.1414498149010811, 0.0066312379230001, -0.12067295231070387, -0.11389338880110095, -0.01583479699762598, 0.05752994253442272, 0.008414874393949506, -0.0006429262208392841, 0.05855844473945636, -0.0020187267140938203]}, {"time": 0.65, "step_sample_count": 256, "data": [0.010983240233787439, 0.010983240233789356, 0.8997115788773669, 1.0, 0.930507371776349, 0.16033279312217597, -0.0002293314841587253, 0.9370460479013092, 0.8757607600323603, 0.15040472082572554, 0.007625332720236551, -0.12939060262101376, -0.1208910007064612, -0.01817347989796406, 0.06186597517168064, 0.009781908558365292, -0.0007689198449029325, 0.06314889442647002, -0.002337262572074711]}, {"time": 0.7000000000000001, "step_sample_count": 256, "data": [0.007549613707301596, 0.00754961370729822, 0.8849878337988785, 1.0, 0.9197785773291274, 0.1709733193839897, -0.00025595565821415325, 0.9272752032238294, 0.8572671585873122, 0.15873394677025066, 0.008649976401269785, -0.13779888088920345, -0.12734330389322085, -0.02057152142183836, 0.06609540919612716, 0.01122753717361488, -0.0009092892150135983, 0.0676648943636203, -0.0026700588023875586]}, {"time": 0.75, "step_sample_count": 256, "data": [0.0035670420286625128, 0.003567042028663885, 0.8695450636703579, 1.0, 0.908366270933057, 0.18125294057656782, -0.00028134312747598136, 0.9168664652087476, 0.8377996149677057, 0.1664092651240824, 0.009695481324943876, -0.14587823149243037, -0.1332276274244769, -0.0230033573179612, 0.0702118009817856, 0.012745054537888574, -0.0010648508404665288, 0.0720995369052185, -0.003014137914061829]}, {"time": 0.8, "step_sample_count": 256, "data": [0.0, 0.0, 0.8534517199018368, 1.0, 0.8962927639382605, 0.19115103323331856, -0.0003048282205444286, 0.9058372312406582, 0.817434534840699, 0.1734063884045068, 0.010752057523935944, -0.15360989328354807, -0.13852500436020276, -0.02544284723486384, 0.07420929286521179, 0.014327492233127377, -0.001236445914264388, 0.07644599064601115, -0.0033661360340073733]}, {"time": 0.8500000000000001, "step_sample_count": 256, "data": [0.0, 0.0, 0.8367774587472, 1.0, 0.883581335026542, 0.20064789952062453, -0.00032573910324005986, 0.8942057092220498, 0.7962508507775715, 0.17970507353315274, 0.011809939915339967, -0.1609759103342787, -0.14322024065188566, -0.02786349338916095, 0.07808269558534289, 0.01596769508153109, -0.0014249439899957808, 0.08069759619687657, -0.003722277828944602]}, {"time": 0.9, "step_sample_count": 256, "data": [0.0, 0.0, 0.8195925660163184, 1.0, 0.8702560772709506, 0.2097247770863033, -0.00034341275156115177, 0.8819908148348657, 0.7743295319576233, 0.18528918769148559, 0.012859516526959915, -0.16795913503831097, -0.1473019485246596, -0.03023865394663586, 0.08182756600732051, 0.01765840223490372, -0.0016312490267787678, 0.08484796527555462, -0.00407836230963749]}, {"time": 0.9500000000000001, "step_sample_count": 256, "data": [0.0, 0.0, 0.8019673809192431, 1.0, 0.8563417225488971, 0.21836383481106797, -0.00035720992450795054, 0.869212055873311, 0.75175307919283, 0.19014673402759277, 0.013891454609335496, -0.17454322337986378, -0.15076254422798246, -0.032541748089677594, 0.08544027648554878, 0.019392330702009124, -0.0018563075001663582, 0.08889107866610678, -0.00442976343618903]}, {"time": 1.0, "step_sample_count": 256, "data": [0.0, 0.0, 0.7839717284639797, 1.0, 0.8418634449603921, 0.22654815271724071, -0.0003665293538337108, 0.8558894051290876, 0.7286050116474707, 0.19426983660674935, 0.014896821386763274, -0.18071262235959687, -0.1535982110004883, -0.03474645011630603, 0.08891807222860669, 0.021162258336236462, -0.002101118095838282, 0.09282137831387516, -0.004771448931100669]}, {"time": 1.05, "step_sample_count": 256, "data": [0.0, 0.0, 0.7656743715226084, 1.0, 0.8268466470308707, 0.23426168484079865, -0.00037082044353008885, 0.8420431644761763, 0.7049693533914928, 0.1976546854006918, 0.01586719625293397, -0.18645254985802562, -0.15580882922140574, -0.03682687046791982, 0.09225911325734429, 0.02296110321615321, -0.002366742328545005, 0.09663384881230538, -0.005098019822650264]}, {"time": 1.1, "step_sample_count": 256, "data": [0.0, 0.0, 0.7471424948880893, 1.0, 0.8113167346242698, 0.2414892046906845, -0.00036959391041409436, 0.8276938239275468, 0.6809301294080532, 0.20030144370418712, 0.01679477144341631, -0.19174896759829205, -0.15739787693086665, -0.03875772230736606, 0.09546249800230415, 0.024781996465951812, -0.0026543152740504897, 0.1003240838313023, -0.005403772036980338]}, {"time": 1.1500000000000001, "step_sample_count": 256, "data": [0.0, 0.0, 0.7284412341052392, 1.0, 0.7952988884241458, 0.24821623395525833, -0.00036242998281671885, 0.8128619203910453, 0.6565708816323208, 0.2022141220210981, 0.017672438608719004, -0.19658854832005093, -0.15837230508699984, -0.040514473136495345, 0.09852826625225658, 0.02661834587335047, -0.0029650554802824096, 0.1038883336345878, -0.005682779925644363]}, {"time": 1.2000000000000002, "step_sample_count": 256, "data": [0.0, 0.0, 0.7096332613890337, 1.0, 0.7788178413325485, 0.25442895628837014, -0.0003489839861813554, 0.797567901514955, 0.6319742158313337, 0.20340042401814318, 0.018493859244685783, -0.20095863875422412, -0.15874239296500217, -0.042073481901746014, 0.10145738000660688, 0.028463888142925414, -0.003300273048343779, 0.10732353070786611, -0.005929000080539872]}, {"time": 1.25, "step_sample_count": 256, "data": [0.0, 0.0, 0.6907784394645979, 1.0, 0.7618976719982813, 0.26011411921037636, -0.0003289893591786957, 0.7818320002892892, 0.6072213895196276, 0.2038715714384995, 0.019253517576122377, -0.20484722044381468, -0.1585215898682372, -0.043412123017624926, 0.10425168174736407, 0.030312728231483725, -0.003661374854868953, 0.11062729161495441, -0.006136392292052079]}, {"time": 1.3, "step_sample_count": 256, "data": [0.0, 0.0, 0.6719335517246365, 1.0, 0.744561624791264, 0.26525892827417846, -0.00030225833946609967, 0.7656741259008889, 0.5823919496162256, 0.20364211575013932, 0.01994675519089902, -0.20824287083435875, -0.15772634970710572, -0.04450889965959808, 0.10691383066492724, 0.0321593648969979, -0.004049865931054854, 0.11379789443741022, -0.006299053191202937]}, {"time": 1.35, "step_sample_count": 256, "data": [0.0, 0.0, 0.6531521138724947, 1.0, 0.7268319658415712, 0.26985093855806336, -0.00026868071587925066, 0.7491137757215596, 0.5575634262643671, 0.2027297446623826, 0.02056978743747748, -0.2111347273080696, -0.1563759649347981, -0.04534354945559995, 0.10944721837353459, 0.033998702297740054, -0.004467346122195228, 0.11683423244214058, -0.006411357107751664]}, {"time": 1.4000000000000001, "step_sample_count": 256, "data": [0.0, 0.0, 0.6344842684742409, 1.0, 0.7087298833009936, 0.2738779491593017, -0.0002282211509406232, 0.7321699722825771, 0.5328110863324864, 0.20115509141822682, 0.021119702281943948, -0.21351245691856707, -0.15449240578231876, -0.045897146262474486, 0.11185586656554088, 0.035826048149684146, -0.00491550132079261, 0.11973574586425771, -0.006468098065947492]}, {"time": 1.4500000000000002, "step_sample_count": 256, "data": [0.0, 0.0, 0.6159767599162931, 1.0, 0.6902754378830294, 0.2773279066095514, -0.00018091562829316071, 0.7148612277450109, 0.5082077468448531, 0.19894155396058258, 0.021594442929817447, -0.21536623447546707, -0.15210016973133883, -0.04615220199080873, 0.11414430981612103, 0.037637099542241044, -0.005396088787000565, 0.12250233479843378, -0.006464626677242639]}, {"time": 1.5, "step_sample_count": 256, "data": [0.0, 0.0, 0.5976729835097032, 1.0, 0.6714875671792057, 0.2801888229882023, -0.0001268675749925842, 0.6972055368362741, 0.4838236452464897, 0.1961151297400023, 0.021992776020850775, -0.21668673132745597, -0.14922614477426027, -0.04609277240417871, 0.11631746731375019, 0.03942791799130291, -0.005910916328298374, 0.1251342570861591, -0.006396975976262233]}, {"time": 1.55, "step_sample_count": 256, "data": [0.0, 0.0, 0.5796130992243109, 1.0, 0.6523841444594883, 0.2824487139867411, -6.624415534725002e-05, 0.6792203976295791, 0.4597263602876415, 0.19270427019498426, 0.022314247580783268, -0.21746511671678967, -0.14589948834817, -0.04570457046107432, 0.11838050762794734, 0.04119489565541209, -0.00646181538876771, 0.1276320157161358, -0.006261970938961406]}, {"time": 1.6, "step_sample_count": 256, "data": [0.0, 0.0, 0.5618341980354948, 1.0, 0.6329820898767119, 0.2840955613269293, 7.268579935603398e-07, 0.6609228580351498, 0.4359807746846624, 0.18873975694596254, 0.022559129153426775, -0.21769307296334803, -0.1421515220310096, -0.04497509011312097, 0.1203387107259296, 0.042934714851278456, -0.007050608378526994, 0.12999624059441406, -0.00605731743908895]}, {"time": 1.6500000000000001, "step_sample_count": 256, "data": [0.0, 0.0, 0.544370507290465, 1.0, 0.6132975294270095, 0.28511730283780495, 7.375934582402616e-05, 0.6423295845742308, 0.4126490687823681, 0.18425459967100472, 0.02272835664148028, -0.2173628250312524, -0.13801564030158084, -0.04389374257073801, 0.12219733132533168, 0.04464430308766516, -0.007679070837652366, 0.13222756959032683, -0.005781667634651566]}, {"time": 1.7000000000000002, "step_sample_count": 256, "data": [0.0, 0.0, 0.5272536209134708, 1.0, 0.5933459948485128, 0.28550185224836006, 0.00015251007475461088, 0.6234569490143553, 0.3897907333338165, 0.179283953643022, 0.022823464365911476, -0.2164671842909509, -0.13352723002999708, -0.04245200596527687, 0.12396146734923012, 0.04632078581066264, -0.008348889260373034, 0.13432653354821122, -0.005434660112858463]}, {"time": 1.75, "step_sample_count": 256, "data": [0.0, 0.0, 0.5105127406328553, 1.0, 0.5731426559932324, 0.28523714945630263, 0.00023657886566723395, 0.604321127814825, 0.3674625892671089, 0.17386505315253947, 0.022846516728673386, -0.21499960556967693, -0.1287235960003608, -0.040643588154036646, 0.12563593677314325, 0.04796143894380383, -0.009061615592123581, 0.13629344951638694, -0.005016934445649886]}, {"time": 1.8, "step_sample_count": 256, "data": [0.0, 0.0, 0.49417491560578286, 1.0, 0.5527025761454609, 0.28431124078389375, 0.0003255077824574045, 0.5849382090834508, 0.3457188028840801, 0.1680371556304765, 0.022800039652309426, -0.21295425593210116, -0.12364388675961147, -0.038464601212418396, 0.12722516556974783, 0.049563643140860515, -0.009818619546319763, 0.13812832583903606, -0.0045301210183958905]}, {"time": 1.85, "step_sample_count": 256, "data": [0.0, 0.0, 0.4782652696558124, 1.0, 0.5320409802886634, 0.2827123876086647, 0.0004187795285872802, 0.5653243018607186, 0.32461088622452405, 0.161841490294021, 0.022686953693642486, -0.2103260930888224, -0.11832901448563443, -0.03591374501091938, 0.12873308881655057, 0.051124841473958585, -0.010621039966305151, 0.13983078204379454, -0.003976808014466201]}, {"time": 1.9000000000000001, "step_sample_count": 256, "data": [0.0, 0.0, 0.4628072076075795, 1.0, 0.5111735263949644, 0.2804292008165085, 0.0005158153232679303, 0.5454956429765937, 0.3041876741766669, 0.15532120459422555, 0.022510510406839452, -0.20711095091755122, -0.11282156238686128, -0.03299249624636986, 0.1301630663833891, 0.05264250207729223, -0.01146973648209902, 0.14139998569702575, -0.0033604882178820635]}, {"time": 1.9500000000000002, "step_sample_count": 256, "data": [0.0, 0.0, 0.4478225946780936, 1.0, 0.49011657034202705, 0.27745079779857273, 0.0006159725930564245, 0.5254686973974243, 0.28449527213992054, 0.14852130163525432, 0.022274233180611884, -0.20330562931078627, -0.10716567336485837, -0.029705298433153757, 0.13151781400351692, 0.054114087073712853, -0.012365242686378997, 0.14283460764245298, -0.0026854888126888266]}, {"time": 2.0, "step_sample_count": 256, "data": [0.0, 0.0, 0.4333319053576121, 1.0, 0.4688874159423007, 0.27376697820782936, 0.0007185428585777034, 0.5052602488131759, 0.26557697046574597, 0.1414885620187028, 0.021981863408809702, -0.1989079854317366, -0.10140691424507485, -0.026059747689634677, 0.1327993499890434, 0.05553702893744606, -0.013307721987309758, 0.1441327963294674, -0.001956887613799658]}, {"time": 2.0500000000000003, "step_sample_count": 256, "data": [0.0, 0.0, 0.4193543405099493, 1.0, 0.4475045426811135, 0.26936841439049014, 0.0008227502211655983, 0.4848874781234046, 0.24747312434715418, 0.13427144417605974, 0.021637312483949196, -0.19391702345392345, -0.09559211074619378, -0.022066768689154477, 0.13400895740396032, 0.05690871529366418, -0.014296927196680657, 0.14529217130531005, -0.0011804191833047022]}, {"time": 2.1, "step_sample_count": 256, "data": [0.0, 0.0, 0.40590791341091575, 1.0, 0.42598780498820604, 0.26424685227865446, 0.0009277508618098894, 0.46436802838412516, 0.23022100015422878, 0.1269199581101748, 0.021244619737684423, -0.188332979958699, -0.0897691494442994, -0.017740774880983738, 0.13514716117104067, 0.058226483020584884, -0.01533216479009686, 0.1463098354081424, -0.0003623741070602118]}, {"time": 2.15, "step_sample_count": 256, "data": [0.0, 0.0, 0.3930095070406501, 1.0, 0.4043585981114003, 0.2583953185296146, 0.0010326339560510723, 0.44372005560869493, 0.21385459131371448, 0.11948550849262922, 0.02080791609821733, -0.18215740234453284, -0.08398674422303508, -0.01309980701136732, 0.13621371936784343, 0.05948762239269042, -0.01641226464082264, 0.14718240476174566, 0.0004905056238077402]}, {"time": 2.2, "step_sample_count": 256, "data": [0.0, 0.0, 0.3806749061135496, 1.0, 0.3826399868417613, 0.2518083297750516, 0.0011364243838648308, 0.42296226552085964, 0.1984044086332524, 0.11202070418465584, 0.02033139289936521, -0.17539321783772963, -0.07829416601979584, -0.008165644069465886, 0.13720762785805532, 0.06068939187099856, -0.017535555888076086, 0.1479060553331833, 0.0013711326120663494]}, {"time": 2.25, "step_sample_count": 256, "data": [0.0, 0.0, 0.36891880807201005, 1.0, 0.36085679440264284, 0.24448209995202225, 0.0012380875729646633, 0.4021139369010956, 0.18389725143756352, 0.10457913240364244, 0.019819274967814025, -0.1680447909642302, -0.07274093602567397, -0.0029638810275006513, 0.13812713739563515, 0.061829043992161985, -0.018699849460039882, 0.14847658456053714, 0.0022721794001926473]}, {"time": 2.3000000000000003, "step_sample_count": 256, "data": [0.0, 0.0, 0.3577548176239403, 1.0, 0.3390356497328362, 0.23641474178589553, 0.0013365367566020555, 0.3811949325296012, 0.1703559670058712, 0.09721509690015254, 0.01927579684413074, -0.16011796762904618, -0.06737648383026781, 0.002476031878517814, 0.13896978241214797, 0.06290386261614692, -0.01990242763535583, 0.14888948637209803, 0.003186181614059578]}, {"time": 2.35, "step_sample_count": 256, "data": [0.0, 0.0, 0.34719542942916287, 1.0, 0.3172049921643662, 0.22760645855311906, 0.0014306428518429837, 0.36022569890821576, 0.1577992065894712, 0.08998332061353778, 0.01870518077173606, -0.15162010424247122, -0.06224977329022348, 0.008120793083033876, 0.13973242082847648, 0.06391121154742904, -0.0211400408961626, 0.1491400377821131, 0.004105637807313662]}, {"time": 2.4000000000000004, "step_sample_count": 256, "data": [0.0, 0.0, 0.3372520033101698, 0.9999999999999999, 0.2953950331380671, 0.21805972225334075, 0.0015192470705793916, 0.3392272559511723, 0.1462411867709235, 0.08293861432486715, 0.01811161493062691, -0.14256008062573142, -0.05740890012083042, 0.013933300981067105, 0.14041128439318282, 0.06484859423564568, -0.02240891220078162, 0.14922339514252056, 0.0050231052971155005]}, {"time": 2.45, "step_sample_count": 256, "data": [0.0, 0.0, 0.327934735956579, 1.0, 0.2736376751520909, 0.2077794342671463, 0.0016011762629480042, 0.3182211776950526, 0.13569146513222918, 0.0761355138235783, 0.017499230314821215, -0.13294829572446978, -0.052900666347809266, 0.019872755981046087, 0.1410020392114201, 0.06571372388252485, -0.023704748683614826, 0.14913469803857707, 0.00593129158461404]}, {"time": 2.5, "step_sample_count": 256, "data": [0.0, 0.0, 0.31925263258470105, 1.0, 0.25196638864840804, 0.19677306448608245, 0.0016752608623209107, 0.2972295648253744, 0.126154739157017, 0.06962788905610678, 0.016872074669832374, -0.12279664546254801, -0.048770137798588256, 0.025894815865420962, 0.1414998562603802, 0.06650460283410148, -0.025022760671642424, 0.1488691787267168, 0.006823141158827815]}, {"time": 2.5500000000000003, "step_sample_count": 256, "data": [0.0, 0.0, 0.31121348146855937, 1.0, 0.2304160480633342, 0.1850507648108581, 0.0017403551551633833, 0.27627500949172357, 0.11763067702285439, 0.06346852964007259, 0.01623408203255828, -0.11211848239035022, -0.04506019174410445, 0.03195180600401678, 0.14189949176139588, 0.06721960963093382, -0.026357687788984598, 0.14842227491880636, 0.007691917586764858]}, {"time": 2.6, "step_sample_count": 256, "data": [0.0, 0.0, 0.3038238337264845, 1.0, 0.2090227288505993, 0.17262545287066466, 0.0017953594424741633, 0.2553805525301296, 0.11011378845630038, 0.057708712012176644, 0.015589036660184772, -0.10092855713118296, -0.04181106260346394, 0.037992984818196615, 0.14219537727040552, 0.067857591544357, -0.027703831801780248, 0.14778974361805353, 0.008531280800269473]}, {"time": 2.6500000000000004, "step_sample_count": 256, "data": [0.0, 0.0, 0.2970889902608125, 1.0, 0.18782346797003566, 0.15951286187999703, 0.001839243499141387, 0.2345696328767772, 0.10359334312746087, 0.05239775432895076, 0.014940530499762994, -0.08924294201496223, -0.03905989426715473, 0.043964863599184556, 0.14238171923920281, 0.06841795987383467, -0.029055095734747405, 0.14696777361476376, 0.009335359413266561]}, {"time": 2.7, "step_sample_count": 256, "data": [0.0, 0.0, 0.291012997322165, 0.9999999999999999, 0.16685599114542654, 0.1457315527811203, 0.001871070582516762, 0.21386602868549037, 0.09805334314730403, 0.047582566041433835, 0.01429191382982289, -0.07707893771450074, -0.03684030804437468, 0.04981157835314229, 0.14245260757987427, 0.06890078475849329, -0.030405028669408616, 0.14595309416768526, 0.010098817760607887]}, {"time": 2.75, "step_sample_count": 256, "data": [0.0, 0.0, 0.28559865180272387, 0.9999999999999999, 0.1461584111327173, 0.13130288527809952, 0.0018900211029388551, 0.1932937894919223, 0.09347255509155238, 0.04330719978750227, 0.01364623928272174, -0.06445496416423949, -0.03518199545441316, 0.055475309808212886, 0.14240213243480965, 0.06930688581134244, -0.03174687551507712, 0.14474307734662276, 0.010816917165840968]}, {"time": 2.8000000000000003, "step_sample_count": 256, "data": [0.0, 0.0, 0.280847517039966, 1.0, 0.1257689022798617, 0.11625094509718568, 0.0018954149592184171, 0.1728771587308156, 0.08982460560456673, 0.03961241384425001, 0.013006200102777133, -0.051390437534064255, -0.03411034501622683, 0.06089674612491482, 0.142224507927403, 0.06963791456756468, -0.033073630932080336, 0.14333583151523893, 0.01148557074812341]}, {"time": 2.85, "step_sample_count": 256, "data": [0.0, 0.0, 0.2767599496098467, 0.9999999999999999, 0.10572535774976165, 0.1006024258322327, 0.001886731473915365, 0.15264048602816446, 0.08707814304040744, 0.03653525380118461, 0.012374064170598413, -0.03790563553276498, -0.033646111802816646, 0.06601558127274981, 0.14191420116933853, 0.06989642459770484, -0.03437809648859674, 0.14173028351095623, 0.012101390898299884]}, {"time": 2.9000000000000004, "step_sample_count": 256, "data": [0.0, 0.0, 0.27333513727954833, 1.0, 0.08606503684069008, 0.08438646504816504, 0.001863625848385834, 0.13260812896261534, 0.08519706579827883, 0.034108662290820636, 0.011751605978994101, -0.0240215537990896, -0.03380513778657327, 0.0707710405635515, 0.1414660642662688, 0.07008592521514823, -0.0356529400550565, 0.13992624725071168, 0.012661728420390072]}, {"time": 2.95, "step_sample_count": 256, "data": [0.0, 0.0, 0.27057114795037507, 1.0, 0.06682421077741812, 0.0676344358822753, 0.001825941105481908, 0.11280434440927097, 0.08414081604998978, 0.032361125486148716, 0.011140039324922652, -0.009759756568611107, -0.03459812989537691, 0.07510242357009311, 0.14087546654140387, 0.07021091503498199, -0.03689075639050606, 0.13792447677052874, 0.013164702273644274]}, {"time": 3.0, "step_sample_count": 256, "data": [0.0, 0.0, 0.2684649890349331, 1.0, 0.04803781605403895, 0.05037969712929787, 0.0017737146041792483, 0.09325317011758434, 0.08386473550667521, 0.03131636459526062, 0.010539953928631508, 0.00485777485673225, -0.0360305012391032, 0.0789496537149605, 0.1401384237385917, 0.0702768922301788, -0.038084127859928714, 0.13572670209866608, 0.013609218881944354]}, {"time": 3.0500000000000003, "step_sample_count": 256, "data": [0.0, 0.0, 0.26701267627531355, 1.0, 0.029739124781142087, 0.03265730661677733, 0.001707178396098343, 0.0739782977923495, 0.08432047782311712, 0.030993079723560746, 0.009951259453605392, 0.019808792100803087, -0.038102279194688456, 0.08225382329007144, 0.13925172062627045, 0.0702903391706768, -0.03922568424449088, 0.13333564686106575, 0.01399498011292742]}, {"time": 3.1, "step_sample_count": 256, "data": [0.0, 0.0, 0.2662093105310855, 0.9999999999999999, 0.011959441435950874, 0.014503704442903248, 0.0016267529439644862, 0.05500293959094372, 0.08545647030125378, 0.031404752233632066, 0.009373140438497506, 0.03507092438585205, -0.040808082029372576, 0.0849577226411732, 0.13821302324968218, 0.0702586801865239, -0.0403081606693246, 0.13075502710695716, 0.014322479269366513]}, {"time": 3.1500000000000004, "step_sample_count": 256, "data": [0.0, 0.0, 0.26604916057246175, 1.0, -0.005272165126605855, -0.004043625781920565, 0.001533034025715688, 0.036349690562941836, 0.08721841584989867, 0.032559510146032616, 0.008804025440860236, 0.05062181424482607, -0.04413716359991378, 0.08700634277076452, 0.1370209771085295, 0.0701902124091061, -0.0413244527733887, 0.12798953149343376, 0.01459298476902022]}, {"time": 3.2, "step_sample_count": 256, "data": [0.0, 0.0, 0.2665257494420499, 0.9999999999999999, -0.021929086592319784, -0.022946508314743746, 0.001426772988872516, 0.018040390081919704, 0.08954982480276731, 0.034460059260239914, 0.008241573229305901, 0.06643924096836674, -0.04807352351667664, 0.08834734168107977, 0.13567528779228724, 0.07009401093576947, -0.04226766837685418, 0.12504478364285337, 0.014808511594228257]}, {"time": 3.25, "step_sample_count": 256, "data": [0.0, 0.0, 0.26763194154253633, 1.0, -0.037987350756901496, -0.04216642912718093, 0.0013088508772677336, 9.598570195855752e-05, 0.09239256529307414, 0.03710368063430949, 0.00768267816594018, 0.08250122900381122, -0.05259607814323737, 0.08893146635199944, 0.13417678108734413, 0.06997981084051817, -0.043131175053373015, 0.121927288142121, 0.014971781037627115]}, {"time": 3.3000000000000003, "step_sample_count": 256, "data": [0.0, 0.0, 0.2693600273130795, 1.0, -0.053425743407303605, -0.06166488182757691, 0.001180247302869529, -0.017463596926444204, 0.0956874205028557, 0.040482292968423074, 0.0071234960373356, 0.09878613920589102, -0.057678886049937705, 0.08871292423570531, 0.1325274402593612, 0.0698578697200535, -0.04390864317468147, 0.11864436224267634, 0.015086169718063652]}, {"time": 3.35, "step_sample_count": 256, "data": [0.0, 0.0, 0.27170180221417795, 0.9999999999999999, -0.06822587440970561, -0.08140369560643693, 0.001042005255169165, -0.03461957444741381, 0.0993746412823893, 0.04458257642643029, 0.006559490581899752, 0.11527274163782364, -0.06329142017204566, 0.08764970041873932, 0.13073041907082997, 0.06973881542882653, -0.04459408414894605, 0.11520405580186241, 0.015155649251934574]}, {"time": 3.4000000000000004, "step_sample_count": 256, "data": [0.0, 0.0, 0.2746486367775244, 0.9999999999999999, -0.08237218827647286, -0.10134533605954003, 0.0008951933068084695, -0.05135441307198597, 0.10339448335820643, 0.04938615263270244, 0.005985499899521224, 0.13194026948056187, -0.06939887802769097, 0.08570381899284277, 0.12879003006117556, 0.06963348434310627, -0.04518188370794506, 0.1116150623457537, 0.015184718303295536]}, {"time": 3.45, "step_sample_count": 256, "data": [0.0, 0.0, 0.27819153470547836, 1.0, -0.09585192184092871, -0.12145317114898063, 0.0007408668675867812, -0.06765191970525819, 0.10768771956052836, 0.054869814113758505, 0.005395820896816002, 0.1487684544630377, -0.07596252097459989, 0.08284154951680482, 0.1267117086273188, 0.06955275585022071, -0.04566683019951726, 0.10788662430775488, 0.015178328971937298]}, {"time": 3.5, "step_sample_count": 256, "data": [0.0, 0.0, 0.28232117641675286, 0.9999999999999999, -0.10865501383826785, -0.14169169635629733, 0.0005800302454210837, -0.08349731446060751, 0.11219611910556344, 0.06100579540019063, 0.004784308996595375, 0.16573754501257545, -0.08294003362878166, 0.07903356157704956, 0.12450195442475531, 0.06950738876243433, -0.046044137902413275, 0.1040284354979257, 0.015141809593562169]}, {"time": 3.5500000000000003, "step_sample_count": 256, "data": [0.0, 0.0, 0.287027946004183, 0.9999999999999999, -0.12077397302485787, -0.16202671511926908, 0.00041360128382437724, -0.09887728276673383, 0.11686288783819579, 0.06776207741135155, 0.004144489591363847, 0.18282830898384908, -0.09028589518788362, 0.07425503222293398, 0.12216825249466867, 0.06950786501419658, -0.04630946539763566, 0.10005054369172416, 0.015080786014425389]}, {"time": 3.6, "step_sample_count": 256, "data": [0.0, 0.0, 0.2923019402543011, 1.0, -0.1322037128500092, -0.18242547276369128, 0.00024238025883370037, -0.11378000601110788, 0.12163306533305876, 0.0751027166185197, 0.003469677199001274, 0.2000220233111761, -0.09795175541236718, 0.06848571235922293, 0.11971897725308396, 0.06956424535540193, -0.0464589290063586, 0.09596325591439776, 0.015001103271681764]}, {"time": 3.6500000000000004, "step_sample_count": 256, "data": [0.0, 0.0, 0.29813295912280063, 0.9999999999999999, -0.14294136154986326, -0.20285674418347974, 6.702453783824122e-05, -0.1281951704143566, 0.12645387672249322, 0.0829881907876381, 0.0027530980146088235, 0.2173004532144442, -0.10588680930529051, 0.06170995896473612, 0.11716328301052456, 0.06968604086534624, -0.04648911124838224, 0.09177704857079302, 0.014908749379426406]}, {"time": 3.7, "step_sample_count": 256, "data": [0.0, 0.0, 0.304510477805779, 1.0, -0.15298605683534008, -0.22329087734467482, -0.00011196976239470497, -0.14211395454816264, 0.13127503893724426, 0.09137575377294904, 0.001988011553489206, 0.23464582366548484, -0.11403816596715369, 0.05391674026357326, 0.11451098500029057, 0.06988210306290873, -0.04639706420080588, 0.08750248406982325, 0.014809782617356828]}, {"time": 3.75, "step_sample_count": 256, "data": [0.0, 0.0, 0.3114236012366101, 1.0, -0.16233873411443536, -0.24369979618069876, -0.0002942782173907514, -0.15552899655755348, 0.1360490226036081, 0.10021979277757193, 0.0011678273324349806, 0.2520407857014107, -0.1223512085558626, 0.04509962074033853, 0.11177243497474884, 0.07016053426694044, -0.04618030756198768, 0.08315013506168888, 0.014710263377470304]}, {"time": 3.8000000000000003, "step_sample_count": 256, "data": [0.0, 0.0, 0.31886100242329996, 1.0, -0.1710019164833899, -0.2640569675369746, -0.00047975012519048984, -0.16843434270172686, 0.14073127206545924, 0.10947218261459817, 0.0002862130072644486, 0.2694683798843847, -0.13076994363575892, 0.03525673223797104, 0.10895839529418154, 0.07052861875453023, -0.045836821170391145, 0.078730516886883, 0.0146161912783669]}, {"time": 3.85, "step_sample_count": 256, "data": [0.0, 0.0, 0.326810846485211, 1.0, -0.17897951363215578, -0.28433733748553347, -0.0006684020377257765, -0.18082537927254916, 0.14528038685353517, 0.11908263269126, -0.0006628089728880757, 0.2869119987971347, -0.1392373393593952, 0.02439073640705473, 0.10607991510895666, 0.07099277425169065, -0.045365031710438826, 0.07425402836730637, 0.014533447937058755]}, {"time": 3.9000000000000004, "step_sample_count": 256, "data": [0.0, 0.0, 0.3352607025316037, 0.9999999999999999, -0.18627663544739764, -0.3045172425784758, -0.000860403141441617, -0.1926987502840687, 0.14965826840485616, 0.12899902360819676, -0.0016847783751591976, 0.30435534998193703, -0.14769565282688332, 0.012508782603310169, 0.10314821176098815, 0.071558522432828, -0.044763793373767354, 0.0697309006824137, 0.014467745517965041]}, {"time": 3.95, "step_sample_count": 256, "data": [0.0, 0.0, 0.34419744564540755, 1.0, -0.19289942457876813, -0.324574301491642, -0.0010560532591505152, -0.20405226355559694, 0.15383023596986117, 0.13916773134256163, -0.0027847292207894923, 0.32178242023103354, -0.15608674757845453, -0.0003775359289475926, 0.10017455994878796, 0.07223047644328774, -0.04403236234478183, 0.06517115378903554, 0.014424580971688672]}, {"time": 4.0, "step_sample_count": 256, "data": [0.0, 0.0, 0.353607151208286, 1.0, -0.19885491067599229, -0.3444872921000082, -0.0012557546334313811, -0.2148847879460607, 0.15776511548455505, 0.14953393791619043, -0.0039671373991452255, 0.3391774416675135, -0.16435240249590558, -0.014252225988856055, 0.09717019055780807, 0.07301234301229823, -0.043170365147643816, 0.060584559674157684, 0.014409195735172497]}, {"time": 4.05, "step_sample_count": 256, "data": [0.0, 0.0, 0.3634749836549739, 1.0, -0.2041508875081783, -0.36423601841124054, -0.0014599789810462872, -0.2251961445512916, 0.16143530479544874, 0.16004192820937727, -0.0052358836407967934, 0.3565248596570039, -0.17243461344421138, -0.029094937997900673, 0.09414620039805863, 0.07390693648942535, -0.042177761123395455, 0.05598061167728106, 0.014426540582837946]}, {"time": 4.1000000000000005, "step_sample_count": 256, "data": [0.0, 0.0, 0.3737850815124871, 1.0, -0.20879581282784646, -0.3838011710531922, -0.0016692315558287955, -0.23498699466096648, 0.16481681807873141, 0.1706353731587934, -0.00659423096156118, 0.3738093022884879, -0.1802758888222569, -0.044881009708960286, 0.0911134734530923, 0.07491620209555923, -0.04105479958841926, 0.05136849917545482, 0.014481245280092427]}, {"time": 4.15, "step_sample_count": 256, "data": [0.0, 0.0, 0.3845204403033232, 1.0, -0.21279872970460556, -0.40316418424764994, -0.001884014105506977, -0.24425872719778738, 0.1678893116638565, 0.18125759998344368, -0.008044815144574497, 0.3910155509687876, -0.18781953987043284, -0.06158151125681862, 0.08808261366032023, 0.07604124579536607, -0.039801972539374814, 0.046757087073780755, 0.014577592675995682]}, {"time": 4.2, "step_sample_count": 256, "data": [0.0, 0.0, 0.3956627946098131, 1.0, -0.21616920716965865, -0.422307091474975, -0.002104788642261447, -0.25301334823489635, 0.17063609282129366, 0.19185185033625182, -0.009589646429131527, 0.4081285115868976, -0.19500996616694924, -0.07916329324136383, 0.08506388873649005, 0.07728236843014066, -0.03841996409033337, 0.042154899764320575, 0.01471949685978661]}, {"time": 4.25, "step_sample_count": 256, "data": [0.0, 0.0, 0.4071925003422369, 1.0, -0.21891729740413393, -0.4412123813930783, -0.0023319438608692352, -0.26125337501233087, 0.17304411246039508, 0.20236152740932456, -0.011230120331920248, 0.42513318570655734, -0.20179293629710232, -0.09758903976202005, 0.08206718415033558, 0.07863910205450764, -0.036909598127461425, 0.03757010947870889, 0.014910484978348962]}, {"time": 4.3, "step_sample_count": 256, "data": [0.0, 0.0, 0.4190884180502399, 1.0, -0.22105350637470225, -0.4598628550512171, -0.002565765834217203, -0.26898173665181924, 0.1751039421498911, 0.2127304330598052, -0.012967035436122678, 0.44201464131497326, -0.2081158632569637, -0.11681732830964829, 0.07910196603597164, 0.08011024675783868, -0.03527178591787929, 0.03301052923252173, 0.015153682257312997]}, {"time": 4.3500000000000005, "step_sample_count": 256, "data": [0.0, 0.0, 0.43132779797978876, 1.0, -0.22258877475615332, -0.4782414850491059, -0.002806414305891786, -0.2762016835036385, 0.17680973545134213, 0.22290299600220864, -0.014800616034708542, 0.45875798276590085, -0.2139280738019933, -0.13680269819823968, 0.07617725163834813, 0.08169390659038339, -0.03350747558811661, 0.028483610809087425, 0.015451799685581557]}, {"time": 4.4, "step_sample_count": 256, "data": [0.0, 0.0, 0.44388616751189436, 0.9999999999999999, -0.22353446615622222, -0.4963312770365221, -0.003053905505581286, -0.28291670675350605, 0.1781591732631387, 0.23282449206162384, -0.016730537686188932, 0.47534831968128505, -0.21918107070702325, -0.15749572882489804, 0.0733015857837284, 0.08338752353509517, -0.03161760547582214, 0.023996448423995856, 0.015807123720411532]}, {"time": 4.45, "step_sample_count": 256, "data": [0.0, 0.0, 0.4567372216240394, 1.0, -0.22390236003558062, -0.5141151338214299, -0.0033081019662051874, -0.2891304695783247, 0.179153392715492, 0.24244125742592545, -0.018755954008305674, 0.4917707346983596, -0.22382878678933932, -0.17884312853694326, 0.0704830218675019, 0.08518790876121511, -0.02960306334610218, 0.01955578881927046, 0.016221507266444158]}, {"time": 4.5, "step_sample_count": 256, "data": [0.0, 0.0, 0.4698527170878427, 1.0, -0.22370464724921763, -0.5315757223455975, -0.003568709359350651, -0.29484675077729855, 0.17979689913026173, 0.2517008957950809, -0.020875523368102018, 0.5080102500584691, -0.22782782957047498, -0.20078783432460062, 0.06772910593966494, 0.08709127066781036, -0.02746465335025458, 0.01516804853407069, 0.016696361103118958]}, {"time": 4.55, "step_sample_count": 256, "data": [0.0, 0.0, 0.48320237125594134, 1.0, -0.22295392677122788, -0.5486953438861092, -0.0038352799277345225, -0.30006940143294475, 0.1800974606483669, 0.2605524803170818, -0.023087434494729265, 0.5240517931301026, -0.23113771561102528, -0.22326912202080879, 0.06504686263382181, 0.08909323948520936, -0.02520307239787148, 0.010839338971528698, 0.01723264490964958]}, {"time": 4.6000000000000005, "step_sample_count": 256, "data": [0.0, 0.0, 0.496753766501067, 1.0, -0.22166320284551497, -0.565455808041243, -0.004107221718042177, -0.3048023147903382, 0.18006598530803639, 0.2689467512314057, -0.025389430414260485, 0.5398801610509083, -0.23372109382946116, -0.24622272625522976, 0.06244278191585984, 0.09118888846309081, -0.0228188973289856, 0.006575499624580376, 0.01783085709179071]}, {"time": 4.65, "step_sample_count": 256, "data": [0.0, 0.0, 0.5104722616606223, 1.0, -0.21984588247056186, -0.5818383113540173, -0.004383812535951915, -0.30904940919841, 0.17971638059862566, 0.27683631021266636, -0.027778830456722237, 0.5554799847770835, -0.2355439574813323, -0.26958096915579666, 0.05992280590948084, 0.09337275194719281, -0.02031258393183749, 0.002382139445763025, 0.01849102276895186]}, {"time": 4.7, "step_sample_count": 256, "data": [0.0, 0.0, 0.5243209122249882, 0.9999999999999999, -0.21751577371932532, -0.5978233218097279, -0.004664217378017793, -0.3128146236483807, 0.1790653957820137, 0.2841758125102737, -0.03025255039212444, 0.5708356929602553, -0.23657584488857877, -0.2932728967871941, 0.057492315372176535, 0.09563884093666856, -0.01768447847663644, -0.0017353141314539662, 0.019212679540327612]}, {"time": 4.75, "step_sample_count": 256, "data": [0.0, 0.0, 0.5382604015020742, 1.0, -0.2146870858634229, -0.6133904709042381, -0.004947508049353399, -0.31610192518196245, 0.17813244753061158, 0.2909221580955287, -0.03280712099779289, 0.5859314762448751, -0.23679002941974078, -0.31722442261211026, 0.055156115730443156, 0.09798065701528418, -0.0149348420478139, -0.005771559555132497, 0.019994861005732528]}, {"time": 4.800000000000001, "step_sample_count": 256, "data": [0.0, 0.0, 0.552248985603101, 1.0, -0.2113744325720857, -0.6285184554988069, -0.005232683744418628, -0.31891532723133426, 0.1769394296444877, 0.2970346831267363, -0.03543870553346298, 0.600751252798061, -0.23616369957417707, -0.34135847788032175, 0.052918422919164855, 0.10039120584479787, -0.012063887574196717, -0.009721360500837896, 0.02083607844577085]}, {"time": 4.8500000000000005, "step_sample_count": 256, "data": [0.0, 0.0, 0.566242455820756, 1.0, -0.2075928395631964, -0.6431849522245335, -0.005518691530232383, -0.32125891779409704, 0.17551050775391017, 0.3024753530886328, -0.03814311669935525, 0.6152786361419952, -0.23467813025902315, -0.36559516977878326, 0.05078284958829676, 0.10286301167062946, -0.00907182909005782, -0.013579482336505997, 0.021734301527773982]}, {"time": 4.9, "step_sample_count": 256, "data": [0.0, 0.0, 0.5801941227857903, 0.9999999999999999, -0.2033577579858517, -0.6573665477322098, -0.005804445896950097, -0.323136896234409, 0.17387189997250266, 0.30720895891287536, -0.040915833677648, 0.6294969066370525, -0.23231884641290143, -0.3898519493580727, 0.04875239252080149, 0.10538813448447887, -0.0059589424158076835, -0.017340628297166056, 0.02268693934989056]}, {"time": 4.95, "step_sample_count": 256, "data": [0.0, 0.0, 0.5940548276418134, 1.0, -0.1986850845202851, -0.671038688547233, -0.0060888467949167515, -0.32455361742753647, 0.17205164443875756, 0.3112033172000235, -0.04375201981617561, 0.6433889882314566, -0.22907577998269082, -0.41404379259124635, 0.04682942233017354, 0.10795819158084884, -0.0027256361256604573, -0.020999378288647848, 0.023690823513801782]}, {"time": 5.0, "step_sample_count": 256, "data": [0.0, 0.0, 0.607772986294129, 1.0, -0.1935911887194876, -0.6841756546227369, -0.006370795825484499, -0.32551364191859833, 0.17007935458322143, 0.31442947530518117, -0.046646541415442104, 0.6569374323128995, -0.22494342087366434, -0.438083399290153, 0.045015676656206774, 0.11056438520460171, 0.0006274686316404169, -0.024550133402275406, 0.024742195178563964]}, {"time": 5.050000000000001, "step_sample_count": 256, "data": [0.0, 0.0, 0.6212946734677035, 1.0, -0.18809294753175088, -0.6967505608248984, -0.006649210466010401, -0.32602179073722753, 0.16798596281248498, 0.31686192149690035, -0.04959398793947774, 0.6701244106299585, -0.21992096186636698, -0.461881415847917, 0.04331225813937988, 0.11319753779596677, 0.004099451176988007, -0.027987069195731813, 0.025836698156513477]}, {"time": 5.1000000000000005, "step_sample_count": 256, "data": [0.0, 0.0, 0.6345637537380544, 0.9999999999999999, -0.182207786290921, -0.7087353904775071, -0.006923036367765918, -0.3260832034905146, 0.16580345314699374, 0.31847879964827347, -0.052588693802599694, 0.6829317192620219, -0.21401243664891437, -0.4853466887339816, 0.04171963841742634, 0.11584813599463134, 0.007688999195248415, -0.03130410057086737, 0.026969380045520814]}, {"time": 5.15, "step_sample_count": 256, "data": [0.0, 0.0, 0.6475220667608244, 1.0, -0.17595372480371013, -0.7201010646988633, -0.007191257860454306, -0.32570339834297934, 0.16356458323106127, 0.31926212698891415, -0.05562476170328055, 0.6953407954818108, -0.20722684910017777, -0.5083865561902321, 0.040237669248527494, 0.11850638408050457, 0.011394313711613414, -0.034494860666508406, 0.02813470314784281]}, {"time": 5.2, "step_sample_count": 256, "data": [0.0, 0.0, 0.6601096735174492, 1.0, -0.16934942656286328, -0.73081755056624, -0.007452906831304892, -0.3248883324848077, 0.16130259609307718, 0.3191980123790986, -0.058696087298372134, 0.7073327490657109, -0.19957829085003784, -0.5309071855434868, 0.03886560162778133, 0.12116226693763892, 0.015213013597884337, -0.037552695608999424, 0.029326566521630095]}, {"time": 5.25, "step_sample_count": 256, "data": [0.0, 0.0, 0.672265169439552, 1.0, -0.162414248626225, -0.7408540101522976, -0.00770707013205786, -0.3236444616924832, 0.15905092210752633, 0.31827687142688704, -0.06179638485022178, 0.7188884091723419, -0.1910860430271154, -0.5528139628866694, 0.037602113438725424, 0.12380562197626058, 0.01914204222718685, -0.04047067626457155, 0.030538339981375482]}, {"time": 5.300000000000001, "step_sample_count": 256, "data": [0.0, 0.0, 0.6839260687381552, 1.0, -0.15516828936742685, -0.7501789912336978, -0.007952895621313478, -0.3219787976063049, 0.15684287182130274, 0.3164936336368015, -0.06491921334844686, 0.7299883873542296, -0.18177465708048504, -0.5740119405699174, 0.03644534578920056, 0.1264262187916036, 0.02317757900217024, -0.043241627364528405, 0.0317629102555533]}, {"time": 5.3500000000000005, "step_sample_count": 256, "data": [0.0, 0.0, 0.695029262160207, 1.0, -0.14763243115057662, -0.7587606590411025, -0.008189596892388745, -0.31989896139523477, 0.15471132066167922, 0.3138479357452307, -0.06805800251776493, 0.7406131566303115, -0.1716740087270695, -0.5944063460258926, 0.03539294774692148, 0.12901384473557098, 0.02731495850501976, -0.04585817358039724, 0.03299273887763855]}, {"time": 5.4, "step_sample_count": 256, "data": [0.0, 0.0, 0.7055115477924025, 0.9999999999999999, -0.13982837501771486, -0.7665670668890082, -0.008416456686118151, -0.31741323255838527, 0.1526883870310536, 0.3103442945541383, -0.07120607808080505, 0.7507431458766614, -0.1608193185168256, -0.6139031530301131, 0.03444212874588902, 0.13155839408222456, 0.03154859994103452, -0.04831280136506916, 0.03421993078523417]}, {"time": 5.45, "step_sample_count": 256, "data": [0.0, 0.0, 0.7153102315499646, 0.9999999999999999, -0.13177866469530214, -0.7735664619931043, -0.00863282895749478, -0.3145305917289787, 0.1508051058860341, 0.30599225200250746, -0.07435668565433658, 0.7603588481411573, -0.1492511322896346, -0.632409713714569, 0.033589717513482546, 0.13404995812438608, 0.03587194936041706, -0.05059793469624416, 0.03543631208019633]}, {"time": 5.5, "step_sample_count": 256, "data": [0.0, 0.0, 0.7243637907869017, 1.0, -0.12350669760075246, -0.7797276213539504, -0.008838139562124698, -0.31126075650175317, 0.14909110055354233, 0.3008064849778022, -0.07750301271894315, 0.769440940904044, -0.137015254960583, -0.6498354466913967, 0.03283222600221559, 0.13647891337496323, 0.04027743684315357, -0.05270602230015407, 0.03663351499896588]}, {"time": 5.550000000000001, "step_sample_count": 256, "data": [0.0, 0.0, 0.7326125912334653, 1.0, -0.11503672102683325, -0.7850202113525652, -0.00903188555409119, -0.30761420949511875, 0.1475742562035024, 0.294806872506285, -0.08063820821192264, 0.7779704158317273, -0.12416263162361138, -0.6660925736977859, 0.03216591652816318, 0.13883600507419283, 0.044756450427106666, -0.05462963352517859, 0.03780306788157142]}, {"time": 5.6000000000000005, "step_sample_count": 256, "data": [0.007996257945107471, 0.007996257945107874, 0.7399996444061137, 1.0, -0.10639381225837471, -0.7894151637425261, -0.009213633136363275, -0.30360221807713844, 0.14628039902231638, 0.2880185134812942, -0.08375539944319205, 0.7859287152349161, -0.11074917088663289, -0.6810968944339594, 0.031586870141700585, 0.14111242341618607, 0.049299328067213544, -0.05636155979217438, 0.03893648781970689]}, {"time": 5.65, "step_sample_count": 256, "data": [0.019350660472769968, 0.019350660472769544, 0.7464713899380226, 1.0, -0.09760384198792293, -0.7928850600865385, -0.00938301436969597, -0.2992368454184091, 0.1452329856624063, 0.2804716889732356, -0.08684770621296546, 0.7932978722593695, -0.09683550659643926, -0.6947685869013503, 0.03109105419823694, 0.1432998702822352, 0.05389536835979292, -0.05789491847371702, 0.04002537370407507]}, {"time": 5.7, "step_sample_count": 256, "data": [0.030449202044438718, 0.030449202044438517, 0.7519784851126976, 1.0, -0.08869342100279606, -0.7954045163971467, -0.009539722815596154, -0.2945309527717223, 0.14445280793711537, 0.2722017643681588, -0.08990825220421468, 0.8000606518083399, -0.08248669561010379, -0.7070330186902766, 0.030674387159929845, 0.1453906147688744, 0.058532860181937596, -0.059223256138346815, 0.04106149756137914]}, {"time": 5.75, "step_sample_count": 256, "data": [0.0412116433401871, 0.04121164334018727, 0.7564765823801123, 1.0, -0.0796898306794817, -0.7969505597963181, -0.009683508352955875, -0.2894981931038576, 0.14395771795512802, 0.2632490280361526, -0.09293017391744746, 0.8062006893073015, -0.06777185093852646, -0.7178215534027645, 0.030332798836708592, 0.14737753638208256, 0.06319913081569727, -0.06034064831858665, 0.04203689234515764]}, {"time": 5.800000000000001, "step_sample_count": 256, "data": [0.051566963388044965, 0.05156696338804474, 0.7599270748779877, 1.0, -0.07062093831509916, -0.7975029893759755, -0.009814171457801812, -0.28415299640586694, 0.1437623789255851, 0.2536584648552852, -0.09590662759531525, 0.8117026246502043, -0.052763711339344564, -0.727072335765318, 0.03006228455014717, 0.1492541553883919, 0.06788061158295748, -0.06124179329566328, 0.04294393468947759]}, {"time": 5.8500000000000005, "step_sample_count": 256, "data": [0.06144873461383975, 0.06144873461383978, 0.7622977900035954, 1.0, -0.061515098732041466, -0.797044714068922, -0.009931557265441877, -0.2785105471738085, 0.14387804670915905, 0.24347946462441009, -0.09883079473664878, 0.816552228981553, -0.0375381501852355, -0.7347310389805396, 0.029858952053632933, 0.15101465042357778, 0.07256291953799963, -0.06192209780777498, 0.04377542151587983]}, {"time": 5.9, "step_sample_count": 256, "data": [0.07079214500961567, 0.07079214500961524, 0.7635636118687805, 1.0, -0.05240104390315067, -0.795562061160911, -0.010035549741553082, -0.272586754674578, 0.1443123868486766, 0.2327654671038527, -0.10169588691303892, 0.8207365223364527, -0.022173628103305906, -0.7407515584377933, 0.029719060439206225, 0.15265386402010228, 0.0772309533722767, -0.06237775304922749, 0.04452463976887913]}, {"time": 5.95, "step_sample_count": 256, "data": [0.07953199409286224, 0.0795319940928621, 0.7637070149650462, 0.9999999999999999, -0.043307762561820395, -0.7930450500174631, -0.010126066273900848, -0.26639821668759395, 0.14506933130249786, 0.2215735470505763, -0.10449515066883941, 0.8242438805479654, -0.0067505954092038625, -0.7450966369736141, 0.02963905067609566, 0.15416729719385708, 0.08186900139332788, -0.06260579980305529, 0.045185428914988564]}, {"time": 6.0, "step_sample_count": 256, "data": [0.08760126262327242, 0.08760126262327386, 0.7627184934760005, 1.0, -0.03426437189218696, -0.7894876265923086, -0.01020305296236018, -0.2599621774429616, 0.1461489784487098, 0.20996394410125896, -0.10722187330418119, 0.8270641302080751, 0.008649148300798862, -0.7477384083457115, 0.029615567830098097, 0.15555109460740346, 0.08646085925177004, -0.06260418201176052, 0.04575223615192403]}, {"time": 6.050000000000001, "step_sample_count": 256, "data": [0.09493000580759511, 0.09493000580759482, 0.7605968732886506, 1.0, -0.025299983451807537, -0.784887855264748, -0.010266480836275686, -0.2532964804644397, 0.1475475391560544, 0.19799954365668548, -0.10986939031079104, 0.8291886308112892, 0.023943128915424217, -0.7486588473564859, 0.029645475381586798, 0.15680202208943417, 0.0909899550037102, -0.06237178851671526, 0.0462201645225579]}, {"time": 6.1000000000000005, "step_sample_count": 256, "data": [0.10144443038425081, 0.10144443038425063, 0.7573494967494507, 1.0, -0.016443565477951096, -0.7792480654701337, -0.01031634317022588, -0.24641951697811645, 0.1492573308573104, 0.18574531600494257, -0.11243109515611689, 0.8306103435015507, 0.03904889756027813, -0.747850117032264, 0.029725862373155866, 0.15791743843696904, 0.09543947910094698, -0.06190848306990963, 0.04658501430353105]}, {"time": 6.15, "step_sample_count": 256, "data": [0.10706616508900443, 0.10706616508900474, 0.7529922734608381, 1.0, -0.0077238036842227345, -0.772574951405939, -0.01035265400717925, -0.23935017047444707, 0.15126682064065014, 0.1732677217760023, -0.11490045199908343, 0.8313238860741582, 0.053884745314989685, -0.7453148053434031, 0.029854044361669538, 0.1588952634641901, 0.09979251698342183, -0.061215123031713885, 0.04684331813874299]}, {"time": 6.2, "step_sample_count": 256, "data": [0.11171199332343709, 0.11171199332343812, 0.7475495938010107, 1.0, 0.0008310374194533502, -0.7648796237972045, -0.01037544793635488, -0.23210775792284746, 0.15356071742028504, 0.16063409244677865, -0.11727101177918528, 0.8313255740523293, 0.0683704224573995, -0.7410660460647868, 0.030027559315952197, 0.15973394420223316, 0.10403218209036731, -0.06029356741057507, 0.04699237041597657]}, {"time": 6.25, "step_sample_count": 256, "data": [0.11529471146057789, 0.11529471146057853, 0.7410541052670057, 1.0, 0.009193250742322823, -0.7561776132872042, -0.01038478111533777, -0.22471196804528293, 0.15612011228294573, 0.14791199502402924, -0.11953643195878622, 0.8306134477664011, 0.08242785160181862, -0.7351275204716248, 0.030244159688400593, 0.16043242101387337, 0.10814174729057542, -0.059146675075502586, 0.047030251347421975]}, {"time": 6.300000000000001, "step_sample_count": 256, "data": [0.11772618538077931, 0.11772618538077866, 0.7335463550959047, 1.0, 0.01733581852471929, -0.7464888254940554, -0.010380733474411579, -0.2171827969689978, 0.15892266515257802, 0.13516859023941852, -0.12169050002559685, 0.8291872854209233, 0.09598182411402818, -0.7275333386063497, 0.030501801899394432, 0.1609900951837227, 0.11210477294123532, -0.05777829408398625, 0.04695584612117824]}, {"time": 6.3500000000000005, "step_sample_count": 256, "data": [0.11892372195804354, 0.11892372195804327, 0.7250743058325717, 1.0, 0.02523253821547564, -0.7358374481652308, -0.010363411996838283, -0.2095404815082459, 0.16194283499161632, 0.12246999361651968, -0.12372716068683567, 0.8270486021529958, 0.10896066940026246, -0.7183278008199524, 0.030798634414316673, 0.1614067992959369, 0.11590523000416014, -0.05619324312338884, 0.04676885935189126]}, {"time": 6.4, "step_sample_count": 256, "data": [0.11881998493280649, 0.11881998493280635, 0.7156927335189702, 1.0, 0.032858140696804525, -0.7242518112015022, -0.010332954932111945, -0.2018054302788911, 0.16515214988212093, 0.10988064863333917, -0.12564054651576306, 0.824200635078644, 0.12129688707152582, -0.7075650421798811, 0.031132985474007238, 0.1616827714338405, 0.11952761686628617, -0.054397286071076995, 0.04646982488629124]}, {"time": 6.45, "step_sample_count": 256, "data": [0.11737466115069463, 0.11737466115069556, 0.7054625209242142, 1.0, 0.04018839935793298, -0.711764200646482, -0.010289536769543181, -0.1939981528343709, 0.16851951252292371, 0.09746272092379535, -0.1274250116510327, 0.8206483143084411, 0.1329277325714173, -0.6953085641500687, 0.03150335137201306, 0.1618186339432451, 0.12295706871981733, -0.05239710064623563, 0.046060110825715386]}, {"time": 6.5, "step_sample_count": 256, "data": [0.11458391567652364, 0.11458391567652443, 0.6944498606681329, 1.0, 0.0472002286481607, -0.6984106280858868, -0.010233373776015388, -0.18613918703096732, 0.17201153595955698, 0.08527552205139526, -0.12907516800414232, 0.8163982199054197, 0.14379574762096672, -0.6816306596944955, 0.031908385968511074, 0.16181537720512187, 0.126179458551545, -0.05020024206284763, 0.04554191942522803]}, {"time": 6.550000000000001, "step_sample_count": 256, "data": [0.11048340776302559, 0.11048340776302672, 0.6827253851706538, 0.9999999999999999, 0.053871770884435455, -0.6842305573079824, -0.010164729883262408, -0.17824902488656388, 0.17559290375314668, 0.07337497085780274, -0.1305859233035273, 0.8114585247735456, 0.1538492277752129, -0.6666117396410416, 0.03234689190400782, 0.16167434857282625, 0.12918148896903686, -0.047815102506380915, 0.044918281330804805]}, {"time": 6.6000000000000005, "step_sample_count": 256, "data": [0.10514331479148438, 0.10514331479148428, 0.6703632420436862, 1.0, 0.06018247025378021, -0.6692665905740474, -0.010083922695658703, -0.17034803728927791, 0.17922674831471594, 0.061813099743506336, -0.13195252019805148, 0.8058389235189966, 0.1630426205009277, -0.6503395697694534, 0.032817813738462806, 0.1613972463515748, 0.13195077425467341, -0.04525086715294821, 0.04419304343598721]}, {"time": 6.65, "step_sample_count": 256, "data": [0.09865765797156216, 0.09865765797156051, 0.6574401347911908, 1.0, 0.0661131331426682, -0.6535641174569505, -0.009991329378478275, -0.16245639803712403, 0.18287504080493824, 0.05063761247939097, -0.13317057555977702, 0.7995505474327346, 0.17133684846887196, -0.632908429649253, 0.03332023300554329, 0.16098611843944133, 0.1344759121900558, -0.04251746733475179, 0.04337084949233332]}, {"time": 6.7, "step_sample_count": 256, "data": [0.09113224940075981, 0.09113224940076019, 0.6440343494574983, 1.0, 0.07164597414884014, -0.6371709299369384, -0.009887392178598487, -0.1545940078407241, 0.18649898584792302, 0.03989149927682129, -0.1342361190677292, 0.7926058659124594, 0.1786995541989943, -0.6144182057316104, 0.03385336494892321, 0.16044336501533257, 0.1367465453376851, -0.03962553133414308, 0.04245711250965738]}, {"time": 6.75, "step_sample_count": 256, "data": [0.08267479853556789, 0.08267479853556776, 0.6302247881261571, 0.9999999999999999, 0.07676464738984118, -0.6201368082914352, -0.009772623324831448, -0.14678041908858727, 0.19005941435024787, 0.029612713859905604, -0.1351456301227029, 0.7850185748822164, 0.18510526378831094, -0.5949734325606226, 0.03441655650868785, 0.1597717444558556, 0.13875341160918356, -0.03658633316451837, 0.04145797794877786]}, {"time": 6.800000000000001, "step_sample_count": 256, "data": [0.07338858914427138, 0.07338858914427138, 0.6160900298887447, 0.9999999999999999, 0.08145426301819696, -0.6025130832580174, -0.009647609054187095, -0.13903476234645398, 0.19351716796754226, 0.019833916189434572, -0.13589607213984792, 0.7768034730809075, 0.1905354691649507, -0.5746822971664806, 0.03500928496087201, 0.15897438149569595, 0.1404883840946961, -0.03341173957287144, 0.040380276757214485]}, {"time": 6.8500000000000005, "step_sample_count": 256, "data": [0.06336941503413418, 0.06336941503413412, 0.6017074390501844, 1.0, 0.08570138918409065, -0.5843521809461008, -0.00951301251468095, -0.1313756757238834, 0.19683346922769698, 0.010582283290936712, -0.1364849232926663, 0.7679763274722318, 0.19497863011275923, -0.5536556226743703, 0.03563115649041872, 0.15805477652156374, 0.1419445002804937, -0.030114155379168738, 0.039231467441045796]}, {"time": 6.9, "step_sample_count": 256, "data": [0.05270474948954594, 0.0527047494895458, 0.5871523389022502, 0.9999999999999999, 0.08949404004691355, -0.5657071579645138, -0.009369575306611982, -0.1238212383764261, 0.19997027199974557, 0.0018793893541554346, -0.13691020284066882, 0.7585537294658696, 0.19843009915061155, -0.5320058478369218, 0.03628190390421051, 0.1570168148145184, 0.14311598094345823, -0.026706467154839406, 0.03801956661419965]}, {"time": 6.95, "step_sample_count": 256, "data": [0.04147413887978495, 0.041474138879785113, 0.5724972673864898, 0.9999999999999999, 0.092821650816524, -0.5466312351440624, -0.009218117444758603, -0.1163889095035034, 0.2028905878760501, -0.006258845077695277, -0.13717049226408246, 0.7485529441118215, 0.20089197416707946, -0.5098460194979567, 0.036961382670839094, 0.1558647745357097, 0.14399823918185076, -0.02320198513989236, 0.0367530678240326]}, {"time": 7.0, "step_sample_count": 256, "data": [0.02975010691403905, 0.029750106914039835, 0.557811328411699, 1.0, 0.09567504118739481, -0.527177338979411, -0.009059535556039472, -0.10909547423471913, 0.20555878508432623, -0.013822136388319577, -0.13726495055217852, 0.7379917549065954, 0.20237288542940438, -0.4872888148469231, 0.037669564509345506, 0.1546033322910071, 0.14458788021836314, -0.01961438320936884, 0.03544084891507286]}, {"time": 7.050000000000001, "step_sample_count": 256, "data": [0.017599158840222576, 0.01759915884022254, 0.5431596495477036, 1.0, 0.09804636889247012, -0.5073976604010534, -0.008894799173055284, -0.10195699775770445, 0.2079408577224087, -0.020805756558581617, -0.13719332314474833, 0.726888307293248, 0.20288772512073994, -0.46444560966436393, 0.03840652783904128, 0.15323756521300005, 0.1448826927873931, -0.01595763662973003, 0.03409206874695348]}, {"time": 7.1000000000000005, "step_sample_count": 256, "data": [0.005082690884043541, 0.0050826908840433185, 0.5286029533757575, 1.0, 0.09992907542237382, -0.4873432406267555, -0.008724945045041751, -0.09498878892018468, 0.21000466435569712, -0.027210391435490883, -0.13695594420441903, 0.7152609543030726, 0.20245732882103706, -0.4414256075480576, 0.03917244454217882, 0.1517729486632294, 0.14488163308400384, -0.012245957300083541, 0.03271605470217428]}, {"time": 7.15, "step_sample_count": 256, "data": [0.0, 0.0, 0.5141972460571093, 0.9999999999999999, 0.1013178262005297, -0.46706359355710786, -0.008551069464306492, -0.0882053743354467, 0.21172013626664904, -0.03304194396412271, -0.1365537320937511, 0.7031281080287063, 0.20110811924622965, -0.41833504333733046, 0.03996756267281414, 0.15021534887768845, 0.1445848023944732, -0.008493726158602877, 0.031322183067307316]}, {"time": 7.2, "step_sample_count": 256, "data": [0.0, 0.0, 0.4999936228344523, 1.0, 0.10220844764668463, -0.44660637341987863, -0.008374318696453623, -0.08162048373874677, 0.21305945682154365, -0.03831128870599317, -0.13598817813575742, 0.6905081006928447, 0.19887172301950581, -0.39527647164843177, 0.04079218495779057, 0.1485710101439609, 0.14399341963313264, -0.0047154224586064926, 0.02991975500049033]}, {"time": 7.25, "step_sample_count": 256, "data": [0.0, 0.0, 0.4860381863774179, 1.0, 0.10259786357469182, -0.4260170951140329, -0.008195877702388324, -0.07524704699517008, 0.2139972144444072, -0.043033984673037484, -0.135261328937824, 0.677419058947786, 0.19578457120950865, -0.3723481486687404, 0.04164664316610741, 0.1468465363931496, 0.14310979006213645, -0.0009255496891875983, 0.028517871354395985]}, {"time": 7.300000000000001, "step_sample_count": 256, "data": [0.0, 0.0, 0.4723720703068697, 1.0, 0.1024840332371976, -0.4053389129785042, -0.00801695744218008, -0.06909720276710772, 0.2145105324888969, -0.047229953912159124, -0.13437576274382773, 0.6638787946866872, 0.1918874938049008, -0.3496435122469981, 0.04253126865616348, 0.1450488673937585, 0.14193727145576165, 0.0028614419610669974, 0.02712531005062072]}, {"time": 7.3500000000000005, "step_sample_count": 256, "data": [0.0, 0.0, 0.45903155706727106, 1.0, 0.10186589304371313, -0.38461246157886647, -0.007838781145618642, -0.06318231843774597, 0.21457917981621957, -0.05092313335353414, -0.13333456043433145, 0.6499047150643779, 0.18722531721177407, -0.327250762013472, 0.043446359631139034, 0.14318525002440227, 0.14048023887783204, 0.0066312365172340754, 0.02575040994493476]}, {"time": 7.4, "step_sample_count": 256, "data": [0.0, 0.0, 0.4460482767314089, 1.0, 0.10074330354773546, -0.3638757596758894, -0.00766257000985513, -0.05751302048513731, 0.21418566608076975, -0.054141107182321825, -0.13214127190821864, 0.6355137536328179, 0.1818464723108811, -0.30525253794814733, 0.04439214582641629, 0.1412632053529448, 0.1387440490640439, 0.010369736187862534, 0.024400965138729636]}, {"time": 7.45, "step_sample_count": 256, "data": [0.0, 0.0, 0.4334494714580144, 1.0, 0.0991170027477992, -0.3431641759594496, -0.007489528828278143, -0.052099234139438795, 0.21331532558050606, -0.056914726430959184, -0.13079987864229378, 0.6207223235362048, 0.17580261868930783, -0.28372569267983483, 0.04536875150638909, 0.1392904924378783, 0.13673500514160528, 0.014063147777147626, 0.0230841334514047]}, {"time": 7.5, "step_sample_count": 256, "data": [0.0, 0.0, 0.4212583092790485, 1.0, 0.09698856611716912, -0.32251045257124633, -0.007320832055165856, -0.04695023086075771, 0.21195639306065686, -0.05927772166771097, -0.1293147532342021, 0.6055462926475792, 0.16914828849790847, -0.26274115003300175, 0.0463761577509162, 0.13727506987428312, 0.13446032208656367, 0.017698070589159384, 0.021806362263065687]}, {"time": 7.550000000000001, "step_sample_count": 256, "data": [0.0, 0.0, 0.4094942307155962, 1.0, 0.09436037312086784, -0.30194478008335407, -0.007157610759537701, -0.04207468196778046, 0.21010007411083964, -0.06126631365052225, -0.12769061669038448, 0.5900009794439851, 0.16194055114224726, -0.24236384010834838, 0.04741416505696404, 0.13522505611931598, 0.13192809293370777, 0.021261584515698408, 0.020573334182729996]}, {"time": 7.6000000000000005, "step_sample_count": 256, "data": [0.0, 0.0, 0.39817331239623577, 0.9999999999999999, 0.0912355793581525, -0.2814949156233834, -0.007000940816580764, -0.03748071664041509, 0.20774061183718007, -0.06291882571488906, -0.12593249413311233, 0.57410116740199, 0.15423869786626973, -0.22265269961481432, 0.048482357265328714, 0.133148689548285, 0.12914725534338678, 0.02474133664686073, 0.019389934035314707]}, {"time": 7.65, "step_sample_count": 256, "data": [0.0, 0.0, 0.387308633305387, 1.0, 0.08761809294531475, -0.26118633439315997, -0.006851832531321803, -0.03317598251531932, 0.20487535041247776, -0.06427530057004613, -0.12404566948355968, 0.5578611348410195, 0.14610394340731206, -0.20366072534030735, 0.04958006774637526, 0.13105428902026808, 0.126127557730078, 0.028125624430568735, 0.01826023755570159]}, {"time": 7.7, "step_sample_count": 256, "data": [0.0, 0.0, 0.37691063139072645, 1.0, 0.08351255338232638, -0.24104240402743737, -0.006711221700803811, -0.029167707183161255, 0.20150479500977936, -0.06537712318627445, -0.12203563955088169, 0.5412946965295817, 0.1375991404403894, -0.18543506857246553, 0.05070634864690446, 0.1289502154913609, 0.12287952381012866, 0.031403473171645595, 0.017187521013429054]}, {"time": 7.75, "step_sample_count": 256, "data": [0.0, 0.0, 0.36698744083028156, 1.0, 0.07892431096683855, -0.22108457113925883, -0.006579961920101813, -0.02546275906289133, 0.1976326666091289, -0.06626665065083173, -0.1199080678425889, 0.524415253059324, 0.1287885016031706, -0.16801715891547156, 0.051859943820632894, 0.1268448349328299, 0.11941441417279905, 0.03456470553920673, 0.01617428986172542]}, {"time": 7.800000000000001, "step_sample_count": 256, "data": [0.0, 0.0, 0.35754520309069776, 1.0, 0.07385940484869613, -0.2013325499946461, -0.006458817752405988, -0.0220677063459365, 0.193265949324414, -0.06698684931068066, -0.11766873833093812, 0.5072358440153795, 0.11973732356350619, -0.15144284719585716, 0.05303926584863031, 0.12474648252567176, 0.11574418335760893, 0.03760000077409813, 0.015222323506044435]}, {"time": 7.8500000000000005, "step_sample_count": 256, "data": [0.0, 0.0, 0.34858834777364467, 1.0, 0.06832453805127993, -0.1818045044842266, -0.006348458244844146, -0.018988872942475313, 0.18841492729764642, -0.06758093923633421, -0.11532350938171196, 0.48976920132533897, 0.11051170786276651, -0.13574255886711498, 0.054242377317374156, 0.12266342784876083, 0.11188143096075105, 0.040500941475809946, 0.014332732507638656]}, {"time": 7.9, "step_sample_count": 256, "data": [0.0, 0.0, 0.3401198419291112, 1.0, 0.062327048192204026, -0.1625172162899401, -0.006249450207995376, -0.01623239059264551, 0.1830932078949271, -0.06809204602897945, -0.11287826808690503, 0.47202779981470905, 0.10117827408493335, -0.1209414513389432, 0.05546697627696131, 0.12060384058706695, 0.10783934550841578, 0.043260046205333184, 0.013506024045504954]}, {"time": 7.95, "step_sample_count": 256, "data": [0.0, 0.0, 0.33214140882125365, 1.0, 0.055874873164385865, -0.14348623421454376, -0.006162250708663689, -0.013804246500685739, 0.17731772792422115, -0.06856286021709705, -0.1103388853434499, 0.45402390286294975, 0.09180386215517482, -0.10705957079041317, 0.05671038556794256, 0.11857575618226902, 0.103631640221623, 0.04587078665340397, 0.012742171296147995]}, {"time": 8.0, "step_sample_count": 256, "data": [0.0, 0.0, 0.3246537189184494, 1.0, 0.048976511625190115, -0.1247260018585377, -0.006087198360650834, -0.011710325989132093, 0.17110873986199482, -0.06903530488768624, -0.10771117217788571, 0.43576960204597937, 0.08245522211528634, -0.09411200610217153, 0.05796954550022168, 0.11658704083969533, 0.0992724803321215, 0.04832758876078903, 0.012040682562702755]}, {"time": 8.05, "step_sample_count": 256, "data": [0.0, 0.0, 0.3176565570567097, 1.0, 0.041640978718149854, -0.10624996299791505, -0.0060245032299387925, -0.00995644974191622, 0.16448977557972116, -0.06955021269268565, -0.10500083801351476, 0.417276850660612, 0.07319869138897823, -0.08210903940840121, 0.059241009208912176, 0.11464535538676326, 0.0947764022497856, 0.05062581789107349, 0.011400666466043109]}, {"time": 8.1, "step_sample_count": 256, "data": [0.0, 0.0, 0.31114897027184524, 1.0, 0.033877757956298084, -0.08807064595870309, -0.005974235476152663, -0.00854840520848625, 0.15748758573947505, -0.07014701387919944, -0.10221345178606434, 0.39855749194675405, 0.0640998611694495, -0.0710562943064683, 0.06052093991574004, 0.1127581176281914, 0.09015822557122562, 0.05276174888839826, 0.010820890242062429]}, {"time": 8.15, "step_sample_count": 256, "data": [0.0, 0.0, 0.30512940075146555, 1.0, 0.025696750580507115, -0.07019972985878072, -0.005936313195364234, -0.007491971685227265, 0.15013205380769742, -0.07086343743389792, -0.099354407005651, 0.3796232835615421, 0.05522323498595215, -0.060954883894343004, 0.0618051093032082, 0.11093246303042364, 0.08543295959069885, 0.05473252254038537, 0.01029982908853392]}, {"time": 8.200000000000001, "step_sample_count": 256, "data": [0.0, 0.0, 0.2995958078180822, 1.0, 0.017108223943063938, -0.05264809670141696, -0.0059104902657288825, -0.00679293849370321, 0.1424560844448635, -0.07173522774338502, -0.09642889200617867, 0.36048592034902727, 0.046631883620855755, -0.051801561499972316, 0.06308889627073082, 0.10917520375511347, 0.08061570656057063, 0.05653609055163663, 0.009835705475530527]}, {"time": 8.25, "step_sample_count": 256, "data": [0.0, 0.0, 0.29454578195318293, 1.0, 0.008122760551683657, -0.03542587392123716, -0.005896345280751855, -0.006457115562174961, 0.13449546680105684, -0.07279587931075167, -0.09344186669145199, 0.3411570576556231, 0.0383871012837976, -0.04358887723020744, 0.064367285490338, 0.10749278621427387, 0.07572156438965826, 0.05817115156852478, 0.009426518277710764]}, {"time": 8.3, "step_sample_count": 256, "data": [0.0, 0.0, 0.28997665276267504, 1.0, -0.0012487906402359197, -0.01854247211872125, -0.005893272843981249, -0.00649033561511432, 0.126288713931934, -0.0740763920155193, -0.09039804706111065, 0.32164833736742665, 0.030548068281317852, -0.036305343340992696, 0.06563486541109391, 0.10589124741178516, 0.07076553171894986, 0.05963708105131069, 0.00907006241827332]}, {"time": 8.35, "step_sample_count": 256, "data": [0.0, 0.0, 0.2858855916193914, 1.0, -0.010995359260918986, -0.0020066224355811675, -0.005900478563925696, -0.006898447112178362, 0.11787688011131014, -0.07560504916498495, -0.08730189866986536, 0.3019714185257616, 0.02317152536782752, -0.02993561098114359, 0.0668858256661962, 0.1043761703554728, 0.0657624183508331, 0.06093385785491976, 0.008763940367431366]}, {"time": 8.4, "step_sample_count": 256, "data": [0.0, 0.0, 0.2822697086327226, 0.9999999999999999, -0.02110569363496622, 0.014173582586489701, -0.005916979015015003, -0.0076872970766516426, 0.10930335823709825, -0.07740722018474448, -0.08415763994214233, 0.282138013872578, 0.016311464578919514, -0.02446066016973821, 0.06811395419841651, 0.10295263877577815, 0.06072676382827569, 0.062061990265299696, 0.008505567274877326]}, {"time": 8.450000000000001, "step_sample_count": 256, "data": [0.0, 0.0, 0.2791261426913766, 0.9999999999999999, -0.03156839497327966, 0.029990641649217564, -0.005941607722838171, -0.008862703030573614, 0.10061365980198907, -0.07950518927439516, -0.08096925594292713, 0.262159933063638, 0.010018840703975587, -0.019858004018001352, 0.06931263481574465, 0.10162519129221724, 0.05567276658443615, 0.06302244397212556, 0.008292171727556636]}, {"time": 8.5, "step_sample_count": 256, "data": [0.0, 0.0, 0.27645214266655715, 1.0, -0.04237194481781759, 0.04543758876868828, -0.005973027909219252, -0.01043041341852093, 0.09185518003424868, -0.08191801075871022, -0.0777405228141706, 0.24204913264360586, 0.004341306733191846, -0.01610190728451012, 0.07047484629272262, 0.10039777506104595, 0.0506142255489933, 0.06381657408136178, 0.008120794130340992]}, {"time": 8.55, "step_sample_count": 256, "data": [0.0, 0.0, 0.2742451374741022, 1.0, -0.05350472506232436, 0.060507927658916286, -0.0060097523270416665, -0.012396056154652335, 0.08307695081811205, -0.08466139124469485, -0.07447504264962819, 0.22181777227434488, -0.0006770243063480138, -0.013163618434563417, 0.07159316451362553, 0.09927369885723253, 0.04556449545533755, 0.06444606282989476, 0.007988284548527066]}, {"time": 8.6, "step_sample_count": 256, "data": [0.0, 0.0, 0.2725027925660082, 1.0, -0.06495502995368375, 0.07519555622441876, -0.006050170065598814, -0.01476507526057705, 0.07432938389019528, -0.08774759809839253, -0.07117628812659946, 0.2014782761999589, -0.004995789660660947, -0.011011613527363765, 0.07265976947958115, 0.09825558553091279, 0.040536456398033875, 0.06491286420610468, 0.007891301581322802]}, {"time": 8.65, "step_sample_count": 256, "data": [0.0, 0.0, 0.2712230505201424, 1.0, -0.07671106951389392, 0.08949468177936273, -0.006092579755967795, -0.01754265596078524, 0.0656640065907297, -0.09118539322405692, -0.06784765576708991, 0.18104339855133125, -0.008578558762771037, -0.009611849533938179, 0.07366645924169321, 0.09734532386538407, 0.035542497496475235, 0.065219156245996, 0.007826313512357684]}, {"time": 8.700000000000001, "step_sample_count": 256, "data": [0.0, 0.0, 0.27040415367382853, 1.0, -0.08876096383475596, 0.10339972832527025, -0.006135228190409526, -0.0207336390489231, 0.05713319213859421, -0.0949799906972545, -0.06449252628705437, 0.1605262908477734, -0.011392987060901626, -0.00892802413885483, 0.07460467294752338, 0.09654402006931068, 0.0305945138751149, 0.06536730139541035, 0.007789602659750055]}, {"time": 8.75, "step_sample_count": 256, "data": [0.0, 0.0, 0.2700446471511498, 0.9999999999999999, -0.10109272772166251, 0.11690523782960574, -0.006176353020735277, -0.024342425810485, 0.04878988601044867, -0.09913303649981783, -0.06111433013003641, 0.1399405699313127, -0.013410942820712507, -0.008921838733081423, 0.07546552517477499, 0.09585194946173035, 0.025703915608913296, 0.06535981502348412, 0.007777273565836335]}, {"time": 8.8, "step_sample_count": 256, "data": [0.0, 0.0, 0.2701433611194569, 1.0, -0.1136942452388324, 0.13000576796719893, -0.006214227939114201, -0.02837287526269866, 0.040687329553806405, -0.10364260844759424, -0.05771661598578813, 0.11930038454241373, -0.014608608581289128, -0.009553261185986657, 0.07623985355589875, 0.09526850933749446, 0.02088164682816632, 0.06519934194658421, 0.0077852654508641875]}, {"time": 8.85, "step_sample_count": 256, "data": [0.0, 0.0, 0.27069937164290747, 1.0, -0.12655323387303907, 0.14269578923104764, -0.006247208582005529, -0.032828195927748736, 0.0328787814750407, -0.10850323440286622, -0.054303119876286575, 0.098620478778114, -0.014966559411917114, -0.010780785101716369, 0.07691828136095817, 0.0947921744980623, 0.016138212841126, 0.06488864066957396, 0.007809369214087689]}, {"time": 8.9, "step_sample_count": 256, "data": [0.0, 0.0, 0.2717119400582404, 0.9999999999999999, -0.13965719831426499, 0.15496958469837668, -0.00627377733575576, -0.03771083476898815, 0.025417237347974603, -0.1137059270246909, -0.05087783225865963, 0.07791625072789504, -0.014469820409414759, -0.012561682616006445, 0.07749129620340924, 0.09442045744883176, 0.01148371291723482, 0.06443057495758729, 0.007845249191935213]}, {"time": 8.950000000000001, "step_sample_count": 256, "data": [0.0, 0.0, 0.2731804313708294, 1.0, -0.15299337426334347, 0.16682115605031303, -0.006292585255690348, -0.04302236627031847, 0.018355146827959714, -0.11923823362509696, -0.04744506055217122, 0.057203804628682346, -0.013107905973433068, -0.014852248356028597, 0.07794934537526522, 0.09414987574075896, 0.006927876272629209, 0.06382811229612705, 0.007888469855593643]}, {"time": 9.0, "step_sample_count": 256, "data": [0.0, 0.0, 0.2751042127562656, 0.9999999999999999, -0.16654866321427228, 0.17824413967399796, -0.006302489429113339, -0.04876338490636527, 0.011744127878941512, -0.12508430014911637, -0.04400948454810989, 0.03649999489938511, -0.01087484328301947, -0.017608032934113425, 0.07828294752694814, 0.0939759293087398, 0.002480098802947412, 0.06308432875799194, 0.007934527620759664]}, {"time": 9.05, "step_sample_count": 256, "data": [0.0, 0.0, 0.2774825338565068, 1.0, -0.18030955979857588, 0.18923173679610336, -0.006302584303818557, -0.054933404416133286, 0.005634677079843254, -0.13122494885213312, -0.0405762023092636, 0.01582246040372838, -0.007769182063342795, -0.02078406522576815, 0.07848281951741766, 0.09389309087305837, -0.0018505217947845378, 0.06220241975164203, 0.007978887919035624]}, {"time": 9.1, "step_sample_count": 256, "data": [0.0, 0.0, 0.28031439118001994, 0.9999999999999999, -0.19426207397843726, 0.1997766615694752, -0.006292225753973197, -0.061530767337430646, 7.587502302973968e-05, -0.13763776986704054, -0.0371507644099391, -0.004810352740647574, -0.0037939921812892505, -0.02433506362768329, 0.07854001631781074, 0.09389481247331055, -0.0060551546900372835, 0.06118571606106833, 0.008017027614683134]}, {"time": 9.15, "step_sample_count": 256, "data": [0.0, 0.0, 0.283598379545077, 1.0, -0.20839165107616073, 0.20987111082015844, -0.006271046951414987, -0.06855256816731328, -0.0048849140057128475, -0.144297227483157, -0.033739194706003575, -0.02537918151363674, 0.0010431501350548435, -0.028215637424940175, 0.0784460809126341, 0.09397355096184896, -0.010125210302514473, 0.060037704492651306, 0.008044482720659]}, {"time": 9.200000000000001, "step_sample_count": 256, "data": [0.0, 0.0, 0.28733253412640974, 0.9999999999999999, -0.22268309326108915, 0.21950675872552405, -0.006238965440018395, -0.07599459327222195, -0.009202348442776167, -0.1511747825372771, -0.03034799625140059, -0.04586395119572515, 0.006730187552053784, -0.03238048023421198, 0.07819320026959531, 0.09412081478066671, -0.014052322009608115, 0.0587620523183358, 0.008056901163244737]}, {"time": 9.25, "step_sample_count": 256, "data": [0.0, 0.0, 0.29151416724757295, 1.0, -0.23712048660895604, 0.22867477901392008, -0.006196181162034255, -0.08385128027279093, -0.012833421641364645, -0.15823903277929038, -0.026984141482351086, -0.06624379701953584, 0.013250619440096234, -0.03678455814776652, 0.07777436270885449, 0.09432723358920325, -0.01782833640945158, 0.057362634553110275, 0.00805010006698503]}, {"time": 9.3, "step_sample_count": 256, "data": [0.0, 0.0, 0.2961397045631692, 1.0, -0.2516871381340822, 0.23736589635032332, -0.006143165546238354, -0.0921156990724653, -0.01573777859947182, -0.1654558733571937, -0.023655046356573797, -0.08649710365884682, 0.0205835542979115, -0.04138329560678914, 0.07718351145950504, 0.09458265133222177, -0.02144531294644232, 0.055843562941723865, 0.008020126696035882]}, {"time": 9.35, "step_sample_count": 256, "data": [0.0, 0.0, 0.3012045256474776, 0.9999999999999999, -0.2663655272153725, 0.2455704674241824, -0.006080642125883667, -0.10077955599607279, -0.017878034865565457, -0.1727886796150197, -0.02036852873956725, -0.10660156359689295, 0.02870377974048872, -0.04613276212477955, 0.07641568890249155, 0.09487624219127742, -0.024895533243613092, 0.05420921537352833, 0.007963321820948954]}, {"time": 9.4, "step_sample_count": 256, "data": [0.0, 0.0, 0.3067028141978149, 0.9999999999999999, -0.28113727555570656, 0.25327859093516714, -0.006009559496155215, -0.10983322167617221, -0.019220094058635367, -0.18019851417462907, -0.01713275194458304, -0.12653425491854273, 0.037581853693540494, -0.05098986273093831, 0.0754671660080897, 0.0951966476250288, -0.028171520001672702, 0.052464264316827415, 0.007876383916764351]}, {"time": 9.450000000000001, "step_sample_count": 256, "data": [0.0, 0.0, 0.3126274230259278, 0.9999999999999999, -0.2959831392194786, 0.2604802442554443, -0.0059310577313075406, -0.11926578240581542, -0.019733459239121034, -0.18764435976368965, -0.01395615492403108, -0.14627173843158864, 0.047184220844883745, -0.055912534409331624, 0.07433555180581523, 0.09553213146218803, -0.03126606483776412, 0.0506137027865882, 0.0077564322790460586]}, {"time": 9.5, "step_sample_count": 256, "data": [0.0, 0.0, 0.3189697587150808, 1.0, -0.31088302540242413, 0.26716544312917084, -0.0058464296454417445, -0.12906511371299528, -0.019391532292724344, -0.19508337847002086, -0.010847371141893295, -0.1657901732690683, 0.05747335845030357, -0.06085994990626323, 0.07301987837418437, 0.09587074886287474, -0.03417226397186826, 0.048662866350180106, 0.007601066908872036]}, {"time": 9.55, "step_sample_count": 256, "data": [0.0, 0.0, 0.32571969024963193, 0.9999999999999999, -0.32581603544831406, 0.27332441945829034, -0.00575707848287362, -0.13921797396082736, -0.01817189465845359, -0.20247119708798933, -0.007815138594272908, -0.1850654493036576, 0.0684079552344032, -0.06579272913294258, 0.07152065777907626, 0.0962005240046832, -0.03688356025166194, 0.046617449747565085, 0.007408422899990039]}, {"time": 9.600000000000001, "step_sample_count": 256, "data": [0.0, 0.0, 0.33286548508713637, 1.0, -0.34076053431209224, 0.27894781112626943, -0.005664473750985949, -0.14971011490047728, -0.01605656225002918, -0.20976221704368303, -0.004868203757651688, -0.20407333387777227, 0.07994312635902812, -0.07067315709847426, 0.06983990856789085, 0.09650963066274375, -0.03939378966413635, 0.04448351685990918, 0.007177217085458496]}, {"time": 9.65, "step_sample_count": 256, "data": [0.0, 0.0, 0.340393775075768, 1.0, -0.35569424527185406, 0.28402685702437813, -0.005570106950558377, -0.16052640536316035, -0.013032207363860682, -0.21690994613110068, -0.0020152224088234873, -0.22278962958767087, 0.09203066628745817, -0.07546540598370663, 0.06798115076427996, 0.0967865695024011, -0.04169723023833071, 0.04226750299987247, 0.006906784877368767]}, {"time": 9.700000000000001, "step_sample_count": 256, "data": [0.0, 0.0, 0.3482895533818427, 1.0, -0.37059436731672846, 0.2885535900419134, -0.005475448911097746, -0.17165096372901623, -0.009090340777666482, -0.22386734806283012, 0.0007353397353279997, -0.24119033922485822, 0.10461933992529818, -0.08013575773103215, 0.06594936971017551, 0.09702033592506935, -0.04378865111646551, 0.03997620880509325, 0.006597105556248332]}, {"time": 9.75, "step_sample_count": 256, "data": [0.0, 0.0, 0.3565362022627503, 1.0, -0.3854377113882405, 0.2925210208038091, -0.005381910303017498, -0.18306729449761355, -0.0042274481184640484, -0.23058720473859395, 0.0033753037654315208, -0.25925183353295295, 0.11765521077518287, -0.08465282249431426, 0.063750950465484, 0.0972005727068647, -0.045663359570735286, 0.03761678537320844, 0.006248814715356198]}, {"time": 9.8, "step_sample_count": 256, "data": [0.0, 0.0, 0.365115550190385, 0.9999999999999999, -0.400200850621989, 0.2959233053905287, -0.005290806682722536, -0.1947584242326265, 0.0015549241302553812, -0.23702248525705913, 0.005896869222967408, -0.2769510172262001, 0.13108200312978055, -0.08898774756347899, 0.06139358570087083, 0.0973177024170049, -0.047317243870388395, 0.035196710656518436, 0.00586320310466821]}, {"time": 9.850000000000001, "step_sample_count": 256, "data": [0.0, 0.0, 0.3740079555915791, 1.0, -0.41486027899646094, 0.2987558911219101, -0.005203329145086409, -0.2067070323657299, 0.008250135991569308, -0.24312671511407122, 0.008292698568570116, -0.2942654887580852, 0.14484149368125854, -0.09311441101736721, 0.05888616101810764, 0.09736303564002706, -0.04874681014844888, 0.03272375750907971, 0.005442201705600794]}, {"time": 9.9, "step_sample_count": 256, "data": [0.0, 0.0, 0.3831924134091189, 1.0, -0.4293925723909748, 0.30101563566066325, -0.005120521329996439, -0.2188955728036863, 0.015846475903706678, -0.2488543387906545, 0.010555992909614701, -0.3111736896221513, 0.15887392647341692, -0.09700959439760393, 0.05623862233971168, 0.09732885226996128, -0.049949211760111266, 0.03020595412142621, 0.004988353451850174]}, {"time": 9.950000000000001, "step_sample_count": 256, "data": [0.0, 0.0, 0.3926466798660809, 1.0, -0.4437745459981596, 0.302700896098282, -0.005043263178494703, -0.23130638294878383, 0.024327236434747213, -0.25416106905202746, 0.01268055796937402, -0.3276550394848652, 0.17311844397217166, -0.10065312912850212, 0.053461830387433705, 0.09720845449850833, -0.05092227003854529, 0.027651537865039984, 0.004504772546780264]}], "random_generator": {"seed": "very_nice_seed"}, "realworld_total_calculation_time": 114.191}