{"hamiltonian": {"U": 1.0, "E": 0.5, "J": 0.1, "phi": 0.3141592653589793, "type": "ZerothOrderFlippingAndSwappingOptimization"}, "start_time": 0.0, "time_step": 0.05, "number_of_time_steps": 200, "sampler": {"system_geometry": {"type": "LinearChainNonPeriodicState", "size": 4}, "initial_system_state": {"type": "HomogenousInitialSystemState"}, "type": "ExactSampler"}, "observables": [{"type": "SpinCurrent", "label": "Spin Current (signed) from 0 to 1 (up)", "site_index_from": 0, "site_index_to": 1, "spin_up": true, "direction_dependent": true}, {"type": "SpinCurrent", "label": "Spin Current (signed) from 0 to 1 (down)", "site_index_from": 0, "site_index_to": 1, "spin_up": false, "direction_dependent": true}, {"type": "DoubleOccupationAtSite", "label": "Double Occupation at site 0", "site": 0}, {"type": "DoubleOccupationAtSite", "label": "Double Occupation at site 1", "site": 1}, {"type": "OccupationAtSite", "label": "Occupation at site 0, up", "site": 0, "up": true}, {"type": "OccupationAtSite", "label": "Occupation at site 0, down", "site": 0, "up": false}, {"type": "OccupationAtSite", "label": "Occupation at site 1, up", "site": 1, "up": true}, {"type": "OccupationAtSite", "label": "Occupation at site 1, down", "site": 1, "up": false}, {"type": "Purity", "label": "Purity of red. density matrix of 0 up and 1 up", "perform_checks": false, "index_l": 0, "up_sigma": true, "index_m": 1, "up_sigma_prime": true}, {"type": "Concurrence", "label": "Concurrence between 0 up and 1 up", "perform_checks": false, "index_l": 0, "up_sigma": true, "index_m": 1, "up_sigma_prime": true}, {"type": "ConcurrenceAsymm", "label": "Assym-Concurrence between 0 up and 1 up", "perform_checks": false, "index_l": 0, "up_sigma": true, "index_m": 1, "up_sigma_prime": true}, {"type": "PauliMeasurement", "label": "Pauli Measurement 00 of sites 0 up and 1 up", "perform_checks": false, "index_l": 0, "up_sigma": true, "index_m": 1, "up_sigma_prime": true, "index_of_pauli_op": 0}, {"type": "PauliMeasurement", "label": "Pauli Measurement 0x of sites 0 up and 1 up", "perform_checks": false, "index_l": 0, "up_sigma": true, "index_m": 1, "up_sigma_prime": true, "index_of_pauli_op": 1}, {"type": "PauliMeasurement", "label": "Pauli Measurement 0y of sites 0 up and 1 up", "perform_checks": false, "index_l": 0, "up_sigma": true, "index_m": 1, "up_sigma_prime": true, "index_of_pauli_op": 2}, {"type": "PauliMeasurement", "label": "Pauli Measurement 0z of sites 0 up and 1 up", "perform_checks": false, "index_l": 0, "up_sigma": true, "index_m": 1, "up_sigma_prime": true, "index_of_pauli_op": 3}, {"type": "PauliMeasurement", "label": "Pauli Measurement x0 of sites 0 up and 1 up", "perform_checks": false, "index_l": 0, "up_sigma": true, "index_m": 1, "up_sigma_prime": true, "index_of_pauli_op": 4}, {"type": "PauliMeasurement", "label": "Pauli Measurement xx of sites 0 up and 1 up", "perform_checks": false, "index_l": 0, "up_sigma": true, "index_m": 1, "up_sigma_prime": true, "index_of_pauli_op": 5}, {"type": "PauliMeasurement", "label": "Pauli Measurement xy of sites 0 up and 1 up", "perform_checks": false, "index_l": 0, "up_sigma": true, "index_m": 1, "up_sigma_prime": true, "index_of_pauli_op": 6}, {"type": "PauliMeasurement", "label": "Pauli Measurement xz of sites 0 up and 1 up", "perform_checks": false, "index_l": 0, "up_sigma": true, "index_m": 1, "up_sigma_prime": true, "index_of_pauli_op": 7}, {"type": "PauliMeasurement", "label": "Pauli Measurement y0 of sites 0 up and 1 up", "perform_checks": false, "index_l": 0, "up_sigma": true, "index_m": 1, "up_sigma_prime": true, "index_of_pauli_op": 8}, {"type": "PauliMeasurement", "label": "Pauli Measurement yx of sites 0 up and 1 up", "perform_checks": false, "index_l": 0, "up_sigma": true, "index_m": 1, "up_sigma_prime": true, "index_of_pauli_op": 9}, {"type": "PauliMeasurement", "label": "Pauli Measurement yy of sites 0 up and 1 up", "perform_checks": false, "index_l": 0, "up_sigma": true, "index_m": 1, "up_sigma_prime": true, "index_of_pauli_op": 10}, {"type": "PauliMeasurement", "label": "Pauli Measurement yz of sites 0 up and 1 up", "perform_checks": false, "index_l": 0, "up_sigma": true, "index_m": 1, "up_sigma_prime": true, "index_of_pauli_op": 11}, {"type": "PauliMeasurement", "label": "Pauli Measurement z0 of sites 0 up and 1 up", "perform_checks": false, "index_l": 0, "up_sigma": true, "index_m": 1, "up_sigma_prime": true, "index_of_pauli_op": 12}, {"type": "PauliMeasurement", "label": "Pauli Measurement zx of sites 0 up and 1 up", "perform_checks": false, "index_l": 0, "up_sigma": true, "index_m": 1, "up_sigma_prime": true, "index_of_pauli_op": 13}, {"type": "PauliMeasurement", "label": "Pauli Measurement zy of sites 0 up and 1 up", "perform_checks": false, "index_l": 0, "up_sigma": true, "index_m": 1, "up_sigma_prime": true, "index_of_pauli_op": 14}, {"type": "PauliMeasurement", "label": "Pauli Measurement zz of sites 0 up and 1 up", "perform_checks": false, "index_l": 0, "up_sigma": true, "index_m": 1, "up_sigma_prime": true, "index_of_pauli_op": 15}], "measurements": [{"time": 0.0, "step_sample_count": 256, "data": [0.0, 0.0, 0.25, 0.25, 0.5, 0.5, 0.5, 0.5, 1.0, 1.2368127072683579e-08, 0.0, 1.0, 1.0, 0.0, 0.0, 1.0, 1.0, 0.0, 0.0, 0.0, 0.0, 0.0, 0.0, 0.0, 0.0, 0.0, 0.0]}, {"time": 0.05, "step_sample_count": 256, "data": [-0.0011879658501554777, -0.0011879658501554773, 0.25, 0.25, 0.5, 0.5, 0.5, 0.5, 0.9993752278130503, 0.0, 0.0, 1.0, 0.9996015848027826, 0.013107320750168048, 0.0, 0.9996306675314789, 0.999232399481931, 0.013102479791039696, 0.0, -0.01066108475025318, -0.010656837212069852, -0.00013973825736643408, -6.505213034913027e-19, 0.0, -2.7755575615628914e-17, -8.673617379884035e-19, 0.0]}, {"time": 0.1, "step_sample_count": 256, "data": [-0.002370808396694516, -0.0023708083966945156, 0.25, 0.25, 0.5, 0.5, 0.5, 0.5, 0.997503642536798, 0.0, 0.0, 1.0, 0.9984068715223033, 0.02618781273910248, 0.0, 0.99852308507149, 0.9969323095090262, 0.02614913556752306, 0.0, -0.02130096754436462, -0.0212670323663672, -0.000557825749213231, -8.673617379884035e-19, 0.0, -2.7755575615628914e-17, 0.0, 0.0]}, {"time": 0.15000000000000002, "step_sample_count": 256, "data": [-0.003543431642490049, -0.00354343164249005, 0.25, 0.25, 0.5, 0.5, 0.5, 0.5, 0.9943934195111911, 0.0, 0.0, 1.0, 0.9964174563255329, 0.039214687271171215, 0.0, 0.9966784969402693, 0.9931078526955784, 0.03908443556741362, 0.0, -0.03189847496208797, -0.03178419728238739, -0.0012508887200659569, 0.0, 0.0, -2.7755575615628914e-17, 1.734723475976807e-18, 0.0]}, {"time": 0.2, "step_sample_count": 256, "data": [-0.004700794055022419, -0.004700794055022422, 0.25, 0.25, 0.5, 0.5, 0.5, 0.5, 0.990058122753056, 0.0, 0.0, 1.0, 0.9936359969367096, 0.05216123572360098, 0.0, 0.9940989752839223, 0.9877725263600011, 0.0518534309823748, 0.0, -0.0424324906183519, -0.04216245011807364, -0.002213331145483277, -1.734723475976807e-18, 0.0, 2.7755575615628914e-17, -8.673617379884035e-19, 0.0]}, {"time": 0.25, "step_sample_count": 256, "data": [-0.005837935428561892, -0.005837935428561891, 0.25, 0.25, 0.5, 0.5, 0.5, 0.5, 0.9845166132005657, 0.0, 0.0, 1.0, 0.9900662088101679, 0.0650008694371308, 0.0, 0.9907874174952855, 0.9809451421763746, 0.06440204356456303, -1.3877787807814457e-17, -0.052881983589355516, -0.05235666500667474, -0.0034373749108679297, 0.0, 0.0, -2.7755575615628914e-17, 8.673617379884035e-18, 0.0]}, {"time": 0.30000000000000004, "step_sample_count": 256, "data": [-0.006950003304461484, -0.006950003304461484, 0.25, 0.25, 0.5, 0.5, 0.5, 0.5, 0.9777929213880296, 0.0, 0.0, 1.0, 0.9857128597800761, 0.07770715943197207, 0.0, 0.9867475426077057, 0.9726497421048048, 0.07667734861252362, 0.0, -0.06322603672900332, -0.06232271747670603, -0.004913115716352334, 1.734723475976807e-18, 0.0, 2.7755575615628914e-17, -3.469446951953614e-18, 0.0]}, {"time": 0.35000000000000003, "step_sample_count": 256, "data": [-0.008032278806010068, -0.008032278806010065, 0.25, 0.25, 0.5, 0.5, 0.5, 0.5, 0.9699160856704072, 0.0, 0.0, 1.0, 0.9805817631948381, 0.0902538758912378, 0.0, 0.9819838866663099, 0.9629154910161709, 0.08862785183437642, 0.0, -0.0734438748393438, -0.07201772428582481, -0.006628594364721491, 0.0, 0.0, 0.0, 3.469446951953614e-18, 0.0]}, {"time": 0.4, "step_sample_count": 256, "data": [-0.009080201747480528, -0.009080201747480527, 0.25, 0.25, 0.5, 0.5, 0.5, 0.5, 0.9609199574181813, 0.0, 0.0, 1.0, 0.974679769546137, 0.1026150273543436, 0.0, 0.9765017970826386, 0.9517765465418934, 0.10020375861920064, 0.0, -0.08351489265886204, -0.08140027633040997, -0.0085698829946841, 1.734723475976807e-18, 0.0, -2.7755575615628914e-17, 1.734723475976807e-18, 0.0]}, {"time": 0.45, "step_sample_count": 256, "data": [-0.01008939488095669, -0.01008939488095669, 0.25, 0.25, 0.5, 0.5, 0.5, 0.5, 0.9508429748907126, 0.0, 0.0, 1.0, 0.9680147566047557, 0.11476489956330337, 0.0, 0.9703074259797811, 0.9392719067916044, 0.11135723428809705, 0.0, -0.09341868263270703, -0.09043066333103678, -0.01072118572967859, 0.0, 0.0, 0.0, -3.469446951953614e-18, 0.0]}, {"time": 0.5, "step_sample_count": 256, "data": [-0.011055687149213147, -0.011055687149213143, 0.25, 0.25, 0.5, 0.5, 0.5, 0.5, 0.9397279077672693, 0.0, 0.0, 1.0, 0.9605956180775009, 0.12667809390534499, 0.0, 0.9634077225364699, 0.9254452366905574, 0.12204265394460953, 0.0, -0.10313506242921501, -0.09907108903965342, -0.013064953123342049, 0.0, 0.0, 2.7755575615628914e-17, -6.938893903907228e-18, 0.0]}, {"time": 0.55, "step_sample_count": 256, "data": [-0.011975135818330018, -0.011975135818330016, 0.25, 0.25, 0.5, 0.5, 0.5, 0.5, 0.927621574566864, 0.0, 0.0, 1.0, 0.9524322508016755, 0.13832956539586183, 0.0, 0.9558104243398111, 0.9103446737936713, 0.13221684059976044, 0.0, -0.11264410216740975, -0.10728587576683996, -0.01558200969722473, 0.0, 0.0, 2.7755575615628914e-17, 0.0, 0.0]}, {"time": 0.6000000000000001, "step_sample_count": 256, "data": [-0.012844047369818921, -0.01284404736981892, 0.25, 0.25, 0.5, 0.5, 0.5, 0.5, 0.9145745354185255, 0.0, 0.0, 1.0, 0.9435355404956931, 0.14969466014637975, 0.0, 0.9475240477576288, 0.8940226145336613, 0.1418392903096004, 0.0, -0.12192615132053218, -0.11504165708677797, -0.018251693784883394, 1.734723475976807e-18, 0.0, -1.3877787807814457e-17, 0.0, 0.0]}, {"time": 0.65, "step_sample_count": 256, "data": [-0.013658997038785339, -0.013658997038785339, 0.25, 0.25, 0.5, 0.5, 0.5, 0.5, 0.9006407628504142, 0.0, 0.0, 1.0, 0.9339173460865065, 0.16074915226296968, 0.0, 0.9385578773426132, 0.8765354819563985, 0.15087238313255724, 2.7755575615628914e-17, -0.13096186526106182, -0.12230755764314964, -0.021052008819493262, -6.938893903907228e-18, 0.0, 0.0, -6.938893903907228e-18, 0.0]}, {"time": 0.7000000000000001, "step_sample_count": 256, "data": [-0.014416846892018699, -0.014416846892018696, 0.25, 0.25, 0.5, 0.5, 0.5, 0.5, 0.8858772934473158, 0.0, 0.0, 1.0, 0.9235904826365997, 0.17146928012136178, 0.0, 0.928921954281707, 0.8579434760867746, 0.1592815787896129, 2.7755575615628914e-17, -0.13973223141315086, -0.12905535905076101, -0.0239597851301645, 0.0, 0.0, 0.0, 6.938893903907228e-18, 0.0]}, {"time": 0.75, "step_sample_count": 256, "data": [-0.015114762347844406, -0.015114762347844406, 0.25, 0.25, 0.5, 0.5, 0.5, 0.5, 0.8703438633797982, 0.0, 0.0, 1.0, 0.9125687028952979, 0.1818317819659253, 0.0, 0.9186270639053661, 0.8383103081526359, 0.1670355959920387, 0.0, -0.1482185949788903, -0.13525965096484946, -0.02695085124549748, 3.469446951953614e-18, 0.0, 5.551115123125783e-17, -1.3877787807814457e-17, 0.0]}, {"time": 0.8, "step_sample_count": 256, "data": [-0.015750227048050118, -0.015750227048050115, 0.25, 0.25, 0.5, 0.5, 0.5, 0.5, 0.8541025309332717, 0.0, 0.0, 1.0, 0.9008666775012026, 0.19181393078065517, 0.0, 0.907684722272518, 0.8177029199722452, 0.17410657448863892, -2.7755575615628914e-17, -0.15640268420537196, -0.1408979664723633, -0.030000213642077736, 6.938893903907228e-18, 0.0, 1.3877787807814457e-17, -3.469446951953614e-18, 0.0]}, {"time": 0.8500000000000001, "step_sample_count": 256, "data": [-0.016321056001162966, -0.016321056001162966, 0.25, 0.25, 0.5, 0.5, 0.5, 0.5, 0.8372172892601328, 0.0, 0.0, 1.0, 0.8884999738644385, 0.20139356838137235, 0.0, 0.8961071618482197, 0.7961911898818799, 0.18047021897671695, 0.0, -0.1642666351600934, -0.14595090104654224, -0.03308224382089228, 0.0, 0.0, 2.7755575615628914e-17, 0.0, 0.0]}, {"time": 0.9, "step_sample_count": 256, "data": [-0.016825406925759682, -0.016825406925759685, 0.25, 0.25, 0.5, 0.5, 0.5, 0.5, 0.8197536726423402, 0.0, 0.0, 1.0, 0.8754850337593825, 0.21054913867946515, 0.0, 0.8839073162921769, 0.7738476266442218, 0.18610592411779536, 0.0, -0.17179301598288044, -0.15040221439739826, -0.036170871546343145, 0.0, 0.0, 0.0, -6.938893903907228e-18, 0.0]}, {"time": 0.9500000000000001, "step_sample_count": 256, "data": [-0.01726178973228352, -0.017261789732283518, 0.25, 0.25, 0.5, 0.5, 0.5, 0.5, 0.8017783595844719, 0.0, 0.0, 1.0, 0.8618391496603818, 0.21925972006871625, 0.0, 0.8710988043773716, 0.7507470528347691, 0.19099687999997586, 0.0, -0.17896485058316772, -0.15423891464569453, -0.03923978304100478, 0.0, 0.0, 5.551115123125783e-17, 0.0, 0.0]}, {"time": 1.0, "step_sample_count": 256, "data": [-0.01762907409196899, -0.017629074091968986, 0.25, 0.25, 0.5, 0.5, 0.5, 0.5, 0.7833587760584543, 0.0, 0.0, 1.0, 0.8475804398547964, 0.2275050568880168, 0.0, 0.8576959130592083, 0.726966279252385, 0.1951301574931546, 2.7755575615628914e-17, -0.18576564175218468, -0.15745132434622516, -0.0422626228946697, 0.0, 0.0, 0.0, 0.0, 0.0]}, {"time": 1.05, "step_sample_count": 256, "data": [-0.01792649505188263, -0.017926495051882624, 0.25, 0.25, 0.5, 0.5, 0.5, 0.5, 0.7645627021906523, 0.0, 0.0, 1.0, 0.8327278223694822, 0.23526558991413096, 0.0, 0.8437135797166049, 0.7025837719409685, 0.19849677305059024, 0.0, -0.19217939366033998, -0.16003312798706237, -0.04521319841884003, -6.938893903907228e-18, 0.0, 2.7755575615628914e-17, 6.938893903907228e-18, 0.0]}, {"time": 1.1, "step_sample_count": 256, "data": [-0.018153656665717048, -0.018153656665717038, 0.25, 0.25, 0.5, 0.5, 0.5, 0.5, 0.7454578856203619, 0.0, 0.0, 1.0, 0.8173009877485435, 0.24252248584006533, 0.0, 0.8291673735875451, 0.6776793134419662, 0.20109173261992974, 0.0, -0.198190633710879, -0.16198140069441108, -0.048065685157780536, 3.469446951953614e-18, 0.0, 0.0, -6.938893903907228e-18, 0.0]}, {"time": 1.1500000000000001, "step_sample_count": 256, "data": [-0.018310533620771098, -0.0183105336207711, 0.25, 0.25, 0.5, 0.5, 0.5, 0.5, 0.7261116646665643, 0.0, 0.0, 1.0, 0.801320370721859, 0.24925766569608332, 0.0, 0.8140734764226139, 0.652333659921802, 0.20291405443819638, 0.0, -0.2037844337217112, -0.16329661797722567, -0.05079483225467199, 6.938893903907228e-18, 0.0, -2.7755575615628914e-17, -1.3877787807814457e-17, 0.0]}, {"time": 1.2000000000000002, "step_sample_count": 256, "data": [-0.018397470852449915, -0.018397470852449915, 0.25, 0.25, 0.5, 0.5, 0.5, 0.5, 0.7065906043180887, 0.0, 0.0, 1.0, 0.7848071208054936, 0.2554538321719373, 0.0, 0.7984486623810109, 0.6266281958342389, 0.20396677059778656, 0.0, -0.2089464304081579, -0.16398264645121197, -0.053376166366411, 3.469446951953614e-18, 0.0, 1.3877787807814457e-17, -2.0816681711721685e-17, 0.0]}, {"time": 1.25, "step_sample_count": 256, "data": [-0.018415181148566898, -0.0184151811485669, 0.25, 0.25, 0.5, 0.5, 0.5, 0.5, 0.686960147912384, 0.0, 0.0, 1.0, 0.7677830718766379, 0.2610944958004824, 0.0, 0.7823102771945427, 0.6006445877850899, 0.20425690738364466, 1.3877787807814457e-17, -0.21366284514026285, -0.1640467155876932, -0.055786192823193304, -6.938893903907228e-18, 0.0, -5.551115123125783e-17, -1.3877787807814457e-17, 0.0]}, {"time": 1.3, "step_sample_count": 256, "data": [-0.018364740756666373, -0.018364740756666373, 0.25, 0.25, 0.5, 0.5, 0.5, 0.5, 0.6672842871914406, 0.0, 0.0, 1.0, 0.7502707107672472, 0.2661639999645012, 0.0, 0.7656762166259626, 0.5744644392655379, 0.2037954444948522, 0.0, -0.21792050294923063, -0.1634993706384753, -0.05800259273924298, -3.469446951953614e-18, 0.0, -2.7755575615628914e-17, 1.3877787807814457e-17, 0.0]}, {"time": 1.35, "step_sample_count": 256, "data": [-0.01824758301844891, -0.01824758301844891, 0.25, 0.25, 0.5, 0.5, 0.5, 0.5, 0.6476252532218574, 0.0, 0.0, 1.0, 0.7322931449219306, 0.27064754469026564, 0.0, 0.7485649042489638, 0.5481689479106578, 0.20259725337628592, 0.0, -0.22170685075851781, -0.1623544069926922, -0.06000441479880422, 0.0, 0.0, -2.7755575615628914e-17, -6.938893903907228e-18, 0.0]}, {"time": 1.4000000000000001, "step_sample_count": 256, "data": [-0.018065490066114773, -0.01806549006611478, 0.25, 0.25, 0.5, 0.5, 0.5, 0.5, 0.6280432304416947, 0.0, 0.0, 1.0, 0.7138740691670185, 0.27453120919313306, 0.0, 0.7309952685779751, 0.5218385669215968, 0.20068101499717067, 0.0, -0.22500997481608206, -0.16062878632512478, -0.06177226046677545, 0.0, 0.0, -2.7755575615628914e-17, 0.0, 0.0]}, {"time": 1.4500000000000002, "step_sample_count": 256, "data": [-0.0178205826259846, -0.017820582625984595, 0.25, 0.25, 0.5, 0.5, 0.5, 0.5, 0.6085960958518376, 0.0, 0.0, 1.0, 0.6950377316390355, 0.27780197314228583, 0.0, 0.7129867195767208, 0.4955526722633615, 0.19806911752265874, 0.0, -0.227818617305323, -0.1583425349970333, -0.06328846140596617, -3.469446951953614e-18, 0.0, 2.7755575615628914e-17, 0.0, 0.0]}, {"time": 1.5, "step_sample_count": 256, "data": [-0.017515307985052637, -0.017515307985052637, 0.25, 0.25, 0.5, 0.5, 0.5, 0.5, 0.5893391851066245, 0.0, 0.0, 1.0, 0.6758088989220036, 0.28044773661358, 0.0, 0.6945591245753154, 0.4693892372154747, 0.19478753443145674, 0.0, -0.23012219211328377, -0.1555186252695962, -0.06453724792272575, 3.469446951953614e-18, 0.0, 2.7755575615628914e-17, 1.3877787807814457e-17, 0.0]}, {"time": 1.55, "step_sample_count": 256, "data": [-0.017152426186122508, -0.017152426186122508, 0.25, 0.25, 0.5, 0.5, 0.5, 0.5, 0.5703250869801195, 0.0, 0.0, 1.0, 0.6562128204441607, 0.28245733870137907, 0.0, 0.6757327836263861, 0.443424515810055, 0.1908656837363839, 0.0, -0.23191079973576365, -0.15218283998606638, -0.06550490730947214, 6.938893903907228e-18, 0.0, 2.7755575615628914e-17, 0.0, 0.0]}, {"time": 1.6, "step_sample_count": 256, "data": [-0.016734994526811563, -0.016734994526811563, 0.25, 0.25, 0.5, 0.5, 0.5, 0.5, 0.5516034673934307, 0.0, 0.0, 1.0, 0.6362751921857495, 0.2838205747621955, 0.0, 0.6565284043314513, 0.41773273664139754, 0.18633626906505946, 0.0, -0.23317524130008763, -0.14836362147117174, -0.06617993100610439, 0.0, 0.0, 0.0, -1.3877787807814457e-17, 0.0]}, {"time": 1.6500000000000001, "step_sample_count": 256, "data": [-0.0162663504469374, -0.0162663504469374, 0.25, 0.25, 0.5, 0.5, 0.5, 0.5, 0.5332209238878227, 0.0, 0.0, 1.0, 0.6160221197505367, 0.28452821226494995, 0.0, 0.6369670761694209, 0.392385808473188, 0.18123510345411747, 0.0, -0.23390703168740368, -0.1440919054846303, -0.06655314956221808, 6.938893903907228e-18, 0.0, 0.0, 0.0, 0.0]}, {"time": 1.7000000000000002, "step_sample_count": 256, "data": [-0.015750092897567236, -0.015750092897567236, 0.25, 0.25, 0.5, 0.5, 0.5, 0.5, 0.51522087112107, 0.0, 0.0, 1.0, 0.5954800808546326, 0.28457200522468423, 0.0, 0.6170702443597521, 0.3674530390043333, 0.17560091680194068, 0.0, -0.234098411737528, -0.13940094114940424, -0.06661785444806217, -6.938893903907228e-18, 0.0, 0.0, 0.0, 0.0]}, {"time": 1.75, "step_sample_count": 256, "data": [-0.015190062293270487, -0.015190062293270482, 0.25, 0.25, 0.5, 0.5, 0.5, 0.5, 0.497643457653603, 0.0, 0.0, 1.0, 0.5746758872870397, 0.28394470719861564, 0.0, 0.5968596832933457, 0.3430008680824651, 0.16947514801138752, 0.0, -0.23374235952052175, -0.13432609785402205, -0.06636990583396807, -6.938893903907228e-18, 0.0, -1.3877787807814457e-16, -1.3877787807814457e-17, 0.0]}, {"time": 1.8, "step_sample_count": 256, "data": [-0.014590319156822186, -0.014590319156822181, 0.25, 0.25, 0.5, 0.5, 0.5, 0.5, 0.4805255139796503, 0.0, 0.0, 1.0, 0.55363664639711, 0.2826400828255225, 0.0, 0.5763574695648358, 0.31909261657579985, 0.16290172293491367, 2.7755575615628914e-17, -0.2328326006603798, -0.12890466020153, -0.06580782553513151, 0.0, 0.0, 0.0, 1.3877787807814457e-17, 0.0]}, {"time": 1.85, "step_sample_count": 256, "data": [-0.013955121572718101, -0.013955121572718096, 0.25, 0.25, 0.5, 0.5, 0.5, 0.5, 0.4639005314498573, 0.0, 0.0, 1.0, 0.5323897221647905, 0.28065291789154884, 0.0, 0.5555859546404224, 0.2957882520296746, 0.15592681930939617, 0.0, -0.23136361769741154, -0.1231756121449657, -0.06493287440072329, 3.469446951953614e-18, 0.0, 0.0, 0.0, 0.0]}, {"time": 1.9000000000000001, "step_sample_count": 256, "data": [-0.013288901572341319, -0.013288901572341319, 0.25, 0.25, 0.5, 0.5, 0.5, 0.5, 0.44779867142886065, 0.0, 0.0, 1.0, 0.5109626959101349, 0.27797902790767437, 0.0, 0.5345677371958552, 0.2731441721441745, 0.1485986199365091, 0.0, -0.22933065847712353, -0.11717941151031733, -0.06374911351289766, -1.3877787807814457e-17, 0.0, 0.0, -1.3877787807814457e-17, 0.0]}, {"time": 1.9500000000000002, "step_sample_count": 256, "data": [-0.012596240579432611, -0.012596240579432611, 0.25, 0.25, 0.5, 0.5, 0.5, 0.5, 0.4322468037370131, 0.0, 0.0, 1.0, 0.4893833266990652, 0.27461526518624674, 0.0, 0.5133256351595906, 0.25121300701431104, 0.14096705542624954, 0.0, -0.22672974355465444, -0.11095775616240255, -0.06226344865187117, 6.938893903907228e-18, 0.0, -1.3877787807814457e-17, -1.3877787807814457e-17, 0.0]}, {"time": 2.0, "step_sample_count": 256, "data": [-0.011881844049627159, -0.011881844049627159, 0.25, 0.25, 0.5, 0.5, 0.5, 0.5, 0.4172685731428336, 0.0, 0.0, 1.0, 0.4676795115028494, 0.27055952440615516, 0.0, 0.4918826574965173, 0.23004344097469479, 0.13308353787589353, 0.0, -0.22355767260506273, -0.1045533431166496, -0.0604856575773727, 0.0, 0.0, 1.3877787807814457e-17, 0.0, 0.0]}, {"time": 2.0500000000000003, "step_sample_count": 256, "data": [-0.011150515442204852, -0.011150515442204858, 0.25, 0.25, 0.5, 0.5, 0.5, 0.5, 0.40288449240456803, 0.0, 0.0, 1.0, 0.4458792451690615, 0.26581074665842924, 0.0, 0.47026197576797735, 0.2096800547871372, 0.12500068690395413, 0.0, -0.21981202983103934, -0.09800962194014304, -0.058428399773893525, 6.938893903907228e-18, 0.0, 0.0, 0.0, 0.0]}, {"time": 2.1, "step_sample_count": 256, "data": [-0.010407129665832727, -0.010407129665832723, 0.25, 0.25, 0.5, 0.5, 0.5, 0.5, 0.3891120601081567, 0.0, 0.0, 1.0, 0.4240105802621076, 0.2603689219662407, 0.0, 0.44848689550407395, 0.1901631888026334, 0.11677204949838167, 0.0, -0.21549118836089187, -0.09137054381827275, -0.05610720840674954, 0.0, 0.0, -6.938893903907228e-18, 3.469446951953614e-17, 0.0]}, {"time": 2.15, "step_sample_count": 256, "data": [-0.009656606142938874, -0.00965660614293887, 0.25, 0.25, 0.5, 0.5, 0.5, 0.5, 0.37596590131739915, 0.0, 0.0, 1.0, 0.4021015868315689, 0.25423509027551416, 0.0, 0.42658082742451076, 0.17152882761931962, 0.10845181517007402, 6.938893903907228e-18, -0.21059431363093362, -0.08468030768870347, -0.05354046433747038, -6.938893903907228e-18, 0.0, -2.0816681711721685e-17, 6.938893903907228e-18, 0.0]}, {"time": 2.2, "step_sample_count": 256, "data": [-0.008903881639431226, -0.008903881639431229, 0.25, 0.25, 0.5, 0.5, 0.5, 0.5, 0.36345792884241973, 0.0, 0.0, 1.0, 0.38018031216671755, 0.2474113409145675, 0.0, 0.4045672585443887, 0.15380850664583876, 0.10009452792659762, -1.3877787807814457e-17, -0.20512136574770798, -0.07798310486202699, -0.050749352149867935, 6.938893903907228e-18, 0.0, 1.3877787807814457e-17, 6.938893903907228e-18, 0.0]}, {"time": 2.25, "step_sample_count": 256, "data": [-0.008153883007749316, -0.00815388300774932, 0.25, 0.25, 0.5, 0.5, 0.5, 0.5, 0.3515975227467609, 0.0, 0.0, 1.0, 0.35827474059558195, 0.23990081052343062, 0.0, 0.3824697232015147, 0.13702924086568669, 0.09175479659671568, -1.3877787807814457e-17, -0.19907310082677432, -0.07132286355827062, -0.04775779824175583, 0.0, 0.0, 2.0816681711721685e-17, 6.938893903907228e-18, 0.0]}, {"time": 2.3000000000000003, "step_sample_count": 256, "data": [-0.007411499991707832, -0.007411499991707843, 0.25, 0.25, 0.5, 0.5, 0.5, 0.5, 0.3403917255533454, 0.0, 0.0, 1.0, 0.33641275338687043, 0.23170767945571533, 0.0, 0.36031177404190734, 0.12121347598314607, 0.08348700504382235, 0.0, -0.19245107130608902, -0.0647429947903343, -0.044592391141100335, 0.0, 0.0, 1.3877787807814457e-17, 0.0, 0.0]}, {"time": 2.35, "step_sample_count": 256, "data": [-0.006681558241253391, -0.006681558241253394, 0.25, 0.25, 0.5, 0.5, 0.5, 0.5, 0.329845450476702, 0.0, 0.0, 1.0, 0.31462208881291825, 0.2228371666581212, 0.0, 0.33811695300019157, 0.10637906201597952, 0.07534502380563977, -2.0816681711721685e-17, -0.18525762523332062, -0.05828614101942803, -0.04128228430880527, 1.0408340855860843e-17, 0.0, 6.938893903907228e-18, 1.3877787807814457e-17, 0.0]}, {"time": 2.4000000000000004, "step_sample_count": 256, "data": [-0.005968792684111858, -0.005968792684111858, 0.25, 0.25, 0.5, 0.5, 0.5, 0.5, 0.3199616999045156, 0.0, 0.0, 1.0, 0.2929303024315686, 0.21329552303488894, 0.0, 0.3159087623116114, 0.09253924928472293, 0.06738192468855951, -1.3877787807814457e-17, -0.17749590452774677, -0.0519939289936777, -0.03785908179279648, 0.0, 0.0, -6.938893903907228e-18, -2.0816681711721685e-17, 0.0]}, {"time": 2.45, "step_sample_count": 256, "data": [-0.0052778213993612925, -0.005277821399361288, 0.25, 0.25, 0.5, 0.5, 0.5, 0.5, 0.3107417912767152, 0.0, 0.0, 1.0, 0.27136472764460834, 0.20309002330669473, 0.0, 0.2937106355923305, 0.07970270663383766, 0.05964969982787051, -1.3877787807814457e-17, -0.16916984221868714, -0.04590672815935535, -0.034356707198983046, 0.0, 0.0, 0.0, 6.938893903907228e-18, 0.0]}, {"time": 2.5, "step_sample_count": 256, "data": [-0.004613120135232601, -0.0046131201352325995, 0.25, 0.25, 0.5, 0.5, 0.5, 0.5, 0.3021855874656256, 0.0, 0.0, 1.0, 0.24995243658994148, 0.19222895637568355, 0.0, 0.2715459090245951, 0.06787356160672811, 0.05219898669988417, -1.3877787807814457e-17, -0.16028415866372916, -0.04006341600476787, -0.030811256543483125, -6.938893903907228e-18, 0.0, -3.469446951953614e-18, 2.7755575615628914e-17, 0.0]}, {"time": 2.5500000000000003, "step_sample_count": 256, "data": [-0.003978997609934084, -0.003978997609934086, 0.25, 0.25, 0.5, 0.5, 0.5, 0.5, 0.2942917287465723, 0.0, 0.0, 1.0, 0.22872020142422825, 0.18072161421050137, 0.0, 0.24943779268321162, 0.0570514621853191, 0.04507880053881448, 0.0, -0.150844356751308, -0.03450115165986724, -0.02726083564664117, -6.938893903907228e-18, 0.0, 6.938893903907228e-18, 6.938893903907228e-18, 0.0]}, {"time": 2.6, "step_sample_count": 256, "data": [-0.0033795717300340172, -0.0033795717300340155, 0.25, 0.25, 0.5, 0.5, 0.5, 0.5, 0.28705786346478157, 0.0, 0.0, 1.0, 0.20769445605212944, 0.1685782792673374, 0.0, 0.22740934203959906, 0.04723165959608723, 0.03833627557035303, 0.0, -0.14085671609349326, -0.029255159030327313, -0.023745382822289024, -6.938893903907228e-18, 0.0, 0.0, 6.938893903907228e-18, 0.0]}, {"time": 2.6500000000000004, "step_sample_count": 256, "data": [-0.0028187468559418365, -0.0028187468559418335, 0.25, 0.25, 0.5, 0.5, 0.5, 0.5, 0.2804808745512415, 0.0, 0.0, 1.0, 0.18690125835765053, 0.15581021046511598, 0.0, 0.2054834296794401, 0.03840511157873318, 0.03201641642544746, -3.122502256758253e-17, -0.13032828621612236, -0.024358520693389247, -0.0203064777048919, -3.469446951953614e-18, 0.0, 6.938893903907228e-18, 0.0, 0.0]}, {"time": 2.7, "step_sample_count": 256, "data": [-0.002300192238330224, -0.002300192238330218, 0.25, 0.25, 0.5, 0.5, 0.5, 0.5, 0.27455709911680937, 0.0, 0.0, 1.0, 0.16636625299235427, 0.1424296277350796, 0.0, 0.18368271726969979, 0.03055860541161401, 0.026161861042091214, -6.938893903907228e-18, -0.11926687875470249, -0.01984198372451324, -0.01698713714215714, 3.469446951953614e-18, 0.0, 6.938893903907228e-18, 0.0, 0.0]}, {"time": 2.75, "step_sample_count": 256, "data": [-0.0018273217429676473, -0.0018273217429676473, 0.25, 0.25, 0.5, 0.5, 0.5, 0.5, 0.26928253845942807, 0.0, 0.0, 1.0, 0.14611463477439263, 0.12844969516707352, 0.0, 0.16202962781043623, 0.02367489989015268, 0.020812656300284935, 2.0816681711721685e-17, -0.10768105866576409, -0.01573377855906801, -0.013831599160885149, 3.469446951953614e-18, 0.0, 1.734723475976807e-17, 2.0816681711721685e-17, 0.0]}, {"time": 2.8000000000000003, "step_sample_count": 256, "data": [-0.0014032749744198943, -0.001403274974419888, 0.25, 0.25, 0.5, 0.5, 0.5, 0.5, 0.2646530559526985, 0.0, 0.0, 1.0, 0.12617111275142479, 0.11388450277688424, 0.0, 0.14054631820648164, 0.017732885361227614, 0.01600604756606696, 0.0, -0.09558013446461201, -0.012059451922330837, -0.010885096088850086, 3.469446951953614e-18, 0.0, 6.938893903907228e-18, 3.469446951953614e-18, 0.0]}, {"time": 2.85, "step_sample_count": 256, "data": [-0.0010308999014662684, -0.0010308999014662628, 0.25, 0.25, 0.5, 0.5, 0.5, 0.5, 0.26066456044381486, 0.0, 0.0, 1.0, 0.10655987497952524, 0.0987490469209844, 0.0, 0.11925465219365007, 0.012707760828482172, 0.011776283245016509, 6.938893903907228e-18, -0.0829741475016546, -0.008841714784308983, -0.00819361798486952, -6.938893903907228e-18, 0.0, 0.0, -1.0408340855860843e-17, 0.0]}, {"time": 2.9000000000000004, "step_sample_count": 256, "data": [-0.0007127370789043164, -0.0007127370789043151, 0.25, 0.25, 0.5, 0.5, 0.5, 0.5, 0.2573131729733198, 0.0, 0.0, 1.0, 0.08730455406913273, 0.08305920938700645, 0.0, 0.0981761736536792, 0.008571227061048231, 0.008154435364316063, -1.3877787807814457e-17, -0.06987386029072214, -0.006100306213770298, -0.0058036675925655316, -1.3877787807814457e-17, 0.0, 0.0, -3.469446951953614e-18, 0.0]}, {"time": 2.95, "step_sample_count": 256, "data": [-0.0004510055517294091, -0.00045100555172940954, 0.25, 0.25, 0.5, 0.5, 0.5, 0.5, 0.2545953748363309, 0.0, 0.0, 1.0, 0.06842819354799196, 0.0668317351901886, 0.0, 0.07733208035161146, 0.005291694561768947, 0.0051682371157653955, 3.469446951953614e-18, -0.056290743903992295, -0.003851873918822823, -0.003762008090250389, -1.734723475976807e-18, 0.0, 0.0, -3.469446951953614e-18, 0.0]}, {"time": 3.0, "step_sample_count": 256, "data": [-0.0002475905185206802, -0.00024759051852067497, 0.25, 0.25, 0.5, 0.5, 0.5, 0.5, 0.2525081352326569, 0.0, 0.0, 1.0, 0.049953215089837404, 0.05008420910791857, 0.0, 0.05674319812879008, 0.002834505181012753, 0.002841938200534428, 1.3877787807814457e-17, -0.042236964449332115, -0.0021098721698792518, -0.0021154049595640046, 6.938893903907228e-18, 0.0, -8.673617379884035e-18, 6.938893903907228e-18, 0.0]}, {"time": 3.0500000000000003, "step_sample_count": 256, "data": [-0.00010403282129154041, -0.00010403282129154388, 0.25, 0.25, 0.5, 0.5, 0.5, 0.5, 0.2510490169991828, 0.0, 0.0, 1.0, 0.031901386656318476, 0.032835030986333, 0.0, 0.03642995558404399, 0.0011621660989591456, 0.0011961787204328783, -6.938893903907228e-18, -0.027725368647034468, -0.0008844777053979716, -0.000910363338632876, 0.0, 0.0, 0.0, 0.0, 0.0]}, {"time": 3.1, "step_sample_count": 256, "data": [-2.152031912356473e-05, -2.1520319123564946e-05, 0.25, 0.25, 0.5, 0.5, 0.5, 0.5, 0.25021625917949575, 0.0, 0.0, 1.0, 0.014293791598335243, 0.015103389854718943, 0.0, 0.016412359275033636, 0.00023459484311441061, 0.0002478822605666139, 1.0408340855860843e-17, -0.012769468524080427, -0.00018252412190467113, -0.00019286226135665227, -3.469446951953614e-18, 0.0, -1.0408340855860843e-17, 3.469446951953614e-18, 0.0]}, {"time": 3.1500000000000004, "step_sample_count": 256, "data": [-8.811926518710123e-07, -8.811926518782764e-07, 0.25, 0.25, 0.5, 0.5, 0.5, 0.5, 0.2500088354602285, 0.0, 0.0, 1.0, -0.0028492012384435123, -0.0030907631148103824, 0.0, -0.0032900305289529364, 9.373959057664577e-06, 1.0168705005520178e-05, -6.938893903907228e-18, 0.002616574754823191, -7.455148031854531e-06, -8.087212739297362e-06, 2.6020852139652106e-18, 0.0, -5.204170427930421e-18, -8.673617379884035e-19, 0.0]}, {"time": 3.2, "step_sample_count": 256, "data": [-4.257921596253464e-05, -4.2579215962542175e-05, 0.25, 0.25, 0.5, 0.5, 0.5, 0.5, 0.2504264877881611, 0.0, 0.0, 1.0, -0.0195079663605637, -0.021726742763207352, 0.0, -0.022658123512158807, 0.000442013911268689, 0.000492287221045689, -1.3010426069826053e-18, 0.018417967899071342, -0.00035929709820496457, -0.000400162450764128, -9.540979117872439e-18, 0.0, -1.734723475976807e-18, -4.336808689942018e-19, 0.0]}, {"time": 3.25, "step_sample_count": 256, "data": [-0.00014671102175642397, -0.00014671102175642294, 0.25, 0.25, 0.5, 0.5, 0.5, 0.5, 0.2514697347737959, 0.0, 0.0, 1.0, -0.03566364938447998, -0.04078315917517629, 0.0, -0.04167332236562271, 0.00148622275753402, 0.0016995697393956816, 3.469446951953614e-18, 0.03461930332542495, -0.00123465069573287, -0.001411884558054449, 1.0408340855860843e-17, 0.0, -3.469446951953614e-18, 1.734723475976807e-18, 0.0]}, {"time": 3.3000000000000003, "step_sample_count": 256, "data": [-0.0003130053747869929, -0.00031300537478700513, 0.25, 0.25, 0.5, 0.5, 0.5, 0.5, 0.2531398547828797, 0.0, 0.0, 1.0, -0.05129819366475312, -0.06023794794231491, 0.0, -0.0603175451994824, 0.0030941811150255612, 0.003633405147734723, 3.469446951953614e-18, 0.05120457779023235, -0.0026267023480052096, -0.0030844586913361927, 0.0, 0.0, -3.469446951953614e-18, 1.734723475976807e-18, 0.0]}, {"time": 3.35, "step_sample_count": 256, "data": [-0.0005408244576506507, -0.0005408244576506419, 0.25, 0.25, 0.5, 0.5, 0.5, 0.5, 0.2554388439141284, 0.0, 0.0, 1.0, -0.06639436575418206, -0.0800684014148706, 0.0, -0.0785732472860655, 0.0052168209188048825, 0.006291234304170651, 3.469446951953614e-18, 0.06815721179710758, -0.0045252548488423526, -0.005457238993489028, 6.938893903907228e-18, 0.0, 0.0, 0.0, 0.0]}, {"time": 3.4000000000000004, "step_sample_count": 256, "data": [-0.0008291671620575764, -0.0008291671620575831, 0.25, 0.25, 0.5, 0.5, 0.5, 0.5, 0.2583693493561342, 0.0, 0.0, 1.0, -0.08093577965900509, -0.1002512008968397, 0.0, -0.09642344210637516, 0.007804106464284456, 0.009666565865771115, -1.0408340855860843e-17, 0.0854600697555769, -0.006916777375380512, -0.00856747462172421, -1.9081958235744878e-17, 0.0, 6.938893903907228e-18, 0.0, 0.0]}, {"time": 3.45, "step_sample_count": 256, "data": [-0.0011766743677970658, -0.0011766743677970645, 0.25, 0.25, 0.5, 0.5, 0.5, 0.5, 0.2619345789060532, 0.0, 0.0, 1.0, -0.09490691985404975, -0.1207624497377585, 0.0, -0.11385172167345892, 0.01080531622410854, 0.0137490128161484, -8.673617379884035e-18, 0.1030954808652491, -0.00978447453979284, -0.012450062826179671, -1.3877787807814457e-17, 0.0, 1.0408340855860843e-17, 5.204170427930421e-18, 0.0]}, {"time": 3.5, "step_sample_count": 256, "data": [-0.0015816361807944432, -0.001581636180794442, 0.25, 0.25, 0.5, 0.5, 0.5, 0.5, 0.26613818771417963, 0.0, 0.0, 1.0, -0.10829316302452005, -0.14157770727323743, 0.0, -0.13084227610708069, 0.0141693239369634, 0.018524349465652457, -3.469446951953614e-18, 0.12104526069912992, -0.013108374150236341, -0.017137310486074038, -6.938893903907228e-18, 0.0, 1.734723475976807e-17, 3.469446951953614e-18, 0.0]}, {"time": 3.5500000000000003, "step_sample_count": 256, "data": [-0.002042001090995386, -0.00204200109099539, 0.25, 0.25, 0.5, 0.5, 0.5, 0.5, 0.27098414358898426, 0.0, 0.0, 1.0, -0.12108079850295307, -0.1626720235650536, 0.0, -0.1473799124350629, 0.01784487748093274, 0.02397458858865214, -3.469446951953614e-18, 0.13929073345881737, -0.01686543323125555, -0.022658705475606264, -2.7755575615628914e-17, 0.0, 0.0, -6.938893903907228e-18, 0.0]}, {"time": 3.6, "step_sample_count": 256, "data": [-0.002555387000365261, -0.0025553870003652644, 0.25, 0.25, 0.5, 0.5, 0.5, 0.5, 0.27647657245382784, 0.0, 0.0, 1.0, -0.13325704737177713, -0.18401997489045166, 0.0, -0.16345007259765557, 0.02178087406706623, 0.03007807825526322, 0.0, 0.15781275487345015, -0.021029661752042003, -0.02904069918920518, 0.0, 0.0, -3.469446951953614e-18, -6.938893903907228e-18, 0.0]}, {"time": 3.6500000000000004, "step_sample_count": 256, "data": [-0.003119094061113786, -0.0031190940611137852, 0.25, 0.25, 0.5, 0.5, 0.5, 0.5, 0.2826195857866829, 0.0, 0.0, 1.0, -0.14481008020384745, -0.20559569992922114, 0.0, -0.17903885063230635, 0.02592663031966899, 0.03680961781027245, -6.938893903907228e-18, 0.17659173571346368, -0.025572263412003318, -0.036306501505725584, 6.938893903907228e-18, 0.0, 6.938893903907228e-18, 3.469446951953614e-18, 0.0]}, {"time": 3.7, "step_sample_count": 256, "data": [-0.003730119254403491, -0.0037301192544034823, 0.25, 0.25, 0.5, 0.5, 0.5, 0.5, 0.2894170920952967, 0.0, 0.0, 1.0, -0.15572903341530328, -0.22737293659609395, 0.0, -0.1941330090172468, 0.03023214584826014, 0.044140592350487395, 0.0, 0.19560766588941658, -0.03046179273758237, -0.04447588941398418, 0.0, 0.0, 2.7755575615628914e-17, -3.469446951953614e-18, 0.0]}, {"time": 3.75, "step_sample_count": 256, "data": [-0.004385172630327852, -0.004385172630327845, 0.25, 0.25, 0.5, 0.5, 0.5, 0.5, 0.2968725946800093, 0.0, 0.0, 1.0, -0.166004024207117, -0.24932505946507377, 0.0, -0.20871999415338577, 0.03464835896194797, 0.05203912495384285, -3.469446951953614e-18, 0.21484013910540609, -0.0356643276527142, -0.053565030457940005, 0.0, 0.0, 3.469446951953614e-18, -3.469446951953614e-18, 0.0]}, {"time": 3.8000000000000003, "step_sample_count": 256, "data": [-0.005080695120903638, -0.005080695120903644, 0.25, 0.25, 0.5, 0.5, 0.5, 0.5, 0.30498897811278924, 0.0, 0.0, 1.0, -0.1756261640737552, -0.27142511773144745, 0.0, -0.22278795096509868, 0.03912739322985212, 0.060470245819849985, 0.0, 0.2342683780358854, -0.04114365659822286, -0.06358632208914536, 6.938893903907228e-18, 0.0, 0.0, 1.3877787807814457e-17, 0.0]}, {"time": 3.85, "step_sample_count": 256, "data": [-0.00581287782926034, -0.00581287782926034, 0.25, 0.25, 0.5, 0.5, 0.5, 0.5, 0.31376828601211787, 0.0, 0.0, 1.0, -0.1845875708594464, -0.29364587365644185, 0.0, -0.2363257366016196, 0.04362279365086232, 0.06939607739188483, 0.0, 0.25387125999401366, -0.04686147919332194, -0.07454824793720362, 6.938893903907228e-18, 0.0, 6.938893903907228e-18, -1.3877787807814457e-17, 0.0]}, {"time": 3.9000000000000004, "step_sample_count": 256, "data": [-0.006577682690174723, -0.006577682690174727, 0.25, 0.25, 0.5, 0.5, 0.5, 0.5, 0.3232114928175303, 0.0, 0.0, 1.0, -0.1928813793446724, -0.315959841438792, 0.0, -0.24932293322189888, 0.04808975126209946, 0.07877603444784578, -6.938893903907228e-18, 0.2736273430590565, -0.052777619355648696, -0.08645525192625741, 2.0816681711721685e-17, 0.0, 6.938893903907228e-18, 1.3877787807814457e-17, 0.0]}, {"time": 3.95, "step_sample_count": 256, "data": [-0.007370864389634231, -0.007370864389634221, 0.25, 0.25, 0.5, 0.5, 0.5, 0.5, 0.3333182723635741, 0.0, 0.0, 1.0, -0.20050175034762485, -0.3383393264568647, 0.0, -0.2617698598469453, 0.05248531508756499, 0.08856703806732347, -1.3877787807814457e-17, 0.2935148926297552, -0.05885024972536111, -0.09930763107741036, -1.3877787807814457e-17, 0.0, 6.938893903907228e-18, -1.3877787807814457e-17, 0.0]}, {"time": 4.0, "step_sample_count": 256, "data": [-0.008187993424259094, -0.0081879934242591, 0.25, 0.25, 0.5, 0.5, 0.5, 0.5, 0.3440867661196263, 0.0, 0.0, 1.0, -0.2074438783275357, -0.360756464824436, 0.0, -0.27365758326487183, 0.05676859040620554, 0.09872374231103406, -3.469446951953614e-17, 0.3135119083700389, -0.06503612617414789, -0.11310144774393774, -6.938893903907228e-18, 0.0, 6.938893903907228e-18, -6.938893903907228e-18, 0.0]}, {"time": 4.05, "step_sample_count": 256, "data": [-0.009024480175208158, -0.00902448017520815, 0.25, 0.25, 0.5, 0.5, 0.5, 0.5, 0.3555133539986661, 0.0, 0.0, 1.0, -0.21370399747895863, -0.3831832632027733, 0.0, -0.28497792797505844, 0.060900922401540755, 0.10919877238224793, -6.938893903907228e-18, 0.3335961515129565, -0.0712908311219152, -0.1278284619286213, 0.0, 0.0, -1.3877787807814457e-17, -1.3877787807814457e-17, 0.0]}, {"time": 4.1000000000000005, "step_sample_count": 256, "data": [-0.009875599865669792, -0.009875599865669795, 0.25, 0.25, 0.5, 0.5, 0.5, 0.5, 0.3675924306442794, 0.0, 0.0, 1.0, -0.21927938630827995, -0.40559163881129223, 0.0, -0.29572348515908065, 0.06484606434262886, 0.1199429729806584, -2.7755575615628914e-17, 0.3537451724882371, -0.0775690243327373, -0.14347608423108738, 0.0, 0.0, -6.938893903907228e-18, 0.0, 0.0]}, {"time": 4.15, "step_sample_count": 256, "data": [-0.01073651826622847, -0.010736518266228475, 0.25, 0.25, 0.5, 0.5, 0.5, 0.5, 0.38031619008073514, 0.0, 0.0, 1.0, -0.2241683706859343, -0.4279534595787682, 0.0, -0.30588762066728603, 0.06857032953798262, 0.1309056655068831, 0.0, 0.37393633883848343, -0.08382469981768637, -0.1600273498681475, 1.3877787807814457e-17, 0.0, 6.938893903907228e-18, -1.3877787807814457e-17, 0.0]}, {"time": 4.2, "step_sample_count": 256, "data": [-0.011602318008324355, -0.011602318008324354, 0.25, 0.25, 0.5, 0.5, 0.5, 0.5, 0.39367442155609134, 0.0, 0.0, 1.0, -0.22837032537002394, -0.4502405843768861, 0.0, -0.3154644820111568, 0.0720427263995739, 0.1420349127308549, -2.7755575615628914e-17, 0.39414686338861404, -0.09001144743563215, -0.1774609141024061, -6.938893903907228e-18, 0.0, -6.938893903907228e-18, 1.3877787807814457e-17, 0.0]}, {"time": 4.25, "step_sample_count": 256, "data": [-0.012468025362710768, -0.012468025362710768, 0.25, 0.25, 0.5, 0.5, 0.5, 0.5, 0.4076543193234269, 0.0, 0.0, 1.0, -0.23188567399925317, -0.4724249032777757, 0.0, -0.32444900435285967, 0.07523507605274951, 0.15327778949997037, 0.0, 0.4143538326328616, -0.09608271775424507, -0.19575106930435526, 0.0, 0.0, 6.938893903907228e-18, 4.163336342344337e-17, 0.0]}, {"time": 4.3, "step_sample_count": 256, "data": [-0.01332863733728048, -0.013328637337280475, 0.25, 0.25, 0.5, 0.5, 0.5, 0.5, 0.4222403089912588, 0.0, 0.0, 1.0, -0.23471588755531975, -0.49447837777715886, 0.0, -0.3328369154846685, 0.07812211202915884, 0.16458065803321242, 0.0, 0.43453423530334634, -0.10199208871239722, -0.21486778376143686, 0.0, 0.0, 1.3877787807814457e-17, 0.0, 0.0]}, {"time": 4.3500000000000005, "step_sample_count": 256, "data": [-0.014179148946889623, -0.014179148946889613, 0.25, 0.25, 0.5, 0.5, 0.5, 0.5, 0.437413892932032, 0.0, 0.0, 1.0, -0.23686348129712595, -0.5163730809247711, 0.0, -0.3406247397922239, 0.08068156168311374, 0.1758894463257092, 0.0, 0.45466499108400044, -0.10769353261208306, -0.2347767622346789, 0.0, 0.0, 6.938893903907228e-18, 0.0, 0.0]}, {"time": 4.4, "step_sample_count": 256, "data": [-0.015014580506868, -0.015014580506867992, 0.25, 0.25, 0.5, 0.5, 0.5, 0.5, 0.4531535170686659, 0.0, 0.0, 1.0, -0.23833201017139388, -0.5380812373038597, 0.0, -0.3478098011968917, 0.082894209076568, 0.18714992817443316, 0.0, 0.4747229794334471, -0.11314168196292676, -0.25543952815012394, 0.0, 0.0, -6.938893903907228e-18, 0.0, 0.0]}, {"time": 4.45, "step_sample_count": 256, "data": [-0.01583000480177105, -0.015830004801771054, 0.25, 0.25, 0.5, 0.5, 0.5, 0.5, 0.46943446116510545, 0.0, 0.0, 1.0, -0.23912606270648154, -0.5595752628017817, 0.0, -0.35439022507378426, 0.08474393918355783, 0.19830800333004528, -2.7755575615628914e-17, 0.4946850684802798, -0.11829209270537562, -0.27681352719896984, 0.0, 0.0, -6.938893903907228e-18, 0.0, 0.0]}, {"time": 4.5, "step_sample_count": 256, "data": [-0.016620573981602913, -0.016620573981602917, 0.25, 0.25, 0.5, 0.5, 0.5, 0.5, 0.48622875452956127, 0.0, 0.0, 1.0, -0.23925125339840278, -0.5808278041140102, 0.0, -0.3603649391433066, 0.08621776337087514, 0.20930997628228587, -6.938893903907228e-18, 0.5145281439540997, -0.1231015033497724, -0.2988522520077173, 0.0, 0.0, 6.938893903907228e-18, 0.0, 0.0]}, {"time": 4.55, "step_sample_count": 256, "data": [-0.017381546039217904, -0.017381546039217908, 0.25, 0.25, 0.5, 0.5, 0.5, 0.5, 0.5035051188007703, 0.0, 0.0, 1.0, -0.23871421360024137, -0.6018117779242732, 0.0, -0.365733673335404, 0.08730582621738829, 0.22010283219675494, -1.3877787807814457e-17, 0.5342291381156116, -0.12752808858760295, -0.3215053874283081, 0.0, 0.0, 6.938893903907228e-18, 0.0, 0.0]}, {"time": 4.6000000000000005, "step_sample_count": 256, "data": [-0.01810831072488177, -0.01810831072488177, 0.25, 0.25, 0.5, 0.5, 0.5, 0.5, 0.5212289392304745, 0.0, 0.0, 1.0, -0.23752258092832731, -0.6225004097039771, 0.0, -0.37049695862698906, 0.0880013938391782, 0.23063450853937817, 0.0, 0.5537650586490842, -0.13153170595825722, -0.3447189758888019, 0.0, 0.0, 0.0, -2.7755575615628914e-17, 0.0]}, {"time": 4.65, "step_sample_count": 256, "data": [-0.018796414757031123, -0.01879641475703112, 0.25, 0.25, 0.5, 0.5, 0.5, 0.5, 0.5393622656019843, 0.0, 0.0, 1.0, -0.23568498720069847, -0.6428672720746568, 0.0, -0.37465612485433863, 0.08830082399095777, 0.2408541609511706, 0.0, 0.5731130174805267, -0.13507413418945158, -0.36843560213818116, 1.3877787807814457e-17, 0.0, 0.0, 2.7755575615628914e-17, 0.0]}, {"time": 4.7, "step_sample_count": 256, "data": [-0.019441586192093536, -0.019441586192093536, 0.25, 0.25, 0.5, 0.5, 0.5, 0.5, 0.5578638436378158, 0.0, 0.0, 1.0, -0.2332110449254977, -0.662886322677812, 0.0, -0.37821329750355026, 0.088203518315521, 0.25071242196997756, 0.0, 0.5922502594849969, -0.1381193018718932, -0.39259459661498913, 0.0, 0.0, 1.3877787807814457e-17, -2.7755575615628914e-17, 0.0]}, {"time": 4.75, "step_sample_count": 256, "data": [-0.020039757820801248, -0.020039757820801248, 0.25, 0.25, 0.5, 0.5, 0.5, 0.5, 0.5766891774518543, 0.0, 0.0, 1.0, -0.23011133235907183, -0.6825319414971877, 0.0, -0.38117139348345713, 0.08771185721164215, 0.2601616512374527, 0.0, 0.6111541910466362, -0.14063350517857232, -0.4171322565692036, 0.0, 0.0, 0.0, 2.7755575615628914e-17, 0.0]}, {"time": 4.800000000000001, "step_sample_count": 256, "data": [-0.020587089463721942, -0.02058708946372194, 0.25, 0.25, 0.5, 0.5, 0.5, 0.5, 0.5957906232962262, 0.0, 0.0, 1.0, -0.22639737715560906, -0.7017789675793829, 0.0, -0.38353411588668695, 0.08683111788644116, 0.2691561758784306, 1.3877787807814457e-17, 0.62980240843517, -0.14258561339600814, -0.4419820839706424, -1.3877787807814457e-17, 0.0, -2.7755575615628914e-17, 0.0, 0.0]}, {"time": 4.8500000000000005, "step_sample_count": 256, "data": [-0.021079989044714642, -0.02107998904471464, 0.25, 0.25, 0.5, 0.5, 0.5, 0.5, 0.6151175145431119, 0.0, 0.0, 1.0, -0.22208163863219743, -0.7206027350995081, 0.0, -0.38530594774584065, 0.08556937625012795, 0.27765251979576105, 0.0, 0.6481727259628666, -0.1439472610985318, -0.46707503914574566, 0.0, 0.0, -1.3877787807814457e-17, -2.7755575615628914e-17, 0.0]}, {"time": 4.9, "step_sample_count": 256, "data": [-0.02151513232766149, -0.021515132327661494, 0.25, 0.25, 0.5, 0.5, 0.5, 0.5, 0.6346163175301924, 0.0, 0.0, 1.0, -0.2171774886752105, -0.7389791087196014, 0.0, -0.38649214479305394, 0.08393739339885109, 0.28560962068629797, -6.938893903907228e-18, 0.6662432038862035, -0.1446930258669319, -0.49233980899831825, 0.0, 0.0, -6.938893903907228e-18, 0.0, 0.0]}, {"time": 4.95, "step_sample_count": 256, "data": [-0.02188948120909355, -0.02188948120909355, 0.25, 0.25, 0.5, 0.5, 0.5, 0.5, 0.6542308175883764, 0.0, 0.0, 1.0, -0.21169919131588166, -0.7568845181884926, 0.0, -0.38709872723245853, 0.08194848751451858, 0.2929890336527181, 1.3877787807814457e-17, 0.6839921760168286, -0.14480059052915295, -0.517703088589196, 2.7755575615628914e-17, 0.0, 0.0, -2.7755575615628914e-17, 0.0]}, {"time": 5.0, "step_sample_count": 256, "data": [-0.022200300467179974, -0.022200300467179974, 0.25, 0.25, 0.5, 0.5, 0.5, 0.5, 0.6739023342650707, 0.0, 0.0, 1.0, -0.2056618810048793, -0.7742959921329494, 0.0, -0.3871324705363307, 0.07961839208856747, 0.299755120360808, 1.3877787807814457e-17, 0.7013982770067588, -0.14425088898279148, -0.5430898747752891, 0.0, 0.0, 6.938893903907228e-18, 5.551115123125783e-17, 0.0]}, {"time": 5.050000000000001, "step_sample_count": 256, "data": [-0.022445172875942773, -0.022445172875942766, 0.25, 0.25, 0.5, 0.5, 0.5, 0.5, 0.6935699644584958, 0.0, 0.0, 1.0, -0.19908153961757216, -0.7911911909910738, 0.0, -0.3866008952769472, 0.07696510144926633, 0.3058752227723831, 0.0, 0.7184404692731611, -0.1430282347464722, -0.5684237705404187, 0.0, 0.0, 1.0408340855860843e-17, 2.7755575615628914e-17, 0.0]}, {"time": 5.1000000000000005, "step_sample_count": 256, "data": [-0.022622012602447627, -0.02262201260244763, 0.25, 0.25, 0.5, 0.5, 0.5, 0.5, 0.713170851891518, 0.0, 0.0, 1.0, -0.19197497222353277, -0.8075484390402006, 0.0, -0.3855122560073974, 0.07400870463885144, 0.3113198205696398, 0.0, 0.735098069528534, -0.141120431479313, -0.5936272985892324, 0.0, 0.0, 0.0, 0.0, 0.0]}, {"time": 5.15, "step_sample_count": 256, "data": [-0.022729076814057215, -0.022729076814057215, 0.25, 0.25, 0.5, 0.5, 0.5, 0.5, 0.7326404810799417, 0.0, 0.0, 1.0, -0.1843597816556017, -0.8233467554728158, 0.0, -0.3838755292058215, 0.07077120874731341, 0.3160626714770232, 6.938893903907228e-18, 0.7513507748825871, -0.13851886480412084, -0.6186222227215642, 0.0, 0.0, 6.938893903907228e-18, 0.0, 0.0]}, {"time": 5.2, "step_sample_count": 256, "data": [-0.02276497543256569, -0.02276497543256569, 0.25, 0.25, 0.5, 0.5, 0.5, 0.5, 0.7519129936930402, 0.0, 0.0, 1.0, -0.1762543419156031, -0.838565884475445, 0.0, -0.38170040029871727, 0.06727635286357253, 0.32008093378112545, 1.3877787807814457e-17, 0.7671786884826683, -0.13521857487018848, -0.6433298754581813, 0.0, 0.0, -6.938893903907228e-18, 0.0, 0.0]}, {"time": 5.25, "step_sample_count": 256, "data": [-0.02272867898210988, -0.022728678982109875, 0.25, 0.25, 0.5, 0.5, 0.5, 0.5, 0.7709215249658155, 0.0, 0.0, 1.0, -0.1676777704554757, -0.8531863242668631, 0.0, -0.3789972497801451, 0.06354941385189157, 0.32335527044717227, 0.0, 0.7825623446601595, -0.131218309195025, -0.66767149035026, 0.0, 0.0, 6.938893903907228e-18, 0.0, 0.0]}, {"time": 5.300000000000001, "step_sample_count": 256, "data": [-0.022619524488116813, -0.022619524488116813, 0.25, 0.25, 0.5, 0.5, 0.5, 0.5, 0.7895985576055661, 0.0, 0.0, 1.0, -0.1586498993742185, -0.867189355053515, 0.0, -0.3757771384448094, 0.05961700520140095, 0.3258699343318095, 0.0, 0.7974827335508975, -0.1265205554305265, -0.6915685373743164, -1.3877787807814457e-17, 0.0, 0.0, 0.0, 0.0]}, {"time": 5.3500000000000005, "step_sample_count": 256, "data": [-0.02243721939514548, -0.022437219395145484, 0.25, 0.25, 0.5, 0.5, 0.5, 0.5, 0.8078762904419353, 0.0, 0.0, 1.0, -0.14919124557263969, -0.8805570658615984, 0.0, -0.3720517917541106, 0.055506870229328015, 0.3276128340955502, 2.7755575615628914e-17, 0.8119213251583304, -0.1211315538073595, -0.71494305979188, 2.7755575615628914e-17, 0.0, 0.0, 0.0, 0.0]}, {"time": 5.4, "step_sample_count": 256, "data": [-0.022181843482252588, -0.022181843482252585, 0.25, 0.25, 0.5, 0.5, 0.5, 0.5, 0.8256870189017588, 0.0, 0.0, 1.0, -0.13932297990938905, -0.8932723802068915, 0.0, -0.36783358335538324, 0.05124767094382049, 0.32857558052389335, 0.0, 0.8258600928288373, -0.11506128912115847, -0.7377180108390995, 0.0, 0.0, -2.7755575615628914e-17, -2.7755575615628914e-17, 0.0]}, {"time": 5.45, "step_sample_count": 256, "data": [-0.021853848765400787, -0.02185384876540078, 0.25, 0.25, 0.5, 0.5, 0.5, 0.5, 0.8429635242493951, 0.0, 0.0, 1.0, -0.12906689540323005, -0.9053190805650819, 0.0, -0.3631355177755955, 0.046868773889940665, 0.3287535130731266, 0.0, 0.8392815361093576, -0.10832346223488856, -0.7598175886057731, 0.0, 0.0, -3.469446951953614e-18, -2.7755575615628914e-17, 0.0]}, {"time": 5.5, "step_sample_count": 256, "data": [-0.021454057387373292, -0.021454057387373285, 0.25, 0.25, 0.5, 0.5, 0.5, 0.5, 0.8596394684213486, 0.0, 0.0, 1.0, -0.11844537452786794, -0.9166818316071188, 0.0, -0.3579712123118455, 0.04240003431247158, 0.3281457065646432, 0.0, 0.8521687029582916, -0.10093544118282227, -0.7811675674660704, 0.0, 0.0, 1.734723475976807e-17, 0.0, 0.0]}, {"time": 5.550000000000001, "step_sample_count": 256, "data": [-0.020983657506601784, -0.020983657506601777, 0.25, 0.25, 0.5, 0.5, 0.5, 0.5, 0.8756497912019567, 0.0, 0.0, 1.0, -0.10748135564699382, -0.9273462021658843, 0.0, -0.35235487814201183, 0.037871579971534786, 0.3267549580596175, -6.938893903907228e-18, 0.8645052112814203, -0.09291819207241789, -0.8016956244344408, 0.0, 0.0, 3.469446951953614e-18, 5.551115123125783e-17, 0.0]}, {"time": 5.6000000000000005, "step_sample_count": 256, "data": [-0.020444197207195317, -0.020444197207195328, 0.25, 0.25, 0.5, 0.5, 0.5, 0.5, 0.8909311064356795, 0.0, 0.0, 1.0, -0.09619829863843471, -0.9372986859023092, 0.0, -0.3463013006799031, 0.03331359594168337, 0.3245877540535335, 2.7755575615628914e-17, 0.8762752697654612, -0.08429619009037279, -0.8213316588398583, 0.0, 0.0, 0.0, 1.3877787807814457e-17, 0.0]}, {"time": 5.65, "step_sample_count": 256, "data": [-0.019837576463217266, -0.019837576463217266, 0.25, 0.25, 0.5, 0.5, 0.5, 0.5, 0.905422093951675, 0.0, 0.0, 1.0, -0.08462014975748366, -0.9465267206409856, 0.0, -0.33982581920021104, 0.028756111712181787, 0.3216542182367123, 0.0, 0.8874636979827759, -0.07509731102763298, -0.8400081037395588, 1.3877787807814457e-17, 0.0, 0.0, -2.7755575615628914e-17, 0.0]}, {"time": 5.7, "step_sample_count": 256, "data": [-0.019166037200837423, -0.019166037200837427, 0.25, 0.25, 0.5, 0.5, 0.5, 0.5, 0.9190638838880563, 0.0, 0.0, 1.0, -0.07277130579059843, -0.9550187063472164, 0.0, -0.3329443057595097, 0.024228791885663764, 0.31796804017211894, 0.0, 0.8980559457416322, -0.06535270384462949, -0.8576602275296, 0.0, 0.0, 0.0, 2.7755575615628914e-17, 0.0]}, {"time": 5.75, "step_sample_count": 256, "data": [-0.01843215151232852, -0.01843215151232852, 0.25, 0.25, 0.5, 0.5, 0.5, 0.5, 0.9318004301466016, 0.0, 0.0, 1.0, -0.06067657755167035, -0.9627640217194331, 0.0, -0.32567314344042836, 0.01976073174445947, 0.3135463853447162, 0.0, 0.9080381116574294, -0.05509664490185435, -0.8742264242538261, 0.0, 0.0, 1.734723475976807e-18, -2.7755575615628914e-17, 0.0]}, {"time": 5.800000000000001, "step_sample_count": 256, "data": [-0.017638808085924693, -0.0176388080859247, 0.25, 0.25, 0.5, 0.5, 0.5, 0.5, 0.943578869783244, 0.0, 0.0, 1.0, -0.04836115277403839, -0.9697530393729251, 0.0, -0.3180292039469888, 0.015380258918685968, 0.30840978713694406, 0.0, 0.9173969609212274, -0.0443663745815501, -0.8896484911648449, -2.7755575615628914e-17, 0.0, -1.734723475976807e-18, 2.7755575615628914e-17, 0.0]}, {"time": 5.8500000000000005, "step_sample_count": 256, "data": [-0.016789196925260673, -0.016789196925260663, 0.25, 0.25, 0.5, 0.5, 0.5, 0.5, 0.9543498652448381, 0.0, 0.0, 1.0, -0.03585055845229091, -0.9759771395928621, 0.0, -0.3100298245799324, 0.011114742348056345, 0.302582021381999, 0.0, 0.9261199422429807, -0.03320191712321422, -0.9038718921502118, 0.0, 0.0, 0.0, -2.7755575615628914e-17, 0.0]}, {"time": 5.9, "step_sample_count": 256, "data": [-0.015886792441408466, -0.01588679244140847, 0.25, 0.25, 0.5, 0.5, 0.5, 0.5, 0.9640679264974765, 0.0, 0.0, 1.0, -0.023170622688695665, -0.9814287226366647, 0.0, -0.3016927846216282, 0.0069904096803696525, 0.29608996423990314, 1.3877787807814457e-17, 0.9341952039479036, -0.0216458845882663, -0.9168460057038896, 0.0, 0.0, 0.0, 0.0, 0.0]}, {"time": 5.95, "step_sample_count": 256, "data": [-0.014935335009377401, -0.014935335009377406, 0.25, 0.25, 0.5, 0.5, 0.5, 0.5, 0.9726917102547427, 0.0, 0.0, 1.0, -0.010347436099831044, -0.986101219567887, 0.0, -0.2930362811609346, 0.0030321741942446467, 0.28896343423043575, 0.0, 0.9416116092054531, -0.009743265957112529, -0.9285243561967779, 0.0, 0.0, -8.673617379884035e-19, 1.3877787807814457e-17, 0.0]}, {"time": 6.0, "step_sample_count": 256, "data": [-0.013938811089289623, -0.013938811089289621, 0.25, 0.25, 0.5, 0.5, 0.5, 0.5, 0.9801842937042777, 0.0, 0.0, 1.0, 0.0025926871603891566, -0.9899891016059073, 0.0, -0.28407890438906747, -0.00073652772794712, 0.2812350193413233, 0.0, 0.9483587503715515, 0.0024587975555310088, -0.9388648272804326, 0.0, 0.0, -1.1926223897340549e-18, 0.0, 0.0]}, {"time": 6.050000000000001, "step_sample_count": 256, "data": [-0.012901432020246531, -0.012901432020246531, 0.25, 0.25, 0.5, 0.5, 0.5, 0.5, 0.9865134203460024, 0.0, 0.0, 1.0, 0.015623248704526086, -0.9930878879778791, 0.0, -0.274839612398226, -0.004293887618352921, 0.27293989020921344, 0.0, 0.954426962425748, 0.014911249804282697, -0.94782985634453, 0.0, 0.0, -8.673617379884035e-19, 0.0, 0.0]}, {"time": 6.1000000000000005, "step_sample_count": 256, "data": [-0.011827611602116945, -0.011827611602116948, 0.25, 0.25, 0.5, 0.5, 0.5, 0.5, 0.9916517157933025, 0.0, 0.0, 1.0, 0.02871760548503108, -0.9953941522615548, 0.0, -0.2653377055153432, -0.00761986354729316, 0.2641156004444709, 0.0, 0.9598073354862143, 0.027563368402131846, -0.9553866090407217, 0.0, 0.0, 1.3010426069826053e-18, 2.7755575615628914e-17, 0.0]}, {"time": 6.15, "step_sample_count": 256, "data": [-0.010721942587064123, -0.010721942587064123, 0.25, 0.25, 0.5, 0.5, 0.5, 0.5, 0.995576871647132, 0.0, 0.0, 1.0, 0.04184900957964005, -0.9969055272097941, 0.0, -0.25559280020392056, -0.010696305544220519, 0.25480187523831727, -1.3877787807814457e-17, 0.9644917263865734, 0.04036302349703491, -0.9615071329828915, -1.3877787807814457e-17, 0.0, 0.0, 1.3877787807814457e-17, 0.0]}, {"time": 6.2, "step_sample_count": 256, "data": [-0.009589172208555818, -0.009589172208555817, 0.25, 0.25, 0.5, 0.5, 0.5, 0.5, 0.9982717958299211, 0.0, 0.0, 1.0, 0.05499064813080304, -0.9976207080497891, 0.0, -0.24562480256746905, -0.013507067090185829, 0.24504038945194817, -6.938893903907228e-18, 0.9684727692998398, 0.05325694528083177, -0.9661684898358466, -2.7755575615628914e-17, 0.0, 0.0, -2.7755575615628914e-17, 0.0]}, {"time": 6.25, "step_sample_count": 256, "data": [-0.008434176880830667, -0.008434176880830663, 0.25, 0.25, 0.5, 0.5, 0.5, 0.5, 0.9997247280585178, 0.0, 0.0, 1.0, 0.0681156833810004, -0.9975394542522055, 0.0, -0.23545388148855834, -0.01603810204230227, 0.2348745364416601, 3.469446951953614e-18, 0.9717438853958491, 0.06619099882504682, -0.9693528651106942, 0.0, 0.0, 0.0, -2.7755575615628914e-17, 0.0]}, {"time": 6.300000000000001, "step_sample_count": 256, "data": [-0.007261936206300805, -0.007261936206300805, 0.25, 0.25, 0.5, 0.5, 0.5, 0.5, 0.9999293194406873, 0.0, 0.0, 1.0, 0.08119729274563613, -0.9966625897677143, 0.0, -0.22510044143796873, -0.01827754644061083, 0.22434918892142158, 0.0, 0.9742992915198798, 0.07911046479540543, -0.9710476550950525, 0.0, 0.0, 6.938893903907228e-18, 2.7755575615628914e-17, 0.0]}, {"time": 6.3500000000000005, "step_sample_count": 256, "data": [-0.006077506432130591, -0.00607750643213059, 0.25, 0.25, 0.5, 0.5, 0.5, 0.5, 0.9988846754945769, 0.0, 0.0, 1.0, 0.09420870886515863, -0.9949920017305676, 0.0, -0.2145850949888348, -0.020215784740605244, 0.21351045320448475, 0.0, 0.976134007881333, 0.09196032456187292, -0.9712455304591296, 1.3877787807814457e-17, 0.0, 3.469446951953614e-18, 0.0, 0.0]}, {"time": 6.4, "step_sample_count": 256, "data": [-0.004885993500220018, -0.004885993500220018, 0.25, 0.25, 0.5, 0.5, 0.5, 0.5, 0.9965953622123669, 0.0, 0.0, 1.0, 0.1071232595780892, -0.9925306376311323, 0.0, -0.20392863507105607, -0.02184550011012225, 0.20240541819832197, 0.0, 0.9772438647426505, 0.10468554819392156, -0.9699444761941349, 0.0, 0.0, 0.0, -2.7755575615628914e-17, 0.0]}, {"time": 6.45, "step_sample_count": 256, "data": [-0.003692525837028863, -0.003692525837028864, 0.25, 0.25, 0.5, 0.5, 0.5, 0.5, 0.9930713751146877, 0.0, 0.0, 1.0, 0.11991440775673826, -0.9892825009614832, 0.0, -0.19315200700157978, -0.023161708526619473, 0.1910819005522528, 0.0, 0.9776255080998643, 0.1172313838116755, -0.9671478076567743, 0.0, 0.0, 0.0, -2.7755575615628914e-17, 0.0]}, {"time": 6.5, "step_sample_count": 256, "data": [-0.0025022270310854616, -0.0025022270310854616, 0.25, 0.25, 0.5, 0.5, 0.5, 0.5, 0.9883280715683271, 0.0, 0.0, 1.0, 0.1325557909476118, -0.9852526453404042, 0.0, -0.1822762803264353, -0.02416177650965934, 0.17958818737442955, 0.0, 0.9772764043474957, 0.1295436467527204, -0.962864162612129, 0.0, 0.0, 0.0, 0.0, 0.0]}, {"time": 6.550000000000001, "step_sample_count": 256, "data": [-0.0013201885466289955, -0.001320188546628997, 0.25, 0.25, 0.5, 0.5, 0.5, 0.5, 0.9823860669630289, 0.0, 0.0, 1.0, 0.14502126075877098, -0.9804471671263303, 0.0, -0.17132262051065233, -0.02484542242295118, 0.16797277794432833, 6.938893903907228e-18, 0.9761948439217817, 0.14156900701174838, -0.9571074692864406, -1.3877787807814457e-17, 0.0, 1.0408340855860843e-17, 4.163336342344337e-17, 0.0]}, {"time": 6.6000000000000005, "step_sample_count": 256, "data": [-0.0001514426216321151, -0.00015144262163211628, 0.25, 0.25, 0.5, 0.5, 0.5, 0.5, 0.9752710956607131, 0.0, 0.0, 1.0, 0.1572849219367917, -0.9748731965289654, 0.0, -0.16031226051237416, -0.02521470138019899, 0.15628412584848225, -3.469446951953614e-18, 0.9743799439175042, 0.15325527341583997, -0.9498968905605705, -2.7755575615628914e-17, 0.0, -3.469446951953614e-18, 2.7755575615628914e-17, 0.0]}, {"time": 6.65, "step_sample_count": 256, "data": [0.0009990645025601322, 0.0009990645025601333, 0.25, 0.25, 0.5, 0.5, 0.5, 0.5, 0.9670138379391819, 0.0, 0.0, 1.0, 0.16932117107641573, -0.9685388872324994, 0.0, -0.14926647227762765, -0.02527397388849323, 0.14457038296089436, 0.0, 0.9718316496750083, 0.164551673012097, -0.9412567445535562, 0.0, 0.0, -6.938893903907228e-18, 0.0, 0.0]}, {"time": 6.7, "step_sample_count": 256, "data": [0.002126498874547884, 0.002126498874547887, 0.25, 0.25, 0.5, 0.5, 0.5, 0.5, 0.9576497144492905, 0.0, 0.0, 1.0, 0.18110473490651402, -0.9614534045454828, 0.0, -0.13820653819231968, -0.02502985846166672, 0.1328791466754511, 0.0, 0.9685507353353023, 0.17540912416640875, -0.9312164019631579, 0.0, 0.0, 0.0, -2.7755575615628914e-17, 0.0]}, {"time": 6.75, "step_sample_count": 256, "data": [0.0032261645063260173, 0.0032261645063260155, 0.25, 0.25, 0.5, 0.5, 0.5, 0.5, 0.9472186499868381, 0.0, 0.0, 1.0, 0.19261070809660905, -0.9536269120945897, 0.0, -0.12715372252806392, -0.024491168533250354, 0.12125721177576966, 0.0, 0.9645388033624123, 0.18578050190228995, -0.9198101606459076, 0.0, 0.0, -6.938893903907228e-18, 0.0, 0.0]}, {"time": 6.800000000000001, "step_sample_count": 256, "data": [0.004293528287419423, 0.004293528287419418, 0.25, 0.25, 0.5, 0.5, 0.5, 0.5, 0.9357648086453454, 0.0, 0.0, 1.0, 0.20381459052888778, -0.9450705570815624, 0.0, -0.11612924291846984, -0.02366883409385738, 0.1097503282984181, -3.469446951953614e-18, 0.9597982830335212, 0.19562089404680658, -0.9070770980324172, 2.7755575615628914e-17, 0.0, -6.938893903907228e-18, 2.7755575615628914e-17, 0.0]}, {"time": 6.8500000000000005, "step_sample_count": 256, "data": [0.005324244004394302, 0.005324244004394305, 0.25, 0.25, 0.5, 0.5, 0.5, 0.5, 0.923336302660893, 0.0, 0.0, 1.0, 0.21469232398141846, -0.9357964541247934, 0.0, -0.10515424190246982, -0.022575808570545364, 0.09840296670851188, 0.0, 0.9543324278986838, 0.20488784679639788, -0.893060902083894, 0.0, 0.0, 0.0, -2.7755575615628914e-17, 0.0]}, {"time": 6.9, "step_sample_count": 256, "data": [0.006314175335310085, 0.006314175335310081, 0.25, 0.25, 0.5, 0.5, 0.5, 0.5, 0.9099848774829163, 0.0, 0.0, 1.0, 0.22522032816914533, -0.9258176677089611, 0.0, -0.09424975857117895, -0.02122696155526338, 0.08725809166250159, 6.938893903907228e-18, 0.9481453122132457, 0.2135415983687033, -0.877809681602452, 0.0, 0.0, 0.0, -2.7755575615628914e-17, 0.0]}, {"time": 6.95, "step_sample_count": 256, "data": [0.007259417694258303, 0.007259417694258306, 0.25, 0.25, 0.5, 0.5, 0.5, 0.5, 0.8957655758032423, 0.0, 0.0, 1.0, 0.23537553609015105, -0.915148193268229, 0.0, -0.08343670035465177, -0.01963895807556948, 0.07635694558182217, 0.0, 0.9412418263473842, 0.2215452994669882, -0.8613757568102968, 2.7755575615628914e-17, 0.0, 1.3877787807814457e-17, 2.7755575615628914e-17, 0.0]}, {"time": 7.0, "step_sample_count": 256, "data": [0.008156318807397483, 0.008156318807397483, 0.25, 0.25, 0.5, 0.5, 0.5, 0.5, 0.880736383447734, 0.0, 0.0, 1.0, 0.24513542862571225, -0.9038029369304683, 0.0, -0.0727358149847122, -0.017830125182717954, 0.065738843203214, 0.0, 0.933627671178485, 0.22886521935116372, -0.8438154312106694, 0.0, 0.0, 1.3877787807814457e-17, 0.0, 0.0]}, {"time": 7.050000000000001, "step_sample_count": 256, "data": [0.009001497908800261, 0.009001497908800258, 0.25, 0.25, 0.5, 0.5, 0.5, 0.5, 0.8649578601791357, 0.0, 0.0, 1.0, 0.2544780683437258, -0.8917976939519087, 0.0, -0.06216766266981796, -0.015820306709659546, 0.05544097820732376, 0.0, 0.92530935147337, 0.2354709363833289, -0.8251887458360875, 2.7755575615628914e-17, 0.0, 1.3877787807814457e-17, 2.7755575615628914e-17, 0.0]}, {"time": 7.1000000000000005, "step_sample_count": 256, "data": [0.009791863451943017, 0.009791863451943026, 0.25, 0.25, 0.5, 0.5, 0.5, 0.5, 0.8484927585746749, 0.0, 0.0, 1.0, 0.26338213245626685, -0.879149125873531, 0.0, -0.051752588517641224, -0.013630707123908195, 0.0454982429569768, 0.0, 0.9162941682686442, 0.24133551199583714, -0.8055592170763922, -2.7755575615628914e-17, 0.0, -1.3877787807814457e-17, 2.7755575615628914e-17, 0.0]}, {"time": 7.15, "step_sample_count": 256, "data": [0.01052462924075067, 0.010524629240750677, 0.25, 0.25, 0.5, 0.5, 0.5, 0.5, 0.8314056342266551, 0.0, 0.0, 1.0, 0.2718269448832589, -0.8658747364323525, 0.0, -0.041510695240731206, -0.011283725467267913, 0.035943062300692, 3.469446951953614e-18, 0.9065902102587434, 0.24643564711570543, -0.7849935593599406, 1.3877787807814457e-17, 0.0, 1.3877787807814457e-17, 2.7755575615628914e-17, 0.0]}, {"time": 7.2, "step_sample_count": 256, "data": [0.011197328892712306, 0.01119732889271231, 0.25, 0.25, 0.5, 0.5, 0.5, 0.5, 0.8137624505679155, 0.0, 0.0, 1.0, 0.2797925073755247, -0.8519928462625986, 0.0, -0.031461816180267624, -0.008802780435664695, 0.026805242316016956, -3.469446951953614e-18, 0.8962063442024756, 0.250751820170263, -0.7635613940356656, 0.0, 0.0, 0.0, 4.163336342344337e-17, 0.0]}, {"time": 7.25, "step_sample_count": 256, "data": [0.011807828555664045, 0.011807828555664049, 0.25, 0.25, 0.5, 0.5, 0.5, 0.5, 0.7956301816461135, 0.0, 0.0, 1.0, 0.28725952965187496, -0.8375225664234555, 0.0, -0.02162548868250047, -0.006212127707426948, 0.01811183478152919, 0.0, 0.8851522043601258, 0.2542684058948101, -0.7413349458710716, 0.0, 0.0, 0.0, 2.7755575615628914e-17, 0.0]}, {"time": 7.300000000000001, "step_sample_count": 256, "data": [0.012354337809341682, 0.01235433780934168, 0.25, 0.25, 0.5, 0.5, 0.5, 0.5, 0.7770764161612811, 0.0, 0.0, 1.0, 0.2942094585063, -0.8224837707918515, 0.0, -0.012020927862025356, -0.0035366706770294243, 0.009887018076375292, 4.336808689942018e-18, 0.873438180974411, 0.25697377426320894, -0.718388728641409, 0.0, 0.0, 2.0816681711721685e-17, -2.7755575615628914e-17, 0.0]}, {"time": 7.3500000000000005, "step_sample_count": 256, "data": [0.012835418692686456, 0.012835418692686458, 0.25, 0.25, 0.5, 0.5, 0.5, 0.5, 0.7581689660400668, 0.0, 0.0, 1.0, 0.3006245058428419, -0.8068970673603396, 0.0, -0.0026670007855515467, -0.0008017657932387623, 0.002151995112509318, 3.469446951953614e-18, 0.8610754078097801, 0.25886036896623854, -0.6947992213378197, 0.0, 0.0, 6.938893903907228e-18, 5.551115123125783e-17, 0.0]}, {"time": 7.4, "step_sample_count": 256, "data": [0.013249992808090284, 0.013249992808090288, 0.25, 0.25, 0.5, 0.5, 0.5, 0.5, 0.7389754827480612, 0.0, 0.0, 1.0, 0.3064876755972804, -0.7907837684817329, 0.0, 0.006417798890727268, 0.0019669762644699967, -0.005075091192167119, 7.806255641895632e-18, 0.8480757487657533, 0.25992476496963857, -0.6706445365669504, 2.7755575615628914e-17, 0.0, -1.3877787807814457e-17, 2.7755575615628914e-17, 0.0]}, {"time": 7.45, "step_sample_count": 256, "data": [0.013597346464233323, 0.013597346464233318, 0.25, 0.25, 0.5, 0.5, 0.5, 0.5, 0.7195630844393799, 0.0, 0.0, 1.0, 0.3117827895063706, -0.7741658601036967, 0.0, 0.015215375797614117, 0.004743892309568176, -0.011779224491160756, 0.0, 0.8344517835811766, 0.2601677047935056, -0.6460040827511859, 0.0, 0.0, -3.469446951953614e-17, 0.0, 0.0]}, {"time": 7.5, "step_sample_count": 256, "data": [0.01387713382984386, 0.013877133829843864, 0.25, 0.25, 0.5, 0.5, 0.5, 0.5, 0.6999979969112966, 0.0, 0.0, 1.0, 0.31649451168706416, -0.7570659700379354, 0.0, 0.023708057211330107, 0.007503469990149003, -0.017948563330410533, 1.1275702593849246e-17, 0.8202167926473933, 0.25959411326646664, -0.620958221767003, 0.0, 0.0, 2.0816681711721685e-17, 4.163336342344337e-17, 0.0]}, {"time": 7.550000000000001, "step_sample_count": 256, "data": [0.014089378081536551, 0.014089378081536548, 0.25, 0.25, 0.5, 0.5, 0.5, 0.5, 0.6803452111726187, 0.0, 0.0, 1.0, 0.32060837198985453, -0.739507335310048, 0.0, 0.03187861686261709, 0.010220551453612295, -0.023574471009443976, 0.0, 0.8053847409494912, 0.25821309062128706, -0.5955879236789322, -2.7755575615628914e-17, 0.0, 0.0, -2.7755575615628914e-17, 0.0]}, {"time": 7.6000000000000005, "step_sample_count": 256, "data": [0.014234470539803167, 0.014234470539803165, 0.25, 0.25, 0.5, 0.5, 0.5, 0.5, 0.6606681602492493, 0.0, 0.0, 1.0, 0.3241107880921822, -0.7215137686374334, 0.0, 0.039710298165965885, 0.012870536033946944, -0.028651526883442087, -3.469446951953614e-18, 0.7899702611558852, 0.25603788391262106, -0.5699744202380805, 0.0, 0.0, 4.163336342344337e-17, 2.7755575615628914e-17, 0.0]}, {"time": 7.65, "step_sample_count": 256, "data": [0.014313167798180478, 0.01431316779818048, 0.25, 0.25, 0.5, 0.5, 0.5, 0.5, 0.6410284176409073, 0.0, 0.0, 1.0, 0.3269890862996611, -0.703109624083887, 0.0, 0.04718683683915965, 0.015429580663407994, -0.033177519111689105, 3.469446951953614e-18, 0.7739886358775471, 0.25308583685192043, -0.5441988588170631, -1.3877787807814457e-17, 0.0, -1.3877787807814457e-17, -2.7755575615628914e-17, 0.0]}, {"time": 7.7, "step_sample_count": 256, "data": [0.014326586861542479, 0.014326586861542475, 0.25, 0.25, 0.5, 0.5, 0.5, 0.5, 0.621485419611475, 0.0, 0.0, 1.0, 0.32923152102475756, -0.6843197619407589, 0.0, 0.054292482884089416, 0.017874796720139377, -0.03715341896241269, 1.214306433183765e-17, 0.7574557791192918, 0.24937831826843698, -0.5183419584475658, -1.3877787807814457e-17, 0.0, -6.938893903907228e-18, -2.7755575615628914e-17, 0.0]}, {"time": 7.75, "step_sample_count": 256, "data": [0.014276198320300111, 0.01427619832030011, 0.25, 0.25, 0.5, 0.5, 0.5, 0.5, 0.6020962132441299, 0.0, 0.0, 1.0, 0.33082729291448804, -0.6651695128856242, 0.0, 0.061012021900624755, 0.02018444204062328, -0.040583336887805486, 3.469446951953614e-18, 0.7403882169465045, 0.24494062951819665, -0.49248366961256185, 0.0, 0.0, 1.3877787807814457e-17, 0.0, 0.0]}, {"time": 7.800000000000001, "step_sample_count": 256, "data": [0.014163817597981609, 0.01416381759798161, 0.25, 0.25, 0.5, 0.5, 0.5, 0.5, 0.5829152319239992, 0.0, 0.0, 1.0, 0.33176656560065493, -0.6456846414704865, 0.0, 0.06733079570616575, 0.022338106850594147, -0.04347446068545808, 3.469446951953614e-18, 0.7228030673917338, 0.23980189127417417, -0.46670283942259955, 0.0, 0.0, -1.3877787807814457e-17, 0.0, 0.0]}, {"time": 7.8500000000000005, "step_sample_count": 256, "data": [0.013991594320152942, 0.01399159432015294, 0.25, 0.25, 0.5, 0.5, 0.5, 0.5, 0.5639940996281128, 0.0, 0.0, 1.0, 0.33204048104813927, -0.6258913089925118, 0.0, 0.07323472223438937, 0.024316892400133433, -0.04583697616298505, -1.734723475976807e-18, 0.7047180196264964, 0.2339949102400739, -0.4410768837746386, 2.7755575615628914e-17, 0.0, 1.3877787807814457e-17, 0.0, 0.0]}, {"time": 7.9, "step_sample_count": 256, "data": [0.013761999862862282, 0.013761999862862282, 0.25, 0.25, 0.5, 0.5, 0.5, 0.5, 0.5453814651078834, 0.0, 0.0, 1.0, 0.3316411734788143, -0.6058160358011552, 0.0, 0.07871031468763032, 0.026103581127892725, -0.04768397082072175, -8.673617379884035e-18, 0.6861513124246034, 0.22755602643652376, -0.4156814680528334, 0.0, 0.0, 6.938893903907228e-18, 2.7755575615628914e-17, 0.0]}, {"time": 7.95, "step_sample_count": 256, "data": [0.013477813148701225, 0.013477813148701228, 0.25, 0.25, 0.5, 0.5, 0.5, 0.5, 0.5271228667461136, 0.0, 0.0, 1.0, 0.3305617818507038, -0.5854856630964065, 0.0, 0.08374469991827459, 0.02768279722553746, -0.04903132116246042, -5.204170427930421e-18, 0.6671217119441915, 0.22052494181156387, -0.390590197883655, 2.7755575615628914e-17, 0.0, 1.3877787807814457e-17, 0.0, 0.0]}, {"time": 8.0, "step_sample_count": 256, "data": [0.013142104768113056, 0.013142104768113057, 0.25, 0.25, 0.5, 0.5, 0.5, 0.5, 0.5092606285616641, 0.0, 0.0, 1.0, 0.3287964608741181, -0.5649273142735689, 0.0, 0.08832563601554082, 0.02904115652636545, -0.049897564335764116, 8.673617379884035e-18, 0.6476484888565271, 0.21294453102649685, -0.36587432140305337, 0.0, 0.0, 1.3877787807814457e-17, 0.0, 0.0]}, {"time": 8.05, "step_sample_count": 256, "data": [0.012758219512693174, 0.012758219512693179, 0.25, 0.25, 0.5, 0.5, 0.5, 0.5, 0.49183378752352913, 0.0, 0.0, 1.0, 0.3263403905486112, -0.54416835587068, 0.0, 0.09244152907503135, 0.030167404701256652, -0.05030375489093126, 8.673617379884035e-18, 0.6277513948504528, 0.2048606353629322, -0.34160244443129734, -1.3877787807814457e-17, 0.0, 6.938893903907228e-18, -5.551115123125783e-17, 0.0]}, {"time": 8.1, "step_sample_count": 256, "data": [0.012329757415870609, 0.01232975741587061, 0.25, 0.25, 0.5, 0.5, 0.5, 0.5, 0.47487805202525846, 0.0, 0.0, 1.0, 0.32318978420676797, -0.5232363581752395, 0.0, 0.09608144912947696, 0.031052542810429358, -0.050273307530706815, 6.938893903907228e-18, 0.607450638542165, 0.19632184078670561, -0.3178402598820261, 0.0, 0.0, 0.0, 0.0, 0.0]}, {"time": 8.15, "step_sample_count": 256, "data": [0.011860553404482822, 0.011860553404482818, 0.25, 0.25, 0.5, 0.5, 0.5, 0.5, 0.4584257910635072, 0.0, 0.0, 1.0, 0.3193418950529894, -0.5021590555473953, 0.0, 0.09923514522017095, 0.03168993933046808, -0.049831826800869665, 0.0, 0.5867668608207338, 0.18737924128878683, -0.29465029265624987, 2.7755575615628914e-17, 0.0, 0.0, 2.7755575615628914e-17, 0.0]}, {"time": 8.200000000000001, "step_sample_count": 256, "data": [0.0113546556723171, 0.011354655672317103, 0.25, 0.25, 0.5, 0.5, 0.5, 0.5, 0.44250605336412185, 0.0, 0.0, 1.0, 0.31479502118762953, -0.48096430651719035, 0.0, 0.10189305958968616, 0.03207542785240777, -0.0490069247444682, -3.469446951953614e-18, 0.565721109660524, 0.17808618870187376, -0.2720916611900095, 0.0, 0.0, 0.0, -1.3877787807814457e-17, 0.0]}, {"time": 8.25, "step_sample_count": 256, "data": [0.010816302893648233, 0.010816302893648232, 0.25, 0.25, 0.5, 0.5, 0.5, 0.5, 0.427144615408457, 0.0, 0.0, 1.0, 0.3095485091090452, -0.4596800537137286, 0.0, 0.10404634097758265, 0.0322073897278622, -0.04782802760929198, 3.469446951953614e-18, 0.5443348144323176, 0.1684980302636727, -0.2502198567365003, 0.0, 0.0, -3.469446951953614e-17, -2.0816681711721685e-17, 0.0]}, {"time": 8.3, "step_sample_count": 256, "data": [0.010249900401115203, 0.010249900401115201, 0.25, 0.25, 0.5, 0.5, 0.5, 0.5, 0.4123640570345677, 0.0, 0.0, 1.0, 0.30360275568832473, -0.43833428368443317, 0.0, 0.1056868570019648, 0.03208682102583445, -0.046326172758815135, 0.0, 0.5226297597455928, 0.15867183526348905, -0.22908654137025164, -2.7755575615628914e-17, 0.0, -6.938893903907228e-18, 1.3877787807814457e-17, 0.0]}, {"time": 8.35, "step_sample_count": 256, "data": [0.009659995457918139, 0.009659995457918139, 0.25, 0.25, 0.5, 0.5, 0.5, 0.5, 0.39818386302518904, 0.0, 0.0, 1.0, 0.296959208613683, -0.4169549866626858, 0.0, 0.10680720561090933, 0.03171738325245473, -0.04453379699097506, -1.214306433183765e-17, 0.5006280588550088, 0.14866611216738773, -0.20873936560285627, 0.0, 0.0, -1.3877787807814457e-17, 1.3877787807814457e-17, 0.0]}, {"time": 8.4, "step_sample_count": 256, "data": [0.00905125175924544, 0.009051251759245444, 0.25, 0.25, 0.5, 0.5, 0.5, 0.5, 0.3846205488496379, 0.0, 0.0, 1.0, 0.2896203653037328, -0.39557011634221, 0.0, 0.1074007255889723, 0.031105437378964144, -0.04248451751646749, 1.0408340855860843e-17, 0.4783521266646776, 0.13854051766844128, -0.18922180639729008, -1.3877787807814457e-17, 0.0, 0.0, -2.7755575615628914e-17, 0.0]}, {"time": 8.450000000000001, "step_sample_count": 256, "data": [0.008428423302037705, 0.008428423302037706, 0.25, 0.25, 0.5, 0.5, 0.5, 0.5, 0.3716878085023736, 0.0, 0.0, 1.0, 0.2815897702910679, -0.3742075497165805, 0.0, 0.10746150610518512, 0.030260060819291393, -0.04021290688847465, 1.734723475976807e-18, 0.455824652364337, 0.12835555915227953, -0.17057302626167103, 0.0, 0.0, -2.0816681711721685e-17, -1.3877787807814457e-17, 0.0]}, {"time": 8.5, "step_sample_count": 256, "data": [0.0077963277656334425, 0.0077963277656334495, 0.25, 0.25, 0.5, 0.5, 0.5, 0.5, 0.35939668217907883, 0.0, 0.0, 1.0, 0.2728720110798155, -0.35289504704209923, 0.0, 0.10698439529017993, 0.02919304709698951, -0.03775426320869828, 8.673617379884035e-18, 0.43306857173198654, 0.11817229210397054, -0.15282775399381407, 0.0, 0.0, 0.0, 1.3877787807814457e-17, 0.0]}, {"time": 8.55, "step_sample_count": 256, "data": [0.007159819548504292, 0.007159819548504295, 0.25, 0.25, 0.5, 0.5, 0.5, 0.5, 0.34775574135380205, 0.0, 0.0, 1.0, 0.26347271248303056, -0.3316602119821334, 0.0, 0.10596500783131427, 0.027918888041602037, -0.03514437696002186, 3.469446951953614e-18, 0.41010703913796537, 0.10805201401006398, -0.13601618753586267, 0.0, 0.0, 2.0816681711721685e-17, 1.3877787807814457e-17, 0.0]}, {"time": 8.6, "step_sample_count": 256, "data": [0.006523762608161284, 0.006523762608161286, 0.25, 0.25, 0.5, 0.5, 0.5, 0.5, 0.33677128866962547, 0.0, 0.0, 1.0, 0.25339852944801494, -0.310530451990747, 0.0, 0.10439973157592247, 0.0264547384561063, -0.03241929583398356, 1.0408340855860843e-17, 0.38696339928586176, 0.09805595632924208, -0.12016391928411452, -1.3877787807814457e-17, 0.0, 0.0, 0.0, 0.0]}, {"time": 8.65, "step_sample_count": 256, "data": [0.005893003252384996, 0.005893003252384986, 0.25, 0.25, 0.5, 0.5, 0.5, 0.5, 0.3264475699319169, 0.0, 0.0, 1.0, 0.24265713837984143, -0.28953293899306254, 0.0, 0.10228573313408441, 0.024820363299401155, -0.02961508893137143, -5.204170427930421e-18, 0.36366115872591737, 0.08824497611632849, -0.1052918840835376, 0.0, 0.0, 1.3877787807814457e-17, -1.3877787807814457e-17, 0.0]}, {"time": 8.700000000000001, "step_sample_count": 256, "data": [0.0052723430301997555, 0.005272343030199745, 0.25, 0.25, 0.5, 0.5, 0.5, 0.5, 0.31678699539874006, 0.0, 0.0, 1.0, 0.2312572269755473, -0.2686945704194268, 0.0, 0.09962096247357852, 0.02303806753027493, -0.026767611716607888, 3.469446951953614e-18, 0.34022395717694265, 0.07867924888738714, -0.09141633002005611, 0.0, 0.0, -1.3877787807814457e-17, -2.7755575615628914e-17, 0.0]}, {"time": 8.75, "step_sample_count": 256, "data": [0.0046665118704700085, 0.004666511870470007, 0.25, 0.25, 0.5, 0.5, 0.5, 0.5, 0.3077903674982022, 0.0, 0.0, 1.0, 0.21920848258361367, -0.2480419306498703, 0.0, 0.09640415650097228, 0.021132608861331368, -0.02391227310117315, -3.469446951953614e-18, 0.31667553869293646, 0.06941796430822701, -0.07854881200698381, 0.0, 0.0, 2.0816681711721685e-17, 0.0, 0.0]}, {"time": 8.8, "step_sample_count": 256, "data": [0.004080141614650913, 0.004080141614650915, 0.25, 0.25, 0.5, 0.5, 0.5, 0.5, 0.29945711206810544, 0.0, 0.0, 1.0, 0.2065215791055071, -0.22760125292480238, 0.0, 0.09263484162409252, 0.019131093772396187, -0.021083806018133828, 0.0, 0.29303972271084916, 0.060519026274884494, -0.06669620804572601, 0.0, 0.0, 6.938893903907228e-18, -3.469446951953614e-18, 0.0]}, {"time": 8.85, "step_sample_count": 256, "data": [0.0035177400880819906, 0.0035177400880819863, 0.25, 0.25, 0.5, 0.5, 0.5, 0.5, 0.2917855102094087, 0.0, 0.0, 1.0, 0.1932081624581697, -0.20739838177718734, 0.0, 0.08831333529242595, 0.017062857232401755, -0.01831604282899495, -1.0408340855860843e-17, 0.26934037501604874, 0.05203875893264488, -0.05586075792558934, -1.3877787807814457e-17, 0.0, 0.0, 6.938893903907228e-18, 0.0]}, {"time": 8.9, "step_sample_count": 256, "data": [0.002983665851282837, 0.0029836658512828393, 0.25, 0.25, 0.5, 0.5, 0.5, 0.5, 0.2847729278717209, 0.0, 0.0, 1.0, 0.1792808346184227, -0.18745873604067026, 0.0, 0.0834407465132899, 0.0149593266760869, -0.01564169687567116, -6.938893903907228e-18, 0.2456013786621503, 0.044031620149985615, -0.04604012401385271, 6.938893903907228e-18, 0.0, 0.0, -6.938893903907228e-18, 0.0]}, {"time": 8.950000000000001, "step_sample_count": 256, "data": [0.0024821037690113085, 0.002482103769011307, 0.25, 0.25, 0.5, 0.5, 0.5, 0.5, 0.2784160403459731, 0.0, 0.0, 1.0, 0.16475313627234234, -0.16780727248732674, 0.0, 0.07801897534293545, 0.012853870876503238, -0.013092151454553856, 1.0408340855860843e-17, 0.22184660488194852, 0.0365499239256723, -0.03722747367581352, -6.938893903907228e-18, 0.0, -3.122502256758253e-17, 0.0, 0.0]}, {"time": 9.0, "step_sample_count": 256, "data": [0.002017041530395449, 0.0020170415303954418, 0.25, 0.25, 0.5, 0.5, 0.5, 0.5, 0.27271104892587367, 0.0, 0.0, 1.0, 0.14963952809464925, -0.148468450147741, 0.0, 0.07205071135304086, 0.010781634445752804, -0.01069725744662805, 0.0, 0.19809988402617068, 0.02964357316128096, -0.0294115827558129, 0.0, 0.0, -6.938893903907228e-18, 6.938893903907228e-18, 0.0]}, {"time": 9.05, "step_sample_count": 256, "data": [0.0015922472482760089, 0.001592247248276014, 0.25, 0.25, 0.5, 0.5, 0.5, 0.5, 0.2676538871148314, 0.0, 0.0, 1.0, 0.13395537068517996, -0.129466195365168, 0.0, 0.0655394310743628, 0.00877935878406204, -0.008485140787595238, 3.469446951953614e-18, 0.174384976566746, 0.023359804177924944, -0.022576959444940682, -6.938893903907228e-18, 0.0, 2.42861286636753e-17, 0.0, 0.0]}, {"time": 9.1, "step_sample_count": 256, "data": [0.0012112482600251722, 0.0012112482600251636, 0.25, 0.25, 0.5, 0.5, 0.5, 0.5, 0.26324041389745567, 0.0, 0.0, 1.0, 0.11771690319144945, -0.11082386763445462, 0.0, 0.058489394420625354, 0.0068851903807390785, -0.006482020905290507, -3.469446951953614e-18, 0.15072554420121573, 0.017742944295212924, -0.016703987759686782, -6.938893903907228e-18, 0.0, 3.469446951953614e-18, 3.469446951953614e-18, 0.0]}, {"time": 9.15, "step_sample_count": 256, "data": [0.0008773112455695726, 0.0008773112455695772, 0.25, 0.25, 0.5, 0.5, 0.5, 0.5, 0.2594665917630008, 0.0, 0.0, 1.0, 0.10094122064820461, -0.09256422627522909, 0.0, 0.05090564009701158, 0.0051384774492705875, -0.0047120411886250515, -3.469446951953614e-18, 0.12714512109473533, 0.012834183722766478, -0.011769089758804498, 6.938893903907228e-18, 0.0, -1.3877787807814457e-17, 1.734723475976807e-18, 0.0]}, {"time": 9.200000000000001, "step_sample_count": 256, "data": [0.000593423771179055, 0.0005934237711790512, 0.25, 0.25, 0.5, 0.5, 0.5, 0.5, 0.25632864736046257, 0.0, 0.0, 1.0, 0.08364625006677098, -0.07470939798770447, 0.0, 0.04279397999893861, 0.003579555952343605, -0.0031971124832184377, 0.0, 0.10366708529600174, 0.00867136294036272, -0.007744905533604296, 0.0, 0.0, 3.469446951953614e-18, 0.0, 0.0]}, {"time": 9.25, "step_sample_count": 256, "data": [0.00036227735982487957, 0.0003622773598248759, 0.25, 0.25, 0.5, 0.5, 0.5, 0.5, 0.25382321287938664, 0.0, 0.0, 1.0, 0.06585072530876655, -0.05728084533810231, 0.0, 0.03416099260806465, 0.0022495261405083575, -0.0019567705341784203, 0.0, 0.08031463036315324, 0.005288776662319146, -0.004600489920218719, 0.0, 0.0, 0.0, 1.734723475976807e-18, 0.0]}, {"time": 9.3, "step_sample_count": 256, "data": [0.00018625218060434314, 0.00018625218060434184, 0.25, 0.25, 0.5, 0.5, 0.5, 0.5, 0.25194744648461903, 0.0, 0.0, 1.0, 0.0475741607805591, -0.040299336219394376, 0.0, 0.025014015393769035, 0.001190020790110399, -0.0010080482165504313, 4.336808689942018e-18, 0.057110737235466856, 0.00271699539553643, -0.0023015248015896377, 6.938893903907228e-18, 0.0, -5.204170427930421e-18, -6.938893903907228e-18, 0.0]}, {"time": 9.35, "step_sample_count": 256, "data": [6.740344091942852e-05, 6.740344091943871e-05, 0.25, 0.25, 0.5, 0.5, 0.5, 0.5, 0.25069913038473757, 0.0, 0.0, 1.0, 0.028836823986547903, -0.023784914331629013, 0.0, 0.015361136229614773, 0.0004429663816865473, -0.00036536330925770414, -3.469446951953614e-18, 0.03407814638634668, 0.000982705509130921, -0.000810545792380127, 0.0, 0.0, -2.6020852139652106e-18, 4.336808689942018e-19, 0.0]}, {"time": 9.4, "step_sample_count": 256, "data": [7.449555831235506e-06, 7.449555831226182e-06, 0.25, 0.25, 0.5, 0.5, 0.5, 0.5, 0.2500767453801479, 0.0, 0.0, 1.0, 0.009659706980986303, -0.007756870724605538, 0.0, 0.005211183835548642, 5.0338508875402786e-05, -4.0422479334409865e-05, 3.469446951953614e-18, 0.011239330292721287, 0.0001085686372903254, -8.718203211173286e-05, 0.0, 0.0, 0.0, -1.0408340855860843e-17, 0.0]}, {"time": 9.450000000000001, "step_sample_count": 256, "data": [7.762159341656973e-06, 7.762159341654154e-06, 0.25, 0.25, 0.5, 0.5, 0.5, 0.5, 0.2500795210150401, 0.0, 0.0, 1.0, -0.009935503240292356, 0.007766283555840823, 0.0, -0.005426282742145824, 5.391284976725714e-05, -4.2142050429570897e-05, 9.540979117872439e-18, -0.011383533744398988, 0.00011310113640356076, -8.840775092641261e-05, -4.336808689942018e-19, 0.0, -3.0357660829594124e-18, -6.071532165918825e-18, 0.0]}, {"time": 9.5, "step_sample_count": 256, "data": [6.935801233077707e-05, 6.93580123307825e-05, 0.25, 0.25, 0.5, 0.5, 0.5, 0.5, 0.2507074607446915, 0.0, 0.0, 1.0, -0.029926455365395233, 0.022766843678335254, 0.0, -0.016540985599915514, 0.0004950130672553576, -0.0003765860334387543, 3.469446951953614e-18, -0.03376859039394667, 0.00101057421317684, -0.000768804218736786, 6.938893903907228e-18, 0.0, 2.168404344971009e-18, 8.673617379884035e-19, 0.0]}, {"time": 9.55, "step_sample_count": 256, "data": [0.0001928928515572781, 0.0001928928515572692, 0.25, 0.25, 0.5, 0.5, 0.5, 0.5, 0.25196134182298746, 0.0, 0.0, 1.0, -0.05029016536476516, 0.03722793605525376, 0.0, -0.02812194038057881, 0.001414257032117202, -0.001046921798237733, 0.0, -0.05589433266960695, 0.002810935232907814, -0.0020808306424752536, -1.734723475976807e-18, 0.0, 5.204170427930421e-18, 3.469446951953614e-18, 0.0]}, {"time": 9.600000000000001, "step_sample_count": 256, "data": [0.0003786572135663444, 0.00037865721356634616, 0.25, 0.25, 0.5, 0.5, 0.5, 0.5, 0.25384268991147974, 0.0, 0.0, 1.0, -0.0710030490166796, 0.05113354215455469, 0.0, -0.04015746959589538, 0.002851302782102975, -0.0020533936644018857, -1.214306433183765e-17, -0.07773962785215432, 0.005519750606925013, -0.003975102537857553, -1.0408340855860843e-17, 0.0, -1.734723475976807e-18, 3.469446951953614e-18, 0.0]}, {"time": 9.65, "step_sample_count": 256, "data": [0.0006265742566025476, 0.0006265742566025391, 0.25, 0.25, 0.5, 0.5, 0.5, 0.5, 0.2563537287077323, 0.0, 0.0, 1.0, -0.0920409553127492, 0.06446852105967574, 0.0, -0.05263521685126442, 0.004844595642083987, -0.00339331458605629, 7.806255641895632e-18, -0.09928374292665271, 0.009138170545994645, -0.006400676071750254, 1.734723475976807e-18, 0.0, 0.0, 3.469446951953614e-18, 0.0]}, {"time": 9.700000000000001, "step_sample_count": 256, "data": [0.0009361995927517712, 0.0009361995927517821, 0.25, 0.25, 0.5, 0.5, 0.5, 0.5, 0.25949730518405456, 0.0, 0.0, 1.0, -0.11337920069501127, 0.07721863074482414, 0.0, -0.06554216195458375, 0.007431117934233531, -0.005061076002188372, -1.0408340855860843e-17, -0.12050636950246339, 0.013662915852847055, -0.009305336849009894, 5.204170427930421e-18, 0.0, 6.938893903907228e-18, 1.3877787807814457e-17, 0.0]}, {"time": 9.75, "step_sample_count": 256, "data": [0.001306723131596567, 0.0013067231315965731, 0.25, 0.25, 0.5, 0.5, 0.5, 0.5, 0.2632767913149383, 0.0, 0.0, 1.0, -0.1349926040750082, 0.08937054803486115, 0.0, -0.07886463689017317, 0.01064614270323421, -0.007048175819445057, 2.0816681711721685e-17, -0.1413876481846436, 0.019086286812486267, -0.012635891603621744, 3.469446951953614e-18, 0.0, 3.469446951953614e-18, 0.0, 0.0]}, {"time": 9.8, "step_sample_count": 256, "data": [0.0017369729257222684, 0.0017369729257222626, 0.25, 0.25, 0.5, 0.5, 0.5, 0.5, 0.2676959634496393, 0.0, 0.0, 1.0, -0.15685552258412505, 0.10091188722090337, 0.0, -0.09258834263757806, 0.014522992869615083, -0.00934326439021361, -6.938893903907228e-18, -0.16190819236607482, 0.025396194124231816, -0.016338461248185655, -6.938893903907228e-18, 0.0, -6.938893903907228e-18, 2.0816681711721685e-17, 0.0]}, {"time": 9.850000000000001, "step_sample_count": 256, "data": [0.0022254209975163075, 0.002225420997516309, 0.25, 0.25, 0.5, 0.5, 0.5, 0.5, 0.27275886075246303, 0.0, 0.0, 1.0, -0.17894188800335814, 0.11183121730469614, 0.0, -0.10669836681396681, 0.019092807204565826, -0.01193220824522884, 0.0, -0.1820491114103249, 0.0325762117050973, -0.020358773738254867, 0.0, 0.0, -3.469446951953614e-18, -3.469446951953614e-18, 0.0]}, {"time": 9.9, "step_sample_count": 256, "data": [0.0027701911159201875, 0.002770191115920185, 0.25, 0.25, 0.5, 0.5, 0.5, 0.5, 0.2784696243846908, 0.0, 0.0, 1.0, -0.2012252438197428, 0.12211807784683071, 0.0, -0.12117920211780336, 0.024384314492036735, -0.014798171237638732, -1.3877787807814457e-17, -0.20179203319609054, 0.040605651080765005, -0.024642455218710294, 0.0, 0.0, -6.938893903907228e-18, 0.0, 0.0]}, {"time": 9.950000000000001, "step_sample_count": 256, "data": [0.0033690684811807283, 0.003369068481180723, 0.25, 0.25, 0.5, 0.5, 0.5, 0.5, 0.28483231933607345, 0.0, 0.0, 1.0, -0.22367878285572587, 0.13176299339589037, 0.0, -0.13601476555044542, 0.030423617208730387, -0.017921712654966872, -6.938893903907228e-18, -0.2211191259948397, 0.04945965696864768, -0.02913531793816302, 0.0, 0.0, -3.469446951953614e-18, -1.0408340855860843e-17, 0.0]}], "random_generator": {"seed": "very_nice_seed"}, "realworld_total_calculation_time": 57.678}