{"hamiltonian": {"U": 1.0, "E": 0.8, "J": 0.1, "phi": 2.5132741228718345, "type": "FirstOrderVariationalClassicalNetworkHamiltonian", "eta_calculation_sampler": {"system_geometry": {"type": "LinearChainNonPeriodicState", "size": 4}, "initial_system_state": {"type": "HomogenousInitialSystemState"}, "type": "ExactSampler"}, "psi_selection": {"type": "ChainDirectionDependentAllSameFirstOrder", "number_of_psis": 6, "J": 0.1}, "random_generator": {"seed": "46954944"}, "init_sigma": 1e-05, "pseudo_inverse_cutoff": 1e-10, "effective_time_step_size": 0.005040322580645161, "number_workers": 16, "variational_step_fraction_multiplier": 64, "ue_might_change": true, "ue_variational": true}, "start_time": 0.0, "time_step": 0.3225806451612903, "number_of_time_steps": 31, "sampler": {"system_geometry": {"type": "LinearChainNonPeriodicState", "size": 4}, "initial_system_state": {"type": "HomogenousInitialSystemState"}, "type": "ExactSampler"}, "observables": [{"type": "Energy", "label": "Energy per site"}, {"type": "EnergyVariance", "label": "Energy Variance per site"}, {"type": "VCNFactor", "label": "Re-Part of VCN Parameter 0", "param_real_part": true, "param_index": 0, "can_return_value": true}, {"type": "VCNFactor", "label": "Re-Part of VCN Parameter 1", "param_real_part": true, "param_index": 1, "can_return_value": true}, {"type": "VCNFactor", "label": "Re-Part of VCN Parameter 2", "param_real_part": true, "param_index": 2, "can_return_value": true}, {"type": "VCNFactor", "label": "Re-Part of VCN Parameter 3", "param_real_part": true, "param_index": 3, "can_return_value": true}, {"type": "VCNFactor", "label": "Re-Part of VCN Parameter 4", "param_real_part": true, "param_index": 4, "can_return_value": true}, {"type": "VCNFactor", "label": "Re-Part of VCN Parameter 5", "param_real_part": true, "param_index": 5, "can_return_value": true}, {"type": "VCNFactor", "label": "Im-Part of VCN Parameter 0", "param_real_part": false, "param_index": 0, "can_return_value": true}, {"type": "VCNFactor", "label": "Im-Part of VCN Parameter 1", "param_real_part": false, "param_index": 1, "can_return_value": true}, {"type": "VCNFactor", "label": "Im-Part of VCN Parameter 2", "param_real_part": false, "param_index": 2, "can_return_value": true}, {"type": "VCNFactor", "label": "Im-Part of VCN Parameter 3", "param_real_part": false, "param_index": 3, "can_return_value": true}, {"type": "VCNFactor", "label": "Im-Part of VCN Parameter 4", "param_real_part": false, "param_index": 4, "can_return_value": true}, {"type": "VCNFactor", "label": "Im-Part of VCN Parameter 5", "param_real_part": false, "param_index": 5, "can_return_value": true}, {"type": "BaseEnergyFactor", "label": "Re-Part of BE-Factor U", "param_real_part": true, "param_index": -1, "can_return_value": true, "kind": "U"}, {"type": "BaseEnergyFactor", "label": "Im-Part of BE-Factor U", "param_real_part": false, "param_index": -1, "can_return_value": true, "kind": "U"}, {"type": "BaseEnergyFactor", "label": "Re-Part of BE-Factor eps-0", "param_real_part": true, "param_index": 0, "can_return_value": true, "kind": "eps"}, {"type": "BaseEnergyFactor", "label": "Re-Part of BE-Factor eps-1", "param_real_part": true, "param_index": 1, "can_return_value": true, "kind": "eps"}, {"type": "BaseEnergyFactor", "label": "Re-Part of BE-Factor eps-2", "param_real_part": true, "param_index": 2, "can_return_value": true, "kind": "eps"}, {"type": "BaseEnergyFactor", "label": "Re-Part of BE-Factor eps-3", "param_real_part": true, "param_index": 3, "can_return_value": true, "kind": "eps"}, {"type": "BaseEnergyFactor", "label": "Re-Part of BE-Factor eps-4", "param_real_part": true, "param_index": 4, "can_return_value": true, "kind": "eps"}, {"type": "BaseEnergyFactor", "label": "Im-Part of BE-Factor eps-0", "param_real_part": false, "param_index": 0, "can_return_value": true, "kind": "eps"}, {"type": "BaseEnergyFactor", "label": "Im-Part of BE-Factor eps-1", "param_real_part": false, "param_index": 1, "can_return_value": true, "kind": "eps"}, {"type": "BaseEnergyFactor", "label": "Im-Part of BE-Factor eps-2", "param_real_part": false, "param_index": 2, "can_return_value": true, "kind": "eps"}, {"type": "BaseEnergyFactor", "label": "Im-Part of BE-Factor eps-3", "param_real_part": false, "param_index": 3, "can_return_value": true, "kind": "eps"}, {"type": "BaseEnergyFactor", "label": "Im-Part of BE-Factor eps-4", "param_real_part": false, "param_index": 4, "can_return_value": true, "kind": "eps"}], "measurements": [{"time": 0.0, "step_sample_count": 256, "data": [0.17499515035564026, 0.4530504236516649, -2.409211346512654e-05, 1.3364613742072939e-05, 1.5426940819682473e-06, -2.3095526437844924e-06, 2.9577584621232426e-06, -1.5668367408516222e-05, 1.0073359691169309e-05, -1.2604172898632618e-05, -1.1358230129747497e-05, 3.80637423358691e-06, 2.8480717089983352e-06, -1.895923534861108e-05, -2.4229613465669603e-06, 1.5791125000597532e-06, -1.1357545410297846e-05, 4.318272037258513e-06, -1.4618044943022195e-05, 1.2968369814907847e-06, -2.4229613465669603e-06, 1.2658790972584678e-05, -4.320935634434884e-06, -4.807979398987998e-06, -1.0283182688040512e-05, 1.5791125000597532e-06], "data_imag": [-1.075387878249898e-23, 1.505501307559791e-23, 0.0, 0.0, 0.0, 0.0, 0.0, 0.0, 0.0, 0.0, 0.0, 0.0, 0.0, 0.0, 0.0, 0.0, 0.0, 0.0, 0.0, 0.0, 0.0, 0.0, 0.0, 0.0, 0.0, 0.0]}, {"time": 0.3225806451612903, "step_sample_count": 256, "data": [0.1750239647302591, 0.4532288811469207, 0.003239870773958521, -0.04707946165219313, 0.05567056257838756, 0.0038393251901403655, -0.04701609863750668, 0.05565335151690093, 0.3075252027539242, 0.29919356335268527, 0.3107017806555789, 0.33164201482363187, 0.3374852882910036, 0.31069417965034507, 0.0006848195461476708, -0.32285899574325677, -0.003762280974637461, -0.00047430858820497404, -0.0005241744928488415, 0.0027647906598827275, 0.0006848195461476708, -0.3118752398682678, -0.10438944924713411, 0.10459802687330343, 0.31209533560607183, -0.32285899574325677], "data_imag": [4.946896542147729e-19, -6.926603567336839e-19, 0.0, 0.0, 0.0, 0.0, 0.0, 0.0, 0.0, 0.0, 0.0, 0.0, 0.0, 0.0, 0.0, 0.0, 0.0, 0.0, 0.0, 0.0, 0.0, 0.0, 0.0, 0.0, 0.0, 0.0]}, {"time": 0.6451612903225806, "step_sample_count": 256, "data": [0.17500464943985122, 0.4535854779025377, 0.009770310594393044, -0.1846553588647031, 0.20079420874056056, 0.015529195288088361, -0.18787552879825967, 0.20077699767907675, 0.618904506551093, 0.550303576314796, 0.557180819239496, 0.6242601314162443, 0.6702249965342906, 0.5571732182342779, 0.0024243128896556457, -0.6472064659817651, -0.014395292638736039, -0.0015048441277280705, -0.002002610747102981, 0.010890752289860507, 0.0024243128896556457, -0.6255292561601011, -0.20878991200942207, 0.2103752493354173, 0.6271264000736804, -0.6472064659817651], "data_imag": [-1.6534401681110396e-18, 2.3148777359203293e-18, 0.0, 0.0, 0.0, 0.0, 0.0, 0.0, 0.0, 0.0, 0.0, 0.0, 0.0, 0.0, 0.0, 0.0, 0.0, 0.0, 0.0, 0.0, 0.0, 0.0, 0.0, 0.0, 0.0, 0.0]}, {"time": 0.967741935483871, "step_sample_count": 256, "data": [0.17495835903753224, 0.45384560859643563, 0.008308008808173943, -0.3910903740537821, 0.38098876661829545, 0.03764944533365226, -0.4150966116318622, 0.3809715555568172, 0.9411863846998608, 0.7022906225157711, 0.7083188874671696, 0.8426742621518674, 0.989867848225911, 0.7083112864619441, 0.004358195929907509, -0.9734886877584666, -0.02979806463270796, -0.0020923344219027, -0.004264894846471421, 0.02345282218008014, 0.004358195929907509, -0.94302880268461, -0.31344921681585136, 0.31791114487321215, 0.9475074343209428, -0.9734886877584666], "data_imag": [2.845940450027713e-19, -3.9833685684430775e-19, 0.0, 0.0, 0.0, 0.0, 0.0, 0.0, 0.0, 0.0, 0.0, 0.0, 0.0, 0.0, 0.0, 0.0, 0.0, 0.0, 0.0, 0.0, 0.0, 0.0, 0.0, 0.0, 0.0, 0.0]}, {"time": 1.2903225806451613, "step_sample_count": 256, "data": [0.17487851967360757, 0.45363520550057873, -0.022974542515201292, -0.6127657341700339, 0.5438069639082834, 0.08193907053437177, -0.7091566206128331, 0.5437897528467914, 1.2832679717730409, 0.7096043796251803, 0.7721368178057222, 0.9614140324460052, 1.285579043195981, 0.7721292168004746, 0.005710846897840715, -1.3007156489322225, -0.04678924952083162, -0.001383784848299843, -0.007104027786309285, 0.03833691387280001, 0.005710846897840715, -1.2665229681451338, -0.4188721117332365, 0.42687915773235574, 1.274569479658821, -1.3007156489322225], "data_imag": [-1.2738232195668247e-18, 1.7821145517097212e-18, 0.0, 0.0, 0.0, 0.0, 0.0, 0.0, 0.0, 0.0, 0.0, 0.0, 0.0, 0.0, 0.0, 0.0, 0.0, 0.0, 0.0, 0.0, 0.0, 0.0, 0.0, 0.0, 0.0, 0.0]}, {"time": 1.6129032258064515, "step_sample_count": 256, "data": [0.17473931065415338, 0.45270899205659026, -0.11658525506130032, -0.7556001531860432, 0.6575339714885253, 0.17382289604452125, -1.0346542958448615, 0.6575167604270569, 1.6443377470937564, 0.5643502701983584, 0.7784188802201255, 0.9741164280272037, 1.5550436325508636, 0.778411279214884, 0.006436047760826987, -1.627172216306898, -0.06154463294258411, 0.0006878382397575792, -0.010408104588562816, 0.05189434886176707, 0.006436047760826987, -1.5968603682971243, -0.525477345144557, 0.5362729422393195, 1.6077452699294543, -1.627172216306898], "data_imag": [-2.30361723849367e-19, 3.2202599061232664e-19, 0.0, 0.0, 0.0, 0.0, 0.0, 0.0, 0.0, 0.0, 0.0, 0.0, 0.0, 0.0, 0.0, 0.0, 0.0, 0.0, 0.0, 0.0, 0.0, 0.0, 0.0, 0.0, 0.0, 0.0]}, {"time": 1.935483870967742, "step_sample_count": 256, "data": [0.17458725517550389, 0.4512539830428498, -0.302290053653268, -0.7235012790533348, 0.711268044191086, 0.34034488812255415, -1.3530177161337404, 0.7112508331296135, 1.9960866658328371, 0.3390600691112841, 0.7610854292261799, 0.9042657745324906, 1.8184280504671406, 0.7610778282209659, 0.007230904649438512, -1.951592642095708, -0.0708551406548922, 0.003389071312871184, -0.014115060648804066, 0.06022880364098942, 0.007230904649438512, -1.9316769316265197, -0.6331282441147646, 0.6449797030466047, 1.9436791742784612, -1.951592642095708], "data_imag": [-3.116545935204963e-19, 4.352873603646465e-19, 0.0, 0.0, 0.0, 0.0, 0.0, 0.0, 0.0, 0.0, 0.0, 0.0, 0.0, 0.0, 0.0, 0.0, 0.0, 0.0, 0.0, 0.0, 0.0, 0.0, 0.0, 0.0, 0.0, 0.0]}, {"time": 2.258064516129032, "step_sample_count": 256, "data": [0.17454534813883651, 0.44989873869490804, -0.5800547831186615, -0.5020633315949796, 0.7083247092821221, 0.5805562180547176, -1.6490046128416784, 0.7083074982206565, 2.285265392520785, 0.16591751667921578, 0.7500082344417062, 0.7964978916023243, 2.108994442828277, 0.7500006334365183, 0.008882386655283219, -2.273856309025379, -0.07440943742955379, 0.005671470527582448, -0.018004360222463715, 0.062186659189819436, 0.008882386655283219, -2.2657530133500408, -0.7410669585951835, 0.7523512624325884, 2.277226444289232, -2.273856309025379], "data_imag": [8.807200620201e-19, -1.229804718705248e-18, 0.0, 0.0, 0.0, 0.0, 0.0, 0.0, 0.0, 0.0, 0.0, 0.0, 0.0, 0.0, 0.0, 0.0, 0.0, 0.0, 0.0, 0.0, 0.0, 0.0, 0.0, 0.0, 0.0, 0.0]}, {"time": 2.5806451612903225, "step_sample_count": 256, "data": [0.17464111435678412, 0.4492862150783714, -0.9141260086676338, -0.17514645808117663, 0.6621169613703668, 0.8558213400187176, -1.931549813759369, 0.6620997503089086, 2.4658175749728777, 0.13871981848479498, 0.76914333965086, 0.6832388749744025, 2.441256494416619, 0.7691357386456884, 0.01154524797702005, -2.594978347895538, -0.07503796759323043, 0.0067579145722119595, -0.02160209333559619, 0.06030085982107018, 0.01154524797702005, -2.5945496091322644, -0.8484343312688204, 0.8586198737079415, 2.604915355544668, -2.594978347895538], "data_imag": [0.0, 0.0, 0.0, 0.0, 0.0, 0.0, 0.0, 0.0, 0.0, 0.0, 0.0, 0.0, 0.0, 0.0, 0.0, 0.0, 0.0, 0.0, 0.0, 0.0, 0.0, 0.0, 0.0, 0.0, 0.0, 0.0]}, {"time": 2.903225806451613, "step_sample_count": 256, "data": [0.17471341381508435, 0.4496441679852373, -1.2589305116329448, 0.15313710690982965, 0.5952025315550297, 1.114791115646472, -2.207143831048463, 0.5951853204935634, 2.5210565030446097, 0.26899021136609064, 0.8348064073313943, 0.5667862660138441, 2.8076486920899297, 0.8347988063262346, 0.014478852659645802, -2.916572003329825, -0.075966825129114, 0.006705829214560663, -0.02444735727703549, 0.0583389654109204, 0.014478852659645802, -2.916844554924512, -0.9549243334595847, 0.9648710224174969, 2.9269230873332144, -2.916572003329825], "data_imag": [1.6257095861973115e-19, -2.2722661734115235e-19, 0.0, 0.0, 0.0, 0.0, 0.0, 0.0, 0.0, 0.0, 0.0, 0.0, 0.0, 0.0, 0.0, 0.0, 0.0, 0.0, 0.0, 0.0, 0.0, 0.0, 0.0, 0.0, 0.0, 0.0]}, {"time": 3.225806451612903, "step_sample_count": 256, "data": [0.17457398264040683, 0.45076542983798457, -1.5803030212167832, 0.4109796992741237, 0.5369868653686168, 1.3190072612652692, -2.4745719976646274, 0.5369696543071588, 2.4608897743456626, 0.5260540381813851, 0.950582103668313, 0.4297448649132987, 3.2052765295032253, 0.9505745026630971, 0.01638735931953227, -3.239958613744103, -0.07858153177391675, 0.006578153711650739, -0.02639974281123879, 0.05890322101593055, 0.01638735931953227, -3.234592048253975, -1.0609440719174978, 1.0723460020557416, 3.2460689759636217, -3.239958613744103], "data_imag": [1.0160152042355984e-18, -1.4189585650129184e-18, 0.0, 0.0, 0.0, 0.0, 0.0, 0.0, 0.0, 0.0, 0.0, 0.0, 0.0, 0.0, 0.0, 0.0, 0.0, 0.0, 0.0, 0.0, 0.0, 0.0, 0.0, 0.0, 0.0, 0.0]}, {"time": 3.5483870967741935, "step_sample_count": 256, "data": [0.1741759454605998, 0.45222196225444206, -1.8581667025314093, 0.5551217592623459, 0.5155613394080779, 1.452427169179657, -2.7409854444665656, 0.5155441283466078, 2.312518276868998, 0.8740254310563496, 1.1020045910821235, 0.25072205878829307, 3.6475696806560247, 1.1019969900769473, 0.016088390241504, -3.5653214444484864, -0.0821456156337327, 0.007877545908567134, -0.02758313750371775, 0.06261996153511469, 0.016088390241504, -3.551506344016155, -1.1673125885587563, 1.1816225177622666, 3.5658591764999126, -3.5653214444484864], "data_imag": [2.7093114688073135e-20, -3.775175093014083e-20, 0.0, 0.0, 0.0, 0.0, 0.0, 0.0, 0.0, 0.0, 0.0, 0.0, 0.0, 0.0, 0.0, 0.0, 0.0, 0.0, 0.0, 0.0, 0.0, 0.0, 0.0, 0.0, 0.0, 0.0]}, {"time": 3.870967741935484, "step_sample_count": 256, "data": [0.17360170246421597, 0.45355713426346417, -2.0822706934224953, 0.557244134605955, 0.5449614302071673, 1.5198266984799342, -3.029540650049946, 0.5449442191457071, 2.1140800668187776, 1.2782518523772934, 1.2590487082504243, 0.012473141393125234, 4.1559576076699, 1.2590411072452035, 0.012963718540816419, -3.89144534799386, -0.08463358590552579, 0.011771604510561078, -0.028197830385061788, 0.06839138389339043, 0.012963718540816419, -3.8716897370400023, -1.2748854180758462, 1.2923306364962734, 3.8891837669696296, -3.89144534799386], "data_imag": [2.167431003507651e-19, -3.0101576974612166e-19, 0.0, 0.0, 0.0, 0.0, 0.0, 0.0, 0.0, 0.0, 0.0, 0.0, 0.0, 0.0, 0.0, 0.0, 0.0, 0.0, 0.0, 0.0, 0.0, 0.0, 0.0, 0.0, 0.0, 0.0]}, {"time": 4.193548387096774, "step_sample_count": 256, "data": [0.17299154170623465, 0.4544732101657124, -2.2510265852504454, 0.40140181457821605, 0.6168588602147093, 1.5421043497731683, -3.3759455711556656, 0.6168416491532501, 1.9118397993768137, 1.7013503220908666, 1.389032439593272, -0.29713141408769234, 4.7520582145602654, 1.38902483858803, 0.006991061769738314, -4.216207445583462, -0.08370970356511734, 0.01862413510347026, -0.02843595153176698, 0.07402468666883329, 0.006991061769738314, -4.199035037641948, -1.3842418276058315, 1.4033567513696301, 4.218216957754761, -4.216207445583462], "data_imag": [-5.892599795029737e-19, 8.154959385600295e-19, 0.0, 0.0, 0.0, 0.0, 0.0, 0.0, 0.0, 0.0, 0.0, 0.0, 0.0, 0.0, 0.0, 0.0, 0.0, 0.0, 0.0, 0.0, 0.0, 0.0, 0.0, 0.0, 0.0, 0.0]}, {"time": 4.516129032258064, "step_sample_count": 256, "data": [0.17251172773798648, 0.45497246945304565, -2.373900678508195, 0.09058153100777086, 0.7050451648561867, 1.5536116924043515, -3.82151831443869, 0.7050279537947342, 1.7573123163409872, 2.1026691987439423, 1.4717562862203866, -0.6875995115383204, 5.4568125422376825, 1.4717486852151156, -0.0012585414508139575, -4.537551007107449, -0.07735586827387914, 0.02770615464495763, -0.028421012076539385, 0.07666828363513953, -0.0012585414508139575, -4.5371892354829635, -1.4954447165293414, 1.5132270509084993, 4.55501112614624, -4.537551007107449], "data_imag": [1.046403263601366e-18, -1.4441346793163154e-18, 0.0, 0.0, 0.0, 0.0, 0.0, 0.0, 0.0, 0.0, 0.0, 0.0, 0.0, 0.0, 0.0, 0.0, 0.0, 0.0, 0.0, 0.0, 0.0, 0.0, 0.0, 0.0, 0.0, 0.0]}, {"time": 4.838709677419355, "step_sample_count": 256, "data": [0.17230831712239186, 0.4553021546309049, -2.472498107677976, -0.34046422832297346, 0.7799124939485719, 1.5993742670922697, -4.398631976536, 0.779895282886998, 1.7006299159951621, 2.4465150789891026, 1.5060283019834713, -1.1689921620185426, 6.295262184559017, 1.5060207009783684, -0.010454118588615252, -4.854462684712342, -0.06401965368190868, 0.037001817011480746, -0.0280692665467435, 0.07292550892503148, -0.010454118588615252, -4.889300903537433, -1.6080105135155909, 1.6206284623141272, 4.901834577814006, -4.854462684712342], "data_imag": [6.48042205577817e-19, -8.933044949391738e-19, 0.0, 0.0, 0.0, 0.0, 0.0, 0.0, 0.0, 0.0, 0.0, 0.0, 0.0, 0.0, 0.0, 0.0, 0.0, 0.0, 0.0, 0.0, 0.0, 0.0, 0.0, 0.0, 0.0, 0.0]}, {"time": 5.161290322580645, "step_sample_count": 256, "data": [0.17241015928608183, 0.45571552316896136, -2.57365905406595, -0.8114611898640799, 0.8211173034908987, 1.7243040407478323, -5.099211826649065, 0.8211000924298526, 1.7812360202889992, 2.725849413732414, 1.505314091299892, -1.7514490953501378, 7.310327898779857, 1.5053064902940563, -0.018554624929450036, -5.1673704274822985, -0.04269071986950271, 0.04349001062944974, -0.0269510154472551, 0.059332757848398476, -0.018554624929450036, -5.257165922965233, -1.7213379871238352, 1.725110431056149, 5.260652976359942, -5.1673704274822985], "data_imag": [-1.2189967759733783e-19, 1.6813394265183223e-19, 0.0, 0.0, 0.0, 0.0, 0.0, 0.0, 0.0, 0.0, 0.0, 0.0, 0.0, 0.0, 0.0, 0.0, 0.0, 0.0, 0.0, 0.0, 0.0, 0.0, 0.0, 0.0, 0.0, 0.0]}, {"time": 5.483870967741935, "step_sample_count": 256, "data": [0.17268810374766821, 0.45625866502968454, -2.6858925370444813, -1.2025223139376582, 0.8208986094931552, 1.9462391722397006, -5.829760713402195, 0.8208813984331115, 2.0160547493525174, 2.9939523896567732, 1.489122582091511, -2.4342635612437444, 8.571435856961175, 1.4891149810843376, -0.02337166287278358, -5.47785474500306, -0.014293451907584999, 0.04422811194440275, -0.024457208078798708, 0.03453854348826352, -0.02337166287278358, -5.639839203691292, -1.8351953976216633, 1.8275079308220803, 5.631697569184821, -5.47785474500306], "data_imag": [5.756263816837388e-19, -7.952306265607703e-19, 0.0, 0.0, 0.0, 0.0, 0.0, 0.0, 0.0, 0.0, 0.0, 0.0, 0.0, 0.0, 0.0, 0.0, 0.0, 0.0, 0.0, 0.0, 0.0, 0.0, 0.0, 0.0, 0.0, 0.0]}, {"time": 5.806451612903226, "step_sample_count": 256, "data": [0.17295020230521746, 0.45671273980288973, -2.7653892543232033, -1.4003917820533767, 0.7813372414199846, 2.219705132416804, -6.3867303196903, 0.7813200303602915, 2.376840901899532, 3.3436968097598303, 1.4765647509656605, -3.1786138758988915, 10.1034039325472, 1.4765571499597532, -0.023291289369798292, -5.788143725300422, 0.01542203713578958, 0.03760584600851206, -0.020254621815891334, 0.0028794265094530375, -0.023291289369798292, -6.031433469189277, -1.949446709234538, 1.9294700189372447, 6.01097518243604, -5.788143725300422], "data_imag": [1.0022575901271666e-18, -1.386725223795465e-18, 0.0, 0.0, 0.0, 0.0, 0.0, 0.0, 0.0, 0.0, 0.0, 0.0, 0.0, 0.0, 0.0, 0.0, 0.0, 0.0, 0.0, 0.0, 0.0, 0.0, 0.0, 0.0, 0.0, 0.0]}, {"time": 6.129032258064516, "step_sample_count": 256, "data": [0.17306140763950112, 0.4567108812027079, -2.735088491494402, -1.3701463440191677, 0.7118503868146439, 2.453561145480716, -6.565274745607989, 0.7118331757555965, 2.766234996032273, 3.8003119227337403, 1.4835858924201581, -3.8799482181556346, 11.727226167001216, 1.4835782914096638, -0.01766732163838214, -6.100598332125513, 0.03772930945420809, 0.023824742839963768, -0.014567135623835596, -0.02715943897725783, -0.01766732163838214, -6.419242141035015, -2.0634341364726407, 2.0325078101539713, 6.387953361332882, -6.100598332125513], "data_imag": [-1.0699550417535138e-18, 1.4813434050947548e-18, 0.0, 0.0, 0.0, 0.0, 0.0, 0.0, 0.0, 0.0, 0.0, 0.0, 0.0, 0.0, 0.0, 0.0, 0.0, 0.0, 0.0, 0.0, 0.0, 0.0, 0.0, 0.0, 0.0, 0.0]}, {"time": 6.451612903225806, "step_sample_count": 256, "data": [0.17301408696601772, 0.45600925828315475, -2.5797815951184417, -1.1985557640432236, 0.6285058640465212, 2.6066745901404325, -6.395232270972255, 0.6284886529863162, 3.071975961945552, 4.29374888968477, 1.5215911443985013, -4.42069791032161, 13.140507362277594, 1.5215835433779108, -0.006912066850923954, -6.417099861495456, 0.050154505964773895, 0.004609182818245702, -0.008067272717604313, -0.05214981301798547, -0.006912066850923954, -6.7897155192588405, -2.1758869005579538, 2.1373734013067525, 6.751015685430584, -6.417099861495456], "data_imag": [-1.814792331537938e-18, 2.511877106191735e-18, 0.0, 0.0, 0.0, 0.0, 0.0, 0.0, 0.0, 0.0, 0.0, 0.0, 0.0, 0.0, 0.0, 0.0, 0.0, 0.0, 0.0, 0.0, 0.0, 0.0, 0.0, 0.0, 0.0, 0.0]}, {"time": 6.774193548387097, "step_sample_count": 256, "data": [0.17290300892483257, 0.4547162732306189, -2.3509303663725394, -1.0194420074561852, 0.5529450447205652, 2.696686050228851, -6.080124679032909, 0.5529278336627435, 3.263194747611237, 4.76112979796487, 1.5945279756390769, -4.765876188809468, 14.213742187567732, 1.5945203746262808, 0.007516297243174388, -6.738514027578529, 0.056650137630632556, -0.01748950174411275, -0.001433469533307613, -0.07411351317948521, 0.007516297243174388, -7.138369797799126, -2.285341355208942, 2.243941138649807, 7.096929940217096, -6.738514027578529], "data_imag": [-4.604508350116095e-19, 6.369066786836714e-19, 0.0, 0.0, 0.0, 0.0, 0.0, 0.0, 0.0, 0.0, 0.0, 0.0, 0.0, 0.0, 0.0, 0.0, 0.0, 0.0, 0.0, 0.0, 0.0, 0.0, 0.0, 0.0, 0.0, 0.0]}, {"time": 7.096774193548387, "step_sample_count": 256, "data": [0.17278156949853987, 0.45329856965046633, -2.0921757902821496, -0.913430923200206, 0.5080008442201874, 2.7326869361418833, -5.753632097748182, 0.5079836331619788, 3.3743331948682687, 5.177025392654343, 1.694769639482521, -4.946836919613245, 14.987942993815652, 1.694762038468994, 0.023340605863853628, -7.064590989568663, 0.060037772316290657, -0.039870034882475675, 0.005068590582721643, -0.09344780999529054, 0.023340605863853628, -7.468265781338137, -2.390682396528852, 2.351455128563444, 7.429094291668908, -7.064590989568663], "data_imag": [-2.4376018485276633e-19, 3.3693813856092127e-19, 0.0, 0.0, 0.0, 0.0, 0.0, 0.0, 0.0, 0.0, 0.0, 0.0, 0.0, 0.0, 0.0, 0.0, 0.0, 0.0, 0.0, 0.0, 0.0, 0.0, 0.0, 0.0, 0.0, 0.0]}, {"time": 7.419354838709677, "step_sample_count": 256, "data": [0.172585814988354, 0.45236844805853627, -1.818641049724267, -0.9001404680287539, 0.5094018109641735, 2.702545207778942, -5.438116751662451, 0.5093845999050187, 3.4524076638950456, 5.530139586461589, 1.8022545000086863, -5.0085481553426145, 15.544813644884007, 1.8022468989932894, 0.03808904767801285, -7.394332687151619, 0.06021826735143474, -0.060439707284370266, 0.011570822480782028, -0.10778309448010433, 0.03808904767801285, -7.784764767561343, -2.4915067598526455, 2.4589230437492877, 7.752302831499766, -7.394332687151619], "data_imag": [-8.125141874735495e-19, 1.1218273858777825e-18, 0.0, 0.0, 0.0, 0.0, 0.0, 0.0, 0.0, 0.0, 0.0, 0.0, 0.0, 0.0, 0.0, 0.0, 0.0, 0.0, 0.0, 0.0, 0.0, 0.0, 0.0, 0.0, 0.0, 0.0]}, {"time": 7.741935483870968, "step_sample_count": 256, "data": [0.17220556394023004, 0.4523799930971112, -1.5302041154882997, -0.9683435367419787, 0.5578332270637708, 2.59176610215826, -5.107329104577752, 0.5578160160042238, 3.5422877942527458, 5.814784247232853, 1.8909283001291803, -4.994015550335792, 15.967626305470615, 1.8909206991132512, 0.049927378802825655, -7.726424678557572, 0.05591222867220122, -0.07787365606623275, 0.018231607629324943, -0.1143423744021073, 0.049927378802825655, -8.093942262601297, -2.5882577724737623, 2.565460720927735, 8.071330080273844, -7.726424678557572], "data_imag": [4.468713646595344e-19, -6.156298828794823e-19, 0.0, 0.0, 0.0, 0.0, 0.0, 0.0, 0.0, 0.0, 0.0, 0.0, 0.0, 0.0, 0.0, 0.0, 0.0, 0.0, 0.0, 0.0, 0.0, 0.0, 0.0, 0.0, 0.0, 0.0]}, {"time": 8.064516129032258, "step_sample_count": 256, "data": [0.17159085308560423, 0.4534094763067455, -1.22792965915476, -1.0980841155342382, 0.6375484937863725, 2.401777526331031, -4.7436339495523905, 0.6375312827269624, 3.6870729632670005, 6.025777812737593, 1.9402914944256784, -4.943696477095693, 16.33586507663826, 1.9402838934098967, 0.058249175298341664, -8.059440744956232, 0.046442377094190815, -0.09163194288616207, 0.024875118824797378, -0.11208520949599501, 0.058249175298341664, -8.402234563059274, -2.682175380020055, 2.67051670498632, 8.390828878590918, -8.059440744956232], "data_imag": [4.739380067089823e-19, -6.505874150470808e-19, 0.0, 0.0, 0.0, 0.0, 0.0, 0.0, 0.0, 0.0, 0.0, 0.0, 0.0, 0.0, 0.0, 0.0, 0.0, 0.0, 0.0, 0.0, 0.0, 0.0, 0.0, 0.0, 0.0, 0.0]}, {"time": 8.387096774193548, "step_sample_count": 256, "data": [0.1707856786206446, 0.4551369423474174, -0.924555401262378, -1.263476973109311, 0.7231810637054762, 2.159374335332486, -4.360914309327111, 0.7231638526459254, 3.9212073595723624, 6.147559967956429, 1.9443555739254734, -4.890408744588893, 16.702149099552464, 1.9443479729095061, 0.06375770057052192, -8.391966010980884, 0.03259987463723386, -0.10185292173232485, 0.030876937968802764, -0.10257722233003852, 0.06375770057052192, -8.715164613714002, -2.7749812677396246, 2.773955137878233, 8.714450867421633, -8.391966010980884], "data_imag": [-7.447283766607166e-19, 1.0175115295684124e-18, 0.0, 0.0, 0.0, 0.0, 0.0, 0.0, 0.0, 0.0, 0.0, 0.0, 0.0, 0.0, 0.0, 0.0, 0.0, 0.0, 0.0, 0.0, 0.0, 0.0, 0.0, 0.0, 0.0, 0.0]}, {"time": 8.709677419354838, "step_sample_count": 256, "data": [0.16986110422215617, 0.4569712813238314, -0.6449543235626759, -1.4175094856943244, 0.7900324028749109, 1.9133106654425698, -3.986352298673128, 0.7900151918155095, 4.258805144089118, 6.154355144814233, 1.9123153441879301, -4.852650924361382, 17.073760114915757, 1.9123077431721196, 0.0680955402252172, -8.722878955458748, 0.016407713295386213, -0.10926169920394783, 0.035343854233476475, -0.08947162718145762, 0.0680955402252172, -9.035655582100238, -2.868233720177011, 2.8759499681651, 9.043718641191994, -8.722878955458748], "data_imag": [7.717796450868199e-19, -1.0487627418450484e-18, 0.0, 0.0, 0.0, 0.0, 0.0, 0.0, 0.0, 0.0, 0.0, 0.0, 0.0, 0.0, 0.0, 0.0, 0.0, 0.0, 0.0, 0.0, 0.0, 0.0, 0.0, 0.0, 0.0, 0.0]}, {"time": 9.032258064516128, "step_sample_count": 256, "data": [0.16882421368893216, 0.45820967733391826, -0.4201692593912724, -1.483238140430237, 0.8214307406858382, 1.721241950435271, -3.6324038909964873, 0.8214135296262411, 4.686417151607054, 6.040958580167164, 1.8627626727447422, -4.831883247711271, 17.433339334523165, 1.8627550717287849, 0.07325365453585889, -9.051718877514036, 0.00035917971078721505, -0.11509534407953984, 0.037479902925440095, -0.07728732833789452, 0.07325365453585889, -9.363112842498017, -2.962615110653064, 2.976723863619373, 9.377575914764014, -9.051718877514036], "data_imag": [1.6924547262219666e-19, -2.2858187068683224e-19, 0.0, 0.0, 0.0, 0.0, 0.0, 0.0, 0.0, 0.0, 0.0, 0.0, 0.0, 0.0, 0.0, 0.0, 0.0, 0.0, 0.0, 0.0, 0.0, 0.0, 0.0, 0.0, 0.0, 0.0]}, {"time": 9.35483870967742, "step_sample_count": 256, "data": [0.16764178693078535, 0.45825894988169646, -0.2754191189388646, -1.387903473085977, 0.8108437573620298, 1.6293627781408386, -3.2982735270022214, 0.810826546302428, 5.16273681802949, 5.862914430168203, 1.8176418685093436, -4.813480435750686, 17.779765972012942, 1.8176342674934005, 0.08099312242965628, -9.378873229688853, -0.013731503191232895, -0.12083321520495724, 0.03685607476527324, -0.06971417221215029, 0.08099312242965628, -9.69358182519751, -3.057628285299543, 3.076353115131101, 9.712646262317822, -9.378873229688853], "data_imag": [-1.1474609565931078e-18, 1.538899241572616e-18, 0.0, 0.0, 0.0, 0.0, 0.0, 0.0, 0.0, 0.0, 0.0, 0.0, 0.0, 0.0, 0.0, 0.0, 0.0, 0.0, 0.0, 0.0, 0.0, 0.0, 0.0, 0.0, 0.0, 0.0]}, {"time": 9.67741935483871, "step_sample_count": 256, "data": [0.16638774907990142, 0.4569458683825588, -0.21492751457771178, -1.1274728261798344, 0.7614341917585647, 1.6504123282830347, -2.9969796953064067, 0.7614169806989188, 5.6322426429676975, 5.721218942077255, 1.7989541938345688, -4.778897365995628, 18.139000718355422, 1.7989465928186184, 0.09236775115571971, -9.70551597188322, -0.026007614786182718, -0.127627039508252, 0.03342246199743148, -0.06777897818466366, 0.09236775115571971, -10.021504213897563, -3.151850046564019, 3.1748415178858096, 10.044798666002754, -9.70551597188322], "data_imag": [1.3962027205636243e-19, -1.8584882234705284e-19, 0.0, 0.0, 0.0, 0.0, 0.0, 0.0, 0.0, 0.0, 0.0, 0.0, 0.0, 0.0, 0.0, 0.0, 0.0, 0.0, 0.0, 0.0, 0.0, 0.0, 0.0, 0.0, 0.0, 0.0]}], "random_generator": {"seed": "very_nice_seed"}, "realworld_total_calculation_time": 86.076}