{"hamiltonian": {"U": 1.0, "E": 0.8, "J": 0.1, "phi": 1.8849555921538759, "type": "FirstOrderVariationalClassicalNetworkHamiltonian", "eta_calculation_sampler": {"system_geometry": {"type": "SquareSystemNonPeriodicState", "size": 2}, "initial_system_state": {"type": "HomogenousInitialSystemState"}, "type": "ExactSampler"}, "psi_selection": {"type": "SquareDirectionDependentAllSameFirstOrder", "number_of_psis": 12, "J": 0.1}, "random_generator": {"seed": "46954944"}, "init_sigma": 1e-05, "pseudo_inverse_cutoff": 1e-10, "effective_time_step_size": 0.049019607843137254, "number_workers": 16, "variational_step_fraction_multiplier": 10, "ue_might_change": true, "ue_variational": true}, "start_time": 0.0, "time_step": 0.49019607843137253, "number_of_time_steps": 51, "sampler": {"system_geometry": {"type": "SquareSystemNonPeriodicState", "size": 2}, "initial_system_state": {"type": "HomogenousInitialSystemState"}, "type": "ExactSampler"}, "observables": [{"type": "Energy", "label": "Energy per site"}, {"type": "EnergyVariance", "label": "Energy Variance per site"}, {"type": "VCNFactor", "label": "Re-Part of VCN Parameter 0", "param_real_part": true, "param_index": 0, "can_return_value": true}, {"type": "VCNFactor", "label": "Re-Part of VCN Parameter 1", "param_real_part": true, "param_index": 1, "can_return_value": true}, {"type": "VCNFactor", "label": "Re-Part of VCN Parameter 2", "param_real_part": true, "param_index": 2, "can_return_value": true}, {"type": "VCNFactor", "label": "Re-Part of VCN Parameter 3", "param_real_part": true, "param_index": 3, "can_return_value": true}, {"type": "VCNFactor", "label": "Re-Part of VCN Parameter 4", "param_real_part": true, "param_index": 4, "can_return_value": true}, {"type": "VCNFactor", "label": "Re-Part of VCN Parameter 5", "param_real_part": true, "param_index": 5, "can_return_value": true}, {"type": "VCNFactor", "label": "Re-Part of VCN Parameter 6", "param_real_part": true, "param_index": 6, "can_return_value": true}, {"type": "VCNFactor", "label": "Re-Part of VCN Parameter 7", "param_real_part": true, "param_index": 7, "can_return_value": true}, {"type": "VCNFactor", "label": "Re-Part of VCN Parameter 8", "param_real_part": true, "param_index": 8, "can_return_value": true}, {"type": "VCNFactor", "label": "Re-Part of VCN Parameter 9", "param_real_part": true, "param_index": 9, "can_return_value": true}, {"type": "VCNFactor", "label": "Re-Part of VCN Parameter 10", "param_real_part": true, "param_index": 10, "can_return_value": true}, {"type": "VCNFactor", "label": "Re-Part of VCN Parameter 11", "param_real_part": true, "param_index": 11, "can_return_value": true}, {"type": "VCNFactor", "label": "Im-Part of VCN Parameter 0", "param_real_part": false, "param_index": 0, "can_return_value": true}, {"type": "VCNFactor", "label": "Im-Part of VCN Parameter 1", "param_real_part": false, "param_index": 1, "can_return_value": true}, {"type": "VCNFactor", "label": "Im-Part of VCN Parameter 2", "param_real_part": false, "param_index": 2, "can_return_value": true}, {"type": "VCNFactor", "label": "Im-Part of VCN Parameter 3", "param_real_part": false, "param_index": 3, "can_return_value": true}, {"type": "VCNFactor", "label": "Im-Part of VCN Parameter 4", "param_real_part": false, "param_index": 4, "can_return_value": true}, {"type": "VCNFactor", "label": "Im-Part of VCN Parameter 5", "param_real_part": false, "param_index": 5, "can_return_value": true}, {"type": "VCNFactor", "label": "Im-Part of VCN Parameter 6", "param_real_part": false, "param_index": 6, "can_return_value": true}, {"type": "VCNFactor", "label": "Im-Part of VCN Parameter 7", "param_real_part": false, "param_index": 7, "can_return_value": true}, {"type": "VCNFactor", "label": "Im-Part of VCN Parameter 8", "param_real_part": false, "param_index": 8, "can_return_value": true}, {"type": "VCNFactor", "label": "Im-Part of VCN Parameter 9", "param_real_part": false, "param_index": 9, "can_return_value": true}, {"type": "VCNFactor", "label": "Im-Part of VCN Parameter 10", "param_real_part": false, "param_index": 10, "can_return_value": true}, {"type": "VCNFactor", "label": "Im-Part of VCN Parameter 11", "param_real_part": false, "param_index": 11, "can_return_value": true}, {"type": "BaseEnergyFactor", "label": "Re-Part of BE-Factor U", "param_real_part": true, "param_index": -1, "can_return_value": true, "kind": "U"}, {"type": "BaseEnergyFactor", "label": "Im-Part of BE-Factor U", "param_real_part": false, "param_index": -1, "can_return_value": true, "kind": "U"}, {"type": "BaseEnergyFactor", "label": "Re-Part of BE-Factor eps-0", "param_real_part": true, "param_index": 0, "can_return_value": true, "kind": "eps"}, {"type": "BaseEnergyFactor", "label": "Re-Part of BE-Factor eps-1", "param_real_part": true, "param_index": 1, "can_return_value": true, "kind": "eps"}, {"type": "BaseEnergyFactor", "label": "Re-Part of BE-Factor eps-2", "param_real_part": true, "param_index": 2, "can_return_value": true, "kind": "eps"}, {"type": "BaseEnergyFactor", "label": "Re-Part of BE-Factor eps-3", "param_real_part": true, "param_index": 3, "can_return_value": true, "kind": "eps"}, {"type": "BaseEnergyFactor", "label": "Re-Part of BE-Factor eps-4", "param_real_part": true, "param_index": 4, "can_return_value": true, "kind": "eps"}, {"type": "BaseEnergyFactor", "label": "Im-Part of BE-Factor eps-0", "param_real_part": false, "param_index": 0, "can_return_value": true, "kind": "eps"}, {"type": "BaseEnergyFactor", "label": "Im-Part of BE-Factor eps-1", "param_real_part": false, "param_index": 1, "can_return_value": true, "kind": "eps"}, {"type": "BaseEnergyFactor", "label": "Im-Part of BE-Factor eps-2", "param_real_part": false, "param_index": 2, "can_return_value": true, "kind": "eps"}, {"type": "BaseEnergyFactor", "label": "Im-Part of BE-Factor eps-3", "param_real_part": false, "param_index": 3, "can_return_value": true, "kind": "eps"}, {"type": "BaseEnergyFactor", "label": "Im-Part of BE-Factor eps-4", "param_real_part": false, "param_index": 4, "can_return_value": true, "kind": "eps"}], "measurements": [{"time": 0.0, "step_sample_count": 256, "data": [0.4068200343803896, 0.4338893723952918, -2.409211346512654e-05, 1.3364613742072939e-05, 1.5426940819682473e-06, -2.3095526437844924e-06, 2.9577584621232426e-06, -1.5668367408516222e-05, 1.0073359691169309e-05, -1.2604172898632618e-05, -1.1358230129747497e-05, 3.80637423358691e-06, 2.8480717089983352e-06, -1.895923534861108e-05, -1.1357545410297846e-05, 4.318272037258513e-06, -1.4618044943022195e-05, 1.2968369814907847e-06, -2.4229613465669603e-06, 1.2658790972584678e-05, -4.320935634434884e-06, -4.807979398987998e-06, -1.0283182688040512e-05, 1.5791125000597532e-06, 1.6795899010380995e-05, -6.0341603244068835e-06, 7.2706396032623796e-06, -2.5990623020784137e-06, 2.105483127674879e-05, 1.1085069673905734e-05, -9.132533945527703e-06, -1.2101228867378676e-06, 7.2706396032623796e-06, -5.612770751019133e-06, -2.3901402852107364e-06, -7.7877375531777e-06, 4.464171819755137e-06, -2.5990623020784137e-06], "data_imag": [-8.271351266177394e-25, 2.691961125182853e-24, 0.0, 0.0, 0.0, 0.0, 0.0, 0.0, 0.0, 0.0, 0.0, 0.0, 0.0, 0.0, 0.0, 0.0, 0.0, 0.0, 0.0, 0.0, 0.0, 0.0, 0.0, 0.0, 0.0, 0.0, 0.0, 0.0, 0.0, 0.0, 0.0, 0.0, 0.0, 0.0, 0.0, 0.0, 0.0, 0.0]}, {"time": 0.49019607843137253, "step_sample_count": 256, "data": [0.4075592144655326, 0.4343488879641243, 0.009781206506569651, -0.0988734057389119, 0.12213181444658848, 0.010430575886145994, -0.09846839346859498, 0.12211460338509328, 0.010967324152571225, -0.09511486255199258, 0.1192415513045377, 0.009033712345905286, -0.09635055011563673, 0.11923395029930016, 0.4837545018958054, 0.4724756601530519, 0.45825723265125085, 0.4874312379835858, 0.492971258789408, 0.4582845094868989, 0.4827900138498594, 0.5055774826311705, 0.4504359248226363, 0.47121628238471114, 0.4428054211455229, 0.45044017384526736, 0.003081755588304391, -0.49179393417298245, 0.003330569408720746, 0.008534612965108537, -0.01259305751092029, -0.007369088967885929, 0.003081755588304391, 0.00028905401626154285, 0.12112608390330085, -0.3715779059463782, -0.2507352455599142, -0.49179393417298245], "data_imag": [3.9969050750942753e-19, -1.3031803941589786e-18, 0.0, 0.0, 0.0, 0.0, 0.0, 0.0, 0.0, 0.0, 0.0, 0.0, 0.0, 0.0, 0.0, 0.0, 0.0, 0.0, 0.0, 0.0, 0.0, 0.0, 0.0, 0.0, 0.0, 0.0, 0.0, 0.0, 0.0, 0.0, 0.0, 0.0, 0.0, 0.0, 0.0, 0.0, 0.0, 0.0]}, {"time": 0.9803921568627451, "step_sample_count": 256, "data": [0.40767789564672274, 0.43374757840911426, 0.032121799688889896, -0.4317336270479489, 0.4242438386799799, 0.03600982101731531, -0.4313842940350809, 0.42422662761852925, 0.03553438924765344, -0.37934461505393524, 0.3824048120041472, 0.021848835998660072, -0.37806141265122184, 0.38239721099884905, 0.9690487564217098, 0.8598671539034028, 0.7416660291671963, 0.9174378007739893, 0.9609550746594538, 0.7416933060026658, 0.797500806801435, 0.9884124770999653, 0.6928646528548664, 0.944536749974515, 0.6892803561493097, 0.6928689018775865, 0.010077901416715482, -0.9922816638748558, 0.01385993313009646, 0.03497664377336436, -0.04823114756114395, -0.027090119147840562, 0.010077901416715482, 0.009941923511463387, 0.25730181577574285, -0.750677250135843, -0.5033111482688583, -0.9922816638748558], "data_imag": [6.225076405717622e-19, -2.0302608394584196e-18, 0.0, 0.0, 0.0, 0.0, 0.0, 0.0, 0.0, 0.0, 0.0, 0.0, 0.0, 0.0, 0.0, 0.0, 0.0, 0.0, 0.0, 0.0, 0.0, 0.0, 0.0, 0.0, 0.0, 0.0, 0.0, 0.0, 0.0, 0.0, 0.0, 0.0, 0.0, 0.0, 0.0, 0.0, 0.0, 0.0]}, {"time": 1.4705882352941175, "step_sample_count": 256, "data": [0.40703046047757957, 0.4312560229463863, 0.037999848049893, -0.9961230731369423, 0.7365144767257762, 0.06961454067668413, -1.0188102715621314, 0.7364972656640009, 0.074312651554913, -0.7555571790925958, 0.5722568795301365, -0.04147810992203627, -0.6639471689668938, 0.5722492785250453, 1.4880328326128063, 1.01570849043655, 0.8293234065345328, 1.244117952223849, 1.3369726925978158, 0.8293506833701362, 0.8110599758384839, 1.3955247312905283, 0.7319181280609646, 1.441492273722977, 0.5287405650776723, 0.7319223770835509, 0.013680841398896575, -1.4991507323102953, 0.028712091502619688, 0.07327646053366108, -0.09227403264767435, -0.04767926396904556, 0.013680841398896575, 0.032386336349131774, 0.41910271037366603, -1.1495165917044412, -0.7627834047727213, -1.4991507323102953], "data_imag": [2.742565662624559e-18, -8.930462116384579e-18, 0.0, 0.0, 0.0, 0.0, 0.0, 0.0, 0.0, 0.0, 0.0, 0.0, 0.0, 0.0, 0.0, 0.0, 0.0, 0.0, 0.0, 0.0, 0.0, 0.0, 0.0, 0.0, 0.0, 0.0, 0.0, 0.0, 0.0, 0.0, 0.0, 0.0, 0.0, 0.0, 0.0, 0.0, 0.0, 0.0]}, {"time": 1.9607843137254901, "step_sample_count": 256, "data": [0.405352693613409, 0.42632140552096176, -0.03810078995004426, -1.6428560277275865, 0.9780436065248297, 0.16031660504646966, -1.828407785129879, 0.9780263954630559, 0.21513496551064942, -1.026035976612998, 0.6029088177172898, -0.33223230957548494, -0.5106809640151605, 0.602901216711771, 2.094612756899385, 0.738442661545181, 0.8005793300311103, 1.4377517885816251, 1.5046334496053975, 0.8006066068661786, 0.552836969345571, 1.73249249284909, 0.7180168294120783, 1.9094580710063715, 0.049831332317766805, 0.7180210784346868, 0.012672120533339428, -2.001932544993651, 0.03807579960210969, 0.10231784577586613, -0.12208092014294608, -0.05778239448115947, 0.012672120533339428, 0.0564804009875086, 0.6031155172666276, -1.5738472274430777, -1.027227802919941, -2.001932544993651], "data_imag": [9.310036394177878e-19, -3.0190786640150977e-18, 0.0, 0.0, 0.0, 0.0, 0.0, 0.0, 0.0, 0.0, 0.0, 0.0, 0.0, 0.0, 0.0, 0.0, 0.0, 0.0, 0.0, 0.0, 0.0, 0.0, 0.0, 0.0, 0.0, 0.0, 0.0, 0.0, 0.0, 0.0, 0.0, 0.0, 0.0, 0.0, 0.0, 0.0, 0.0, 0.0]}, {"time": 2.4509803921568625, "step_sample_count": 256, "data": [0.4035676784394313, 0.4205464737240446, -0.3320295942398087, -1.9543805963918062, 1.1343729685813204, 0.44010218262977485, -2.7159430867730334, 1.1343557575194403, 0.4679048671386965, -1.1108549737579578, 0.5190167756661928, -0.8532121565513419, 0.17631960668099705, 0.5190091746607399, 2.734205780337515, 0.0050573481946786375, 0.7080545900899511, 1.5312607434844283, 1.3515112060441041, 0.7080818669246628, 0.2653240432927924, 2.1633079540288316, 0.7750608935537231, 2.1342654155049328, -0.11838387510522472, 0.7750651425764428, 0.012427386467492061, -2.4973707365567615, 0.04830103444891687, 0.1009849044386351, -0.12158300989091932, -0.0686898188771675, 0.012427386467492061, 0.06455188391358721, 0.7821667793359431, -1.999242961875986, -1.281813304035795, -2.4973707365567615], "data_imag": [-1.5230813672990159e-18, 4.917331291801749e-18, 0.0, 0.0, 0.0, 0.0, 0.0, 0.0, 0.0, 0.0, 0.0, 0.0, 0.0, 0.0, 0.0, 0.0, 0.0, 0.0, 0.0, 0.0, 0.0, 0.0, 0.0, 0.0, 0.0, 0.0, 0.0, 0.0, 0.0, 0.0, 0.0, 0.0, 0.0, 0.0, 0.0, 0.0, 0.0, 0.0]}, {"time": 2.941176470588235, "step_sample_count": 256, "data": [0.40318218144826706, 0.41813916187181166, -0.859352377172115, -1.7407714131748397, 1.1955451630547327, 0.9199186562803718, -3.5194049871601734, 1.1955279519930186, 0.6659346651232464, -1.1544475445826705, 0.41575530066100264, -1.3779729159124399, 0.8538497626510443, 0.4157476996557316, 3.157898959694001, -0.7189412444649073, 0.5824114733133576, 1.7156028897158107, 0.8943956720274895, 0.5824387501489611, 0.06265924013422915, 2.7254937776945063, 0.9527928130827316, 2.026611193671466, 0.26851883152623957, 0.9527970621059865, 0.015238368352013086, -2.989790406996844, 0.07602224076275686, 0.07884100541213813, -0.10240692672369565, -0.09896690025714025, 0.015238368352013086, 0.07182810914193329, 0.9273009556768634, -2.3931315914510565, -1.5382396299402243, -2.989790406996844], "data_imag": [4.1066477340559986e-19, -1.3245817534850243e-18, 0.0, 0.0, 0.0, 0.0, 0.0, 0.0, 0.0, 0.0, 0.0, 0.0, 0.0, 0.0, 0.0, 0.0, 0.0, 0.0, 0.0, 0.0, 0.0, 0.0, 0.0, 0.0, 0.0, 0.0, 0.0, 0.0, 0.0, 0.0, 0.0, 0.0, 0.0, 0.0, 0.0, 0.0, 0.0, 0.0]}, {"time": 3.4313725490196076, "step_sample_count": 256, "data": [0.4043305287863045, 0.42123567355923586, -1.4302528819930465, -1.3623295049622155, 1.1580424193216587, 1.3906417529523034, -4.193553882507931, 1.1580252082588838, 0.7218967558147422, -1.2339996631147847, 0.39125000172355995, -1.7075046218440353, 1.1559360175689701, 0.39124240071816235, 3.2585846478816882, -1.2064886664717265, 0.4659241222033183, 2.1017371817233945, 0.13806056518710116, 0.46595139903660354, -0.13804071213136623, 3.3020145778970664, 1.2250148564745302, 1.697290865981819, 0.8962187054717717, 1.225019105497295, 0.01868497077285775, -3.484404320976855, 0.11220218337148527, 0.05989260354606227, -0.08579643421942745, -0.13690008376139248, 0.01868497077285775, 0.09967460171570028, 1.038747660322646, -2.752195990233162, -1.814295050775305, -3.484404320976855], "data_imag": [-6.55911669389705e-20, 2.1216408969715778e-19, 0.0, 0.0, 0.0, 0.0, 0.0, 0.0, 0.0, 0.0, 0.0, 0.0, 0.0, 0.0, 0.0, 0.0, 0.0, 0.0, 0.0, 0.0, 0.0, 0.0, 0.0, 0.0, 0.0, 0.0, 0.0, 0.0, 0.0, 0.0, 0.0, 0.0, 0.0, 0.0, 0.0, 0.0, 0.0, 0.0]}, {"time": 3.9215686274509802, "step_sample_count": 256, "data": [0.40679337942311, 0.42681067436472653, -1.9273749276429148, -0.9245311040483388, 1.0453303261640936, 1.6590168548708815, -4.527092695204121, 1.0453131151001722, 0.6471772815960414, -1.3299854247990537, 0.495697043823122, -1.765116900741317, 1.0378626993141, 0.49568944281796556, 3.0690233724014524, -1.5818677979982652, 0.40633125154843247, 2.7004608163451294, -1.0188727651092064, 0.4063585283751641, -0.41660790820422827, 3.812928616609358, 1.4975820064983951, 1.3237100023105588, 1.4239472990035604, 1.497586255521628, 0.02012645522665845, -3.983445692004448, 0.14006086443402216, 0.05836515720883095, -0.08302535684765507, -0.16314353889868421, 0.02012645522665845, 0.15531881682943202, 1.1283161752600508, -3.087276597433773, -2.1159928414084224, -3.983445692004448], "data_imag": [1.4995310922679986e-18, -4.879994564589812e-18, 0.0, 0.0, 0.0, 0.0, 0.0, 0.0, 0.0, 0.0, 0.0, 0.0, 0.0, 0.0, 0.0, 0.0, 0.0, 0.0, 0.0, 0.0, 0.0, 0.0, 0.0, 0.0, 0.0, 0.0, 0.0, 0.0, 0.0, 0.0, 0.0, 0.0, 0.0, 0.0, 0.0, 0.0, 0.0, 0.0]}, {"time": 4.411764705882352, "step_sample_count": 256, "data": [0.4098280534864629, 0.42973467903079277, -2.2207750630318146, -0.3009723040548181, 0.9074236481796105, 1.5359435556417866, -4.066610195664062, 0.9074064371143749, 0.48069423609696776, -1.3946124241677744, 0.6854759128430552, -1.597024628268897, 0.6345696166946014, 0.6854683118374422, 2.7425164890209768, -1.7503280381539206, 0.4302442879620969, 3.3745556731791826, -2.1841649249191395, 0.43027156479281875, -0.8069140030288554, 4.209383755593952, 1.6723244404401625, 1.0413948637446657, 1.630463434275216, 1.6723286894641978, 0.018836324831736098, -4.485401668693158, 0.13469163978914528, 0.08915250960489471, -0.1089445092186518, -0.15271391162034842, 0.018836324831736098, 0.2278381314705895, 1.2199633904104494, -3.4242187230346417, -2.4343646603830087, -4.485401668693158], "data_imag": [0.0, 0.0, 0.0, 0.0, 0.0, 0.0, 0.0, 0.0, 0.0, 0.0, 0.0, 0.0, 0.0, 0.0, 0.0, 0.0, 0.0, 0.0, 0.0, 0.0, 0.0, 0.0, 0.0, 0.0, 0.0, 0.0, 0.0, 0.0, 0.0, 0.0, 0.0, 0.0, 0.0, 0.0, 0.0, 0.0, 0.0, 0.0]}, {"time": 4.901960784313725, "step_sample_count": 256, "data": [0.41188698128635826, 0.42752115978770594, -2.3811499311084012, 0.31277803914456165, 0.7977662156691349, 1.1559339846609928, -3.215813912201555, 0.7977490046029592, 0.29292399918187717, -1.3390913109300642, 0.8582069632129085, -1.3293598475088142, 0.2350853456578001, 0.858199362206083, 2.56263280680003, -1.514340939233848, 0.526009326391393, 3.8536328833462044, -2.594310540327514, 0.5260366032222484, -1.2844103973452237, 4.477440820677138, 1.7278572796425555, 0.9084900525011387, 1.4667421776012541, 1.727861528666613, 0.016023018661776377, -4.986970890005959, 0.09348054616666737, 0.13479236172082854, -0.14821267668230298, -0.10472065162648955, 0.016023018661776377, 0.2892691229857502, 1.346000542559742, -3.798256154708546, -2.744726471910883, -4.986970890005959], "data_imag": [-1.6117522905650056e-19, 5.310878284337548e-19, 0.0, 0.0, 0.0, 0.0, 0.0, 0.0, 0.0, 0.0, 0.0, 0.0, 0.0, 0.0, 0.0, 0.0, 0.0, 0.0, 0.0, 0.0, 0.0, 0.0, 0.0, 0.0, 0.0, 0.0, 0.0, 0.0, 0.0, 0.0, 0.0, 0.0, 0.0, 0.0, 0.0, 0.0, 0.0, 0.0]}, {"time": 5.3921568627450975, "step_sample_count": 256, "data": [0.41239752060318496, 0.42284303781814037, -2.523806096727664, 0.6476337340074391, 0.7477658016999834, 0.8001867325924136, -2.6483486141569754, 0.74774859063338, 0.16197402955061407, -1.100272993221984, 0.9393767628775742, -1.1054352011778115, 0.12709509765928292, 0.9393691618703739, 2.5744573147977072, -1.0715535141192387, 0.6568424307669856, 4.140828652502097, -2.405045099171613, 0.6568697075975513, -1.7163530203495025, 4.71269073072528, 1.7259448127356205, 0.9134328057184506, 1.1758046189405302, 1.7259490617593882, 0.014555976692382384, -5.485238139212339, 0.026925380446050588, 0.16565551839761783, -0.17461185248396613, -0.0333529823222277, 0.014555976692382384, 0.33100783091763025, 1.4976648851317989, -4.202348660583194, -3.0402518404154124, -5.485238139212339], "data_imag": [-1.7712998705574203e-18, 5.843837398900982e-18, 0.0, 0.0, 0.0, 0.0, 0.0, 0.0, 0.0, 0.0, 0.0, 0.0, 0.0, 0.0, 0.0, 0.0, 0.0, 0.0, 0.0, 0.0, 0.0, 0.0, 0.0, 0.0, 0.0, 0.0, 0.0, 0.0, 0.0, 0.0, 0.0, 0.0, 0.0, 0.0, 0.0, 0.0, 0.0, 0.0]}, {"time": 5.88235294117647, "step_sample_count": 256, "data": [0.4123750187169828, 0.42116446312060607, -2.5943020467184223, 0.6684120268751507, 0.7637598727691584, 0.5994307622989277, -2.478367328040617, 0.7637426617025548, 0.08951734387059199, -0.7688849409321856, 0.9332189192641319, -0.9799526074910506, 0.27417252524783675, 0.9332113182568522, 2.751933916101393, -0.7395562526401104, 0.7835371774512874, 4.270221461312664, -1.9974738504065135, 0.7835644542822765, -1.9155320364169108, 5.073029869079274, 1.753818342677367, 1.00490906298928, 1.1599441837369235, 1.753822591701179, 0.018579440344676297, -5.9799025716841205, -0.05601429381573321, 0.1775728733098451, -0.18926608900534916, 0.046565481506013744, 0.018579440344676297, 0.34745364089899794, 1.652373119971462, -4.612812900810912, -3.3140765575567115, -5.9799025716841205], "data_imag": [-1.1260112712876697e-18, 3.714711352582291e-18, 0.0, 0.0, 0.0, 0.0, 0.0, 0.0, 0.0, 0.0, 0.0, 0.0, 0.0, 0.0, 0.0, 0.0, 0.0, 0.0, 0.0, 0.0, 0.0, 0.0, 0.0, 0.0, 0.0, 0.0, 0.0, 0.0, 0.0, 0.0, 0.0, 0.0, 0.0, 0.0, 0.0, 0.0, 0.0, 0.0]}, {"time": 6.372549019607843, "step_sample_count": 256, "data": [0.4123617853609677, 0.42471375886629426, -2.5138944446917297, 0.46359682773807415, 0.8315016594364564, 0.6040330077662897, -2.5907599727371484, 0.8314844483699604, 0.016696454579890885, -0.5385949918961738, 0.9077351873498813, -0.9011874301307539, 0.3662838492687934, 0.9077275863425225, 3.0695506573771754, -0.7385147933171028, 0.8710303743839649, 4.190466027748662, -1.567065742006108, 0.8710576512150655, -1.8215438568355893, 5.597804529277677, 1.8599074214074096, 1.1634216367414534, 1.5402537598060682, 1.8599116704312442, 0.03138874527426193, -6.475859063946285, -0.13864987797979916, 0.1783811613567469, -0.204506582197186, 0.1140530949363662, 0.03138874527426193, 0.3396868545186736, 1.8053605605601535, -5.019501281238064, -3.5615744225093935, -6.475859063946285], "data_imag": [8.035309095480397e-19, -2.6507635236316156e-18, 0.0, 0.0, 0.0, 0.0, 0.0, 0.0, 0.0, 0.0, 0.0, 0.0, 0.0, 0.0, 0.0, 0.0, 0.0, 0.0, 0.0, 0.0, 0.0, 0.0, 0.0, 0.0, 0.0, 0.0, 0.0, 0.0, 0.0, 0.0, 0.0, 0.0, 0.0, 0.0, 0.0, 0.0, 0.0, 0.0]}, {"time": 6.862745098039215, "step_sample_count": 256, "data": [0.41199374756217555, 0.4305374173802463, -2.3496780221310605, 0.19081752747009714, 0.9148284792661934, 0.7701396155034199, -2.8528521771638125, 0.9148112681997179, -0.07202874659234304, -0.5211722324261976, 0.9376771896749017, -0.7969528499915753, 0.2001376052638138, 0.937669588667393, 3.49037577178763, -1.119242238919695, 0.8993978251859596, 3.859602197746889, -1.1600059553825808, 0.8994251020171049, -1.5357043761054918, 6.192509289855273, 2.0209395952017664, 1.3996175517367448, 2.1076620958082195, 2.0209438442251333, 0.05135855274441089, -6.981082372869259, -0.20590373650486402, 0.17453264121082593, -0.2242876182570242, 0.15663953069850953, 0.05135855274441089, 0.31942207618866875, 1.96611479193615, -5.423938440480812, -3.7860477133021813, -6.981082372869259], "data_imag": [7.22675727405031e-19, -2.3819030496465594e-18, 0.0, 0.0, 0.0, 0.0, 0.0, 0.0, 0.0, 0.0, 0.0, 0.0, 0.0, 0.0, 0.0, 0.0, 0.0, 0.0, 0.0, 0.0, 0.0, 0.0, 0.0, 0.0, 0.0, 0.0, 0.0, 0.0, 0.0, 0.0, 0.0, 0.0, 0.0, 0.0, 0.0, 0.0, 0.0, 0.0]}, {"time": 7.352941176470588, "step_sample_count": 256, "data": [0.4111810241472448, 0.4346524690890256, -2.3645126866253925, 0.10109421044685762, 0.9697830651588517, 0.9906931726005501, -3.1703755136761753, 0.9697658540923215, -0.16239759905179882, -0.7198033400489217, 1.0447961368411394, -0.6403525566498853, -0.2412340102273317, 1.0447885358336129, 3.9564658260314385, -1.793728728714076, 0.8850467502460638, 3.2943458034890307, -0.7630347098521909, 0.8850740270780119, -1.2052755949747085, 6.768992324699033, 2.164012193815841, 1.7263686183354219, 2.610702845638703, 2.1640164428391193, 0.07014876729390883, -7.497862535770885, -0.24735687897043288, 0.17171688144927397, -0.24390119892597356, 0.1742705884697259, 0.07014876729390883, 0.2964093888233066, 2.1438865779559775, -5.832323086293816, -3.994103964336748, -7.497862535770885], "data_imag": [1.8993014528291462e-18, -6.2476537323091064e-18, 0.0, 0.0, 0.0, 0.0, 0.0, 0.0, 0.0, 0.0, 0.0, 0.0, 0.0, 0.0, 0.0, 0.0, 0.0, 0.0, 0.0, 0.0, 0.0, 0.0, 0.0, 0.0, 0.0, 0.0, 0.0, 0.0, 0.0, 0.0, 0.0, 0.0, 0.0, 0.0, 0.0, 0.0, 0.0, 0.0]}, {"time": 7.8431372549019605, "step_sample_count": 256, "data": [0.40992007287186116, 0.43442715275488814, -2.7981327099205786, 0.452824480304473, 0.9821997919889502, 1.2150498157761793, -3.4745617011007512, 0.982182580922267, -0.23831655184899111, -1.0989471674274818, 1.1853097670788384, -0.48092985150549183, -0.8559616681728235, 1.1853021660713472, 4.354690551122646, -2.3973348277839803, 0.8772613145183925, 2.6508754587725707, -0.283714855355456, 0.8772885913505856, -0.9632203939549314, 7.247265551131009, 2.2299728520224025, 2.162110434460981, 2.8147844983346126, 2.2299771010461935, 0.08074693902117616, -8.018682560395133, -0.25916432155800617, 0.1708928990992438, -0.25623709005670586, 0.17155332838175583, 0.08074693902117616, 0.2824047359797797, 2.3360094365741144, -6.2488794398047025, -4.20447899132192, -8.018682560395133], "data_imag": [8.020198622635048e-20, -2.6301123230698876e-19, 0.0, 0.0, 0.0, 0.0, 0.0, 0.0, 0.0, 0.0, 0.0, 0.0, 0.0, 0.0, 0.0, 0.0, 0.0, 0.0, 0.0, 0.0, 0.0, 0.0, 0.0, 0.0, 0.0, 0.0, 0.0, 0.0, 0.0, 0.0, 0.0, 0.0, 0.0, 0.0, 0.0, 0.0, 0.0, 0.0]}, {"time": 8.333333333333332, "step_sample_count": 256, "data": [0.40870533509060225, 0.43060233779564694, -3.588497100317152, 1.0755345485953527, 0.9806307369427091, 1.3897935301104847, -3.8169122377875837, 0.9806135258746617, -0.22224995130748582, -1.5356261645285727, 1.293470487263982, -0.4694831779964854, -1.2885744755509334, 1.2934628862549704, 4.547952942796414, -2.448273989397815, 0.9168510429639389, 2.1467423309615783, 0.39968350902151195, 0.9168783197960204, -0.8702544327347871, 7.508993411191402, 2.214452865287713, 2.6856543487011324, 2.5607549969370766, 2.214457114311415, 0.08448178512247731, -8.534819257682134, -0.2610178759983682, 0.16972971519766156, -0.2604064591748755, 0.1671685860622522, 0.08448178512247731, 0.2894881757988228, 2.5277301947756463, -6.667765756382131, -4.438582561122149, -8.534819257682134], "data_imag": [6.303655981501671e-19, -2.061070264172415e-18, 0.0, 0.0, 0.0, 0.0, 0.0, 0.0, 0.0, 0.0, 0.0, 0.0, 0.0, 0.0, 0.0, 0.0, 0.0, 0.0, 0.0, 0.0, 0.0, 0.0, 0.0, 0.0, 0.0, 0.0, 0.0, 0.0, 0.0, 0.0, 0.0, 0.0, 0.0, 0.0, 0.0, 0.0, 0.0, 0.0]}, {"time": 8.823529411764705, "step_sample_count": 256, "data": [0.40786733163988886, 0.426269101483222, -4.4825494488634465, 1.5503273674187616, 1.0038428428111728, 1.4595229057428778, -4.303240601298969, 1.003825631743401, -0.04416324590931769, -1.8135302735409136, 1.3315148808581496, -0.7128712763552494, -1.1418021521826913, 1.3315072798493646, 4.480503718187915, -1.9260486023685557, 1.0069148940333807, 1.8061509183778641, 1.2274930244153734, 1.0069421708658413, -0.822360600845358, 7.605586393522258, 2.1607014542423215, 3.1327901243028475, 2.1735194397712774, 2.1607057032660912, 0.08627946740059882, -9.044431522641444, -0.27713059633139775, 0.1669623017067589, -0.2604684383922473, 0.18036671770175997, 0.08627946740059882, 0.3034309315182824, 2.704008698824241, -7.076629933112819, -4.685363082451201, -9.044431522641444], "data_imag": [8.011031000380258e-20, -2.613950270247621e-19, 0.0, 0.0, 0.0, 0.0, 0.0, 0.0, 0.0, 0.0, 0.0, 0.0, 0.0, 0.0, 0.0, 0.0, 0.0, 0.0, 0.0, 0.0, 0.0, 0.0, 0.0, 0.0, 0.0, 0.0, 0.0, 0.0, 0.0, 0.0, 0.0, 0.0, 0.0, 0.0, 0.0, 0.0, 0.0, 0.0]}, {"time": 9.313725490196077, "step_sample_count": 256, "data": [0.40677709469936035, 0.42329396077378423, -5.229885160960975, 1.6393910782324275, 1.0738843003146994, 1.4588284005535914, -4.955900793030517, 1.0738670892469424, 0.19213021554308596, -1.9280398075500191, 1.3086547081306361, -1.0859814312127216, -0.6428178861173668, 1.3086471071217054, 4.206479288132129, -1.1638119224865977, 1.1185756571372711, 1.5165572619436305, 2.0364952401794203, 1.1186029339699766, -0.7378718364182617, 7.820076311726456, 2.124335216604879, 3.4009672565007545, 2.124496597891028, 2.124339465628158, 0.08837345855158968, -9.550489583858374, -0.30068916650474564, 0.1676428564877897, -0.2639234857220916, 0.20184558728516774, 0.08837345855158968, 0.30676489784675576, 2.863580503085798, -7.472161637554845, -4.925169530544897, -9.550489583858374], "data_imag": [-1.3478143596586893e-18, 4.3860800753283246e-18, 0.0, 0.0, 0.0, 0.0, 0.0, 0.0, 0.0, 0.0, 0.0, 0.0, 0.0, 0.0, 0.0, 0.0, 0.0, 0.0, 0.0, 0.0, 0.0, 0.0, 0.0, 0.0, 0.0, 0.0, 0.0, 0.0, 0.0, 0.0, 0.0, 0.0, 0.0, 0.0, 0.0, 0.0, 0.0, 0.0]}, {"time": 9.80392156862745, "step_sample_count": 256, "data": [0.405674762383418, 0.4220438518863128, -5.764434093953136, 1.3164636406795713, 1.1866324899870042, 1.4513710972519676, -5.801667868302421, 1.1866152789193343, 0.3994341796371676, -2.0771928261811388, 1.2650155513673988, -1.4595666991047305, -0.20833380944968607, 1.2650079503582776, 3.925904864835645, -0.517391281273619, 1.208990201788785, 1.2175022456867184, 2.7327533641697377, 1.2090174786218246, -0.6753292343993462, 8.336769104788853, 2.1354752274205375, 3.551025601027868, 2.4762001918690197, 2.135479476443639, 0.08861869334398711, -10.055367115823968, -0.3182212786575765, 0.17098281337039184, -0.26810417165608386, 0.21931275106105494, 0.08861869334398711, 0.3029880491115631, 3.0168386162179774, -7.863055256016478, -5.15952921342265, -10.055367115823968], "data_imag": [3.2010720982990006e-19, -1.038875330279709e-18, 0.0, 0.0, 0.0, 0.0, 0.0, 0.0, 0.0, 0.0, 0.0, 0.0, 0.0, 0.0, 0.0, 0.0, 0.0, 0.0, 0.0, 0.0, 0.0, 0.0, 0.0, 0.0, 0.0, 0.0, 0.0, 0.0, 0.0, 0.0, 0.0, 0.0, 0.0, 0.0, 0.0, 0.0, 0.0, 0.0]}, {"time": 10.294117647058822, "step_sample_count": 256, "data": [0.4054268447549389, 0.4217434912062521, -6.324548306792715, 0.6897796705202717, 1.3054123666741748, 1.4660783568606734, -7.001850642988319, 1.305395155606722, 0.5629747181820426, -2.4329211455154574, 1.2367231530050293, -1.7741831522278384, -0.08420859587610656, 1.2367155519949362, 3.7093921206906, -0.1461027355044179, 1.2474658264158542, 0.8939911585610809, 3.243616069959756, 1.2474931032483363, -0.6916789670182291, 9.122422477882019, 2.1828841421423633, 3.630429971805484, 3.087734311673647, 2.182888391165843, 0.08234964617227142, -10.557701399454128, -0.32271425082878763, 0.17288779234310078, -0.2643298263191828, 0.22991582491188312, 0.08234964617227142, 0.29660872058936094, 3.1736934496599165, -8.260905257000196, -5.3948552064421715, -10.557701399454128], "data_imag": [1.81275617200571e-18, -5.879520121010533e-18, 0.0, 0.0, 0.0, 0.0, 0.0, 0.0, 0.0, 0.0, 0.0, 0.0, 0.0, 0.0, 0.0, 0.0, 0.0, 0.0, 0.0, 0.0, 0.0, 0.0, 0.0, 0.0, 0.0, 0.0, 0.0, 0.0, 0.0, 0.0, 0.0, 0.0, 0.0, 0.0, 0.0, 0.0, 0.0, 0.0]}, {"time": 10.784313725490195, "step_sample_count": 256, "data": [0.40632017848811186, 0.4220695555556751, -7.273202661132868, -0.20640262288815167, 1.3803053962168896, 1.5701563676709134, -8.95576932517196, 1.3802881851544129, 0.677350635825056, -3.018456932356236, 1.2310899131020485, -1.9896185401451127, -0.33907407603294804, 1.2310823120863617, 3.270038629205935, -0.06566473825719138, 1.2378756822414871, 0.48975011392604473, 3.3260447539311295, 1.2379029590743484, -0.8323768408271105, 10.087146661666727, 2.2340745535577127, 3.6754611906585857, 3.784502764699319, 2.2340788025804788, 0.06725285899399149, -11.052739726886422, -0.3048055473539949, 0.1655624721723146, -0.24234001822011167, 0.22709941148307716, 0.06725285899399149, 0.28453476834772645, 3.3476476407243454, -8.683599923255576, -5.632546682353542, -11.052739726886422], "data_imag": [-5.859002618724167e-19, 1.9045047918418543e-18, 0.0, 0.0, 0.0, 0.0, 0.0, 0.0, 0.0, 0.0, 0.0, 0.0, 0.0, 0.0, 0.0, 0.0, 0.0, 0.0, 0.0, 0.0, 0.0, 0.0, 0.0, 0.0, 0.0, 0.0, 0.0, 0.0, 0.0, 0.0, 0.0, 0.0, 0.0, 0.0, 0.0, 0.0, 0.0, 0.0]}, {"time": 11.274509803921568, "step_sample_count": 256, "data": [0.4073581306735572, 0.42277877187565127, -8.938198860077637, -1.5660425634554263, 1.3850506164663576, 2.193970683525014, -12.63205385174822, 1.3850334056570628, 0.7361282255993002, -3.7540231318549693, 1.2311257636555273, -2.0951479900530563, -0.9104842400666475, 1.2311181617511142, 1.9112429563107676, -0.5341972832254769, 1.2134996898551091, 0.11292476104244811, 1.9135834716395952, 1.2135269668172612, -1.157399981537025, 11.20554092290012, 2.2707670786743996, 3.766063529214974, 4.397891553909022, 2.2707713271363774, 0.04722348231953886, -11.535517967393918, -0.22458781935113115, 0.10614154844483728, -0.16334594617119552, 0.16739211449814617, 0.04722348231953886, 0.2819121668117636, 3.535707982842664, -9.13264766837763, -5.891861116861708, -11.535517967393918], "data_imag": [7.847913822990949e-19, -2.557529203696611e-18, 0.0, 0.0, 0.0, 0.0, 0.0, 0.0, 0.0, 0.0, 0.0, 0.0, 0.0, 0.0, 0.0, 0.0, 0.0, 0.0, 0.0, 0.0, 0.0, 0.0, 0.0, 0.0, 0.0, 0.0, 0.0, 0.0, 0.0, 0.0, 0.0, 0.0, 0.0, 0.0, 0.0, 0.0, 0.0, 0.0]}, {"time": 11.76470588235294, "step_sample_count": 256, "data": [0.4068061712122678, 0.42271642330923254, -10.006271960367368, -2.3167618452192467, 1.3325710703833396, 2.9178767326252646, -15.206845543684954, 1.3325538566653476, 0.7686032567317737, -4.4418850034315245, 1.2181128906303826, -2.1386379468255665, -1.5225470782486095, 1.2181052849820917, -0.6699121943176456, -1.60646682202645, 1.2122139580304212, -0.02241991226454096, -1.5739599353409577, 1.212241225273675, -1.7339441354303378, 12.461848694775986, 2.303782453971764, 4.015604780076606, 4.728483702082338, 2.30378669533878, 0.030888453485434036, -12.00500213908843, -0.135534345631896, 0.03407497030200791, -0.07577769873158195, 0.09515130775298522, 0.030888453485434036, 0.3171967970039229, 3.72403811140884, -9.595154688806078, -6.202041477834517, -12.00500213908843], "data_imag": [1.2299845842469917e-19, -4.0029225549410534e-19, 0.0, 0.0, 0.0, 0.0, 0.0, 0.0, 0.0, 0.0, 0.0, 0.0, 0.0, 0.0, 0.0, 0.0, 0.0, 0.0, 0.0, 0.0, 0.0, 0.0, 0.0, 0.0, 0.0, 0.0, 0.0, 0.0, 0.0, 0.0, 0.0, 0.0, 0.0, 0.0, 0.0, 0.0, 0.0, 0.0]}, {"time": 12.254901960784313, "step_sample_count": 256, "data": [0.4048220665743491, 0.4215409574745829, -9.637107499888193, -2.099194777442063, 1.268388804658648, 3.4796108668539114, -15.205895363490349, 1.2683715909399584, 0.8815251342427827, -4.761434809755947, 1.186311159151003, -2.2196272414118443, -1.6447121152421402, 1.1863035535026807, -2.1494598422942617, -1.2224606904841167, 1.2483448020877903, -1.0477635431051113, -1.5769522699543308, 1.248372069335636, -2.4963291562724432, 13.853647176350018, 2.3542059630392145, 4.411733467188612, 4.854832318434168, 2.3542102044150344, 0.025565328187376776, -12.467521487307744, -0.08160643939813753, -0.032822544776753636, -0.005071158006516493, 0.04621113056674389, 0.025565328187376776, 0.2757420912207651, 4.018949842008575, -10.170951502687513, -6.442149212225228, -12.467521487307744], "data_imag": [-1.1499112101566289e-18, 3.7240754597809364e-18, 0.0, 0.0, 0.0, 0.0, 0.0, 0.0, 0.0, 0.0, 0.0, 0.0, 0.0, 0.0, 0.0, 0.0, 0.0, 0.0, 0.0, 0.0, 0.0, 0.0, 0.0, 0.0, 0.0, 0.0, 0.0, 0.0, 0.0, 0.0, 0.0, 0.0, 0.0, 0.0, 0.0, 0.0, 0.0, 0.0]}, {"time": 12.745098039215685, "step_sample_count": 256, "data": [0.4023513026999545, 0.4200283969229451, -8.909306564029455, -2.061197036786442, 1.2241597686518149, 4.214004922531854, -15.203946924092781, 1.2241425549329825, 1.0306986159166522, -4.597365924679015, 1.1491873225869136, -2.2891729422313176, -1.2565138100888436, 1.1491797169392046, -3.103161102883771, -0.7515689865326717, 1.3166553348883923, -1.4880162967125572, -1.5766933968441323, 1.316682602136717, -3.1498275666475846, 15.329104249703205, 2.4405644324247735, 4.765986166626631, 5.220129807111477, 2.4405686737991337, 0.032712857856809406, -12.932314629328042, -0.025558991614039305, -0.12447397020505069, 0.0776095118744604, -0.01797114111692769, 0.032712857856809406, 0.28518467159875094, 4.242930785819581, -10.673091314579327, -6.730670624836428, -12.932314629328042], "data_imag": [-2.1520840734653916e-18, 6.9271506438290005e-18, 0.0, 0.0, 0.0, 0.0, 0.0, 0.0, 0.0, 0.0, 0.0, 0.0, 0.0, 0.0, 0.0, 0.0, 0.0, 0.0, 0.0, 0.0, 0.0, 0.0, 0.0, 0.0, 0.0, 0.0, 0.0, 0.0, 0.0, 0.0, 0.0, 0.0, 0.0, 0.0, 0.0, 0.0, 0.0, 0.0]}, {"time": 13.235294117647058, "step_sample_count": 256, "data": [0.4001627839158215, 0.41791683778809285, -8.291371728869846, -2.1069312364846917, 1.2209215891786804, 4.762781136573117, -15.20265641769927, 1.2209043754596203, 1.087439785394646, -4.155316797471154, 1.133754501747155, -2.2082331150417946, -0.8362380380269135, 1.1337468960983041, -3.54595200434345, -0.41966651319882875, 1.3972928615433786, -1.5736334290715852, -1.5757172823136927, 1.3973201287919266, -3.5351922858704263, 16.65425271859894, 2.562045447598392, 5.01257017632003, 5.821615482619408, 2.5620496889742905, 0.048107657517200274, -13.406822968899187, 0.015400983834863448, -0.1942030118714104, 0.13067655895019598, -0.07555422877454317, 0.048107657517200274, 0.3142721088087218, 4.403888786755825, -11.101940688821228, -7.028916457093128, -13.406822968899187], "data_imag": [1.5930802498945507e-19, -5.099931422392928e-19, 0.0, 0.0, 0.0, 0.0, 0.0, 0.0, 0.0, 0.0, 0.0, 0.0, 0.0, 0.0, 0.0, 0.0, 0.0, 0.0, 0.0, 0.0, 0.0, 0.0, 0.0, 0.0, 0.0, 0.0, 0.0, 0.0, 0.0, 0.0, 0.0, 0.0, 0.0, 0.0, 0.0, 0.0, 0.0, 0.0]}, {"time": 13.72549019607843, "step_sample_count": 256, "data": [0.3987767931754523, 0.4151253623058211, -7.908947837606773, -2.1595266644945017, 1.264816226886832, 5.077221720427439, -15.201959620829223, 1.2647990131678162, 1.036842244057124, -3.6697720102646842, 1.162882809063329, -1.9637080921409464, -0.646732530275189, 1.1628752034145833, -3.788057393129731, -0.14432360711150108, 1.4600174883891426, -1.5226250664442242, -1.5750769915873493, 1.4600447556375795, -3.6833492203010194, 17.704642388100318, 2.6894463400953748, 5.209101711052724, 6.444633669345751, 2.6894505814709504, 0.06489993476322789, -13.894060515054463, 0.04531087150602235, -0.23701690295367217, 0.15673450432144334, -0.12368332971955655, 0.06489993476322789, 0.34700446265243295, 4.529447752682429, -11.48185247086699, -7.31754349137521, -13.894060515054463], "data_imag": [-1.2474694242005513e-18, 3.979694852536989e-18, 0.0, 0.0, 0.0, 0.0, 0.0, 0.0, 0.0, 0.0, 0.0, 0.0, 0.0, 0.0, 0.0, 0.0, 0.0, 0.0, 0.0, 0.0, 0.0, 0.0, 0.0, 0.0, 0.0, 0.0, 0.0, 0.0, 0.0, 0.0, 0.0, 0.0, 0.0, 0.0, 0.0, 0.0, 0.0, 0.0]}, {"time": 14.215686274509803, "step_sample_count": 256, "data": [0.3982715705106847, 0.4130288389002159, -7.5816670896831075, -2.31454307374587, 1.3446224967753357, 5.23803453358085, -15.201543614082187, 1.3446052830563784, 0.8940660568926871, -3.2659660095941083, 1.235279583205104, -1.5966102350786708, -0.7562198875707138, 1.2352719775566758, -4.053599856335559, 0.196403382118998, 1.4806621949728487, -1.431870624198392, -1.5747896579283747, 1.4806894622210405, -3.6869440904709365, 18.477551608639416, 2.779221765119024, 5.3992229159396645, 6.9458397583944445, 2.779226006494098, 0.07840483540898989, -14.3920581302764, 0.07368704522871038, -0.2622383899971229, 0.16959404251797594, -0.1675813186279366, 0.07840483540898989, 0.38018690390794385, 4.642792047987615, -11.837729707300156, -7.595010082721, -14.3920581302764], "data_imag": [-1.7379835876517934e-18, 5.537515623806994e-18, 0.0, 0.0, 0.0, 0.0, 0.0, 0.0, 0.0, 0.0, 0.0, 0.0, 0.0, 0.0, 0.0, 0.0, 0.0, 0.0, 0.0, 0.0, 0.0, 0.0, 0.0, 0.0, 0.0, 0.0, 0.0, 0.0, 0.0, 0.0, 0.0, 0.0, 0.0, 0.0, 0.0, 0.0, 0.0, 0.0]}, {"time": 14.705882352941176, "step_sample_count": 256, "data": [0.3980711933775171, 0.41352112956517995, -7.085154647825649, -2.729554705128002, 1.4415651376761436, 5.31012391823305, -15.20121003580278, 1.4415479239568065, 0.6647039636873103, -2.9231017961896093, 1.3160637161475548, -1.1430941183943055, -1.1021555706292272, 1.316056110499654, -4.356471663976335, 0.6070991417327036, 1.4582713147229471, -1.3085854491016218, -1.574687185274879, 1.4582985819715624, -3.6575286666034623, 19.001427000940968, 2.8053286163199838, 5.624592063379252, 7.195234421378313, 2.8053328576946566, 0.0883333840773365, -14.8958213881853, 0.10498367582711515, -0.2742248553875331, 0.1733883818247707, -0.2112823584361838, 0.0883333840773365, 0.4186220764211289, 4.760005138718471, -12.190970124021609, -7.871391460226084, -14.8958213881853], "data_imag": [3.3150081350554114e-19, -1.0556873955021482e-18, 0.0, 0.0, 0.0, 0.0, 0.0, 0.0, 0.0, 0.0, 0.0, 0.0, 0.0, 0.0, 0.0, 0.0, 0.0, 0.0, 0.0, 0.0, 0.0, 0.0, 0.0, 0.0, 0.0, 0.0, 0.0, 0.0, 0.0, 0.0, 0.0, 0.0, 0.0, 0.0, 0.0, 0.0, 0.0, 0.0]}, {"time": 15.196078431372548, "step_sample_count": 256, "data": [0.39783399597261493, 0.4173930939371924, -6.361577375476719, -3.483767017816929, 1.5474159575933304, 5.274408049941345, -15.200941587248268, 1.5473987438733714, 0.4125551598900312, -2.538119535650505, 1.354393851828938, -0.6950203901174226, -1.4244861880455604, 1.3543862461805272, -4.515489066024545, 0.8779644164297206, 1.408341953087361, -1.1796908735575884, -1.5746125239127557, 1.4083692203359761, -3.7241202100990622, 19.37241278294519, 2.784831069098101, 5.988294714585266, 7.051185213297998, 2.784835310472952, 0.09796885708335731, -15.400808378443058, 0.1290605141980573, -0.27225904080470714, 0.16396436424433078, -0.24671914674303227, 0.09796885708335731, 0.46950226553134045, 4.897295864809121, -12.562990196287492, -8.158608426589808, -15.400808378443058], "data_imag": [-1.4086873190310174e-18, 4.483389641648476e-18, 0.0, 0.0, 0.0, 0.0, 0.0, 0.0, 0.0, 0.0, 0.0, 0.0, 0.0, 0.0, 0.0, 0.0, 0.0, 0.0, 0.0, 0.0, 0.0, 0.0, 0.0, 0.0, 0.0, 0.0, 0.0, 0.0, 0.0, 0.0, 0.0, 0.0, 0.0, 0.0, 0.0, 0.0, 0.0, 0.0]}, {"time": 15.686274509803921, "step_sample_count": 256, "data": [0.3982499718912678, 0.4229379122899305, -5.565136823410793, -4.41452150348783, 1.6678876825652476, 5.140381882763195, -15.2007820839099, 1.6678704688443793, 0.32263989832119094, -2.0294360213943836, 1.3202614690303294, -0.47203316589783134, -1.231372659136978, 1.320253863380836, -4.356416841093091, 0.6656632336818236, 1.33674429769552, -1.208932254736868, -1.574557617027222, 1.3367715649439345, -3.8877905046884114, 19.74508799861746, 2.7718812063968077, 6.5025521947626395, 6.655322165490705, 2.771885447771203, 0.11177201159999348, -15.90611511629522, 0.12755891447745002, -0.2700302353429363, 0.15061932286874288, -0.2593218951907623, 0.11177201159999348, 0.5181731804596204, 5.066433248303272, -12.96711767407057, -8.442777537510487, -15.90611511629522], "data_imag": [3.773964942890194e-19, -1.2023851459397203e-18, 0.0, 0.0, 0.0, 0.0, 0.0, 0.0, 0.0, 0.0, 0.0, 0.0, 0.0, 0.0, 0.0, 0.0, 0.0, 0.0, 0.0, 0.0, 0.0, 0.0, 0.0, 0.0, 0.0, 0.0, 0.0, 0.0, 0.0, 0.0, 0.0, 0.0, 0.0, 0.0, 0.0, 0.0, 0.0, 0.0]}, {"time": 16.176470588235293, "step_sample_count": 256, "data": [0.39926992904326297, 0.4264278123511166, -4.984977205014688, -5.031904011287407, 1.79601380483396, 5.100788538000583, -15.20071741477514, 1.7959965911136664, 0.4137971683678091, -1.4874540832703245, 1.2309896733750547, -0.5004739461923279, -0.5686411811944668, 1.2309820677247068, -3.880662783071373, -0.14654923893098667, 1.2313328596095379, -1.5115312358670083, -1.5746043078041547, 1.2313601268583085, -3.9346366739776286, 20.247765233650846, 2.829202544934208, 6.953523746344678, 6.573491373085867, 2.8292067863086814, 0.13121629022876213, -16.41405130087884, 0.12128759761752046, -0.28668776787917327, 0.15124816881024378, -0.2713646957721679, 0.13121629022876213, 0.5338529700324102, 5.2509194781928965, -13.385146690682815, -8.691485567132807, -16.41405130087884], "data_imag": [-3.04369127685741e-19, 9.722035201123652e-19, 0.0, 0.0, 0.0, 0.0, 0.0, 0.0, 0.0, 0.0, 0.0, 0.0, 0.0, 0.0, 0.0, 0.0, 0.0, 0.0, 0.0, 0.0, 0.0, 0.0, 0.0, 0.0, 0.0, 0.0, 0.0, 0.0, 0.0, 0.0, 0.0, 0.0, 0.0, 0.0, 0.0, 0.0, 0.0, 0.0]}, {"time": 16.666666666666664, "step_sample_count": 256, "data": [0.4003245055258775, 0.42541749521589883, -4.853536362449803, -4.97507319295148, 1.8912820953461646, 5.276281650641527, -15.200631808444244, 1.8912648816253306, 0.5347422857726898, -1.0722321926857112, 1.1480718279400082, -0.5787552227438895, 0.04407850545021894, 1.1480642222896371, -3.372706562359753, -1.0271896526730617, 1.085981179215144, -1.8506279548183775, -1.5746612428552855, 1.0860084464615072, -3.817017340820253, 20.847416431791103, 2.9895610825978576, 7.28574819165798, 6.878802847299792, 2.9895653239712727, 0.1519188270009074, -16.925816429271613, 0.1484558405753306, -0.32221487459838, 0.170542782236222, -0.3163041519368427, 0.1519188270009074, 0.5343023607729082, 5.418467747357491, -13.783924175297123, -8.922056540344826, -16.925816429271613], "data_imag": [-2.036536501124335e-18, 6.5222037423839986e-18, 0.0, 0.0, 0.0, 0.0, 0.0, 0.0, 0.0, 0.0, 0.0, 0.0, 0.0, 0.0, 0.0, 0.0, 0.0, 0.0, 0.0, 0.0, 0.0, 0.0, 0.0, 0.0, 0.0, 0.0, 0.0, 0.0, 0.0, 0.0, 0.0, 0.0, 0.0, 0.0, 0.0, 0.0, 0.0, 0.0]}, {"time": 17.15686274509804, "step_sample_count": 256, "data": [0.4016641243791245, 0.4217002473987746, -4.999722697756523, -4.62774402769298, 1.90939474143947, 5.4597952901331395, -15.20058083248176, 1.9093775277185399, 0.6330426815977812, -0.8407883544074636, 1.1421709918486782, -0.605290940654805, 0.39376618200816177, 1.1421633861980893, -3.0619865131289465, -1.5047558910711814, 0.9349859425587889, -1.9920455071733218, -1.5746267877339453, 0.9350132098057318, -3.624874168583984, 21.485672946149624, 3.228731025443804, 7.568207377845852, 7.350964535981294, 3.2287352668177434, 0.16799371709142488, -17.436116686565416, 0.2030824329978054, -0.3550429117010132, 0.192644440374593, -0.3825300093338872, 0.16799371709142488, 0.543943452592874, 5.554712218061997, -14.153889222940519, -9.163994047401912, -17.436116686565416], "data_imag": [-8.192908632132278e-19, 2.632637977474866e-18, 0.0, 0.0, 0.0, 0.0, 0.0, 0.0, 0.0, 0.0, 0.0, 0.0, 0.0, 0.0, 0.0, 0.0, 0.0, 0.0, 0.0, 0.0, 0.0, 0.0, 0.0, 0.0, 0.0, 0.0, 0.0, 0.0, 0.0, 0.0, 0.0, 0.0, 0.0, 0.0, 0.0, 0.0, 0.0, 0.0]}, {"time": 17.64705882352941, "step_sample_count": 256, "data": [0.40320758818359637, 0.4187906582660173, -5.161849437267298, -4.340564960006487, 1.8554526607460358, 5.566637066938438, -15.200572094055325, 1.8554354470248033, 0.696783629643391, -0.817016694259552, 1.2489516101238922, -0.5855003091152018, 0.450524986210419, 1.2489440044733808, -2.913654625400045, -1.6038153363831245, 0.8406988817456736, -1.9229495398990963, -1.5745774446859016, 0.8407261489925273, -3.4782368879106498, 22.107114274189502, 3.4723366655818997, 7.841597319482498, 7.770043632474929, 3.4723409069560174, 0.1805594640046508, -17.93719366480132, 0.2718024435424026, -0.3770448231928105, 0.20683573136060682, -0.45963492578093484, 0.1805594640046508, 0.5624864549723987, 5.671880757964741, -14.514132875483165, -9.424134558407319, -17.93719366480132], "data_imag": [-1.584423365550089e-18, 5.110812191081505e-18, 0.0, 0.0, 0.0, 0.0, 0.0, 0.0, 0.0, 0.0, 0.0, 0.0, 0.0, 0.0, 0.0, 0.0, 0.0, 0.0, 0.0, 0.0, 0.0, 0.0, 0.0, 0.0, 0.0, 0.0, 0.0, 0.0, 0.0, 0.0, 0.0, 0.0, 0.0, 0.0, 0.0, 0.0, 0.0, 0.0]}, {"time": 18.137254901960784, "step_sample_count": 256, "data": [0.4047432997637022, 0.41957972203216987, -5.1859707479028625, -4.225773385210998, 1.7835194153433538, 5.640453477862774, -15.200578903304937, 1.7835022016221542, 0.7361873629108415, -0.9486901863995199, 1.4395357340501258, -0.5761296127776527, 0.335342970121724, 1.4395281283995185, -2.8583843471328936, -1.3870979697973336, 0.8407546466152758, -1.634299520804405, -1.5745450857234082, 0.8407819138620404, -3.529107564762034, 22.607230107336544, 3.638735951857056, 8.100848314069461, 7.880339481641852, 3.638740193231263, 0.19715121342083225, -18.428754473970518, 0.3406659940902389, -0.39221782801473853, 0.20825823455988282, -0.5427824920374584, 0.19715121342083225, 0.59412451572227, 5.786466943134637, -14.881511919044685, -9.707514394344672, -18.428754473970518], "data_imag": [-2.9022648101336546e-19, 9.397377888332561e-19, 0.0, 0.0, 0.0, 0.0, 0.0, 0.0, 0.0, 0.0, 0.0, 0.0, 0.0, 0.0, 0.0, 0.0, 0.0, 0.0, 0.0, 0.0, 0.0, 0.0, 0.0, 0.0, 0.0, 0.0, 0.0, 0.0, 0.0, 0.0, 0.0, 0.0, 0.0, 0.0, 0.0, 0.0, 0.0, 0.0]}, {"time": 18.627450980392155, "step_sample_count": 256, "data": [0.40622879502239434, 0.4245536305325244, -5.022220060474002, -4.332273760296974, 1.7536748281949337, 5.685378324175465, -15.200587096783467, 1.7536576144737483, 0.8196656597530175, -1.06171716830399, 1.6333779054305206, -0.6477772428170633, 0.3658694374577187, 1.6333702997798938, -2.8333157148836885, -0.949922196103221, 0.92382972251226, -1.156724841396607, -1.57453354833588, 0.9238569897589801, -3.875650568535508, 22.922453975311143, 3.694520472495841, 8.288955911881015, 7.574588497983184, 3.694524713870093, 0.22388643275105077, -18.91867674513217, 0.38745566879434395, -0.4067736882099779, 0.19750828370336404, -0.6155235030808719, 0.22388643275105077, 0.6440746483781439, 5.912902704470643, -15.263406462231996, -10.012476457655517, -18.91867674513217], "data_imag": [-2.794927100480894e-18, 9.083038945630304e-18, 0.0, 0.0, 0.0, 0.0, 0.0, 0.0, 0.0, 0.0, 0.0, 0.0, 0.0, 0.0, 0.0, 0.0, 0.0, 0.0, 0.0, 0.0, 0.0, 0.0, 0.0, 0.0, 0.0, 0.0, 0.0, 0.0, 0.0, 0.0, 0.0, 0.0, 0.0, 0.0, 0.0, 0.0, 0.0, 0.0]}, {"time": 19.11764705882353, "step_sample_count": 256, "data": [0.4071456589360427, 0.43005951546370297, -4.685504133676299, -4.6502919414260315, 1.8054121374666532, 5.698375955556529, -15.20059292049123, 1.8053949237453841, 0.9968595159663334, -0.9961178129606858, 1.7552630863397432, -0.8320094337527216, 0.7876810757511132, 1.7552554806890062, -2.7712525089532276, -0.47402790128896044, 1.0462934137463527, -0.6026769615815682, -1.5745313058752721, 1.0463206809931176, -4.430307487206017, 23.153961618250705, 3.677788620712062, 8.295142632760903, 7.155927787702737, 3.6777928620862697, 0.2610788835243122, -19.41489509823747, 0.3963419805826794, -0.42604587257465754, 0.18069696835587493, -0.6612357023017814, 0.2610788835243122, 0.7023126886747001, 6.051402870411666, -15.651992972214927, -10.320398878125335, -19.41489509823747], "data_imag": [-1.4758182035810495e-18, 4.806983799734504e-18, 0.0, 0.0, 0.0, 0.0, 0.0, 0.0, 0.0, 0.0, 0.0, 0.0, 0.0, 0.0, 0.0, 0.0, 0.0, 0.0, 0.0, 0.0, 0.0, 0.0, 0.0, 0.0, 0.0, 0.0, 0.0, 0.0, 0.0, 0.0, 0.0, 0.0, 0.0, 0.0, 0.0, 0.0, 0.0, 0.0]}, {"time": 19.6078431372549, "step_sample_count": 256, "data": [0.40727723809000893, 0.4316142624408773, -4.259531553219598, -5.103706189157698, 1.947340969101113, 5.671553310523576, -15.200609569098463, 1.9473237553797225, 1.1929402719387547, -0.761658796347019, 1.7884951876405375, -1.0206647086578708, 1.406824261431581, 1.7884875819898678, -2.6122263824692027, -0.15708333713764, 1.1484547331083474, -0.10793951136839189, -1.5745351844124857, 1.1484820003552911, -4.994750021584047, 23.455080561545035, 3.6672208181632127, 8.040615177595543, 7.0612750750861295, 3.6672250595371536, 0.30366457615861203, -19.921150015635238, 0.37392754220262053, -0.44506615761443635, 0.15840550601602332, -0.6808975814951863, 0.30366457615861203, 0.7504642129673678, 6.192801054505842, -16.033692076850993, -10.607715832078402, -19.921150015635238], "data_imag": [-8.560040794909977e-19, 2.7890478183109923e-18, 0.0, 0.0, 0.0, 0.0, 0.0, 0.0, 0.0, 0.0, 0.0, 0.0, 0.0, 0.0, 0.0, 0.0, 0.0, 0.0, 0.0, 0.0, 0.0, 0.0, 0.0, 0.0, 0.0, 0.0, 0.0, 0.0, 0.0, 0.0, 0.0, 0.0, 0.0, 0.0, 0.0, 0.0, 0.0, 0.0]}, {"time": 20.098039215686274, "step_sample_count": 256, "data": [0.40748599099385663, 0.4293419127728381, -3.872618610149333, -5.578024413885271, 2.1457333522765407, 5.5882943884415806, -15.200634435867922, 2.1457161385552874, 1.3065977726012048, -0.4467894900804084, 1.7777155894980792, -1.040021700462728, 1.8563383657069952, 1.7777079838474132, -2.348976583743343, -0.09888205756456533, 1.1710097095492003, 0.23607537278944818, -1.574560752062, 1.1710369767960547, -5.44441048068496, 23.851612377870268, 3.7242084698670244, 7.596188089341126, 7.371928696857396, 3.7242127112406993, 0.343945253781161, -20.436347428716566, 0.3399501173998581, -0.45803371147308475, 0.13298201579049793, -0.6861160145243373, 0.343945253781161, 0.7810941182482497, 6.335132464590397, -16.407275976421044, -10.86761885421815, -20.436347428716566], "data_imag": [1.3138712367921972e-18, -4.28307298370074e-18, 0.0, 0.0, 0.0, 0.0, 0.0, 0.0, 0.0, 0.0, 0.0, 0.0, 0.0, 0.0, 0.0, 0.0, 0.0, 0.0, 0.0, 0.0, 0.0, 0.0, 0.0, 0.0, 0.0, 0.0, 0.0, 0.0, 0.0, 0.0, 0.0, 0.0, 0.0, 0.0, 0.0, 0.0, 0.0, 0.0]}, {"time": 20.588235294117645, "step_sample_count": 256, "data": [0.4086694001043221, 0.42833198092252456, -3.5730740695661702, -6.025011862093025, 2.3273405264508287, 5.4457722230632495, -15.200652218282107, 2.327323312729271, 1.3019829045494231, -0.11069850151733686, 1.7859451517871308, -0.8139659951139979, 1.9636090109104736, 1.7859375461363438, -2.0118014872335435, -0.2839708385120578, 1.0901197441129562, 0.4145055806962786, -1.5746078347287298, 1.0901470113595433, -5.751941722943039, 24.289193070033825, 3.8557078308546244, 7.118918829928106, 7.901717910580693, 3.8557120722283, 0.3750629691190983, -20.95489951756249, 0.3084471598313327, -0.46462414487742804, 0.11112793344109936, -0.6838530227504194, 0.3750629691190983, 0.7967782747421367, 6.4810135139489455, -16.78052645343499, -11.10809812731034, -20.95489951756249], "data_imag": [1.6449085841916437e-19, -5.377790434624393e-19, 0.0, 0.0, 0.0, 0.0, 0.0, 0.0, 0.0, 0.0, 0.0, 0.0, 0.0, 0.0, 0.0, 0.0, 0.0, 0.0, 0.0, 0.0, 0.0, 0.0, 0.0, 0.0, 0.0, 0.0, 0.0, 0.0, 0.0, 0.0, 0.0, 0.0, 0.0, 0.0, 0.0, 0.0, 0.0, 0.0]}, {"time": 21.07843137254902, "step_sample_count": 256, "data": [0.4106125860034241, 0.4323892026599857, -3.3650264521657585, -6.372383421565333, 2.4243004057438204, 5.309671928442686, -15.200657761271373, 2.4242831920224357, 1.1736769039275885, 0.19757123193019804, 1.852766977338726, -0.3803660354296118, 1.7112615114831686, 1.8527593716881905, -1.5943695872838517, -0.6958752910788918, 0.9396274988268816, 0.4504793753914331, -1.5746672462751152, 0.939654766073469, -5.9578098206070065, 24.706564465700524, 4.021271679276073, 6.767599223324973, 8.387147339001233, 4.02127592065006, 0.3959130006925863, -21.470553593784036, 0.2879200938624331, -0.4687688867360312, 0.09733630636000933, -0.6818459291754639, 0.3959130006925863, 0.8010604515584488, 6.635813596188191, -17.164628430973455, -11.338848652564952, -21.470553593784036], "data_imag": [7.432044907051664e-19, -2.4413529428624493e-18, 0.0, 0.0, 0.0, 0.0, 0.0, 0.0, 0.0, 0.0, 0.0, 0.0, 0.0, 0.0, 0.0, 0.0, 0.0, 0.0, 0.0, 0.0, 0.0, 0.0, 0.0, 0.0, 0.0, 0.0, 0.0, 0.0, 0.0, 0.0, 0.0, 0.0, 0.0, 0.0, 0.0, 0.0, 0.0, 0.0]}, {"time": 21.56862745098039, "step_sample_count": 256, "data": [0.4129961495008217, 0.4404633341453037, -3.327548291567795, -6.3857749292089325, 2.428819186165308, 5.331317367233976, -15.200636460149816, 2.4288019724438605, 0.9500107795301778, 0.4626267099919779, 1.9797903399396406, 0.15059737533394996, 1.2222805334366307, 1.9797827342892154, -1.1101661279484596, -1.2095438974034687, 0.7858145989403776, 0.453496681055732, -1.5747272761804325, 0.7858418661862518, -6.150207101915809, 25.02029151714873, 4.172544247408148, 6.660590678092222, 8.534629142540913, 4.172548488782136, 0.4147619092627446, -21.9795440651295, 0.284416640512858, -0.4843142964851891, 0.09685585706971243, -0.6944835524643872, 0.4147619092627446, 0.8057911396470485, 6.801385924124988, -17.565450776072936, -11.576288409747855, -21.9795440651295], "data_imag": [-1.6959769607168334e-18, 5.603455635345269e-18, 0.0, 0.0, 0.0, 0.0, 0.0, 0.0, 0.0, 0.0, 0.0, 0.0, 0.0, 0.0, 0.0, 0.0, 0.0, 0.0, 0.0, 0.0, 0.0, 0.0, 0.0, 0.0, 0.0, 0.0, 0.0, 0.0, 0.0, 0.0, 0.0, 0.0, 0.0, 0.0, 0.0, 0.0, 0.0, 0.0]}, {"time": 22.058823529411764, "step_sample_count": 256, "data": [0.41488215744839635, 0.44697254977206047, -3.437601494897539, -6.010097097392788, 2.394581737014913, 5.5889776371584095, -15.200601308713395, 2.3945645232932122, 0.7293022590524761, 0.7422182804467147, 2.137878883738163, 0.6015707838755071, 0.8324311380887162, 2.1378712780876135, -0.6979274603364106, -1.4906305743570925, 0.6756890498611356, 0.6123447929015194, -1.5747566969240807, 0.6757163171072774, -6.376179297967617, 25.171902061048296, 4.2865894413228, 6.845251969479007, 8.189138201823223, 4.286593682697277, 0.4455193568098977, -22.4837698462176, 0.28482897921289474, -0.523807482378539, 0.10821352283555344, -0.7225124332616539, 0.4455193568098977, 0.8336991883171688, 6.966640439659889, -17.97086974866885, -11.842386844730585, -22.4837698462176], "data_imag": [3.494875107623712e-18, -1.159969059730898e-17, 0.0, 0.0, 0.0, 0.0, 0.0, 0.0, 0.0, 0.0, 0.0, 0.0, 0.0, 0.0, 0.0, 0.0, 0.0, 0.0, 0.0, 0.0, 0.0, 0.0, 0.0, 0.0, 0.0, 0.0, 0.0, 0.0, 0.0, 0.0, 0.0, 0.0, 0.0, 0.0, 0.0, 0.0, 0.0, 0.0]}, {"time": 22.549019607843135, "step_sample_count": 256, "data": [0.41513343612675174, 0.4480142967245713, -3.487842791968284, -5.531344409615429, 2.3938995081151657, 6.010172068642482, -15.200591747270181, 2.3938822943933924, 0.620205528064061, 1.1003591164349011, 2.293402598899794, 0.8103904640093453, 0.8793302490020765, 2.2933949932490134, -0.4569185376910208, -1.4709028617432245, 0.5975579788800339, 0.8935938430649853, -1.5747647832731118, 0.5975852461263538, -6.496921592714968, 25.277313990071477, 4.374809858514843, 7.229002350197661, 7.702796798920551, 4.374814099889277, 0.49924096041853105, -22.995379775399414, 0.26113907828053917, -0.5845569080094611, 0.11737451632354133, -0.7493658928357945, 0.49924096041853105, 0.8849897911661433, 7.119499802896355, -18.356835310496102, -12.124877881419215, -22.995379775399414], "data_imag": [1.1814298891946814e-19, -3.923608395553885e-19, 0.0, 0.0, 0.0, 0.0, 0.0, 0.0, 0.0, 0.0, 0.0, 0.0, 0.0, 0.0, 0.0, 0.0, 0.0, 0.0, 0.0, 0.0, 0.0, 0.0, 0.0, 0.0, 0.0, 0.0, 0.0, 0.0, 0.0, 0.0, 0.0, 0.0, 0.0, 0.0, 0.0, 0.0, 0.0, 0.0]}, {"time": 23.03921568627451, "step_sample_count": 256, "data": [0.41460066405679924, 0.44556440504916556, -3.384091132512509, -5.141540702803216, 2.4673526424318846, 6.500207042160164, -15.200622848161913, 2.4673354287101805, 0.5938267288006587, 1.454885352873176, 2.4509669737747966, 0.8355638493088965, 1.1904817660870262, 2.4509593681240127, -0.42982284132880777, -1.3269529849255186, 0.4836993169936832, 1.0800591308895486, -1.5747562443915701, 0.48372658424035975, -6.343193296406983, 25.505515849230115, 4.468872854090942, 7.654516134489764, 7.578017472089423, 4.468877095465419, 0.5763341094353481, -23.534872054233396, 0.2125444666501264, -0.6515379448438666, 0.10903827375284143, -0.7748306466343696, 0.5763341094353481, 0.9484407663819934, 7.258825439378924, -18.700629431654985, -12.390264128616932, -23.534872054233396], "data_imag": [2.04560763646334e-18, -6.784882275818885e-18, 0.0, 0.0, 0.0, 0.0, 0.0, 0.0, 0.0, 0.0, 0.0, 0.0, 0.0, 0.0, 0.0, 0.0, 0.0, 0.0, 0.0, 0.0, 0.0, 0.0, 0.0, 0.0, 0.0, 0.0, 0.0, 0.0, 0.0, 0.0, 0.0, 0.0, 0.0, 0.0, 0.0, 0.0, 0.0, 0.0]}, {"time": 23.52941176470588, "step_sample_count": 256, "data": [0.4148742823947779, 0.4430585559706126, -3.2197130977825763, -4.9025913698004775, 2.5818262108821206, 6.903587227340771, -15.200690410718012, 2.5818089971603464, 0.5854695260696067, 1.6883773151849708, 2.658391254861796, 0.830038454053508, 1.4264784469339313, 2.6583836492109807, -0.6538228594341183, -1.1795538235457426, 0.2536692064109505, 1.0157974288543012, -1.5747115030136165, 0.25369647365673537, -5.964053550240884, 25.858921751708962, 4.577124273264882, 8.062092240508154, 7.827747596077411, 4.577128514638912, 0.6574506680217629, -24.11995975623795, 0.16012457602232408, -0.7046148163493934, 0.0827177576896257, -0.8006416325994703, 0.6574506680217629, 1.0287675670771523, 7.39947376665468, -18.998097677660667, -12.624214941025498, -24.11995975623795], "data_imag": [1.0155964938647187e-18, -3.370758932758221e-18, 0.0, 0.0, 0.0, 0.0, 0.0, 0.0, 0.0, 0.0, 0.0, 0.0, 0.0, 0.0, 0.0, 0.0, 0.0, 0.0, 0.0, 0.0, 0.0, 0.0, 0.0, 0.0, 0.0, 0.0, 0.0, 0.0, 0.0, 0.0, 0.0, 0.0, 0.0, 0.0, 0.0, 0.0, 0.0, 0.0]}, {"time": 24.019607843137255, "step_sample_count": 256, "data": [0.4163772239871753, 0.44168531530169264, -3.161510203770366, -4.827384718584721, 2.633763177066511, 7.039482879065749, -15.200751722569617, 2.63374596334474, 0.5817895911449295, 1.7498438713265074, 2.9522089784543972, 0.8655703669418592, 1.4494981251209178, 2.9522013728035894, -1.0443833281754908, -1.060944457440776, -0.09669167443114492, 0.7552073567925315, -1.5746187655923098, -0.0966644071851817, -5.523641178891456, 26.261750616037844, 4.654413252056123, 8.436218919913008, 8.22383125205081, 4.654417493429976, 0.7079707713316971, -24.742026904712613, 0.12785219688727106, -0.7252307640005007, 0.05380268613494865, -0.816965189244726, 0.7079707713316971, 1.1254577857475394, 7.551774181824218, -19.26822060444964, -12.835410383401213, -24.742026904712613], "data_imag": [-6.010550127927318e-19, 2.0021249415217103e-18, 0.0, 0.0, 0.0, 0.0, 0.0, 0.0, 0.0, 0.0, 0.0, 0.0, 0.0, 0.0, 0.0, 0.0, 0.0, 0.0, 0.0, 0.0, 0.0, 0.0, 0.0, 0.0, 0.0, 0.0, 0.0, 0.0, 0.0, 0.0, 0.0, 0.0, 0.0, 0.0, 0.0, 0.0, 0.0, 0.0]}, {"time": 24.509803921568626, "step_sample_count": 256, "data": [0.41878380142013316, 0.4415464062446638, -3.243430709028872, -4.921474140531284, 2.5608689787955523, 6.8679493202463595, -15.20078098870214, 2.5608517650737808, 0.5889828560329886, 1.6378625933634932, 3.2981976573805993, 0.9491028240444829, 1.2573212271152272, 3.298190051729796, -1.36292278353814, -0.9644703371218033, -0.4438758650513027, 0.5459494291400292, -1.5745321603141471, -0.44384859780516117, -5.186273159710859, 26.633631453219863, 4.641795980966607, 8.77108603319839, 8.523160181214548, 4.641800222341082, 0.7144294154371713, -25.359153078984107, 0.12345167829445286, -0.7077475436060904, 0.02976825612412261, -0.8184123357120037, 0.7144294154371713, 1.2211852950755793, 7.7105519169983365, -19.549177002281525, -13.050476880198575, -25.359153078984107], "data_imag": [2.8582780509367837e-18, -9.57600438149628e-18, 0.0, 0.0, 0.0, 0.0, 0.0, 0.0, 0.0, 0.0, 0.0, 0.0, 0.0, 0.0, 0.0, 0.0, 0.0, 0.0, 0.0, 0.0, 0.0, 0.0, 0.0, 0.0, 0.0, 0.0, 0.0, 0.0, 0.0, 0.0, 0.0, 0.0, 0.0, 0.0, 0.0, 0.0, 0.0, 0.0]}], "random_generator": {"seed": "very_nice_seed"}, "realworld_total_calculation_time": 27.029}