{"hamiltonian": {"U": 1.0, "E": 2.5, "J": 0.005, "phi": 0.1, "type": "ZerothOrderFlippingAndSwappingOptimization"}, "start_time": 0.0, "time_step": 50.0, "number_of_time_steps": 16, "sampler": {"system_geometry": {"type": "LinearChainNonPeriodicState", "size": 6}, "initial_system_state": {"type": "HomogenousInitialSystemState"}, "type": "ExactSampler"}, "observables": [{"type": "SpinCurrent", "label": "Spin Current (signed) from 0 to 1 (up)", "site_index_from": 0, "site_index_to": 1, "spin_up": true, "direction_dependent": true}, {"type": "SpinCurrent", "label": "Spin Current (signed) from 3 to 4 (up)", "site_index_from": 3, "site_index_to": 4, "spin_up": true, "direction_dependent": true}, {"type": "DoubleOccupationAtSite", "label": "Double Occupation at site 0", "site": 0}, {"type": "DoubleOccupationAtSite", "label": "Double Occupation at site 1", "site": 1}, {"type": "DoubleOccupationAtSite", "label": "Double Occupation at site 3", "site": 3}, {"type": "DoubleOccupationAtSite", "label": "Double Occupation at site 4", "site": 4}, {"type": "OccupationAtSite", "label": "Occupation at site 0, up", "site": 0, "up": true}, {"type": "OccupationAtSite", "label": "Occupation at site 1, up", "site": 1, "up": true}, {"type": "OccupationAtSite", "label": "Occupation at site 3, up", "site": 3, "up": true}, {"type": "OccupationAtSite", "label": "Occupation at site 4, up", "site": 4, "up": true}], "measurements": [{"time": 0.0, "step_sample_count": 4096, "data": [0.0, 0.0, 0.25, 0.25, 0.25, 0.25, 0.5, 0.5, 0.5, 0.5]}, {"time": 50.0, "step_sample_count": 4096, "data": [0.002358771360584739, 0.002358771360584729, 0.25, 0.25, 0.25, 0.25, 0.5, 0.5, 0.5, 0.5]}, {"time": 100.0, "step_sample_count": 4096, "data": [0.0012468295530742302, 0.0012468295530742208, 0.25, 0.25, 0.25, 0.25, 0.5, 0.5, 0.5, 0.5]}, {"time": 150.0, "step_sample_count": 4096, "data": [-0.0014053016000777055, -0.0014053016000777044, 0.25, 0.25, 0.25, 0.25, 0.5, 0.5, 0.5, 0.5]}, {"time": 200.0, "step_sample_count": 4096, "data": [-0.001681639823340017, -0.0016816398233400268, 0.25, 0.25, 0.25, 0.25, 0.5, 0.5, 0.5, 0.5]}, {"time": 250.0, "step_sample_count": 4096, "data": [0.00024368163291283338, 0.0002436816329128345, 0.25, 0.25, 0.25, 0.25, 0.5, 0.5, 0.5, 0.5]}, {"time": 300.0, "step_sample_count": 4096, "data": [0.001212861811338018, 0.001212861811338022, 0.25, 0.25, 0.25, 0.25, 0.5, 0.5, 0.5, 0.5]}, {"time": 350.0, "step_sample_count": 4096, "data": [0.0003548670562618531, 0.00035486705626185393, 0.25, 0.25, 0.25, 0.25, 0.5, 0.5, 0.5, 0.5]}, {"time": 400.0, "step_sample_count": 4096, "data": [-0.0004576074808527909, -0.00045760748085278853, 0.25, 0.25, 0.25, 0.25, 0.5, 0.5, 0.5, 0.5]}, {"time": 450.0, "step_sample_count": 4096, "data": [-0.00027875526761252225, -0.00027875526761252204, 0.25, 0.25, 0.25, 0.25, 0.5, 0.5, 0.5, 0.5]}, {"time": 500.0, "step_sample_count": 4096, "data": [4.5048599536999215e-05, 4.504859953699895e-05, 0.25, 0.25, 0.25, 0.25, 0.5, 0.5, 0.5, 0.5]}, {"time": 550.0, "step_sample_count": 4096, "data": [3.0463429596220193e-05, 3.046342959621972e-05, 0.25, 0.25, 0.25, 0.25, 0.5, 0.5, 0.5, 0.5]}, {"time": 600.0, "step_sample_count": 4096, "data": [3.016834883502598e-07, 3.0168348835041503e-07, 0.25, 0.25, 0.25, 0.25, 0.5, 0.5, 0.5, 0.5]}, {"time": 650.0, "step_sample_count": 4096, "data": [-5.123247363041981e-05, -5.123247363042031e-05, 0.25, 0.25, 0.25, 0.25, 0.5, 0.5, 0.5, 0.5]}, {"time": 700.0, "step_sample_count": 4096, "data": [-0.0001463542406119579, -0.000146354240611959, 0.25, 0.25, 0.25, 0.25, 0.5, 0.5, 0.5, 0.5]}, {"time": 750.0, "step_sample_count": 4096, "data": [0.00018971997070046896, 0.00018971997070046866, 0.25, 0.25, 0.25, 0.25, 0.5, 0.5, 0.5, 0.5]}], "random_generator": {"seed": "very_nice_seed"}, "realworld_total_calculation_time": 1.125}