{"hamiltonian": {"U": 1.0, "E": 2.5, "J": 0.05, "phi": 0.1, "type": "ZerothOrderFlippingAndSwappingOptimization"}, "start_time": 0.0, "time_step": 50.0, "number_of_time_steps": 16, "sampler": {"system_geometry": {"type": "LinearChainNonPeriodicState", "size": 6}, "initial_system_state": {"type": "HomogenousInitialSystemState"}, "type": "ExactSampler"}, "observables": [{"type": "SpinCurrent", "label": "Spin Current (signed) from 0 to 1 (up)", "site_index_from": 0, "site_index_to": 1, "spin_up": true, "direction_dependent": true}, {"type": "SpinCurrent", "label": "Spin Current (signed) from 3 to 4 (up)", "site_index_from": 3, "site_index_to": 4, "spin_up": true, "direction_dependent": true}, {"type": "DoubleOccupationAtSite", "label": "Double Occupation at site 0", "site": 0}, {"type": "DoubleOccupationAtSite", "label": "Double Occupation at site 1", "site": 1}, {"type": "DoubleOccupationAtSite", "label": "Double Occupation at site 3", "site": 3}, {"type": "DoubleOccupationAtSite", "label": "Double Occupation at site 4", "site": 4}, {"type": "OccupationAtSite", "label": "Occupation at site 0, up", "site": 0, "up": true}, {"type": "OccupationAtSite", "label": "Occupation at site 1, up", "site": 1, "up": true}, {"type": "OccupationAtSite", "label": "Occupation at site 3, up", "site": 3, "up": true}, {"type": "OccupationAtSite", "label": "Occupation at site 4, up", "site": 4, "up": true}], "measurements": [{"time": 0.0, "step_sample_count": 4096, "data": [0.0, 0.0, 0.25, 0.25, 0.25, 0.25, 0.5, 0.5, 0.5, 0.5]}, {"time": 50.0, "step_sample_count": 4096, "data": [0.023587713605847334, 0.023587713605847334, 0.25, 0.25, 0.25, 0.25, 0.5, 0.5, 0.5, 0.5]}, {"time": 100.0, "step_sample_count": 4096, "data": [0.012468295530742184, 0.01246829553074219, 0.25, 0.25, 0.25, 0.25, 0.5, 0.5, 0.5, 0.5]}, {"time": 150.0, "step_sample_count": 4096, "data": [-0.014053016000777073, -0.014053016000777067, 0.25, 0.25, 0.25, 0.25, 0.5, 0.5, 0.5, 0.5]}, {"time": 200.0, "step_sample_count": 4096, "data": [-0.016816398233400278, -0.01681639823340026, 0.25, 0.25, 0.25, 0.25, 0.5, 0.5, 0.5, 0.5]}, {"time": 250.0, "step_sample_count": 4096, "data": [0.002436816329128339, 0.0024368163291283553, 0.25, 0.25, 0.25, 0.25, 0.5, 0.5, 0.5, 0.5]}, {"time": 300.0, "step_sample_count": 4096, "data": [0.01212861811338024, 0.012128618113380256, 0.25, 0.25, 0.25, 0.25, 0.5, 0.5, 0.5, 0.5]}, {"time": 350.0, "step_sample_count": 4096, "data": [0.0035486705626185584, 0.00354867056261855, 0.25, 0.25, 0.25, 0.25, 0.5, 0.5, 0.5, 0.5]}, {"time": 400.0, "step_sample_count": 4096, "data": [-0.0045760748085278925, -0.0045760748085279, 0.25, 0.25, 0.25, 0.25, 0.5, 0.5, 0.5, 0.5]}, {"time": 450.0, "step_sample_count": 4096, "data": [-0.0027875526761252235, -0.0027875526761252005, 0.25, 0.25, 0.25, 0.25, 0.5, 0.5, 0.5, 0.5]}, {"time": 500.0, "step_sample_count": 4096, "data": [0.00045048599536998883, 0.0004504859953699888, 0.25, 0.25, 0.25, 0.25, 0.5, 0.5, 0.5, 0.5]}, {"time": 550.0, "step_sample_count": 4096, "data": [0.0003046342959621896, 0.000304634295962197, 0.25, 0.25, 0.25, 0.25, 0.5, 0.5, 0.5, 0.5]}, {"time": 600.0, "step_sample_count": 4096, "data": [3.016834883505645e-06, 3.0168348835041067e-06, 0.25, 0.25, 0.25, 0.25, 0.5, 0.5, 0.5, 0.5]}, {"time": 650.0, "step_sample_count": 4096, "data": [-0.0005123247363042005, -0.000512324736304205, 0.25, 0.25, 0.25, 0.25, 0.5, 0.5, 0.5, 0.5]}, {"time": 700.0, "step_sample_count": 4096, "data": [-0.001463542406119585, -0.0014635424061195828, 0.25, 0.25, 0.25, 0.25, 0.5, 0.5, 0.5, 0.5]}, {"time": 750.0, "step_sample_count": 4096, "data": [0.0018971997070046849, 0.0018971997070046879, 0.25, 0.25, 0.25, 0.25, 0.5, 0.5, 0.5, 0.5]}], "random_generator": {"seed": "very_nice_seed"}, "realworld_total_calculation_time": 0.96}