{"hamiltonian": {"U": 1.0, "E": 0.8, "J": 0.1, "phi": 1.8849555921538759, "type": "FirstOrderVariationalClassicalNetworkHamiltonian", "eta_calculation_sampler": {"system_geometry": {"type": "SquareSystemNonPeriodicState", "size": 3}, "initial_system_state": {"type": "HomogenousInitialSystemState"}, "type": "ExactSampler"}, "psi_selection": {"type": "SquareDirectionDependentAllSameFirstOrder", "number_of_psis": 12, "J": 0.1}, "random_generator": {"seed": "46954944"}, "init_sigma": 1e-05, "pseudo_inverse_cutoff": 1e-10, "effective_time_step_size": 0.034999999999999996, "number_workers": 16, "variational_step_fraction_multiplier": 10, "ue_might_change": true, "ue_variational": true}, "start_time": 0.0, "time_step": 0.35, "number_of_time_steps": 41, "sampler": {"system_geometry": {"type": "SquareSystemNonPeriodicState", "size": 3}, "initial_system_state": {"type": "HomogenousInitialSystemState"}, "type": "ExactSampler"}, "observables": [{"type": "Energy", "label": "Energy per site"}, {"type": "EnergyVariance", "label": "Energy Variance per site"}, {"type": "VCNFactor", "label": "Re-Part of VCN Parameter 0", "param_real_part": true, "param_index": 0, "can_return_value": true}, {"type": "VCNFactor", "label": "Re-Part of VCN Parameter 1", "param_real_part": true, "param_index": 1, "can_return_value": true}, {"type": "VCNFactor", "label": "Re-Part of VCN Parameter 2", "param_real_part": true, "param_index": 2, "can_return_value": true}, {"type": "VCNFactor", "label": "Re-Part of VCN Parameter 3", "param_real_part": true, "param_index": 3, "can_return_value": true}, {"type": "VCNFactor", "label": "Re-Part of VCN Parameter 4", "param_real_part": true, "param_index": 4, "can_return_value": true}, {"type": "VCNFactor", "label": "Re-Part of VCN Parameter 5", "param_real_part": true, "param_index": 5, "can_return_value": true}, {"type": "VCNFactor", "label": "Re-Part of VCN Parameter 6", "param_real_part": true, "param_index": 6, "can_return_value": true}, {"type": "VCNFactor", "label": "Re-Part of VCN Parameter 7", "param_real_part": true, "param_index": 7, "can_return_value": true}, {"type": "VCNFactor", "label": "Re-Part of VCN Parameter 8", "param_real_part": true, "param_index": 8, "can_return_value": true}, {"type": "VCNFactor", "label": "Re-Part of VCN Parameter 9", "param_real_part": true, "param_index": 9, "can_return_value": true}, {"type": "VCNFactor", "label": "Re-Part of VCN Parameter 10", "param_real_part": true, "param_index": 10, "can_return_value": true}, {"type": "VCNFactor", "label": "Re-Part of VCN Parameter 11", "param_real_part": true, "param_index": 11, "can_return_value": true}, {"type": "VCNFactor", "label": "Im-Part of VCN Parameter 0", "param_real_part": false, "param_index": 0, "can_return_value": true}, {"type": "VCNFactor", "label": "Im-Part of VCN Parameter 1", "param_real_part": false, "param_index": 1, "can_return_value": true}, {"type": "VCNFactor", "label": "Im-Part of VCN Parameter 2", "param_real_part": false, "param_index": 2, "can_return_value": true}, {"type": "VCNFactor", "label": "Im-Part of VCN Parameter 3", "param_real_part": false, "param_index": 3, "can_return_value": true}, {"type": "VCNFactor", "label": "Im-Part of VCN Parameter 4", "param_real_part": false, "param_index": 4, "can_return_value": true}, {"type": "VCNFactor", "label": "Im-Part of VCN Parameter 5", "param_real_part": false, "param_index": 5, "can_return_value": true}, {"type": "VCNFactor", "label": "Im-Part of VCN Parameter 6", "param_real_part": false, "param_index": 6, "can_return_value": true}, {"type": "VCNFactor", "label": "Im-Part of VCN Parameter 7", "param_real_part": false, "param_index": 7, "can_return_value": true}, {"type": "VCNFactor", "label": "Im-Part of VCN Parameter 8", "param_real_part": false, "param_index": 8, "can_return_value": true}, {"type": "VCNFactor", "label": "Im-Part of VCN Parameter 9", "param_real_part": false, "param_index": 9, "can_return_value": true}, {"type": "VCNFactor", "label": "Im-Part of VCN Parameter 10", "param_real_part": false, "param_index": 10, "can_return_value": true}, {"type": "VCNFactor", "label": "Im-Part of VCN Parameter 11", "param_real_part": false, "param_index": 11, "can_return_value": true}, {"type": "BaseEnergyFactor", "label": "Re-Part of BE-Factor U", "param_real_part": true, "param_index": -1, "can_return_value": true, "kind": "U"}, {"type": "BaseEnergyFactor", "label": "Im-Part of BE-Factor U", "param_real_part": false, "param_index": -1, "can_return_value": true, "kind": "U"}, {"type": "BaseEnergyFactor", "label": "Re-Part of BE-Factor eps-0", "param_real_part": true, "param_index": 0, "can_return_value": true, "kind": "eps"}, {"type": "BaseEnergyFactor", "label": "Re-Part of BE-Factor eps-1", "param_real_part": true, "param_index": 1, "can_return_value": true, "kind": "eps"}, {"type": "BaseEnergyFactor", "label": "Re-Part of BE-Factor eps-2", "param_real_part": true, "param_index": 2, "can_return_value": true, "kind": "eps"}, {"type": "BaseEnergyFactor", "label": "Re-Part of BE-Factor eps-3", "param_real_part": true, "param_index": 3, "can_return_value": true, "kind": "eps"}, {"type": "BaseEnergyFactor", "label": "Re-Part of BE-Factor eps-4", "param_real_part": true, "param_index": 4, "can_return_value": true, "kind": "eps"}, {"type": "BaseEnergyFactor", "label": "Re-Part of BE-Factor eps-5", "param_real_part": true, "param_index": 5, "can_return_value": true, "kind": "eps"}, {"type": "BaseEnergyFactor", "label": "Re-Part of BE-Factor eps-6", "param_real_part": true, "param_index": 6, "can_return_value": true, "kind": "eps"}, {"type": "BaseEnergyFactor", "label": "Re-Part of BE-Factor eps-7", "param_real_part": true, "param_index": 7, "can_return_value": true, "kind": "eps"}, {"type": "BaseEnergyFactor", "label": "Re-Part of BE-Factor eps-8", "param_real_part": true, "param_index": 8, "can_return_value": true, "kind": "eps"}, {"type": "BaseEnergyFactor", "label": "Re-Part of BE-Factor eps-9", "param_real_part": true, "param_index": 9, "can_return_value": true, "kind": "eps"}, {"type": "BaseEnergyFactor", "label": "Im-Part of BE-Factor eps-0", "param_real_part": false, "param_index": 0, "can_return_value": true, "kind": "eps"}, {"type": "BaseEnergyFactor", "label": "Im-Part of BE-Factor eps-1", "param_real_part": false, "param_index": 1, "can_return_value": true, "kind": "eps"}, {"type": "BaseEnergyFactor", "label": "Im-Part of BE-Factor eps-2", "param_real_part": false, "param_index": 2, "can_return_value": true, "kind": "eps"}, {"type": "BaseEnergyFactor", "label": "Im-Part of BE-Factor eps-3", "param_real_part": false, "param_index": 3, "can_return_value": true, "kind": "eps"}, {"type": "BaseEnergyFactor", "label": "Im-Part of BE-Factor eps-4", "param_real_part": false, "param_index": 4, "can_return_value": true, "kind": "eps"}, {"type": "BaseEnergyFactor", "label": "Im-Part of BE-Factor eps-5", "param_real_part": false, "param_index": 5, "can_return_value": true, "kind": "eps"}, {"type": "BaseEnergyFactor", "label": "Im-Part of BE-Factor eps-6", "param_real_part": false, "param_index": 6, "can_return_value": true, "kind": "eps"}, {"type": "BaseEnergyFactor", "label": "Im-Part of BE-Factor eps-7", "param_real_part": false, "param_index": 7, "can_return_value": true, "kind": "eps"}, {"type": "BaseEnergyFactor", "label": "Im-Part of BE-Factor eps-8", "param_real_part": false, "param_index": 8, "can_return_value": true, "kind": "eps"}, {"type": "BaseEnergyFactor", "label": "Im-Part of BE-Factor eps-9", "param_real_part": false, "param_index": 9, "can_return_value": true, "kind": "eps"}], "measurements": [{"time": 0.0, "step_sample_count": 262144, "data": [0.6302975318978664, 0.7962238358819762, -2.409211346512654e-05, 1.3364613742072939e-05, 1.5426940819682473e-06, -2.3095526437844924e-06, 2.9577584621232426e-06, -1.5668367408516222e-05, 1.0073359691169309e-05, -1.2604172898632618e-05, -1.1358230129747497e-05, 3.80637423358691e-06, 2.8480717089983352e-06, -1.895923534861108e-05, -1.1357545410297846e-05, 4.318272037258513e-06, -1.4618044943022195e-05, 1.2968369814907847e-06, -2.4229613465669603e-06, 1.2658790972584678e-05, -4.320935634434884e-06, -4.807979398987998e-06, -1.0283182688040512e-05, 1.5791125000597532e-06, 1.6795899010380995e-05, -6.0341603244068835e-06, -2.5990623020784137e-06, -7.778776741911498e-06, 2.105483127674879e-05, 1.1085069673905734e-05, -9.132533945527703e-06, -1.2101228867378676e-06, 7.2706396032623796e-06, -5.612770751019133e-06, -2.3901402852107364e-06, -7.7877375531777e-06, 4.464171819755137e-06, -2.5990623020784137e-06, 8.1977527658682e-06, 7.306985025359501e-06, -2.4020509079370578e-05, 3.2547815350467166e-06, -3.2636991717419135e-06, 9.407228796969372e-06, -2.352694576968018e-05, -1.1297768656752587e-05, 5.246858986378391e-06, -7.778776741911498e-06], "data_imag": [5.624747451204452e-23, 2.5776157899700788e-21, 0.0, 0.0, 0.0, 0.0, 0.0, 0.0, 0.0, 0.0, 0.0, 0.0, 0.0, 0.0, 0.0, 0.0, 0.0, 0.0, 0.0, 0.0, 0.0, 0.0, 0.0, 0.0, 0.0, 0.0, 0.0, 0.0, 0.0, 0.0, 0.0, 0.0, 0.0, 0.0, 0.0, 0.0, 0.0, 0.0, 0.0, 0.0, 0.0, 0.0, 0.0, 0.0, 0.0, 0.0, 0.0, 0.0]}, {"time": 0.35, "step_sample_count": 262144, "data": [0.630622291753673, 0.7960622334920282, 0.00811187503330687, -0.046455478096991534, 0.07168822453770356, 0.008517003732689515, -0.046052713631141426, 0.07167101347852861, 0.008905363086012329, -0.04486301476051548, 0.07091119861072395, 0.007729522836954095, -0.046117753837536066, 0.07090359760467935, 0.3357657507047755, 0.33431299879149884, 0.33489624438226184, 0.3583645498083028, 0.3629912247788759, 0.3349235214789477, 0.3787136013626032, 0.38961341937671445, 0.33192796526166046, 0.30914316334681224, 0.30141720447618425, 0.3319322137624835, 0.0036734569814359914, -0.3514788284878501, 0.00036862375444210536, 0.0016857601850779169, 0.0029912591976573883, -0.0037197109431875977, -0.0023863812092041934, -0.0010687319709119794, -0.007789375775700776, -0.006465813964087016, -0.005125534277839476, 0.0036734569814359914, -0.0016103559406404153, 0.08392273246816272, 0.16924278912112833, -0.26460289077827504, -0.17913986685248245, -0.0936539251217551, -0.5275609589746816, -0.44219735184379355, -0.3566491619339788, -0.3514788284878501], "data_imag": [1.354953426137568e-18, 1.5311991919801692e-17, 0.0, 0.0, 0.0, 0.0, 0.0, 0.0, 0.0, 0.0, 0.0, 0.0, 0.0, 0.0, 0.0, 0.0, 0.0, 0.0, 0.0, 0.0, 0.0, 0.0, 0.0, 0.0, 0.0, 0.0, 0.0, 0.0, 0.0, 0.0, 0.0, 0.0, 0.0, 0.0, 0.0, 0.0, 0.0, 0.0, 0.0, 0.0, 0.0, 0.0, 0.0, 0.0, 0.0, 0.0, 0.0, 0.0]}, {"time": 0.7, "step_sample_count": 262144, "data": [0.6302417276266862, 0.7942873479423971, 0.030678344399456547, -0.20387829347649855, 0.2652607897639368, 0.03160256811817389, -0.20153749736115412, 0.26524357874148846, 0.03183728847035438, -0.18548353344157814, 0.2533732306486028, 0.02897835688169957, -0.19242375096639208, 0.25336562961818604, 0.6626566530097973, 0.6501023106875772, 0.5787438884691889, 0.6873000151646378, 0.7288272074098365, 0.5787711651747194, 0.687503627371686, 0.7824213033089696, 0.5576212855024859, 0.6096322664237919, 0.5422687520824736, 0.5576255340033089, 0.01326403520846488, -0.7120529247056017, 0.0023059328139399806, 0.00768666535862728, 0.013118190514400729, -0.014079452810206328, -0.008673575103594471, -0.003241618517810211, -0.030430087042885544, -0.024999792713476885, -0.019571397139965495, 0.01326403520846488, 0.003371417953174118, 0.17632161207304248, 0.34771866623989095, -0.5267078182822444, -0.3542852193003535, -0.18183354008709335, -1.0563229529798628, -0.8848825523552714, -0.7119180333369288, -0.7120529247056017], "data_imag": [-2.1651417054344868e-19, 9.279026013129399e-17, 0.0, 0.0, 0.0, 0.0, 0.0, 0.0, 0.0, 0.0, 0.0, 0.0, 0.0, 0.0, 0.0, 0.0, 0.0, 0.0, 0.0, 0.0, 0.0, 0.0, 0.0, 0.0, 0.0, 0.0, 0.0, 0.0, 0.0, 0.0, 0.0, 0.0, 0.0, 0.0, 0.0, 0.0, 0.0, 0.0, 0.0, 0.0, 0.0, 0.0, 0.0, 0.0, 0.0, 0.0, 0.0, 0.0]}, {"time": 1.0499999999999998, "step_sample_count": 262144, "data": [0.6294529769342555, 0.7913619926201794, 0.05637947002873276, -0.489477159134118, 0.4950541271895691, 0.0579695966328292, -0.48397474419396685, 0.4950369160709029, 0.055171858533634426, -0.4053638132094661, 0.4447315708447956, 0.04832186853755381, -0.41923039447486454, 0.4447239696519808, 0.9819096988145959, 0.9157679612043255, 0.6970290135068443, 0.9631680215505004, 1.0916807908961217, 0.6970562893648712, 0.8647991636681283, 1.1720377080761175, 0.6431915637447164, 0.9042449586597608, 0.6494636863672538, 0.6431958123759246, 0.022129707739956015, -1.0843169163474136, 0.008056727931056894, 0.019603264392520064, 0.03162643388264702, -0.026625590294260433, -0.014953408157790449, -0.003041571480709267, -0.06118519409422586, -0.04925970219066561, -0.037554967800157574, 0.022129707739956015, 0.018605699813931734, 0.2827674345047484, 0.5419390850023065, -0.786605505081767, -0.5241843507860802, -0.26168186272726646, -1.590287893030945, -1.3310886809269196, -1.0668895877416937, -1.0843169163474136], "data_imag": [7.559876397979259e-19, 9.571557255971405e-17, 0.0, 0.0, 0.0, 0.0, 0.0, 0.0, 0.0, 0.0, 0.0, 0.0, 0.0, 0.0, 0.0, 0.0, 0.0, 0.0, 0.0, 0.0, 0.0, 0.0, 0.0, 0.0, 0.0, 0.0, 0.0, 0.0, 0.0, 0.0, 0.0, 0.0, 0.0, 0.0, 0.0, 0.0, 0.0, 0.0, 0.0, 0.0, 0.0, 0.0, 0.0, 0.0, 0.0, 0.0, 0.0, 0.0]}, {"time": 1.4, "step_sample_count": 262144, "data": [0.628166276741795, 0.7869704446853342, 0.07052765978706639, -0.9088013189675856, 0.6970622634873178, 0.08257605634651514, -0.9090187839523688, 0.6970450524072395, 0.07983031001582527, -0.6631480801060772, 0.570442272715051, 0.032375942469074166, -0.6486856362180368, 0.5704346715144162, 1.315371612043562, 1.077568734790472, 0.7219551810936627, 1.1765440243045853, 1.4300504641002636, 0.721982456756112, 0.877565027261796, 1.5386472191209253, 0.6361504972695038, 1.2101606699327343, 0.5512678279627478, 0.6361547460962897, 0.02474557355628804, -1.4607708142585376, 0.01803644729253905, 0.036701137155046304, 0.05740667639723364, -0.03740774466361868, -0.018139737936392827, 0.0019162963981799296, -0.09258458383308614, -0.07220000645156276, -0.05311096691258041, 0.02474557355628804, 0.041911900234415676, 0.4030245161013948, 0.7529417512458914, -1.0492085634602117, -0.692177256645217, -0.33486569072817707, -2.1370712009055204, -1.7872255251863733, -1.4259587025656355, -1.4607708142585376], "data_imag": [-5.385604987523604e-20, -8.660621908517733e-17, 0.0, 0.0, 0.0, 0.0, 0.0, 0.0, 0.0, 0.0, 0.0, 0.0, 0.0, 0.0, 0.0, 0.0, 0.0, 0.0, 0.0, 0.0, 0.0, 0.0, 0.0, 0.0, 0.0, 0.0, 0.0, 0.0, 0.0, 0.0, 0.0, 0.0, 0.0, 0.0, 0.0, 0.0, 0.0, 0.0, 0.0, 0.0, 0.0, 0.0, 0.0, 0.0, 0.0, 0.0, 0.0, 0.0]}, {"time": 1.75, "step_sample_count": 262144, "data": [0.6260308453271521, 0.7800754356115672, 0.055148370260863916, -1.4233017606504277, 0.8547128158865981, 0.12398808170069356, -1.475715178499563, 0.8546956046071058, 0.14202600246738786, -0.8851943558398148, 0.6141142465544701, -0.0676628768977427, -0.7188991794723811, 0.6141066454770092, 1.6950518330218962, 1.060077832512831, 0.6980215959658471, 1.3221169580780952, 1.7068143669050775, 0.6980488718564706, 0.7385495872196655, 1.875072707984531, 0.6020854017014281, 1.525619059467349, 0.25551351792806665, 0.6020896505934067, 0.022288173457290724, -1.83216405962168, 0.02821348861955904, 0.052765243125971195, 0.08299414938872368, -0.04505373906766387, -0.018715061387253568, 0.0092830556787671, -0.11821375973092958, -0.08866134404952913, -0.06320961462757468, 0.022288173457290724, 0.06642634350225098, 0.532209729806454, 0.9771807090633248, -1.3203719183650682, -0.8625228917787797, -0.4039956587157144, -2.7016052395332735, -2.256995778435818, -1.7907754967818024, -1.83216405962168], "data_imag": [2.042180387053791e-18, -2.530020714056315e-17, 0.0, 0.0, 0.0, 0.0, 0.0, 0.0, 0.0, 0.0, 0.0, 0.0, 0.0, 0.0, 0.0, 0.0, 0.0, 0.0, 0.0, 0.0, 0.0, 0.0, 0.0, 0.0, 0.0, 0.0, 0.0, 0.0, 0.0, 0.0, 0.0, 0.0, 0.0, 0.0, 0.0, 0.0, 0.0, 0.0, 0.0, 0.0, 0.0, 0.0, 0.0, 0.0, 0.0, 0.0, 0.0, 0.0]}, {"time": 2.0999999999999996, "step_sample_count": 262144, "data": [0.6231754835973077, 0.7704841444520805, -0.028245782061633817, -1.9067966631612514, 0.9735928199647584, 0.23403213583273114, -2.1508130347562617, 0.9735756094576851, 0.2782967247870549, -1.0058578919850492, 0.5919682785072127, -0.28106435292778315, -0.49585743259537324, 0.5919606783989773, 2.1351955917044307, 0.7935001600946242, 0.6490013321105015, 1.394803985271701, 1.8717489037849597, 0.6490286077403549, 0.5220547784685071, 2.220036516866115, 0.5859570531981662, 1.7921740110489874, -0.06200504334248693, 0.5859613022531264, 0.01962463660810824, -2.195126594088904, 0.03617107696893802, 0.060980032803123176, 0.09745751581568168, -0.047369003347795, -0.018966106069893577, 0.012045501235207166, -0.1320831803499551, -0.09672510088915647, -0.07030983741460528, 0.01962463660810824, 0.08294576340472094, 0.6616697987464062, 1.2062473093267927, -1.6020882517203574, -1.0367481620653314, -0.4701520390366137, -3.278538740132389, -2.7348564349573343, -2.1552613501788573, -2.195126594088904], "data_imag": [4.346505623355678e-18, 2.7822036281924084e-17, 0.0, 0.0, 0.0, 0.0, 0.0, 0.0, 0.0, 0.0, 0.0, 0.0, 0.0, 0.0, 0.0, 0.0, 0.0, 0.0, 0.0, 0.0, 0.0, 0.0, 0.0, 0.0, 0.0, 0.0, 0.0, 0.0, 0.0, 0.0, 0.0, 0.0, 0.0, 0.0, 0.0, 0.0, 0.0, 0.0, 0.0, 0.0, 0.0, 0.0, 0.0, 0.0, 0.0, 0.0, 0.0, 0.0]}, {"time": 2.4499999999999997, "step_sample_count": 262144, "data": [0.6203114098144926, 0.7596207912267242, -0.23916703684254997, -2.158936880099459, 1.0589968965589882, 0.4825379422185583, -2.867225572140767, 1.058979686817336, 0.46327698689955477, -1.0319481435172435, 0.5293008714682118, -0.5700643001502372, -0.05066965837930088, 0.5292932710571947, 2.586596422622422, 0.32346707715587125, 0.5812063550937545, 1.4260268118098425, 1.8869544302579606, 0.5812336312451485, 0.3192522341042672, 2.6220020135435544, 0.6115922497461216, 1.93528923521902, -0.1816848746542921, 0.6115964985566094, 0.02032527851053621, -2.5516166376210077, 0.04834051379231477, 0.06172550275702796, 0.0943988538405517, -0.03937760430753134, -0.020555628543166293, 0.001612915372122227, -0.13144391582081277, -0.1003688178977994, -0.08447097506617357, 0.02032527851053621, 0.08856746389298471, 0.782990374922919, 1.4273594139624783, -1.888796502478595, -1.2138672310070147, -0.5369685711371063, -3.8530442091863732, -3.2102906645512914, -2.514542858326109, -2.5516166376210077], "data_imag": [1.7952750987854676e-18, 2.4998491937445234e-17, 0.0, 0.0, 0.0, 0.0, 0.0, 0.0, 0.0, 0.0, 0.0, 0.0, 0.0, 0.0, 0.0, 0.0, 0.0, 0.0, 0.0, 0.0, 0.0, 0.0, 0.0, 0.0, 0.0, 0.0, 0.0, 0.0, 0.0, 0.0, 0.0, 0.0, 0.0, 0.0, 0.0, 0.0, 0.0, 0.0, 0.0, 0.0, 0.0, 0.0, 0.0, 0.0, 0.0, 0.0, 0.0, 0.0]}, {"time": 2.8, "step_sample_count": 262144, "data": [0.6181693821229214, 0.7503214694204284, -0.582214195256458, -2.1154789266955345, 1.1106766728360515, 0.8770039187357025, -3.5735123016035213, 1.1106594627960915, 0.6313922272981164, -1.0154863013308546, 0.45350084223034587, -0.8615539534206723, 0.4227378811309146, 0.4534932420627191, 2.9280036975708557, -0.14443978564297408, 0.4964852351450918, 1.5030324626114264, 1.742832994191035, 0.49651251100311905, 0.16692249304679294, 3.0761586627680146, 0.6894046245018616, 1.932130797283385, -0.04674579620315783, 0.6894088737686974, 0.025025934837097676, -2.9055568792069577, 0.07057547348063586, 0.060495156827738615, 0.07751702406572382, -0.020110386402816666, -0.023791777888965, -0.023755731124700565, -0.12071131714839062, -0.10574106437257173, -0.11230050387412469, 0.025025934837097676, 0.09377924745321047, 0.8937535712208402, 1.628299288694181, -2.168013288126035, -1.3920427493131031, -0.6132991738246278, -4.4090911620908075, -3.676968369028043, -2.8753660087476023, -2.9055568792069577], "data_imag": [5.351433968319899e-19, -1.1909133466804526e-17, 0.0, 0.0, 0.0, 0.0, 0.0, 0.0, 0.0, 0.0, 0.0, 0.0, 0.0, 0.0, 0.0, 0.0, 0.0, 0.0, 0.0, 0.0, 0.0, 0.0, 0.0, 0.0, 0.0, 0.0, 0.0, 0.0, 0.0, 0.0, 0.0, 0.0, 0.0, 0.0, 0.0, 0.0, 0.0, 0.0, 0.0, 0.0, 0.0, 0.0, 0.0, 0.0, 0.0, 0.0, 0.0, 0.0]}, {"time": 3.15, "step_sample_count": 262144, "data": [0.6168685357829781, 0.7452491727785598, -0.9701722595737348, -1.9321875602111636, 1.1255895872153585, 1.3271625061201475, -4.24342389191633, 1.125572376632172, 0.73218453954711, -0.9911233261846356, 0.3933928619256498, -1.0974115781233589, 0.7791935560471585, 0.3933852613273667, 3.0775260944370872, -0.4942995431606714, 0.40208524352289715, 1.6841482724394692, 1.410676444741025, 0.4021125189897689, 0.04823446547676881, 3.544742709150471, 0.818176920790378, 1.8071572082179002, 0.26241068279183377, 0.8181811697475491, 0.032121822341574915, -3.2603539966656134, 0.09897688779361663, 0.061941296592714835, 0.05825399030538395, 0.003921010466996482, -0.02782427538212251, -0.05592299644623951, -0.10970657791438686, -0.11573784745872284, -0.14829630734605484, 0.032121822341574915, 0.11037070264691261, 0.9966837956562443, 1.805810791066981, -2.4312101554683756, -1.5697437014625648, -0.7046773923978548, -4.940476449165179, -4.134523086934794, -3.2465241079942793, -3.2603539966656134], "data_imag": [1.0020758554936504e-18, -1.7934564893476417e-17, 0.0, 0.0, 0.0, 0.0, 0.0, 0.0, 0.0, 0.0, 0.0, 0.0, 0.0, 0.0, 0.0, 0.0, 0.0, 0.0, 0.0, 0.0, 0.0, 0.0, 0.0, 0.0, 0.0, 0.0, 0.0, 0.0, 0.0, 0.0, 0.0, 0.0, 0.0, 0.0, 0.0, 0.0, 0.0, 0.0, 0.0, 0.0, 0.0, 0.0, 0.0, 0.0, 0.0, 0.0, 0.0, 0.0]}, {"time": 3.5, "step_sample_count": 262144, "data": [0.6160824255042854, 0.7445496602780982, -1.3257593499879414, -1.7286786601954782, 1.103067950828668, 1.7363000350094802, -4.818233474449886, 1.1030507389821131, 0.7481038184353372, -0.9703910708425361, 0.3754281339810116, -1.2440343382475356, 0.9558005754896466, 0.37542053333055025, 3.0437727973130295, -0.7791650448327009, 0.3138618620566649, 1.967667211392526, 0.8480786581058644, 0.31388913579593336, -0.07389175454323108, 4.001032559409672, 0.9827741908483802, 1.6084005123834462, 0.6314589882204207, 0.9827784395610792, 0.03918693406975436, -3.6175000991606394, 0.12772769889983962, 0.06815473105487371, 0.04537182763252719, 0.026847083322775193, -0.031346062616775305, -0.08637641637045348, -0.1045498253575672, -0.12971515258475977, -0.18406642208287166, 0.03918693406975436, 0.1424226957338467, 1.096352452774699, 1.9651005737324183, -2.6781619299691517, -1.7463011937113952, -0.8101330906279257, -5.451662394102348, -4.586525860373375, -3.6310451528409033, -3.6175000991606394], "data_imag": [2.1625328259174263e-18, -3.4212108823921e-18, 0.0, 0.0, 0.0, 0.0, 0.0, 0.0, 0.0, 0.0, 0.0, 0.0, 0.0, 0.0, 0.0, 0.0, 0.0, 0.0, 0.0, 0.0, 0.0, 0.0, 0.0, 0.0, 0.0, 0.0, 0.0, 0.0, 0.0, 0.0, 0.0, 0.0, 0.0, 0.0, 0.0, 0.0, 0.0, 0.0, 0.0, 0.0, 0.0, 0.0, 0.0, 0.0, 0.0, 0.0, 0.0, 0.0]}, {"time": 3.8499999999999996, "step_sample_count": 262144, "data": [0.6154702805235565, 0.7450038000899842, -1.5697748540061602, -1.4482831703166765, 1.0507500497211264, 1.9875320723671304, -5.039452383774039, 1.0507328369908866, 0.6894906739084283, -0.964925831381558, 0.41314774100638874, -1.2970678376675226, 0.9474741151762082, 0.4131401396718084, 2.9993046634909457, -0.9169013734308128, 0.2542924067878721, 2.2048546431289098, 0.4686923784526378, 0.25431967850617054, -0.23147891025925915, 4.425920410369457, 1.156061736549403, 1.3770912238342097, 0.9655137498006122, 1.1560659843657046, 0.044406377788494426, -3.975899863611372, 0.14743793922297224, 0.07891632462930927, 0.04831752565724662, 0.03959778527443479, -0.033617507286690836, -0.10431390776316567, -0.11281563122741337, -0.14567198551469654, -0.2085468184012066, 0.044406377788494426, 0.17572346953908685, 1.196577830781861, 2.126353783811576, -2.926219608628249, -1.9225517069428937, -0.9139372835178732, -5.96490137009361, -5.038673240896759, -4.016431690845871, -3.975899863611372], "data_imag": [-4.269309742529797e-19, -4.2304895564515845e-17, 0.0, 0.0, 0.0, 0.0, 0.0, 0.0, 0.0, 0.0, 0.0, 0.0, 0.0, 0.0, 0.0, 0.0, 0.0, 0.0, 0.0, 0.0, 0.0, 0.0, 0.0, 0.0, 0.0, 0.0, 0.0, 0.0, 0.0, 0.0, 0.0, 0.0, 0.0, 0.0, 0.0, 0.0, 0.0, 0.0, 0.0, 0.0, 0.0, 0.0, 0.0, 0.0, 0.0, 0.0, 0.0, 0.0]}, {"time": 4.199999999999999, "step_sample_count": 262144, "data": [0.6149001066672333, 0.7431009602669519, -1.7665984070292167, -1.126967127183759, 0.9841819542496115, 2.1117520155864953, -5.0407492882727745, 0.9841647415159923, 0.5849789461592427, -0.9796546311663642, 0.4965742145556531, -1.2619656862924182, 0.784496462058587, 0.49656661328010165, 3.0184301975820906, -0.854493486937793, 0.23269618095248926, 2.335105863316547, 0.46541608923415406, 0.2327234523448247, -0.43825962209078406, 4.8078522255797225, 1.3084480073481457, 1.1539941514065828, 1.1969008372356083, 1.3084522552948321, 0.04671129028580233, -4.334157249504164, 0.16145940785209506, 0.09231108441618328, 0.061501580580302605, 0.0457335385136781, -0.034279565372288316, -0.11241177624835438, -0.12783949060383906, -0.16075026330710201, -0.22419414180798397, 0.04671129028580233, 0.20348450210411806, 1.299413098931945, 2.300233512972848, -3.183479598693607, -2.099168932215242, -1.009414413043844, -6.492325832658715, -5.494472722285291, -4.397342602622171, -4.334157249504164], "data_imag": [2.360301681302561e-18, -5.011666500692624e-17, 0.0, 0.0, 0.0, 0.0, 0.0, 0.0, 0.0, 0.0, 0.0, 0.0, 0.0, 0.0, 0.0, 0.0, 0.0, 0.0, 0.0, 0.0, 0.0, 0.0, 0.0, 0.0, 0.0, 0.0, 0.0, 0.0, 0.0, 0.0, 0.0, 0.0, 0.0, 0.0, 0.0, 0.0, 0.0, 0.0, 0.0, 0.0, 0.0, 0.0, 0.0, 0.0, 0.0, 0.0, 0.0, 0.0]}, {"time": 4.55, "step_sample_count": 262144, "data": [0.6143611510454893, 0.7375058055523128, -1.9832863478356133, -0.8482105605789382, 0.9191229523038055, 2.1751531497135814, -5.042353915556053, 0.9191057395962904, 0.47040228880514295, -1.0067712143641991, 0.6007155183024478, -1.156724852652734, 0.5299824765427732, 0.6007079171461572, 2.9770602911486983, -0.7115773225256299, 0.24227067555651055, 2.485359089314569, 0.46088270981912943, 0.2422979469814423, -0.6884089896472256, 5.134982864789367, 1.4192032482606949, 0.9798727410045791, 1.278414187599429, 1.4192074963540646, 0.04681237178679632, -4.691924582315072, 0.17341523381416388, 0.10516632662680445, 0.07588301893601473, 0.04963422908901315, -0.03380330207267602, -0.11591232434482593, -0.1413326964510272, -0.17262489398746933, -0.23543291159824117, 0.04681237178679632, 0.2374020838213689, 1.4053261743536487, 2.476837019550516, -3.4382493049412144, -2.27621848423062, -1.1083818380544772, -7.023741338718718, -5.954348548779244, -4.785510427639469, -4.691924582315072], "data_imag": [2.3724278813699565e-18, -3.5865003117934664e-17, 0.0, 0.0, 0.0, 0.0, 0.0, 0.0, 0.0, 0.0, 0.0, 0.0, 0.0, 0.0, 0.0, 0.0, 0.0, 0.0, 0.0, 0.0, 0.0, 0.0, 0.0, 0.0, 0.0, 0.0, 0.0, 0.0, 0.0, 0.0, 0.0, 0.0, 0.0, 0.0, 0.0, 0.0, 0.0, 0.0, 0.0, 0.0, 0.0, 0.0, 0.0, 0.0, 0.0, 0.0, 0.0, 0.0]}, {"time": 4.8999999999999995, "step_sample_count": 262144, "data": [0.6136505541968709, 0.728839206862503, -2.1891745731273096, -0.6430724268401082, 0.8707131736342547, 2.178250311741717, -5.044044269355574, 0.8706959608713785, 0.3806951546780194, -1.0207862092036575, 0.6972516543502782, -1.0149983008797137, 0.2797144988459337, 0.697244053173676, 2.8882950156074707, -0.5017240163271373, 0.27154311049148433, 2.6565173748560293, 0.45464095040825203, 0.271570381916416, -0.9674854858818549, 5.394248900972475, 1.4841464881009083, 0.8644521637951363, 1.2021178375712958, 1.484150736096489, 0.04671418479881867, -5.049429612795753, 0.17779689862647163, 0.11352330083571091, 0.08923950819474452, 0.0480122425216875, -0.03320272665763755, -0.1135221806617945, -0.153228143327705, -0.17951388358254494, -0.23874631667869672, 0.04671418479881867, 0.27519849076751396, 1.5142380487084657, 2.65695790111124, -3.692236419506895, -2.4539291231418505, -1.2091680099790323, -7.559398075002863, -6.418030112322166, -5.178407635254783, -5.049429612795753], "data_imag": [-2.7711903676529238e-18, 4.0813020117485914e-17, 0.0, 0.0, 0.0, 0.0, 0.0, 0.0, 0.0, 0.0, 0.0, 0.0, 0.0, 0.0, 0.0, 0.0, 0.0, 0.0, 0.0, 0.0, 0.0, 0.0, 0.0, 0.0, 0.0, 0.0, 0.0, 0.0, 0.0, 0.0, 0.0, 0.0, 0.0, 0.0, 0.0, 0.0, 0.0, 0.0, 0.0, 0.0, 0.0, 0.0, 0.0, 0.0, 0.0, 0.0, 0.0, 0.0]}, {"time": 5.25, "step_sample_count": 262144, "data": [0.6126555818369942, 0.7193980345800554, -2.3493285844072647, -0.5356885485278555, 0.8471859888917675, 2.1309062646678805, -5.044264219699712, 0.8471687761454559, 0.3412179582849444, -0.988301656700683, 0.7658167402980727, -0.8717745169363085, 0.12901838575809915, 0.7658091391244654, 2.7830380044048413, -0.26553261511792076, 0.30646606971394263, 2.839584311431371, 0.44702960894614524, 0.3064933410573836, -1.2497794063801961, 5.602238617051794, 1.5140020280789248, 0.7985154553820719, 1.0213450097867651, 1.5140062761233994, 0.04818796571554267, -5.40774599153588, 0.16984845945099392, 0.11393484909229946, 0.09925511688878416, 0.03958274129920532, -0.0331711676936577, -0.10546383680728078, -0.16305846886643702, -0.17978080543551683, -0.23096720284505895, 0.04818796571554267, 0.31255762561225103, 1.624766351837133, 2.839200113547635, -3.947167365275614, -2.6319134507115707, -1.308937667093553, -8.096490981492714, -6.882935649144208, -5.570332856055116, -5.40774599153588], "data_imag": [5.328056935335987e-19, -1.201249086414636e-17, 0.0, 0.0, 0.0, 0.0, 0.0, 0.0, 0.0, 0.0, 0.0, 0.0, 0.0, 0.0, 0.0, 0.0, 0.0, 0.0, 0.0, 0.0, 0.0, 0.0, 0.0, 0.0, 0.0, 0.0, 0.0, 0.0, 0.0, 0.0, 0.0, 0.0, 0.0, 0.0, 0.0, 0.0, 0.0, 0.0, 0.0, 0.0, 0.0, 0.0, 0.0, 0.0, 0.0, 0.0, 0.0, 0.0]}, {"time": 5.6, "step_sample_count": 262144, "data": [0.6115021075364265, 0.7116192620288074, -2.42319819521261, -0.5093285138232554, 0.8496715818927985, 2.0331486428957213, -4.984748703743706, 0.8496543683139294, 0.3550820796599622, -0.8973707874400816, 0.7999968110378801, -0.7527678994419605, 0.11914548839639647, 0.7999892107087648, 2.692973755456948, -0.057585127931745965, 0.3336611044372058, 3.016586850921721, 0.43395258885088417, 0.33368837581324307, -1.4979771078674207, 5.80212439900863, 1.5276403829284608, 0.7625361230705274, 0.8389359549099943, 1.5276446307121654, 0.05199655227110309, -5.768341843805206, 0.14627112601452774, 0.10534884646425079, 0.10649719697111704, 0.022817977434773738, -0.034085586380449256, -0.09102798390863896, -0.17238179578900797, -0.17332255912994904, -0.2096360924596286, 0.05199655227110309, 0.34430683544371987, 1.733718154096677, 3.0205700577193815, -4.203938535853464, -2.8092098961878116, -1.404867351907153, -8.630234292143177, -7.344103364469344, -5.954115547270863, -5.768341843805206], "data_imag": [-8.470028169795024e-18, 3.54417031665041e-17, 0.0, 0.0, 0.0, 0.0, 0.0, 0.0, 0.0, 0.0, 0.0, 0.0, 0.0, 0.0, 0.0, 0.0, 0.0, 0.0, 0.0, 0.0, 0.0, 0.0, 0.0, 0.0, 0.0, 0.0, 0.0, 0.0, 0.0, 0.0, 0.0, 0.0, 0.0, 0.0, 0.0, 0.0, 0.0, 0.0, 0.0, 0.0, 0.0, 0.0, 0.0, 0.0, 0.0, 0.0, 0.0, 0.0]}, {"time": 5.949999999999999, "step_sample_count": 262144, "data": [0.6104885944749039, 0.7064051828038062, -2.2870125755695585, -0.4235410731057153, 0.8748524390875179, 1.7891728170619254, -4.498718613880133, 0.874835227030058, 0.3953737350274172, -0.7746111781520069, 0.808559250478895, -0.6721237597165196, 0.20938893302092962, 0.8085516495314479, 2.6802695497018036, 0.11446580975250686, 0.3428979720140434, 3.120080810136259, 0.5407217712721513, 0.34292524342267694, -1.6749509983969002, 6.03312806518183, 1.5455633180487565, 0.7375476655705242, 0.7525877892416799, 1.5455675662236164, 0.0584766926358939, -6.132331456407368, 0.09714348443301736, 0.08985287193848898, 0.12391680469473125, -0.013732795598570201, -0.036635117489061335, -0.059870409856355826, -0.1951414584329498, -0.1632006363778708, -0.16583913457039456, 0.0584766926358939, 0.3618987109558727, 1.8374647354233817, 3.2032011770635322, -4.467795282843233, -2.9850121500171265, -1.4902315105280943, -9.161608757037355, -7.7966811812894665, -6.319857668705168, -6.132331456407368], "data_imag": [1.7039316755439e-18, -1.2066677902735128e-16, 0.0, 0.0, 0.0, 0.0, 0.0, 0.0, 0.0, 0.0, 0.0, 0.0, 0.0, 0.0, 0.0, 0.0, 0.0, 0.0, 0.0, 0.0, 0.0, 0.0, 0.0, 0.0, 0.0, 0.0, 0.0, 0.0, 0.0, 0.0, 0.0, 0.0, 0.0, 0.0, 0.0, 0.0, 0.0, 0.0, 0.0, 0.0, 0.0, 0.0, 0.0, 0.0, 0.0, 0.0, 0.0, 0.0]}, {"time": 6.3, "step_sample_count": 262144, "data": [0.6099790846032275, 0.7056860580008679, -2.1338827919121197, -0.4471510985165087, 0.9097139069774111, 1.6125829972916044, -4.174474061817443, 0.9096966944338077, 0.4260094276247632, -0.6441512044374044, 0.8042339286522266, -0.6129857194060959, 0.3211529839046574, 0.8042263277435501, 2.781096127050439, 0.24489971488648438, 0.3278558419097773, 3.091059530724869, 0.8595367586633846, 0.32788311313913127, -1.7576003716833037, 6.311164603053061, 1.5834819278997965, 0.7191682638930033, 0.8064215577456532, 1.583486176156147, 0.06582719779764772, -6.500155815848077, 0.04695385777127154, 0.07131559843185085, 0.13361527783894486, -0.047809168878833276, -0.0398965970337503, -0.03245362470760324, -0.21152670654569142, -0.15136288611963553, -0.12225579367719293, 0.06582719779764772, 0.3601051388494741, 1.9340682336331154, 3.390961467082747, -4.743096736753302, -3.1590612750736082, -1.5602117360498162, -9.694304506936492, -8.238504715866737, -6.662096119168797, -6.500155815848077], "data_imag": [5.641516406233795e-18, 7.064213642291438e-17, 0.0, 0.0, 0.0, 0.0, 0.0, 0.0, 0.0, 0.0, 0.0, 0.0, 0.0, 0.0, 0.0, 0.0, 0.0, 0.0, 0.0, 0.0, 0.0, 0.0, 0.0, 0.0, 0.0, 0.0, 0.0, 0.0, 0.0, 0.0, 0.0, 0.0, 0.0, 0.0, 0.0, 0.0, 0.0, 0.0, 0.0, 0.0, 0.0, 0.0, 0.0, 0.0, 0.0, 0.0, 0.0, 0.0]}, {"time": 6.6499999999999995, "step_sample_count": 262144, "data": [0.609918954146053, 0.7085181965558581, -1.9695572814669788, -0.5261318528415473, 0.9412322396332902, 1.5092507111047955, -3.9701187484588467, 0.9412150269973764, 0.4063541964263691, -0.5370302135710829, 0.804105237391085, -0.5662364019979266, 0.37139051242316623, 0.8040976362680275, 2.9594355936986143, 0.28597852981583555, 0.2871483072324283, 2.9377026280696543, 1.2972520733273312, 0.2871755781195212, -1.7449694770381863, 6.635380595444171, 1.6469363991582429, 0.7218885405330331, 0.9848965739067539, 1.6469406471864194, 0.07199790581303932, -6.871601260665731, 0.000697473418052195, 0.05484021664326513, 0.13937695642401288, -0.07723916061733506, -0.043166354042245204, -0.009276572967526046, -0.2235770467610579, -0.1411789987630848, -0.082148565403683, 0.07199790581303932, 0.3426743189664627, 2.024394052146636, 3.584266338809761, -5.027295828665316, -3.331501096791171, -1.6176338863254858, -10.229202416740044, -8.670913547177197, -6.985105452354416, -6.871601260665731], "data_imag": [-1.1916259418148833e-17, -6.956468803865378e-17, 0.0, 0.0, 0.0, 0.0, 0.0, 0.0, 0.0, 0.0, 0.0, 0.0, 0.0, 0.0, 0.0, 0.0, 0.0, 0.0, 0.0, 0.0, 0.0, 0.0, 0.0, 0.0, 0.0, 0.0, 0.0, 0.0, 0.0, 0.0, 0.0, 0.0, 0.0, 0.0, 0.0, 0.0, 0.0, 0.0, 0.0, 0.0, 0.0, 0.0, 0.0, 0.0, 0.0, 0.0, 0.0, 0.0]}, {"time": 7.0, "step_sample_count": 262144, "data": [0.6100285680475007, 0.7130085515770754, -1.8089475179118697, -0.5960643402397456, 0.9553676208380829, 1.4658064613107378, -3.8227645712800356, 0.9553504081587432, 0.3183923417111148, -0.4746978525938362, 0.8225936563366588, -0.5247806390132251, 0.3118662943036171, 0.8225860551438133, 3.185004244994813, 0.22666663799601947, 0.22781224179198956, 2.6693796386365816, 1.8023609316556435, 0.22783951240201408, -1.6577017569302657, 6.998931899138427, 1.731379320478685, 0.7669891298065306, 1.2367396248055051, 1.7313835684905634, 0.07507194961863346, -7.245261332295295, -0.038276329887660804, 0.04412071455624244, 0.14529049780192105, -0.10039499524327655, -0.04559867189729106, 0.009872894788988026, -0.2335419903730082, -0.13455237657404057, -0.04697962085129073, 0.07507194961863346, 0.3139814721874496, 2.1112648699820786, 3.7860096791011935, -5.318558321085236, -3.5031221340942915, -1.6658059140067707, -10.770782675694827, -9.098350097766243, -7.294921162860351, -7.245261332295295], "data_imag": [-2.180250790205497e-18, -2.8027638808510623e-17, 0.0, 0.0, 0.0, 0.0, 0.0, 0.0, 0.0, 0.0, 0.0, 0.0, 0.0, 0.0, 0.0, 0.0, 0.0, 0.0, 0.0, 0.0, 0.0, 0.0, 0.0, 0.0, 0.0, 0.0, 0.0, 0.0, 0.0, 0.0, 0.0, 0.0, 0.0, 0.0, 0.0, 0.0, 0.0, 0.0, 0.0, 0.0, 0.0, 0.0, 0.0, 0.0, 0.0, 0.0, 0.0, 0.0]}, {"time": 7.35, "step_sample_count": 262144, "data": [0.6100178576486417, 0.717124115675953, -1.678391196925554, -0.5916679140289832, 0.9424726566226865, 1.4588956174858791, -3.669865695581691, 0.9424554439589641, 0.17281181818074093, -0.4754048222456552, 0.8670782916411766, -0.48648085271154967, 0.13197712913945983, 0.8670706902165315, 3.4289193933908573, 0.08222638944796627, 0.16413235791377714, 2.3051827312476036, 2.341122013053177, 0.16415962857269614, -1.5252304881408882, 7.396143861422481, 1.8241757935603742, 0.8750362615488813, 1.5035719970071113, 1.8241800411159048, 0.07424178902367506, -7.618717899858412, -0.06822164167480163, 0.04040992937244621, 0.15438627573105526, -0.11670422148554996, -0.046632863784987315, 0.02542513242014796, -0.2434570463540674, -0.1317516768381652, -0.01744444008505777, 0.07424178902367506, 0.27865528755007063, 2.1976729276093465, 3.9985561813248975, -5.615196828339192, -3.6750417582268624, -1.7087056358320045, -11.323740908904618, -9.526123682117767, -7.598598244692781, -7.618717899858412], "data_imag": [-5.3689273843244995e-18, 1.2970857745967363e-17, 0.0, 0.0, 0.0, 0.0, 0.0, 0.0, 0.0, 0.0, 0.0, 0.0, 0.0, 0.0, 0.0, 0.0, 0.0, 0.0, 0.0, 0.0, 0.0, 0.0, 0.0, 0.0, 0.0, 0.0, 0.0, 0.0, 0.0, 0.0, 0.0, 0.0, 0.0, 0.0, 0.0, 0.0, 0.0, 0.0, 0.0, 0.0, 0.0, 0.0, 0.0, 0.0, 0.0, 0.0, 0.0, 0.0]}, {"time": 7.699999999999999, "step_sample_count": 262144, "data": [0.6096483629727323, 0.7190657666478546, -1.6051336969094645, -0.45725191688419753, 0.9024062059983825, 1.4703282734792489, -3.464596579568622, 0.9023889932285788, 0.0019865570982848697, -0.557597451522923, 0.9356929173026102, -0.45750353442675473, -0.1483828595402954, 0.9356853159713177, 3.659599695451067, -0.10199853180042123, 0.11272896905314167, 1.8807449666998381, 2.8898346843871012, 0.11275623969576254, -1.3776209598866365, 7.815507405990668, 1.9095831684527582, 1.0606030276025522, 1.7270635386630786, 1.9095874160897792, 0.07053400112990241, -7.989419517537273, -0.08878480975025878, 0.04249968512578499, 0.16756003936674294, -0.1269232668183996, -0.046403405966977576, 0.037421313292264904, -0.2549011081032495, -0.132141580782219, 0.005442076411449225, 0.07053400112990241, 0.24196491002571524, 2.2862847751266604, 4.221520979698185, -5.914982218738822, -3.8482620182583838, -1.7508949162397696, -11.889890848718967, -9.959029196795173, -7.903804174714838, -7.989419517537273], "data_imag": [1.5675524084898666e-18, 1.59383943653297e-17, 0.0, 0.0, 0.0, 0.0, 0.0, 0.0, 0.0, 0.0, 0.0, 0.0, 0.0, 0.0, 0.0, 0.0, 0.0, 0.0, 0.0, 0.0, 0.0, 0.0, 0.0, 0.0, 0.0, 0.0, 0.0, 0.0, 0.0, 0.0, 0.0, 0.0, 0.0, 0.0, 0.0, 0.0, 0.0, 0.0, 0.0, 0.0, 0.0, 0.0, 0.0, 0.0, 0.0, 0.0, 0.0, 0.0]}, {"time": 8.049999999999999, "step_sample_count": 262144, "data": [0.6087839693201743, 0.7175607942714662, -1.6020774111583909, -0.17670244846796818, 0.8445327536487321, 1.490847273399077, -3.194222176934992, 0.8445155411537917, -0.14855001768941237, -0.7293828370703618, 1.0183735688675317, -0.4568499116345177, -0.472129683306677, 1.018365967637473, 3.844559777601132, -0.24834649703938627, 0.08644324591500675, 1.4489271348138373, 3.4379395740314114, 0.08647051675320538, -1.2436746088176107, 8.229515418194518, 1.9749545219369828, 1.3279899208914832, 1.8452677557808237, 1.9749587696880906, 0.06636017640435542, -8.355849251518189, -0.10156140059910226, 0.04700032016498289, 0.18346043568302134, -0.13322494908320184, -0.04571202703250385, 0.04589711592307198, -0.26859848424081856, -0.13425683290456744, 0.02116672155374386, 0.06636017640435542, 0.2101440704986521, 2.3799912423557186, 4.450826316119423, -6.21472201223363, -4.0232704477140135, -1.796951847555458, -12.466146665776648, -10.40089965318607, -8.21811947534757, -8.355849251518189], "data_imag": [1.7461394231412476e-18, -6.798488520565444e-17, 0.0, 0.0, 0.0, 0.0, 0.0, 0.0, 0.0, 0.0, 0.0, 0.0, 0.0, 0.0, 0.0, 0.0, 0.0, 0.0, 0.0, 0.0, 0.0, 0.0, 0.0, 0.0, 0.0, 0.0, 0.0, 0.0, 0.0, 0.0, 0.0, 0.0, 0.0, 0.0, 0.0, 0.0, 0.0, 0.0, 0.0, 0.0, 0.0, 0.0, 0.0, 0.0, 0.0, 0.0, 0.0, 0.0]}, {"time": 8.399999999999999, "step_sample_count": 262144, "data": [0.6074641997593039, 0.7122457514706764, -1.6617156680976155, 0.20260731212397043, 0.7823567605420252, 1.511435682147185, -2.8888509871959704, 0.7823395481563578, -0.22783105838865558, -0.9693617107420255, 1.1011350077645095, -0.5187846670423446, -0.7308976701851767, 1.1011274070920571, 3.96192768721932, -0.2785234694090497, 0.09048788453569628, 1.0625767718889783, 3.9859798348809314, 0.09051515541464028, -1.1442638916678798, 8.600484110544953, 2.01531829618771, 1.662120900975202, 1.8147976099331753, 2.0153225443788676, 0.06399058186428737, -8.718170059766086, -0.11084551562502741, 0.04895925746029321, 0.1994892645475652, -0.1386947938083548, -0.04554540283401444, 0.051834999200851536, -0.2840337335462248, -0.13527128602256452, 0.03189179495790099, 0.06399058186428737, 0.18820232767554212, 2.4811002660855235, 4.6795172591580965, -6.511328544686492, -4.199865528723158, -1.8497849492478344, -13.044875684219916, -10.85335269019343, -8.546264949480769, -8.718170059766086], "data_imag": [-1.2011707383118199e-18, -3.4604817744948176e-17, 0.0, 0.0, 0.0, 0.0, 0.0, 0.0, 0.0, 0.0, 0.0, 0.0, 0.0, 0.0, 0.0, 0.0, 0.0, 0.0, 0.0, 0.0, 0.0, 0.0, 0.0, 0.0, 0.0, 0.0, 0.0, 0.0, 0.0, 0.0, 0.0, 0.0, 0.0, 0.0, 0.0, 0.0, 0.0, 0.0, 0.0, 0.0, 0.0, 0.0, 0.0, 0.0, 0.0, 0.0, 0.0, 0.0]}, {"time": 8.75, "step_sample_count": 262144, "data": [0.6058862370968464, 0.7039943333715573, -1.7643745060615246, 0.5930894695447876, 0.7276736937378383, 1.5196937677710387, -2.6029559747077196, 0.7276564812671443, -0.19882994265609022, -1.227654668254352, 1.171718348747687, -0.6779694613671167, -0.8009883550714451, 1.1717107484159839, 4.008247761922864, -0.15853564021767233, 0.12252611665056079, 0.7505551236663978, 4.533870934780938, 0.12255338766803903, -1.0763639724434422, 8.911856294787889, 2.033929018456642, 2.016077174101152, 1.6714295373675303, 2.033933267006358, 0.06426542554326832, -9.078012619259932, -0.12192091551888973, 0.043962385392756716, 0.21332334915832216, -0.14595840632113882, -0.04647831051072675, 0.0570978687041673, -0.2996983775616774, -0.1318784531957966, 0.04208903985759977, 0.06426542554326832, 0.17599950611650222, 2.588627283534552, 4.8994957523508536, -6.803225051455027, -4.377262564392868, -1.9093845164601155, -13.616123726891857, -11.31353022003998, -8.88637572029745, -9.078012619259932], "data_imag": [-3.280074455843533e-18, -3.3115834637524455e-18, 0.0, 0.0, 0.0, 0.0, 0.0, 0.0, 0.0, 0.0, 0.0, 0.0, 0.0, 0.0, 0.0, 0.0, 0.0, 0.0, 0.0, 0.0, 0.0, 0.0, 0.0, 0.0, 0.0, 0.0, 0.0, 0.0, 0.0, 0.0, 0.0, 0.0, 0.0, 0.0, 0.0, 0.0, 0.0, 0.0, 0.0, 0.0, 0.0, 0.0, 0.0, 0.0, 0.0, 0.0, 0.0, 0.0]}, {"time": 9.1, "step_sample_count": 262144, "data": [0.6042139561704931, 0.6947343135873788, -1.885764134309498, 0.9115166674020725, 0.6880295847433734, 1.5036832670094376, -2.3827835528290398, 0.688012372099088, -0.07246857993163433, -1.4627263342243826, 1.2235117835758431, -0.9331501959820883, -0.6524677482517134, 1.2235041829930118, 3.995229902742174, 0.09211706793975896, 0.17549977882649742, 0.5109776851144653, 5.075669119020243, 0.17552704936318034, -1.014403236773151, 9.18349515925935, 2.038868143071108, 2.322820807421009, 1.5316221811650212, 2.0388723913600537, 0.06630679303350832, -9.437637917423084, -0.1366628848619083, 0.03190984761649243, 0.225256070039179, -0.1561054776985435, -0.048258705877990755, 0.0637347710134375, -0.31502139426002324, -0.12337727563610078, 0.054550842541836585, 0.06630679303350832, 0.16833833020588596, 2.6978483678212433, 5.104113945828362, -7.090398615318061, -4.554348040861068, -1.9735416828538221, -14.171145967622323, -11.774504013744158, -9.230834815834182, -9.437637917423084], "data_imag": [-6.405569423635721e-19, -2.387290378282937e-18, 0.0, 0.0, 0.0, 0.0, 0.0, 0.0, 0.0, 0.0, 0.0, 0.0, 0.0, 0.0, 0.0, 0.0, 0.0, 0.0, 0.0, 0.0, 0.0, 0.0, 0.0, 0.0, 0.0, 0.0, 0.0, 0.0, 0.0, 0.0, 0.0, 0.0, 0.0, 0.0, 0.0, 0.0, 0.0, 0.0, 0.0, 0.0, 0.0, 0.0, 0.0, 0.0, 0.0, 0.0, 0.0, 0.0]}, {"time": 9.45, "step_sample_count": 262144, "data": [0.6023920408459466, 0.6863684290052499, -2.0017078898802145, 1.102265623709047, 0.6670596019944751, 1.4552107165483517, -2.251382931496637, 0.6670423893714218, 0.08995439573647039, -1.6553213847496722, 1.2563081705924064, -1.239646427166667, -0.3735774174541403, 1.2563005698841123, 3.9486505046507574, 0.4197308068314275, 0.2404479833261668, 0.3214589867909472, 5.60699906360802, 0.24047525409917284, -0.9443282306560382, 9.443780601274504, 2.038424805867639, 2.538583425713365, 1.4842454278636614, 2.038429053798025, 0.06787081935664359, -9.798931906432074, -0.1523480645006856, 0.017845253086691017, 0.23847909592151223, -0.16850087001403363, -0.049848330212730003, 0.07347715516742286, -0.3309275361747289, -0.11261271150907207, 0.06882741674171408, 0.06787081935664359, 0.16028311594099015, 2.8042964822081196, 5.292162073369913, -7.373658312899586, -4.730016982374937, -2.0395168547995786, -14.70724055498318, -12.230000853273818, -9.572548192307819, -9.798931906432074], "data_imag": [-1.6993830460664033e-18, 5.124460625917503e-18, 0.0, 0.0, 0.0, 0.0, 0.0, 0.0, 0.0, 0.0, 0.0, 0.0, 0.0, 0.0, 0.0, 0.0, 0.0, 0.0, 0.0, 0.0, 0.0, 0.0, 0.0, 0.0, 0.0, 0.0, 0.0, 0.0, 0.0, 0.0, 0.0, 0.0, 0.0, 0.0, 0.0, 0.0, 0.0, 0.0, 0.0, 0.0, 0.0, 0.0, 0.0, 0.0, 0.0, 0.0, 0.0, 0.0]}, {"time": 9.799999999999999, "step_sample_count": 262144, "data": [0.600296841721497, 0.6795986704002638, -2.102235852670023, 1.1461673294595236, 0.6651700470671014, 1.371892965552433, -2.2158373929163533, 0.6651528344489662, 0.22013452341448192, -1.7878405964357487, 1.2745259889416545, -1.5460157388201692, -0.06831122974768891, 1.2745183882766475, 3.903530649584462, 0.7607601684598891, 0.3080389909644239, 0.15181876745829687, 6.131374461531888, 0.3080662616559391, -0.8806669743515619, 9.720300850453368, 2.038170473542218, 2.658932775998616, 1.546519721362729, 2.03817472132592, 0.06603165858843704, -10.162588365733782, -0.16501485534814778, 0.008236609842074843, 0.2561407853052068, -0.18121101273197587, -0.04990576243564501, 0.08735164283153875, -0.34761439658606025, -0.10312046739780717, 0.08376788890624136, 0.06603165858843704, 0.1499695913208483, 2.906714786108169, 5.469016945085681, -7.654375655418205, -4.903778392742087, -2.105174159165465, -15.22950776303016, -12.678113716988742, -9.908787082058494, -10.162588365733782], "data_imag": [3.3771662199252314e-18, -1.043066865535691e-17, 0.0, 0.0, 0.0, 0.0, 0.0, 0.0, 0.0, 0.0, 0.0, 0.0, 0.0, 0.0, 0.0, 0.0, 0.0, 0.0, 0.0, 0.0, 0.0, 0.0, 0.0, 0.0, 0.0, 0.0, 0.0, 0.0, 0.0, 0.0, 0.0, 0.0, 0.0, 0.0, 0.0, 0.0, 0.0, 0.0, 0.0, 0.0, 0.0, 0.0, 0.0, 0.0, 0.0, 0.0, 0.0, 0.0]}, {"time": 10.149999999999999, "step_sample_count": 262144, "data": [0.5980043111329161, 0.6738250797513383, -2.2006963058330187, 1.057923142556622, 0.6794675699983217, 1.2586914912475782, -2.2803756466256475, 0.6794503574171555, 0.2748063024945248, -1.8494162335837803, 1.2838816794007872, -1.8177040061179421, 0.19538730255924913, 1.283874078737721, 3.8849805162728073, 1.0659955157781191, 0.36934642706183723, -0.028996000929639183, 6.658077875347593, 0.3693736977615014, -0.8532731324101868, 10.053050735088345, 2.0400079897015027, 2.6993231798618913, 1.7106082030995644, 2.0400122373955654, 0.05822204896898932, -10.527741989260349, -0.17175089036476154, 0.007553722039640446, 0.2795778662731428, -0.19158816344085988, -0.047254371210506185, 0.10516588247834482, -0.36382824998853475, -0.09681797488669322, 0.09883863935086286, 0.05822204896898932, 0.1372675123269504, 3.0066662849559727, 5.644212752544631, -7.934905268490489, -5.076273560685648, -2.16908025896438, -15.748689860299088, -13.121465645863506, -10.24045624216285, -10.527741989260349], "data_imag": [-2.078404067792555e-18, 3.508604353733199e-17, 0.0, 0.0, 0.0, 0.0, 0.0, 0.0, 0.0, 0.0, 0.0, 0.0, 0.0, 0.0, 0.0, 0.0, 0.0, 0.0, 0.0, 0.0, 0.0, 0.0, 0.0, 0.0, 0.0, 0.0, 0.0, 0.0, 0.0, 0.0, 0.0, 0.0, 0.0, 0.0, 0.0, 0.0, 0.0, 0.0, 0.0, 0.0, 0.0, 0.0, 0.0, 0.0, 0.0, 0.0, 0.0, 0.0]}, {"time": 10.5, "step_sample_count": 262144, "data": [0.5957422963159108, 0.6679246663062756, -2.3240952869953344, 0.8694758215378414, 0.7038898572485532, 1.1298893605032956, -2.4552764600817065, 0.7038726447486275, 0.23921206187718766, -1.8518068528416505, 1.2883876427708003, -2.034288199366348, 0.3704119191610891, 1.2883800421604195, 3.8946306992791127, 1.3122911154361612, 0.41707425302593987, -0.25070734588605953, 7.197854953991265, 0.41710152358706976, -0.8942762028349632, 10.49048946132376, 2.0426213310336827, 2.6819808170936414, 1.9670180283305128, 2.04262557869515, 0.043368099818090464, -10.892054465683572, -0.1708832229981053, 0.017279962718031783, 0.3081716961635742, -0.1968814040965266, -0.04123776646627504, 0.1250907331700596, -0.3777723489539749, -0.09397855494502476, 0.11338388670132644, 0.043368099818090464, 0.12239628562704395, 3.106842050932865, 5.828837783002602, -8.218374430480123, -5.249149831330131, -2.2305771531566223, -16.278444838609317, -13.565439034456652, -10.570480239289116, -10.892054465683572], "data_imag": [2.0641827304324236e-18, 1.3621524478266009e-17, 0.0, 0.0, 0.0, 0.0, 0.0, 0.0, 0.0, 0.0, 0.0, 0.0, 0.0, 0.0, 0.0, 0.0, 0.0, 0.0, 0.0, 0.0, 0.0, 0.0, 0.0, 0.0, 0.0, 0.0, 0.0, 0.0, 0.0, 0.0, 0.0, 0.0, 0.0, 0.0, 0.0, 0.0, 0.0, 0.0, 0.0, 0.0, 0.0, 0.0, 0.0, 0.0, 0.0, 0.0, 0.0, 0.0]}, {"time": 10.85, "step_sample_count": 262144, "data": [0.5936968952772961, 0.6612108099748358, -2.4978457893033035, 0.6136906527602394, 0.7304131034127521, 1.012388943405637, -2.7612674514147586, 0.7303958909007996, 0.12246378681571422, -1.8272812069361049, 1.2888547165383935, -2.1828951050537944, 0.42106732819533194, 1.2888471160674595, 3.9185088816905393, 1.4984865128585774, 0.4478488535893943, -0.5391615141643178, 7.763658326406515, 0.447876124240164, -1.0339823076914132, 11.075230597601784, 2.043652757004405, 2.6377463359237994, 2.293471648095165, 2.043657004535488, 0.02259631895556064, -11.252217089172731, -0.16151044863216935, 0.035989080060654086, 0.3392869336238709, -0.19488516964354144, -0.03208942543100999, 0.1436283627055981, -0.38786973876789976, -0.09403406965405814, 0.12544524345246466, 0.02259631895556064, 0.10566658907803445, 3.209906466280045, 6.033406102192315, -8.507546667510121, -5.424405600041637, -2.2902510069412476, -16.832618578682485, -14.01630728774617, -10.902694134695572, -11.252217089172731], "data_imag": [-9.255912227055247e-19, -3.868625271921955e-17, 0.0, 0.0, 0.0, 0.0, 0.0, 0.0, 0.0, 0.0, 0.0, 0.0, 0.0, 0.0, 0.0, 0.0, 0.0, 0.0, 0.0, 0.0, 0.0, 0.0, 0.0, 0.0, 0.0, 0.0, 0.0, 0.0, 0.0, 0.0, 0.0, 0.0, 0.0, 0.0, 0.0, 0.0, 0.0, 0.0, 0.0, 0.0, 0.0, 0.0, 0.0, 0.0, 0.0, 0.0, 0.0, 0.0]}, {"time": 11.2, "step_sample_count": 262144, "data": [0.5920107682821494, 0.6542154579258863, -2.7389462560065003, 0.32401071015638205, 0.751638046874854, 0.9496372074217626, -3.2271552407067485, 0.7516208344657571, -0.04368905187922132, -1.8161765264716843, 1.28319337654342, -2.2614398767105777, 0.33748657669040083, 1.2831857760409369, 3.9482086903907816, 1.6353155932004266, 0.46423592463718744, -0.9119979947916199, 8.376787868401518, 0.46426319526962173, -1.3024845994886078, 11.83050106387427, 2.042868793780602, 2.6092178591565576, 2.637249145206752, 2.0428730413687277, -0.0007671070802857389, -11.605084235367354, -0.14296473682184552, 0.05900666118318394, 0.36785545024471555, -0.18394225067806508, -0.02118051989026265, 0.15560484306081449, -0.39262999661197034, -0.09550778672603795, 0.13103737759080392, -0.0007671070802857389, 0.087970622895525, 3.3188863105840216, 6.265636619179936, -8.80385135615297, -5.603478716715755, -2.3497966321059307, -17.421911381191347, -14.480355033788186, -11.24103073078988, -11.605084235367354], "data_imag": [1.1096882489756804e-18, 4.00425077534333e-17, 0.0, 0.0, 0.0, 0.0, 0.0, 0.0, 0.0, 0.0, 0.0, 0.0, 0.0, 0.0, 0.0, 0.0, 0.0, 0.0, 0.0, 0.0, 0.0, 0.0, 0.0, 0.0, 0.0, 0.0, 0.0, 0.0, 0.0, 0.0, 0.0, 0.0, 0.0, 0.0, 0.0, 0.0, 0.0, 0.0, 0.0, 0.0, 0.0, 0.0, 0.0, 0.0, 0.0, 0.0, 0.0, 0.0]}, {"time": 11.549999999999999, "step_sample_count": 262144, "data": [0.590838989625234, 0.6483848395257823, -3.0615109230684094, 0.047991548726128694, 0.7639428999167015, 0.9997557323047458, -3.880114673556687, 0.7639256875126218, -0.20288958836392457, -1.8436510207493098, 1.2685372736477838, -2.2893340743477384, 0.17208576692667168, 1.2685296731202607, 3.994846293982444, 1.7486299526329787, 0.47379044808913967, -1.3742562190554073, 9.079253952790534, 0.4738177187541701, -1.724897967201478, 12.744387787942124, 2.0444428858124075, 2.6398984467183584, 2.91584026080951, 2.044447133404608, -0.022001633160808904, -11.949108954056094, -0.11507914707166339, 0.07817053722621171, 0.3854232178251734, -0.16243851213572338, -0.010832095512037955, 0.15461307481976108, -0.388795529225216, -0.09500179397489258, 0.12511437673998035, -0.022001633160808904, 0.07109725340619417, 3.4374465741387037, 6.527890484483291, -9.107478925471604, -5.786607896893103, -2.4105997298683675, -18.050051912818052, -14.962757013200868, -11.588563988188051, -11.949108954056094], "data_imag": [-1.478264960968931e-18, 1.2227832063121775e-17, 0.0, 0.0, 0.0, 0.0, 0.0, 0.0, 0.0, 0.0, 0.0, 0.0, 0.0, 0.0, 0.0, 0.0, 0.0, 0.0, 0.0, 0.0, 0.0, 0.0, 0.0, 0.0, 0.0, 0.0, 0.0, 0.0, 0.0, 0.0, 0.0, 0.0, 0.0, 0.0, 0.0, 0.0, 0.0, 0.0, 0.0, 0.0, 0.0, 0.0, 0.0, 0.0, 0.0, 0.0, 0.0, 0.0]}, {"time": 11.899999999999999, "step_sample_count": 262144, "data": [0.5901501819826775, 0.6445000340494762, -3.4793852817162723, -0.16694927954296307, 0.7687191044044234, 1.2187115805831201, -4.745180041343477, 0.7687018918475594, -0.28120675401046147, -1.8884002214434166, 1.2439983583116037, -2.308282835382515, 0.06489419646636471, 1.2439907567724455, 4.078050309866992, 1.9159021976507904, 0.4848559746818596, -1.9169388079241818, 9.95782076265525, 0.48488324544671607, -2.288385121756519, 13.766927438298756, 2.056618179052696, 2.7402806659314196, 3.0828303423493537, 2.056622427612599, -0.03647900148205404, -12.285109411369005, -0.07952263833148757, 0.08369652286954933, 0.38077275976536257, -0.12893882897603007, -0.0035570359090683376, 0.13472889994359774, -0.3700998909716396, -0.08734840111138102, 0.10445773715250241, -0.03647900148205404, 0.05566355392919587, 3.5664864940712513, 6.814075166921034, -9.418067012059563, -5.972909437378686, -2.472223423822684, -18.709969738813996, -15.463429017763017, -11.94498521092022, -12.285109411369005], "data_imag": [-7.386651766017291e-19, 1.5942341061331253e-17, 0.0, 0.0, 0.0, 0.0, 0.0, 0.0, 0.0, 0.0, 0.0, 0.0, 0.0, 0.0, 0.0, 0.0, 0.0, 0.0, 0.0, 0.0, 0.0, 0.0, 0.0, 0.0, 0.0, 0.0, 0.0, 0.0, 0.0, 0.0, 0.0, 0.0, 0.0, 0.0, 0.0, 0.0, 0.0, 0.0, 0.0, 0.0, 0.0, 0.0, 0.0, 0.0, 0.0, 0.0, 0.0, 0.0]}, {"time": 12.25, "step_sample_count": 262144, "data": [0.5897670577239159, 0.64249090258444, -3.9779410886609092, -0.34890392094117406, 0.7706219300879112, 1.624773146749839, -5.855037262190228, 0.7706047183256204, -0.22838672639229007, -1.9065213693653975, 1.2129122249282371, -2.3492781772444027, 0.14352889874865812, 1.2129046154415613, 4.225446251239952, 2.271631349307642, 0.5026975122717072, -2.5338810286455753, 11.167016940469408, 0.5027247822175819, -2.904813912526524, 14.836757287764506, 2.0882981352156844, 2.8573748627576396, 3.2241811514522314, 2.0883023927640147, -0.0411673112858745, -12.616083196992214, -0.03980635067801351, 0.06960844838082456, 0.34646689645953227, -0.08407655305869524, -0.0011009585734880597, 0.09378996075372642, -0.33217670736453664, -0.06943923139809824, 0.06935254569988057, -0.0411673112858745, 0.036156483937527184, 3.699593844127777, 7.109784618377239, -9.735995420648777, -6.1606387419695885, -2.5312257222519428, -19.3840427799385, -15.972679418829655, -12.301912567070918, -12.616083196992214], "data_imag": [-7.778051354068429e-19, 2.5750735230272365e-17, 0.0, 0.0, 0.0, 0.0, 0.0, 0.0, 0.0, 0.0, 0.0, 0.0, 0.0, 0.0, 0.0, 0.0, 0.0, 0.0, 0.0, 0.0, 0.0, 0.0, 0.0, 0.0, 0.0, 0.0, 0.0, 0.0, 0.0, 0.0, 0.0, 0.0, 0.0, 0.0, 0.0, 0.0, 0.0, 0.0, 0.0, 0.0, 0.0, 0.0, 0.0, 0.0, 0.0, 0.0, 0.0, 0.0]}, {"time": 12.6, "step_sample_count": 262144, "data": [0.5902473919040789, 0.6418808707633393, -4.195281988729706, -0.27185587577327774, 0.7777181501508887, 1.8530817740960208, -6.23506996017917, 0.7777009321481899, -0.07355746347791083, -1.9211754524397, 1.1845085712734942, -2.4032965803203337, 0.3455176683503632, 1.1845009637551682, 4.1111141769241994, 2.4828874558873184, 0.5261626795266153, -2.835252336917348, 11.633465355489685, 0.526189957085761, -3.4496323198795373, 15.90125035188672, 2.140533676917933, 2.9312485346393777, 3.480217487820647, 2.140537932174336, -0.03559977306231402, -12.946895598034706, -0.031592391410878815, 0.03946691664888133, 0.3193806252578237, -0.06478090787881893, -0.0049553396306161145, 0.06832532595849139, -0.31248698773636213, -0.04562946401897399, 0.05479102938164588, -0.03559977306231402, 0.04386404788529699, 3.826719565821224, 7.35947156441624, -10.022322715308926, -6.346175595533414, -2.6214632250411842, -20.011289837894036, -16.474772651019602, -12.685698467000272, -12.946895598034706], "data_imag": [1.8184180757184153e-18, -1.294201956692624e-17, 0.0, 0.0, 0.0, 0.0, 0.0, 0.0, 0.0, 0.0, 0.0, 0.0, 0.0, 0.0, 0.0, 0.0, 0.0, 0.0, 0.0, 0.0, 0.0, 0.0, 0.0, 0.0, 0.0, 0.0, 0.0, 0.0, 0.0, 0.0, 0.0, 0.0, 0.0, 0.0, 0.0, 0.0, 0.0, 0.0, 0.0, 0.0, 0.0, 0.0, 0.0, 0.0, 0.0, 0.0, 0.0, 0.0]}, {"time": 12.95, "step_sample_count": 262144, "data": [0.5916648513865521, 0.6425341121489975, -4.216237919088069, -0.11625200195377353, 0.7976817046606034, 1.9827778727958343, -6.234939849406444, 0.7976644866635159, 0.1064410860819143, -1.9564526248237142, 1.1636674173342525, -2.4193107862293544, 0.5159339558269543, 1.1636598098069397, 3.856783563515088, 2.5951491402961953, 0.5508460326178561, -2.9327441060188186, 11.642444186071565, 0.5508733102034863, -3.8599881889408505, 16.85429878240322, 2.2080650475715298, 2.9269598306608504, 3.847092990818657, 2.2080693028238576, -0.023323917015330983, -13.282117184740006, -0.04116593447992539, 0.004145470513823437, 0.2954299293133372, -0.06081912766219918, -0.013551132267204174, 0.051870325484934116, -0.30307153477363036, -0.023075610132282567, 0.05078308053048293, -0.023323917015330983, 0.06386789402110235, 3.9431107493642426, 7.566904233235478, -10.288137744259672, -6.528461084767977, -2.7274590149715694, -20.590940904345224, -16.96101233467952, -13.077037647942433, -13.282117184740006], "data_imag": [-5.847982430983462e-18, 3.366530908481191e-17, 0.0, 0.0, 0.0, 0.0, 0.0, 0.0, 0.0, 0.0, 0.0, 0.0, 0.0, 0.0, 0.0, 0.0, 0.0, 0.0, 0.0, 0.0, 0.0, 0.0, 0.0, 0.0, 0.0, 0.0, 0.0, 0.0, 0.0, 0.0, 0.0, 0.0, 0.0, 0.0, 0.0, 0.0, 0.0, 0.0, 0.0, 0.0, 0.0, 0.0, 0.0, 0.0, 0.0, 0.0, 0.0, 0.0]}, {"time": 13.299999999999999, "step_sample_count": 262144, "data": [0.5934597750507697, 0.6431327616159113, -4.179236646273748, -0.010191696341175316, 0.8286446989456588, 2.11950935205512, -6.234477427988706, 0.8286274809578386, 0.2488062068590208, -2.0180979616072627, 1.156679432015919, -2.3708522401196097, 0.5574557024935081, 1.1566718244994507, 3.6295331483334627, 2.723324841599603, 0.5722233627364135, -2.989388143033158, 11.649155406293389, 0.5722506403444537, -4.133459195466066, 17.632744201193436, 2.2835982882212047, 2.8626466034897717, 4.245925366080357, 2.2836025435203897, -0.008913878537129919, -13.623889798777624, -0.05145145524614939, -0.025835839576037516, 0.26603668733577196, -0.057383188330821594, -0.0238559936222094, 0.03441981931843041, -0.2900412549026654, -0.007508541203498267, 0.045130746766048904, -0.008913878537129919, 0.08025965804845993, 4.04991903613478, 7.7495867233417135, -10.549955281134402, -6.707432210460745, -2.830880545078722, -21.138667469990946, -17.430961493066803, -13.458032023470968, -13.623889798777624], "data_imag": [-2.1067396758900868e-19, 7.50159152486557e-18, 0.0, 0.0, 0.0, 0.0, 0.0, 0.0, 0.0, 0.0, 0.0, 0.0, 0.0, 0.0, 0.0, 0.0, 0.0, 0.0, 0.0, 0.0, 0.0, 0.0, 0.0, 0.0, 0.0, 0.0, 0.0, 0.0, 0.0, 0.0, 0.0, 0.0, 0.0, 0.0, 0.0, 0.0, 0.0, 0.0, 0.0, 0.0, 0.0, 0.0, 0.0, 0.0, 0.0, 0.0, 0.0, 0.0]}, {"time": 13.649999999999999, "step_sample_count": 262144, "data": [0.5954741100177204, 0.6427753667217967, -4.115776456568129, 0.0600433727550694, 0.8656780274686746, 2.245477561446283, -6.233672741937466, 0.8656608094536288, 0.3146185880548284, -2.0907147725448945, 1.1661731816627214, -2.25918754182062, 0.4466571354184359, 1.166165574108953, 3.416200351670591, 2.8745228050916167, 0.5861151723092286, -3.0100198263902183, 11.653637994930719, 0.5861424498439272, -4.295644060998976, 18.231135002459506, 2.3557133755912436, 2.7768439739492137, 4.604575022769151, 2.3557176308252354, 0.003296871773905907, -13.972159956633499, -0.059290289538740944, -0.04454912734762214, 0.23487497670477117, -0.05190396438747187, -0.033115963297878796, 0.017869479238077624, -0.27208393102839895, -0.0005602075906850912, 0.0392168660153027, 0.003296871773905907, 0.0946588059596318, 4.150924670888452, 7.914356626294981, -10.808974328822163, -6.8834914772671505, -2.9309535314416606, -21.66173689844993, -17.888777676071633, -13.830560813112772, -13.972159956633499], "data_imag": [2.159001245348742e-18, 6.020508152668999e-18, 0.0, 0.0, 0.0, 0.0, 0.0, 0.0, 0.0, 0.0, 0.0, 0.0, 0.0, 0.0, 0.0, 0.0, 0.0, 0.0, 0.0, 0.0, 0.0, 0.0, 0.0, 0.0, 0.0, 0.0, 0.0, 0.0, 0.0, 0.0, 0.0, 0.0, 0.0, 0.0, 0.0, 0.0, 0.0, 0.0, 0.0, 0.0, 0.0, 0.0, 0.0, 0.0, 0.0, 0.0, 0.0, 0.0]}, {"time": 14.0, "step_sample_count": 262144, "data": [0.5975707807144898, 0.641669217161416, -4.0356231035781684, 0.08645081569881179, 0.9030776045690035, 2.3432050856128734, -6.232256297177923, 0.9030603865578255, 0.2806159810293722, -2.1415335062908243, 1.188775023627519, -2.0904107881265666, 0.19827704951935074, 1.188767416064971, 3.1813263611344476, 3.076330536823877, 0.5903118827199892, -3.000776669978533, 11.65585429027618, 0.5903391603158058, -4.378616778465739, 18.673068939135284, 2.4131610752465567, 2.705051990427088, 4.875487368548512, 2.413165330382759, 0.010281703484031674, -14.325009318286126, -0.06267713320661285, -0.04957229079633334, 0.20647083539145736, -0.04329261942630197, -0.039680404284466786, 0.004131230648278941, -0.2503550574151548, -0.001850640531418315, 0.034144362555516644, 0.010281703484031674, 0.10854138386174536, 4.250119590028296, 8.070199856876068, -11.067302119072641, -7.0578173715413755, -3.027838049470188, -22.171445374917937, -18.34070173420064, -14.198416121365975, -14.325009318286126], "data_imag": [-8.423242698118431e-19, 6.996542364214514e-17, 0.0, 0.0, 0.0, 0.0, 0.0, 0.0, 0.0, 0.0, 0.0, 0.0, 0.0, 0.0, 0.0, 0.0, 0.0, 0.0, 0.0, 0.0, 0.0, 0.0, 0.0, 0.0, 0.0, 0.0, 0.0, 0.0, 0.0, 0.0, 0.0, 0.0, 0.0, 0.0, 0.0, 0.0, 0.0, 0.0, 0.0, 0.0, 0.0, 0.0, 0.0, 0.0, 0.0, 0.0, 0.0, 0.0]}], "random_generator": {"seed": "very_nice_seed"}, "realworld_total_calculation_time": 11351.197}