{"hamiltonian": {"U": 1.0, "E": 0.8, "J": 0.1, "phi": 2.5132741228718345, "type": "FirstOrderVariationalClassicalNetworkAnalyticalParamsHamiltonian", "eta_calculation_sampler": {}, "psi_selection": {"type": "SquareDirectionDependentAllSameFirstOrder", "number_of_psis": 12, "J": 0.1}, "random_generator": {"seed": "46954944"}, "init_sigma": 0, "pseudo_inverse_cutoff": 0, "effective_time_step_size": 0.0, "number_workers": 1, "variational_step_fraction_multiplier": 1, "ue_might_change": false, "ue_variational": false}, "start_time": 0.0, "time_step": 0.3225806451612903, "number_of_time_steps": 31, "sampler": {"system_geometry": {"type": "SquareSystemNonPeriodicState", "size": 2}, "initial_system_state": {"type": "HomogenousInitialSystemState"}, "type": "ExactSampler"}, "observables": [{"type": "Energy", "label": "Energy per site"}, {"type": "EnergyVariance", "label": "Energy Variance per site"}, {"type": "VCNFactor", "label": "Re-Part of VCN Parameter 0", "param_real_part": true, "param_index": 0, "can_return_value": true}, {"type": "VCNFactor", "label": "Re-Part of VCN Parameter 1", "param_real_part": true, "param_index": 1, "can_return_value": true}, {"type": "VCNFactor", "label": "Re-Part of VCN Parameter 2", "param_real_part": true, "param_index": 2, "can_return_value": true}, {"type": "VCNFactor", "label": "Re-Part of VCN Parameter 3", "param_real_part": true, "param_index": 3, "can_return_value": true}, {"type": "VCNFactor", "label": "Re-Part of VCN Parameter 4", "param_real_part": true, "param_index": 4, "can_return_value": true}, {"type": "VCNFactor", "label": "Re-Part of VCN Parameter 5", "param_real_part": true, "param_index": 5, "can_return_value": true}, {"type": "VCNFactor", "label": "Re-Part of VCN Parameter 6", "param_real_part": true, "param_index": 6, "can_return_value": true}, {"type": "VCNFactor", "label": "Re-Part of VCN Parameter 7", "param_real_part": true, "param_index": 7, "can_return_value": true}, {"type": "VCNFactor", "label": "Re-Part of VCN Parameter 8", "param_real_part": true, "param_index": 8, "can_return_value": true}, {"type": "VCNFactor", "label": "Re-Part of VCN Parameter 9", "param_real_part": true, "param_index": 9, "can_return_value": true}, {"type": "VCNFactor", "label": "Re-Part of VCN Parameter 10", "param_real_part": true, "param_index": 10, "can_return_value": true}, {"type": "VCNFactor", "label": "Re-Part of VCN Parameter 11", "param_real_part": true, "param_index": 11, "can_return_value": true}, {"type": "VCNFactor", "label": "Im-Part of VCN Parameter 0", "param_real_part": false, "param_index": 0, "can_return_value": true}, {"type": "VCNFactor", "label": "Im-Part of VCN Parameter 1", "param_real_part": false, "param_index": 1, "can_return_value": true}, {"type": "VCNFactor", "label": "Im-Part of VCN Parameter 2", "param_real_part": false, "param_index": 2, "can_return_value": true}, {"type": "VCNFactor", "label": "Im-Part of VCN Parameter 3", "param_real_part": false, "param_index": 3, "can_return_value": true}, {"type": "VCNFactor", "label": "Im-Part of VCN Parameter 4", "param_real_part": false, "param_index": 4, "can_return_value": true}, {"type": "VCNFactor", "label": "Im-Part of VCN Parameter 5", "param_real_part": false, "param_index": 5, "can_return_value": true}, {"type": "VCNFactor", "label": "Im-Part of VCN Parameter 6", "param_real_part": false, "param_index": 6, "can_return_value": true}, {"type": "VCNFactor", "label": "Im-Part of VCN Parameter 7", "param_real_part": false, "param_index": 7, "can_return_value": true}, {"type": "VCNFactor", "label": "Im-Part of VCN Parameter 8", "param_real_part": false, "param_index": 8, "can_return_value": true}, {"type": "VCNFactor", "label": "Im-Part of VCN Parameter 9", "param_real_part": false, "param_index": 9, "can_return_value": true}, {"type": "VCNFactor", "label": "Im-Part of VCN Parameter 10", "param_real_part": false, "param_index": 10, "can_return_value": true}, {"type": "VCNFactor", "label": "Im-Part of VCN Parameter 11", "param_real_part": false, "param_index": 11, "can_return_value": true}, {"type": "BaseEnergyFactor", "label": "Re-Part of BE-Factor U", "param_real_part": true, "param_index": -1, "can_return_value": true, "kind": "U"}, {"type": "BaseEnergyFactor", "label": "Im-Part of BE-Factor U", "param_real_part": false, "param_index": -1, "can_return_value": true, "kind": "U"}, {"type": "BaseEnergyFactor", "label": "Re-Part of BE-Factor eps-0", "param_real_part": true, "param_index": 0, "can_return_value": true, "kind": "eps"}, {"type": "BaseEnergyFactor", "label": "Re-Part of BE-Factor eps-1", "param_real_part": true, "param_index": 1, "can_return_value": true, "kind": "eps"}, {"type": "BaseEnergyFactor", "label": "Re-Part of BE-Factor eps-2", "param_real_part": true, "param_index": 2, "can_return_value": true, "kind": "eps"}, {"type": "BaseEnergyFactor", "label": "Re-Part of BE-Factor eps-3", "param_real_part": true, "param_index": 3, "can_return_value": true, "kind": "eps"}, {"type": "BaseEnergyFactor", "label": "Re-Part of BE-Factor eps-4", "param_real_part": true, "param_index": 4, "can_return_value": true, "kind": "eps"}, {"type": "BaseEnergyFactor", "label": "Im-Part of BE-Factor eps-0", "param_real_part": false, "param_index": 0, "can_return_value": true, "kind": "eps"}, {"type": "BaseEnergyFactor", "label": "Im-Part of BE-Factor eps-1", "param_real_part": false, "param_index": 1, "can_return_value": true, "kind": "eps"}, {"type": "BaseEnergyFactor", "label": "Im-Part of BE-Factor eps-2", "param_real_part": false, "param_index": 2, "can_return_value": true, "kind": "eps"}, {"type": "BaseEnergyFactor", "label": "Im-Part of BE-Factor eps-3", "param_real_part": false, "param_index": 3, "can_return_value": true, "kind": "eps"}, {"type": "BaseEnergyFactor", "label": "Im-Part of BE-Factor eps-4", "param_real_part": false, "param_index": 4, "can_return_value": true, "kind": "eps"}], "measurements": [{"time": 0.0, "step_sample_count": 256, "data": [0.06150730316701035, 0.23216913027989286, 0.0, 0.0, -0.0, -0.0, 0.0, -0.0, -0.0, 0.0, -0.0, 0.0, 0.0, -0.0, 0.0, 0.0, -0.0, -0.0, 0.0, -0.0, -0.0, 0.0, -0.0, 0.0, 0.0, -0.0, 0.0, 0.0, 0.0, 0.0, 0.0, 0.0, 0.0, 0.0, 0.0, 0.0, 0.0, 0.0], "data_imag": [0.0, 0.0, 0.0, 0.0, 0.0, 0.0, 0.0, 0.0, 0.0, 0.0, 0.0, 0.0, 0.0, 0.0, 0.0, 0.0, 0.0, 0.0, 0.0, 0.0, 0.0, 0.0, 0.0, 0.0, 0.0, 0.0, 0.0, 0.0, 0.0, 0.0, 0.0, 0.0, 0.0, 0.0, 0.0, 0.0, 0.0, 0.0]}, {"time": 0.3225806451612903, "step_sample_count": 256, "data": [0.06163551969376356, 0.23238543130070624, -0.03355182551473918, -0.08370551329459659, 0.01833537079810988, 0.03355182551473918, -0.01833537079810988, 0.08370551329459659, 0.024418692899273862, -0.02749655198943113, 0.07507158549963573, -0.024418692899273862, -0.07507158549963573, 0.02749655198943113, 0.3202422797948488, 0.30761379315210585, 0.3218848104032124, 0.3202422797948488, 0.3218848104032124, 0.30761379315210585, 0.3213450352898401, 0.32101278565853897, 0.31062294700638493, 0.3213450352898401, 0.31062294700638493, 0.32101278565853897, 0.0, -0.3225806451612903, 0.0, 0.0, 0.0, 0.0, 0.0, 0.0, 0.20877857919353482, -0.15168651672063826, 0.05709206247289654, -0.3225806451612903], "data_imag": [-1.0592351488968428e-18, 5.222920710412632e-19, 0.0, 0.0, 0.0, 0.0, 0.0, 0.0, 0.0, 0.0, 0.0, 0.0, 0.0, 0.0, 0.0, 0.0, 0.0, 0.0, 0.0, 0.0, 0.0, 0.0, 0.0, 0.0, 0.0, 0.0, 0.0, 0.0, 0.0, 0.0, 0.0, 0.0, 0.0, 0.0, 0.0, 0.0, 0.0, 0.0]}, {"time": 0.6451612903225806, "step_sample_count": 256, "data": [0.06221034288750168, 0.23305540914242365, -0.13275013301535957, -0.3117392769396179, 0.07310427961745036, 0.13275013301535957, -0.07310427961745036, 0.3117392769396179, 0.09711400324697612, -0.10918512903286524, 0.2837146855534675, -0.09711400324697612, -0.2837146855534675, 0.10918512903286524, 0.6265763108011771, 0.530399477905918, 0.6396054166240789, 0.6265763108011771, 0.6396054166240789, 0.530399477905918, 0.6353104730720726, 0.6326732504406181, 0.5526775172096497, 0.6353104730720726, 0.5526775172096497, 0.6326732504406181, 0.0, -0.6451612903225806, 0.0, 0.0, 0.0, 0.0, 0.0, 0.0, 0.41755715838706964, -0.30337303344127653, 0.11418412494579308, -0.6451612903225806], "data_imag": [-3.8413474356609767e-19, 1.9117723289799571e-19, 0.0, 0.0, 0.0, 0.0, 0.0, 0.0, 0.0, 0.0, 0.0, 0.0, 0.0, 0.0, 0.0, 0.0, 0.0, 0.0, 0.0, 0.0, 0.0, 0.0, 0.0, 0.0, 0.0, 0.0, 0.0, 0.0, 0.0, 0.0, 0.0, 0.0, 0.0, 0.0, 0.0, 0.0, 0.0, 0.0]}, {"time": 0.967741935483871, "step_sample_count": 256, "data": [0.06327349823288458, 0.2338562424312403, -0.29328670079858515, -0.6212183082744462, 0.16359818442125276, 0.29328670079858515, -0.16359818442125276, 0.6212183082744462, 0.21641650387871075, -0.24268583282536615, 0.5798724365596956, -0.21641650387871075, -0.5798724365596956, 0.24268583282536615, 0.9056978849726401, 0.6069212908574864, 0.9490514865360696, 0.9056978849726401, 0.9490514865360696, 0.6069212908574864, 0.9346861862008309, 0.9259015420744056, 0.6727314412408686, 0.9346861862008309, 0.6727314412408686, 0.9259015420744056, 0.0, -0.967741935483871, 0.0, 0.0, 0.0, 0.0, 0.0, 0.0, 0.6263357375806045, -0.4550595501619148, 0.17127618741868963, -0.967741935483871], "data_imag": [-2.465670083792945e-19, 1.248092573517994e-19, 0.0, 0.0, 0.0, 0.0, 0.0, 0.0, 0.0, 0.0, 0.0, 0.0, 0.0, 0.0, 0.0, 0.0, 0.0, 0.0, 0.0, 0.0, 0.0, 0.0, 0.0, 0.0, 0.0, 0.0, 0.0, 0.0, 0.0, 0.0, 0.0, 0.0, 0.0, 0.0, 0.0, 0.0, 0.0, 0.0]}, {"time": 1.2903225806451613, "step_sample_count": 256, "data": [0.06407059593622581, 0.23376243658322682, -0.5081893622728757, -0.926800137613112, 0.28864637107613245, 0.5081893622728757, -0.28864637107613245, 0.926800137613112, 0.37958644673669556, -0.4241092811526415, 0.8981695774184295, -0.37958644673669556, -0.8981695774184295, 0.4241092811526415, 1.1454846420190632, 0.5160774453236633, 1.246219735184781, 1.1454846420190632, 1.246219735184781, 0.5160774453236633, 1.212597096414985, 1.192154807452697, 0.6442834487367267, 1.212597096414985, 0.6442834487367267, 1.192154807452697, 0.0, -1.2903225806451613, 0.0, 0.0, 0.0, 0.0, 0.0, 0.0, 0.8351143167741393, -0.6067460668825531, 0.22836824989158616, -1.2903225806451613], "data_imag": [3.872632351502613e-19, -1.9849749008214407e-19, 0.0, 0.0, 0.0, 0.0, 0.0, 0.0, 0.0, 0.0, 0.0, 0.0, 0.0, 0.0, 0.0, 0.0, 0.0, 0.0, 0.0, 0.0, 0.0, 0.0, 0.0, 0.0, 0.0, 0.0, 0.0, 0.0, 0.0, 0.0, 0.0, 0.0, 0.0, 0.0, 0.0, 0.0, 0.0, 0.0]}, {"time": 1.6129032258064515, "step_sample_count": 256, "data": [0.06348457507856671, 0.23161379435445006, -0.768124809909274, -1.1442169943915308, 0.44663109880951124, 0.768124809909274, -0.44663109880951124, 1.1442169943915308, 0.5828766804061117, -0.6481699203574133, 1.168343693520266, -0.5828766804061117, -1.168343693520266, 0.6481699203574133, 1.3355225483052535, 0.2829191963125444, 1.5272657150415057, 1.3355225483052535, 1.5272657150415057, 0.2829191963125444, 1.462661058558617, 1.4236760783690248, 0.4736132839598921, 1.462661058558617, 0.4736132839598921, 1.4236760783690248, 0.0, -1.6129032258064515, 0.0, 0.0, 0.0, 0.0, 0.0, 0.0, 1.043892895967674, -0.7584325836031913, 0.2854603123644827, -1.6129032258064515], "data_imag": [-6.303309102148729e-19, 3.201303199510192e-19, 0.0, 0.0, 0.0, 0.0, 0.0, 0.0, 0.0, 0.0, 0.0, 0.0, 0.0, 0.0, 0.0, 0.0, 0.0, 0.0, 0.0, 0.0, 0.0, 0.0, 0.0, 0.0, 0.0, 0.0, 0.0, 0.0, 0.0, 0.0, 0.0, 0.0, 0.0, 0.0, 0.0, 0.0, 0.0, 0.0]}, {"time": 1.935483870967742, "step_sample_count": 256, "data": [0.0610021040327097, 0.226968154447371, -1.0618039444764154, -1.2135136324374471, 0.6355085288234349, 1.0618039444764154, -0.6355085288234349, 1.2135136324374471, 0.8216187023835531, -0.9083400135792044, 1.3307552740890105, -0.8216187023835531, -1.3307552740890105, 0.9083400135792044, 1.4675581824479669, -0.02825733662153119, 1.7885535513866975, 1.4675581824479669, 1.7885535513866975, -0.02825733662153119, 1.6791354247326757, 1.6137202614437174, 0.19839548538297785, 1.6791354247326757, 0.19839548538297785, 1.6137202614437174, 0.0, -1.935483870967742, 0.0, 0.0, 0.0, 0.0, 0.0, 0.0, 1.252671475161209, -0.9101191003238296, 0.34255237483737927, -1.935483870967742], "data_imag": [7.844037733275055e-19, -3.828022446733963e-19, 0.0, 0.0, 0.0, 0.0, 0.0, 0.0, 0.0, 0.0, 0.0, 0.0, 0.0, 0.0, 0.0, 0.0, 0.0, 0.0, 0.0, 0.0, 0.0, 0.0, 0.0, 0.0, 0.0, 0.0, 0.0, 0.0, 0.0, 0.0, 0.0, 0.0, 0.0, 0.0, 0.0, 0.0, 0.0, 0.0]}, {"time": 2.258064516129032, "step_sample_count": 256, "data": [0.05699568958864202, 0.2203263840443655, -1.3764721650822074, -1.1155806917200193, 0.8528351653125886, 1.3764721650822074, -0.8528351653125886, 1.1155806917200193, 1.090329869911658, -1.1970398185056412, 1.3495528195463038, -1.090329869911658, -1.3495528195463038, 1.1970398185056412, 1.5358571846687772, -0.3316415778335214, 2.0267029793997144, 1.5358571846687772, 2.0267029793997144, -0.3316415778335214, 1.857048922573678, 1.7567506482956015, -0.1206170699203226, 1.857048922573678, -0.1206170699203226, 1.7567506482956015, 0.0, -2.258064516129032, 0.0, 0.0, 0.0, 0.0, 0.0, 0.0, 1.4614500543547435, -1.0618056170444679, 0.39964443731027577, -2.258064516129032], "data_imag": [-2.2900553140381564e-19, 1.0441862545579113e-19, 0.0, 0.0, 0.0, 0.0, 0.0, 0.0, 0.0, 0.0, 0.0, 0.0, 0.0, 0.0, 0.0, 0.0, 0.0, 0.0, 0.0, 0.0, 0.0, 0.0, 0.0, 0.0, 0.0, 0.0, 0.0, 0.0, 0.0, 0.0, 0.0, 0.0, 0.0, 0.0, 0.0, 0.0, 0.0, 0.0]}, {"time": 2.5806451612903225, "step_sample_count": 256, "data": [0.052337191767887994, 0.2128739367929314, -1.6984633065318797, -0.8774243283215719, 1.0957994668206685, 1.6984633065318797, -1.0957994668206685, 0.8774243283215719, 1.382839307313545, -1.5058584140355467, 1.2205868709023602, -1.382839307313545, -1.2205868709023602, 1.5058584140355467, 1.5374533023057835, -0.5435717674388846, 2.2386330744388734, 1.5374533023057835, 2.2386330744388734, -0.5435717674388846, 1.992315819112222, 1.8486002208721761, -0.41300404337626884, 1.992315819112222, -0.41300404337626884, 1.8486002208721761, 0.0, -2.5806451612903225, 0.0, 0.0, 0.0, 0.0, 0.0, 0.0, 1.6702286335482786, -1.2134921337651061, 0.4567364997831723, -2.5806451612903225], "data_imag": [-1.3110446746882422e-18, 5.489311724434149e-19, 0.0, 0.0, 0.0, 0.0, 0.0, 0.0, 0.0, 0.0, 0.0, 0.0, 0.0, 0.0, 0.0, 0.0, 0.0, 0.0, 0.0, 0.0, 0.0, 0.0, 0.0, 0.0, 0.0, 0.0, 0.0, 0.0, 0.0, 0.0, 0.0, 0.0, 0.0, 0.0, 0.0, 0.0, 0.0, 0.0]}, {"time": 2.903225806451613, "step_sample_count": 256, "data": [0.0480594723866476, 0.20618567401427884, -2.013793166283997, -0.5647189504118236, 1.3612582189809168, 2.013793166283997, -1.3612582189809168, 0.5647189504118236, 1.6924296184008594, -1.825798742334951, 0.9723259809367267, -1.6924296184008594, -0.9723259809367267, 1.825798742334951, 1.4722772153391386, -0.605605672036775, 2.421602109775841, 1.4722772153391386, 2.421602109775841, -0.605605672036775, 2.081829748470717, 1.886593052501736, -0.6142225531357642, 2.081829748470717, -0.6142225531357642, 1.886593052501736, 0.0, -2.903225806451613, 0.0, 0.0, 0.0, 0.0, 0.0, 0.0, 1.8790072127418134, -1.3651786504857444, 0.5138285622560689, -2.903225806451613], "data_imag": [-1.7785334403145124e-18, 6.838030301081971e-19, 0.0, 0.0, 0.0, 0.0, 0.0, 0.0, 0.0, 0.0, 0.0, 0.0, 0.0, 0.0, 0.0, 0.0, 0.0, 0.0, 0.0, 0.0, 0.0, 0.0, 0.0, 0.0, 0.0, 0.0, 0.0, 0.0, 0.0, 0.0, 0.0, 0.0, 0.0, 0.0, 0.0, 0.0, 0.0, 0.0]}, {"time": 3.225806451612903, "step_sample_count": 256, "data": [0.045100923308382265, 0.20172957526169671, -2.308766843894149, -0.2636967305544455, 1.6457771980888913, 2.308766843894149, -1.6457771980888913, 0.2636967305544455, 2.0119911495702127, -2.147539727280864, 0.6595724313632896, -2.0119911495702127, -0.6595724313632896, 2.147539727280864, 1.3431595469869106, -0.5006367154568674, 2.5732430261472867, 1.3431595469869106, 2.5732430261472867, -0.5006367154568674, 2.123535048673883, 1.8696222677940195, -0.6798546747346909, 2.123535048673883, -0.6798546747346909, 1.8696222677940195, 0.0, -3.225806451612903, 0.0, 0.0, 0.0, 0.0, 0.0, 0.0, 2.087785791935348, -1.5168651672063826, 0.5709206247289654, -3.225806451612903], "data_imag": [-5.557166001230977e-19, 2.005066541067742e-19, 0.0, 0.0, 0.0, 0.0, 0.0, 0.0, 0.0, 0.0, 0.0, 0.0, 0.0, 0.0, 0.0, 0.0, 0.0, 0.0, 0.0, 0.0, 0.0, 0.0, 0.0, 0.0, 0.0, 0.0, 0.0, 0.0, 0.0, 0.0, 0.0, 0.0, 0.0, 0.0, 0.0, 0.0, 0.0, 0.0]}, {"time": 3.5483870967741935, "step_sample_count": 256, "data": [0.04377263605789695, 0.19989868702228952, -2.5705735159542114, -0.05736807356483529, 1.945675599445316, 2.5705735159542114, -1.945675599445316, 0.05736807356483529, 2.3341852609797984, -2.461707832787648, 0.35136491826146016, -2.3341852609797984, -0.35136491826146016, 2.461707832787648, 1.1557079286199077, -0.25761131761087613, 2.6915940542563694, 1.1557079286199077, 2.6915940542563694, -0.25761131761087613, 2.116473969342426, 1.7981822901215607, -0.595412463584425, 2.116473969342426, -0.595412463584425, 1.7981822901215607, 0.0, -3.5483870967741935, 0.0, 0.0, 0.0, 0.0, 0.0, 0.0, 2.296564371128883, -1.668551683927021, 0.628012687201862, -3.5483870967741935], "data_imag": [7.399848578086164e-19, -2.591287029536895e-19, 0.0, 0.0, 0.0, 0.0, 0.0, 0.0, 0.0, 0.0, 0.0, 0.0, 0.0, 0.0, 0.0, 0.0, 0.0, 0.0, 0.0, 0.0, 0.0, 0.0, 0.0, 0.0, 0.0, 0.0, 0.0, 0.0, 0.0, 0.0, 0.0, 0.0, 0.0, 0.0, 0.0, 0.0, 0.0, 0.0]}, {"time": 3.870967741935484, "step_sample_count": 256, "data": [0.043380120952211575, 0.19947569582844765, -2.787842815216491, -0.0026305245804918867, 2.2570736557022295, 2.787842815216491, -2.2570736557022295, 0.0026305245804918867, 2.651612856329966, -2.759150149491203, 0.11573862414299324, -2.651612856329966, -0.11573862414299324, 2.759150149491203, 0.9180634581148023, 0.056453420022187666, 2.775124094062614, 0.9180634581148023, 2.775124094062614, 0.056453420022187666, 2.060808666158596, 1.6743544371902237, -0.37953609230595775, 2.060808666158596, -0.37953609230595775, 1.6743544371902237, 0.0, -3.870967741935484, 0.0, 0.0, 0.0, 0.0, 0.0, 0.0, 2.505342950322418, -1.8202382006476592, 0.6851047496747585, -3.870967741935484], "data_imag": [6.48845227581459e-19, -2.251758756139915e-19, 0.0, 0.0, 0.0, 0.0, 0.0, 0.0, 0.0, 0.0, 0.0, 0.0, 0.0, 0.0, 0.0, 0.0, 0.0, 0.0, 0.0, 0.0, 0.0, 0.0, 0.0, 0.0, 0.0, 0.0, 0.0, 0.0, 0.0, 0.0, 0.0, 0.0, 0.0, 0.0, 0.0, 0.0, 0.0, 0.0]}, {"time": 4.193548387096774, "step_sample_count": 256, "data": [0.04278165990085675, 0.1986984082864415, -2.9511386501374757, -0.1145786042050631, 2.575942829176802, 2.9511386501374757, -2.575942829176802, 0.1145786042050631, 2.9569843010091867, -3.0312010537393665, 0.004706810344650622, -2.9569843010091867, -0.004706810344650622, 3.0312010537393665, 0.6405471287555514, 0.3549504655045658, 2.8227525225298575, 0.6405471287555514, 2.8227525225298575, 0.3549504655045658, 1.9578174770069836, 1.5017462843546205, -0.07987913096347479, 1.9578174770069836, -0.07987913096347479, 1.5017462843546205, 0.0, -4.193548387096774, 0.0, 0.0, 0.0, 0.0, 0.0, 0.0, 2.7141215295159524, -1.9719247173682974, 0.7421968121476551, -4.193548387096774], "data_imag": [-2.3512051843827133e-19, 8.047076844431396e-20, 0.0, 0.0, 0.0, 0.0, 0.0, 0.0, 0.0, 0.0, 0.0, 0.0, 0.0, 0.0, 0.0, 0.0, 0.0, 0.0, 0.0, 0.0, 0.0, 0.0, 0.0, 0.0, 0.0, 0.0, 0.0, 0.0, 0.0, 0.0, 0.0, 0.0, 0.0, 0.0, 0.0, 0.0, 0.0, 0.0]}, {"time": 4.516129032258064, "step_sample_count": 256, "data": [0.04133516555233532, 0.19678644224515537, -3.0533690180632203, -0.36234131755868565, 2.8981579287979136, 3.0533690180632203, -2.8981579287979136, 0.36234131755868565, 3.2432868264834243, -3.2699346700999796, 0.042779163993641955, -3.2432868264834243, -0.042779163993641955, 3.2699346700999796, 0.33521158441565585, 0.5555657604473715, 2.8338631735806334, 0.33521158441565585, 2.8338631735806334, 0.5555657604473715, 1.8098655653079074, 1.2853865622551839, 0.2374107271221354, 1.8098655653079074, 0.2374107271221354, 1.2853865622551839, 0.0, -4.516129032258064, 0.0, 0.0, 0.0, 0.0, 0.0, 0.0, 2.922900108709487, -2.1236112340889357, 0.7992888746205515, -4.516129032258064], "data_imag": [2.1204942592604826e-18, -7.0120785007447e-19, 0.0, 0.0, 0.0, 0.0, 0.0, 0.0, 0.0, 0.0, 0.0, 0.0, 0.0, 0.0, 0.0, 0.0, 0.0, 0.0, 0.0, 0.0, 0.0, 0.0, 0.0, 0.0, 0.0, 0.0, 0.0, 0.0, 0.0, 0.0, 0.0, 0.0, 0.0, 0.0, 0.0, 0.0, 0.0, 0.0]}, {"time": 4.838709677419355, "step_sample_count": 256, "data": [0.038986866829534346, 0.19391052693122973, -3.0900940137077524, -0.6775951928943567, 3.219550477451734, 3.0900940137077524, -3.219550477451734, 0.6775951928943567, 3.50394557653464, -3.468395782195535, 0.22155141387966362, -3.50394557653464, -0.22155141387966362, 3.468395782195535, 0.015317668470879774, 0.6029772862525989, 2.8083123093991813, 0.015317668470879774, 2.8083123093991813, 0.6029772862525989, 1.6203506047109244, 1.0315786508076514, 0.5022934196995305, 1.6203506047109244, 0.5022934196995305, 1.0315786508076514, 0.0, -4.838709677419355, 0.0, 0.0, 0.0, 0.0, 0.0, 0.0, 3.1316786879030225, -2.275297750809574, 0.8563809370934482, -4.838709677419355], "data_imag": [7.000840588719444e-19, -2.1835267178176303e-19, 0.0, 0.0, 0.0, 0.0, 0.0, 0.0, 0.0, 0.0, 0.0, 0.0, 0.0, 0.0, 0.0, 0.0, 0.0, 0.0, 0.0, 0.0, 0.0, 0.0, 0.0, 0.0, 0.0, 0.0, 0.0, 0.0, 0.0, 0.0, 0.0, 0.0, 0.0, 0.0, 0.0, 0.0, 0.0, 0.0]}, {"time": 5.161290322580645, "step_sample_count": 256, "data": [0.0357685214906138, 0.19018682608922657, -3.0597186559945304, -0.9734052796172789, 3.535962639316174, 3.0597186559945304, -3.535962639316174, 0.9734052796172789, 3.7329745969672765, -3.6208024645553394, 0.5015605289862894, -3.7329745969672765, -0.5015605289862894, 3.6208024645553394, -0.30524149986995447, 0.4841107590621578, 2.7464304799588084, -0.30524149986995447, 2.7464304799588084, 0.4841107590621578, 1.3936247524840462, 0.7477169378211334, 0.6562974898196559, 1.3936247524840462, 0.6562974898196559, 0.7477169378211334, 0.0, -5.161290322580645, 0.0, 0.0, 0.0, 0.0, 0.0, 0.0, 3.340457267096557, -2.4269842675302122, 0.9134729995663446, -5.161290322580645], "data_imag": [5.792012146378881e-19, -1.6573736874531935e-19, 0.0, 0.0, 0.0, 0.0, 0.0, 0.0, 0.0, 0.0, 0.0, 0.0, 0.0, 0.0, 0.0, 0.0, 0.0, 0.0, 0.0, 0.0, 0.0, 0.0, 0.0, 0.0, 0.0, 0.0, 0.0, 0.0, 0.0, 0.0, 0.0, 0.0, 0.0, 0.0, 0.0, 0.0, 0.0, 0.0]}, {"time": 5.483870967741935, "step_sample_count": 256, "data": [0.03181121972649482, 0.18554171324469246, -2.963562158715019, -1.1681984797050462, 3.8433010095296316, 2.963562158715019, -3.8433010095296316, 1.1681984797050462, 3.9251143013469902, -3.72271453205025, 0.8209959743933658, -3.9251143013469902, -0.8209959743933658, 3.72271453205025, -0.6125439092235241, 0.23174501674972484, 2.649018246717025, -0.6125439092235241, 2.649018246717025, 0.23174501674972484, 1.1348947034576267, 0.44207139241522503, 0.665427351480318, 1.1348947034576267, 0.665427351480318, 0.44207139241522503, 0.0, -5.483870967741935, 0.0, 0.0, 0.0, 0.0, 0.0, 0.0, 3.5492358462900917, -2.5786707842508503, 0.9705650620392412, -5.483870967741935], "data_imag": [-8.161208061860971e-19, 2.076943863116001e-19, 0.0, 0.0, 0.0, 0.0, 0.0, 0.0, 0.0, 0.0, 0.0, 0.0, 0.0, 0.0, 0.0, 0.0, 0.0, 0.0, 0.0, 0.0, 0.0, 0.0, 0.0, 0.0, 0.0, 0.0, 0.0, 0.0, 0.0, 0.0, 0.0, 0.0, 0.0, 0.0, 0.0, 0.0, 0.0, 0.0]}, {"time": 5.806451612903226, "step_sample_count": 256, "data": [0.02768051151452064, 0.18028566881806518, -2.8058006365523043, -1.2082582854452595, 4.1375895703203005, 2.8058006365523043, -4.1375895703203005, 1.2082582854452595, 4.075952255909948, -3.771162899338572, 1.109344060767779, -4.075952255909948, -1.109344060767779, 3.771162899338572, -0.8932432944891089, -0.08452712975925132, 2.5173358258007394, -0.8932432944891089, 2.5173358258007394, -0.08452712975925132, 0.8501021197557318, 0.12354662943021175, 0.5276676358861906, 0.8501021197557318, 0.5276676358861906, 0.12354662943021175, 0.0, -5.806451612903226, 0.0, 0.0, 0.0, 0.0, 0.0, 0.0, 3.7580144254836267, -2.7303573009714888, 1.0276571245121378, -5.806451612903226], "data_imag": [1.1552359928822328e-19, -2.558201856237227e-20, 0.0, 0.0, 0.0, 0.0, 0.0, 0.0, 0.0, 0.0, 0.0, 0.0, 0.0, 0.0, 0.0, 0.0, 0.0, 0.0, 0.0, 0.0, 0.0, 0.0, 0.0, 0.0, 0.0, 0.0, 0.0, 0.0, 0.0, 0.0, 0.0, 0.0, 0.0, 0.0, 0.0, 0.0, 0.0, 0.0]}, {"time": 6.129032258064516, "step_sample_count": 256, "data": [0.02421176310765194, 0.1751690968632268, -2.5932857347697804, -1.082537735942816, 4.415021128505852, 2.5932857347697804, -4.415021128505852, 1.082537735942816, 4.182024509851555, -3.7647360815914643, 1.3029534692757874, -4.182024509851555, -1.3029534692757874, 3.7647360815914643, -1.135148770417079, -0.377489929660778, 2.3530867846670005, -1.135148770417079, 2.3530867846670005, -0.377489929660778, 0.5457871822122639, -0.1985775158014178, 0.2734280734779374, 0.5457871822122639, 0.2734280734779374, -0.1985775158014178, 0.0, -6.129032258064516, 0.0, 0.0, 0.0, 0.0, 0.0, 0.0, 3.9667930046771613, -2.882043817692127, 1.0847491869850343, -6.129032258064516], "data_imag": [1.077455557225336e-18, -2.0869678968450371e-19, 0.0, 0.0, 0.0, 0.0, 0.0, 0.0, 0.0, 0.0, 0.0, 0.0, 0.0, 0.0, 0.0, 0.0, 0.0, 0.0, 0.0, 0.0, 0.0, 0.0, 0.0, 0.0, 0.0, 0.0, 0.0, 0.0, 0.0, 0.0, 0.0, 0.0, 0.0, 0.0, 0.0, 0.0, 0.0, 0.0]}, {"time": 6.451612903225806, "step_sample_count": 256, "data": [0.021995996946622794, 0.1709060773532012, -2.3352470595492183, -0.8257057460464504, 4.672006568919706, 2.3352470595492183, -4.672006568919706, 0.8257057460464504, 4.240895143973281, -3.7036213164034097, 1.359085944411324, -4.240895143973281, -1.359085944411324, 3.7036213164034097, -1.3277542865737857, -0.5663554576409028, 2.158396003154588, -1.3277542865737857, 2.158396003154588, -0.5663554576409028, 0.22893839697482019, -0.5149163442805835, -0.041169293630432625, 0.22893839697482019, -0.041169293630432625, -0.5149163442805835, 0.0, -6.451612903225806, 0.0, 0.0, 0.0, 0.0, 0.0, 0.0, 4.175571583870696, -3.0337303344127653, 1.1418412494579309, -6.451612903225806], "data_imag": [-7.898910594523689e-20, 1.3899553065503165e-20, 0.0, 0.0, 0.0, 0.0, 0.0, 0.0, 0.0, 0.0, 0.0, 0.0, 0.0, 0.0, 0.0, 0.0, 0.0, 0.0, 0.0, 0.0, 0.0, 0.0, 0.0, 0.0, 0.0, 0.0, 0.0, 0.0, 0.0, 0.0, 0.0, 0.0, 0.0, 0.0, 0.0, 0.0, 0.0, 0.0]}, {"time": 6.774193548387097, "step_sample_count": 256, "data": [0.021156421413487187, 0.16790229223304579, -2.042891332546258, -0.5085867467929888, 4.905221286575273, 2.042891332546258, -4.905221286575273, 0.5085867467929888, 4.251212210875524, -3.5895991088504178, 1.2653505384254256, -4.251212210875524, -1.2653505384254256, 3.5895991088504178, -1.4626949092644483, -0.5990418310375011, 1.9357821840429927, -1.4626949092644483, 1.9357821840429927, -0.5990418310375011, -0.09316789355498707, -0.816253705243849, -0.3466787563660731, -0.09316789355498707, -0.3466787563660731, -0.816253705243849, 0.0, -6.774193548387097, 0.0, 0.0, 0.0, 0.0, 0.0, 0.0, 4.384350163064231, -3.185416851133404, 1.1989333119308274, -6.774193548387097], "data_imag": [5.928350358479258e-19, -1.0033814277662799e-19, 0.0, 0.0, 0.0, 0.0, 0.0, 0.0, 0.0, 0.0, 0.0, 0.0, 0.0, 0.0, 0.0, 0.0, 0.0, 0.0, 0.0, 0.0, 0.0, 0.0, 0.0, 0.0, 0.0, 0.0, 0.0, 0.0, 0.0, 0.0, 0.0, 0.0, 0.0, 0.0, 0.0, 0.0, 0.0, 0.0]}, {"time": 7.096774193548387, "step_sample_count": 256, "data": [0.021523979782940503, 0.16634904164574013, -1.728915678539396, -0.21863001855501207, 5.111648196878132, 1.728915678539396, -5.111648196878132, 0.21863001855501207, 4.212738782045823, -3.4259913586191, 1.0424388476710893, -4.212738782045823, -1.0424388476710893, 3.4259913586191, -1.5341101139097966, -0.4665353993337289, 1.6881252687479993, -1.5341101139097966, 1.6881252687479993, -0.4665353993337289, -0.41313460985907896, -1.0938104976158052, -0.5756607126015012, -0.41313460985907896, -0.5756607126015012, -1.0938104976158052, 0.0, -7.096774193548387, 0.0, 0.0, 0.0, 0.0, 0.0, 0.0, 4.593128742257766, -3.337103367854042, 1.256025374403724, -7.096774193548387], "data_imag": [-2.3354422583511505e-18, 4.0214409562380037e-19, 0.0, 0.0, 0.0, 0.0, 0.0, 0.0, 0.0, 0.0, 0.0, 0.0, 0.0, 0.0, 0.0, 0.0, 0.0, 0.0, 0.0, 0.0, 0.0, 0.0, 0.0, 0.0, 0.0, 0.0, 0.0, 0.0, 0.0, 0.0, 0.0, 0.0, 0.0, 0.0, 0.0, 0.0, 0.0, 0.0]}, {"time": 7.419354838709677, "step_sample_count": 256, "data": [0.022837838499073247, 0.1662486515166867, -1.4069561842822729, -0.03579452715699215, 5.288616767465618, 1.4069561842822729, -5.288616767465618, 0.03579452715699215, 4.126358388854888, -3.2175645804602633, 0.739557451870674, -4.126358388854888, -0.739557451870674, 3.2175645804602633, -1.53889830994494, -0.2053763639193231, 1.418629179695045, -1.53889830994494, 1.418629179695045, -0.2053763639193231, -0.7236138071340604, -1.3395004385452005, -0.6775686035342108, -0.7236138071340604, -0.6775686035342108, -1.3395004385452005, 0.0, -7.419354838709677, 0.0, 0.0, 0.0, 0.0, 0.0, 0.0, 4.8019073214513, -3.48878988457468, 1.3131174368766205, -7.419354838709677], "data_imag": [1.7767403011124408e-18, -3.246152644128054e-19, 0.0, 0.0, 0.0, 0.0, 0.0, 0.0, 0.0, 0.0, 0.0, 0.0, 0.0, 0.0, 0.0, 0.0, 0.0, 0.0, 0.0, 0.0, 0.0, 0.0, 0.0, 0.0, 0.0, 0.0, 0.0, 0.0, 0.0, 0.0, 0.0, 0.0, 0.0, 0.0, 0.0, 0.0, 0.0, 0.0]}, {"time": 7.741935483870968, "step_sample_count": 256, "data": [0.02477051157280516, 0.1672824777500326, -1.0909956778662397, -0.010499302007332382, 5.433837566721307, 1.0909956778662397, -5.433837566721307, 0.010499302007332382, 3.9940547325095026, -2.9703910375225218, 0.423565821240561, -3.9940547325095026, -0.423565821240561, 2.9703910375225218, -1.4768515441235186, 0.11241761065849505, 1.1307803713699873, -1.4768515441235186, 1.1307803713699873, 0.11241761065849505, -1.0174754187575932, -1.5461656475165397, -0.6299067998746442, -1.0174754187575932, -0.6299067998746442, -1.5461656475165397, 0.0, -7.741935483870968, 0.0, 0.0, 0.0, 0.0, 0.0, 0.0, 5.010685900644836, -3.6404764012953184, 1.370209499349517, -7.741935483870968], "data_imag": [-2.6317122756403797e-20, 5.215108750403474e-21, 0.0, 0.0, 0.0, 0.0, 0.0, 0.0, 0.0, 0.0, 0.0, 0.0, 0.0, 0.0, 0.0, 0.0, 0.0, 0.0, 0.0, 0.0, 0.0, 0.0, 0.0, 0.0, 0.0, 0.0, 0.0, 0.0, 0.0, 0.0, 0.0, 0.0, 0.0, 0.0, 0.0, 0.0, 0.0, 0.0]}, {"time": 8.064516129032258, "step_sample_count": 256, "data": [0.026990042643486523, 0.16900524477458528, -0.7947564489695901, -0.14971979787666334, 5.545431882012356, 0.7947564489695901, -5.545431882012356, 0.14971979787666334, 3.818866128917466, -2.6916718332790075, 0.1642174411703306, -3.818866128917466, -0.1642174411703306, 2.6916718332790075, -1.3506645320093873, 0.3992111116713943, 0.8283027262698279, -1.3506645320093873, 0.8283027262698279, 0.3992111116713943, -1.2879709962441945, -1.707785182577819, -0.4431963933320322, -1.2879709962441945, -0.4431963933320322, -1.707785182577819, 0.0, -8.064516129032258, 0.0, 0.0, 0.0, 0.0, 0.0, 0.0, 5.21946447983837, -3.7921629180159564, 1.4273015618224136, -8.064516129032258], "data_imag": [7.348236759312623e-19, -1.5866337879062624e-19, 0.0, 0.0, 0.0, 0.0, 0.0, 0.0, 0.0, 0.0, 0.0, 0.0, 0.0, 0.0, 0.0, 0.0, 0.0, 0.0, 0.0, 0.0, 0.0, 0.0, 0.0, 0.0, 0.0, 0.0, 0.0, 0.0, 0.0, 0.0, 0.0, 0.0, 0.0, 0.0, 0.0, 0.0, 0.0, 0.0]}, {"time": 8.387096774193548, "step_sample_count": 256, "data": [0.02928456407734784, 0.1712673913556579, -0.5311042843930331, -0.41506433149924715, 5.621956024480387, 0.5311042843930331, -5.621956024480387, 0.41506433149924715, 3.6048157346253342, -2.389527116050818, 0.01876209832036229, -3.6048157346253342, -0.01876209832036229, 2.389527116050818, -1.1658176254145791, 0.5759174702721866, 0.5151093792617077, -1.1658176254145791, 0.5151093792617077, 0.5759174702721866, -1.5288886854488704, -1.8196504532325695, -0.15865272112553536, -1.5288886854488704, -0.15865272112553536, -1.8196504532325695, 0.0, -8.387096774193548, 0.0, 0.0, 0.0, 0.0, 0.0, 0.0, 5.428243059031905, -3.943849434736595, 1.4843936242953102, -8.387096774193548], "data_imag": [-9.677552677722516e-19, 2.267223292021394e-19, 0.0, 0.0, 0.0, 0.0, 0.0, 0.0, 0.0, 0.0, 0.0, 0.0, 0.0, 0.0, 0.0, 0.0, 0.0, 0.0, 0.0, 0.0, 0.0, 0.0, 0.0, 0.0, 0.0, 0.0, 0.0, 0.0, 0.0, 0.0, 0.0, 0.0, 0.0, 0.0, 0.0, 0.0, 0.0, 0.0]}, {"time": 8.709677419354838, "step_sample_count": 256, "data": [0.03146961933138945, 0.1741256007974557, -0.31148970185369196, -0.7333610381469589, 5.662420005956285, 0.31148970185369196, -5.662420005956285, 0.7333610381469589, 3.356819156170472, -2.0727595082657477, 0.019308292248348558, -3.356819156170472, -0.019308292248348558, 2.0727595082657477, -0.9303387985539794, 0.5938078372488219, 0.1952520935955323, -0.9303387985539794, 0.1952520935955323, 0.5938078372488219, -1.7346958800340422, -1.8785023995528527, 0.1609127022677867, -1.7346958800340422, 0.1609127022677867, -1.8785023995528527, 0.0, -8.709677419354838, 0.0, 0.0, 0.0, 0.0, 0.0, 0.0, 5.6370216382254394, -4.095535951457233, 1.5414856867682065, -8.709677419354838], "data_imag": [2.432794863553012e-18, -6.124730261389827e-19, 0.0, 0.0, 0.0, 0.0, 0.0, 0.0, 0.0, 0.0, 0.0, 0.0, 0.0, 0.0, 0.0, 0.0, 0.0, 0.0, 0.0, 0.0, 0.0, 0.0, 0.0, 0.0, 0.0, 0.0, 0.0, 0.0, 0.0, 0.0, 0.0, 0.0, 0.0, 0.0, 0.0, 0.0, 0.0, 0.0]}, {"time": 9.032258064516128, "step_sample_count": 256, "data": [0.03324942052564695, 0.17739577392248768, -0.14545064947478392, -1.016835870831662, 5.666300346376843, 0.14545064947478392, -5.666300346376843, 1.016835870831662, 3.0805715645724345, -1.7505976526558804, 0.1657354535262338, -3.0805715645724345, -0.1657354535262338, 1.7505976526558804, -0.6544549899520831, 0.4479487342496683, -0.12713115651035742, -0.6544549899520831, -0.12713115651035742, 0.4479487342496683, -1.9006662762034239, -1.8826264409649942, 0.4449574955600791, -1.9006662762034239, 0.4449574955600791, -1.8826264409649942, 0.0, -9.032258064516128, 0.0, 0.0, 0.0, 0.0, 0.0, 0.0, 5.845800217418974, -4.247222468177871, 1.598577749241103, -9.032258064516128], "data_imag": [-6.165675046852835e-19, 1.6400409796583826e-19, 0.0, 0.0, 0.0, 0.0, 0.0, 0.0, 0.0, 0.0, 0.0, 0.0, 0.0, 0.0, 0.0, 0.0, 0.0, 0.0, 0.0, 0.0, 0.0, 0.0, 0.0, 0.0, 0.0, 0.0, 0.0, 0.0, 0.0, 0.0, 0.0, 0.0, 0.0, 0.0, 0.0, 0.0, 0.0, 0.0]}, {"time": 9.35483870967742, "step_sample_count": 256, "data": [0.03442228717631237, 0.18065700676678548, -0.04019826892871803, -1.1873173223892564, 5.633546846014438, 0.04019826892871803, -5.633546846014438, 1.1873173223892564, 2.7824169073473257, -1.4324273468667443, 0.42572055880537, -2.7824169073473257, -0.42572055880537, 1.4324273468667443, -0.35014794246063663, 0.17856251825457578, -0.44786971858954927, -0.35014794246063663, -0.44786971858954927, 0.17856251825457578, -2.0229884109269314, -1.8319024284895218, 0.6307802691626634, -2.0229884109269314, 0.6307802691626634, -1.8319024284895218, 0.0, -9.35483870967742, 0.0, 0.0, 0.0, 0.0, 0.0, 0.0, 6.05457879661251, -4.39890898489851, 1.6556698117139999, -9.35483870967742], "data_imag": [3.7445649762718966e-19, -1.0311719277087401e-19, 0.0, 0.0, 0.0, 0.0, 0.0, 0.0, 0.0, 0.0, 0.0, 0.0, 0.0, 0.0, 0.0, 0.0, 0.0, 0.0, 0.0, 0.0, 0.0, 0.0, 0.0, 0.0, 0.0, 0.0, 0.0, 0.0, 0.0, 0.0, 0.0, 0.0, 0.0, 0.0, 0.0, 0.0, 0.0, 0.0]}, {"time": 9.67741935483871, "step_sample_count": 256, "data": [0.03519748663560406, 0.1836621967667553, -0.00030371270403218485, -1.1977931346747512, 5.56458323490785, 0.00030371270403218485, -5.56458323490785, 1.1977931346747512, 2.469202221554099, -1.1275180995473462, 0.7418732676946714, -2.469202221554099, -0.7418732676946714, 1.1275180995473462, -0.030633831430765347, -0.14006440472949558, -0.7628142174044286, -0.030633831430765347, -0.7628142174044286, -0.14006440472949558, -2.0988531911071187, -1.727808145136976, 0.6773616261450194, -2.0988531911071187, 0.6773616261450194, -1.727808145136976, 0.0, -9.67741935483871, 0.0, 0.0, 0.0, 0.0, 0.0, 0.0, 6.263357375806045, -4.550595501619148, 1.7127618741868964, -9.67741935483871], "data_imag": [-8.344118929893785e-19, 2.349536116166617e-19, 0.0, 0.0, 0.0, 0.0, 0.0, 0.0, 0.0, 0.0, 0.0, 0.0, 0.0, 0.0, 0.0, 0.0, 0.0, 0.0, 0.0, 0.0, 0.0, 0.0, 0.0, 0.0, 0.0, 0.0, 0.0, 0.0, 0.0, 0.0, 0.0, 0.0, 0.0, 0.0, 0.0, 0.0, 0.0, 0.0]}], "random_generator": {"seed": "very_nice_seed"}, "realworld_total_calculation_time": 1.471}