{"hamiltonian": {"U": 1.0, "E": 0.8, "J": 0.1, "phi": 1.8849555921538759, "type": "FirstOrderVariationalClassicalNetworkHamiltonian", "eta_calculation_sampler": {"system_geometry": {"type": "SquareSystemNonPeriodicState", "size": 3}, "initial_system_state": {"type": "HomogenousInitialSystemState"}, "type": "ExactSampler"}, "psi_selection": {"type": "SquareDirectionDependentAllSameFirstOrder", "number_of_psis": 12, "J": 0.1}, "random_generator": {"seed": "46954944"}, "init_sigma": 1e-05, "pseudo_inverse_cutoff": 1e-10, "effective_time_step_size": 0.175, "number_workers": 16, "variational_step_fraction_multiplier": 2, "ue_might_change": true, "ue_variational": true}, "start_time": 0.0, "time_step": 0.35, "number_of_time_steps": 41, "sampler": {"system_geometry": {"type": "SquareSystemNonPeriodicState", "size": 3}, "initial_system_state": {"type": "HomogenousInitialSystemState"}, "type": "ExactSampler"}, "observables": [{"type": "Energy", "label": "Energy per site"}, {"type": "EnergyVariance", "label": "Energy Variance per site"}, {"type": "VCNFactor", "label": "Re-Part of VCN Parameter 0", "param_real_part": true, "param_index": 0, "can_return_value": true}, {"type": "VCNFactor", "label": "Re-Part of VCN Parameter 1", "param_real_part": true, "param_index": 1, "can_return_value": true}, {"type": "VCNFactor", "label": "Re-Part of VCN Parameter 2", "param_real_part": true, "param_index": 2, "can_return_value": true}, {"type": "VCNFactor", "label": "Re-Part of VCN Parameter 3", "param_real_part": true, "param_index": 3, "can_return_value": true}, {"type": "VCNFactor", "label": "Re-Part of VCN Parameter 4", "param_real_part": true, "param_index": 4, "can_return_value": true}, {"type": "VCNFactor", "label": "Re-Part of VCN Parameter 5", "param_real_part": true, "param_index": 5, "can_return_value": true}, {"type": "VCNFactor", "label": "Re-Part of VCN Parameter 6", "param_real_part": true, "param_index": 6, "can_return_value": true}, {"type": "VCNFactor", "label": "Re-Part of VCN Parameter 7", "param_real_part": true, "param_index": 7, "can_return_value": true}, {"type": "VCNFactor", "label": "Re-Part of VCN Parameter 8", "param_real_part": true, "param_index": 8, "can_return_value": true}, {"type": "VCNFactor", "label": "Re-Part of VCN Parameter 9", "param_real_part": true, "param_index": 9, "can_return_value": true}, {"type": "VCNFactor", "label": "Re-Part of VCN Parameter 10", "param_real_part": true, "param_index": 10, "can_return_value": true}, {"type": "VCNFactor", "label": "Re-Part of VCN Parameter 11", "param_real_part": true, "param_index": 11, "can_return_value": true}, {"type": "VCNFactor", "label": "Im-Part of VCN Parameter 0", "param_real_part": false, "param_index": 0, "can_return_value": true}, {"type": "VCNFactor", "label": "Im-Part of VCN Parameter 1", "param_real_part": false, "param_index": 1, "can_return_value": true}, {"type": "VCNFactor", "label": "Im-Part of VCN Parameter 2", "param_real_part": false, "param_index": 2, "can_return_value": true}, {"type": "VCNFactor", "label": "Im-Part of VCN Parameter 3", "param_real_part": false, "param_index": 3, "can_return_value": true}, {"type": "VCNFactor", "label": "Im-Part of VCN Parameter 4", "param_real_part": false, "param_index": 4, "can_return_value": true}, {"type": "VCNFactor", "label": "Im-Part of VCN Parameter 5", "param_real_part": false, "param_index": 5, "can_return_value": true}, {"type": "VCNFactor", "label": "Im-Part of VCN Parameter 6", "param_real_part": false, "param_index": 6, "can_return_value": true}, {"type": "VCNFactor", "label": "Im-Part of VCN Parameter 7", "param_real_part": false, "param_index": 7, "can_return_value": true}, {"type": "VCNFactor", "label": "Im-Part of VCN Parameter 8", "param_real_part": false, "param_index": 8, "can_return_value": true}, {"type": "VCNFactor", "label": "Im-Part of VCN Parameter 9", "param_real_part": false, "param_index": 9, "can_return_value": true}, {"type": "VCNFactor", "label": "Im-Part of VCN Parameter 10", "param_real_part": false, "param_index": 10, "can_return_value": true}, {"type": "VCNFactor", "label": "Im-Part of VCN Parameter 11", "param_real_part": false, "param_index": 11, "can_return_value": true}, {"type": "BaseEnergyFactor", "label": "Re-Part of BE-Factor U", "param_real_part": true, "param_index": -1, "can_return_value": true, "kind": "U"}, {"type": "BaseEnergyFactor", "label": "Im-Part of BE-Factor U", "param_real_part": false, "param_index": -1, "can_return_value": true, "kind": "U"}, {"type": "BaseEnergyFactor", "label": "Re-Part of BE-Factor eps-0", "param_real_part": true, "param_index": 0, "can_return_value": true, "kind": "eps"}, {"type": "BaseEnergyFactor", "label": "Re-Part of BE-Factor eps-1", "param_real_part": true, "param_index": 1, "can_return_value": true, "kind": "eps"}, {"type": "BaseEnergyFactor", "label": "Re-Part of BE-Factor eps-2", "param_real_part": true, "param_index": 2, "can_return_value": true, "kind": "eps"}, {"type": "BaseEnergyFactor", "label": "Re-Part of BE-Factor eps-3", "param_real_part": true, "param_index": 3, "can_return_value": true, "kind": "eps"}, {"type": "BaseEnergyFactor", "label": "Re-Part of BE-Factor eps-4", "param_real_part": true, "param_index": 4, "can_return_value": true, "kind": "eps"}, {"type": "BaseEnergyFactor", "label": "Re-Part of BE-Factor eps-5", "param_real_part": true, "param_index": 5, "can_return_value": true, "kind": "eps"}, {"type": "BaseEnergyFactor", "label": "Re-Part of BE-Factor eps-6", "param_real_part": true, "param_index": 6, "can_return_value": true, "kind": "eps"}, {"type": "BaseEnergyFactor", "label": "Re-Part of BE-Factor eps-7", "param_real_part": true, "param_index": 7, "can_return_value": true, "kind": "eps"}, {"type": "BaseEnergyFactor", "label": "Re-Part of BE-Factor eps-8", "param_real_part": true, "param_index": 8, "can_return_value": true, "kind": "eps"}, {"type": "BaseEnergyFactor", "label": "Re-Part of BE-Factor eps-9", "param_real_part": true, "param_index": 9, "can_return_value": true, "kind": "eps"}, {"type": "BaseEnergyFactor", "label": "Im-Part of BE-Factor eps-0", "param_real_part": false, "param_index": 0, "can_return_value": true, "kind": "eps"}, {"type": "BaseEnergyFactor", "label": "Im-Part of BE-Factor eps-1", "param_real_part": false, "param_index": 1, "can_return_value": true, "kind": "eps"}, {"type": "BaseEnergyFactor", "label": "Im-Part of BE-Factor eps-2", "param_real_part": false, "param_index": 2, "can_return_value": true, "kind": "eps"}, {"type": "BaseEnergyFactor", "label": "Im-Part of BE-Factor eps-3", "param_real_part": false, "param_index": 3, "can_return_value": true, "kind": "eps"}, {"type": "BaseEnergyFactor", "label": "Im-Part of BE-Factor eps-4", "param_real_part": false, "param_index": 4, "can_return_value": true, "kind": "eps"}, {"type": "BaseEnergyFactor", "label": "Im-Part of BE-Factor eps-5", "param_real_part": false, "param_index": 5, "can_return_value": true, "kind": "eps"}, {"type": "BaseEnergyFactor", "label": "Im-Part of BE-Factor eps-6", "param_real_part": false, "param_index": 6, "can_return_value": true, "kind": "eps"}, {"type": "BaseEnergyFactor", "label": "Im-Part of BE-Factor eps-7", "param_real_part": false, "param_index": 7, "can_return_value": true, "kind": "eps"}, {"type": "BaseEnergyFactor", "label": "Im-Part of BE-Factor eps-8", "param_real_part": false, "param_index": 8, "can_return_value": true, "kind": "eps"}, {"type": "BaseEnergyFactor", "label": "Im-Part of BE-Factor eps-9", "param_real_part": false, "param_index": 9, "can_return_value": true, "kind": "eps"}], "measurements": [{"time": 0.0, "step_sample_count": 262144, "data": [0.6302975318978664, 0.7962238358819762, -2.409211346512654e-05, 1.3364613742072939e-05, 1.5426940819682473e-06, -2.3095526437844924e-06, 2.9577584621232426e-06, -1.5668367408516222e-05, 1.0073359691169309e-05, -1.2604172898632618e-05, -1.1358230129747497e-05, 3.80637423358691e-06, 2.8480717089983352e-06, -1.895923534861108e-05, -1.1357545410297846e-05, 4.318272037258513e-06, -1.4618044943022195e-05, 1.2968369814907847e-06, -2.4229613465669603e-06, 1.2658790972584678e-05, -4.320935634434884e-06, -4.807979398987998e-06, -1.0283182688040512e-05, 1.5791125000597532e-06, 1.6795899010380995e-05, -6.0341603244068835e-06, -2.5990623020784137e-06, -7.778776741911498e-06, 2.105483127674879e-05, 1.1085069673905734e-05, -9.132533945527703e-06, -1.2101228867378676e-06, 7.2706396032623796e-06, -5.612770751019133e-06, -2.3901402852107364e-06, -7.7877375531777e-06, 4.464171819755137e-06, -2.5990623020784137e-06, 8.1977527658682e-06, 7.306985025359501e-06, -2.4020509079370578e-05, 3.2547815350467166e-06, -3.2636991717419135e-06, 9.407228796969372e-06, -2.352694576968018e-05, -1.1297768656752587e-05, 5.246858986378391e-06, -7.778776741911498e-06], "data_imag": [5.624747451204452e-23, 2.5776157899700788e-21, 0.0, 0.0, 0.0, 0.0, 0.0, 0.0, 0.0, 0.0, 0.0, 0.0, 0.0, 0.0, 0.0, 0.0, 0.0, 0.0, 0.0, 0.0, 0.0, 0.0, 0.0, 0.0, 0.0, 0.0, 0.0, 0.0, 0.0, 0.0, 0.0, 0.0, 0.0, 0.0, 0.0, 0.0, 0.0, 0.0, 0.0, 0.0, 0.0, 0.0, 0.0, 0.0, 0.0, 0.0, 0.0, 0.0]}, {"time": 0.35, "step_sample_count": 262144, "data": [0.6335002375336857, 0.7987375220269286, 0.0044955525727281955, -0.025304973392285907, 0.041033596583423995, 0.0048687521148281935, -0.025223053628985446, 0.0410163855227644, 0.005282476892396049, -0.02485787370610604, 0.04081820365454743, 0.0042032932321054185, -0.025131630111276976, 0.04081060264932839, 0.33708102496198844, 0.33396407212996276, 0.34612218634575564, 0.3613746786658707, 0.36088113995740584, 0.34614946122589385, 0.3852130694600665, 0.3874796882937014, 0.3447617145410403, 0.31046905923554313, 0.3046599301595605, 0.3447659642153298, 0.002088168917872978, -0.3503079110737213, 0.0001882102869793726, 0.0009183863486440981, 0.0016348637198465904, -0.0021033632992025248, -0.001357209421302184, -0.000628189641744467, -0.004377415594306764, -0.003641571039481338, -0.0028895275054045947, 0.002088168917872978, -0.002333676191039826, 0.08304302763699467, 0.16830950602867426, -0.2649884990229624, -0.17964724574266155, -0.09428293126634578, -0.5276422196679412, -0.44233221883114854, -0.35694048549915824, -0.3503079110737213], "data_imag": [9.211261444910454e-19, -4.997793924833356e-17, 0.0, 0.0, 0.0, 0.0, 0.0, 0.0, 0.0, 0.0, 0.0, 0.0, 0.0, 0.0, 0.0, 0.0, 0.0, 0.0, 0.0, 0.0, 0.0, 0.0, 0.0, 0.0, 0.0, 0.0, 0.0, 0.0, 0.0, 0.0, 0.0, 0.0, 0.0, 0.0, 0.0, 0.0, 0.0, 0.0, 0.0, 0.0, 0.0, 0.0, 0.0, 0.0, 0.0, 0.0, 0.0, 0.0]}, {"time": 0.7, "step_sample_count": 262144, "data": [0.635308131612512, 0.7981670178907958, 0.024606355827116018, -0.15635701318178902, 0.2251176999663557, 0.027395931267476956, -0.1565610121187651, 0.22510048890628173, 0.030456645184718828, -0.14764298617631202, 0.21765911508514973, 0.022077129689210793, -0.14705108814397228, 0.21765151401823996, 0.6685068286289229, 0.6461545641154924, 0.6237529676349457, 0.7011665992141756, 0.716559266685568, 0.6237802431670096, 0.7166501501395278, 0.7708698555095403, 0.607397533503048, 0.6150835853620769, 0.5553210188720739, 0.6074017825254118, 0.01156015087556244, -0.7071080519798466, 0.0012669136703693205, 0.005525166306794619, 0.00981632522138814, -0.011755314342307305, -0.00747069120154062, -0.003185093750959706, -0.024762544746076233, -0.02045806682058659, -0.016167733019269454, 0.01156015087556244, 0.0002389110345463498, 0.1724848011885109, 0.3436201210480814, -0.5283304592407662, -0.35645899073714543, -0.18456108047626235, -1.0565744902385994, -0.885395309991878, -0.7131364845641067, -0.7071080519798466], "data_imag": [5.497625109701382e-18, -6.574467645647857e-17, 0.0, 0.0, 0.0, 0.0, 0.0, 0.0, 0.0, 0.0, 0.0, 0.0, 0.0, 0.0, 0.0, 0.0, 0.0, 0.0, 0.0, 0.0, 0.0, 0.0, 0.0, 0.0, 0.0, 0.0, 0.0, 0.0, 0.0, 0.0, 0.0, 0.0, 0.0, 0.0, 0.0, 0.0, 0.0, 0.0, 0.0, 0.0, 0.0, 0.0, 0.0, 0.0, 0.0, 0.0, 0.0, 0.0]}, {"time": 1.0499999999999998, "step_sample_count": 262144, "data": [0.6355435229887798, 0.794394095355278, 0.04993639952730146, -0.40812003319655243, 0.47122921885446284, 0.058762754474721374, -0.4108475769972248, 0.47121200762473625, 0.06626771159624688, -0.3572603354976839, 0.43181274440147277, 0.03979271682281768, -0.348753488890236, 0.4318051436456827, 0.990419967964734, 0.9091500573878118, 0.7700048374419655, 0.9917591515165808, 1.0642241861345845, 0.7700321129740295, 0.9270805517497384, 1.1506314146299197, 0.7216079212880356, 0.9112243649169207, 0.6855207551589598, 0.7216121690065479, 0.02291491019449628, -1.076617136968232, 0.0050182826968826495, 0.014969523660873327, 0.025286941976853196, -0.025036152895873406, -0.014973216564713778, -0.0047801972351325705, -0.05503879089402346, -0.044771772923260886, -0.034716749256536256, 0.02291491019449628, 0.012971421582631322, 0.27541790972736574, 0.5338705246101764, -0.7886695146723072, -0.5275867477015607, -0.2664504613983377, -1.5890509211254902, -1.330561219609086, -1.068092566683422, -1.076617136968232], "data_imag": [6.4992032999603164e-18, 4.333667212461207e-18, 0.0, 0.0, 0.0, 0.0, 0.0, 0.0, 0.0, 0.0, 0.0, 0.0, 0.0, 0.0, 0.0, 0.0, 0.0, 0.0, 0.0, 0.0, 0.0, 0.0, 0.0, 0.0, 0.0, 0.0, 0.0, 0.0, 0.0, 0.0, 0.0, 0.0, 0.0, 0.0, 0.0, 0.0, 0.0, 0.0, 0.0, 0.0, 0.0, 0.0, 0.0, 0.0, 0.0, 0.0, 0.0, 0.0]}, {"time": 1.4, "step_sample_count": 262144, "data": [0.6341858688419422, 0.7880371460646126, 0.06371539757754059, -0.7898003694394901, 0.6961766888704121, 0.09033253218911703, -0.8058996290378231, 0.6961594776353898, 0.1065732665829587, -0.6209705071013443, 0.5871510850290096, 0.026570556563602833, -0.5707824163758268, 0.5871434846265583, 1.3179886001427423, 1.0756750532512496, 0.8036733756715054, 1.21977995626452, 1.3860288866586652, 0.8037006502256808, 0.9747912389512084, 1.5145565628040865, 0.7203322367897851, 1.212019415860191, 0.626399276670291, 0.7203364838563716, 0.028529266266120516, -1.4540600822055034, 0.013225130018750086, 0.029901298932737394, 0.04824170585378881, -0.03682153095916893, -0.019629912872115938, -0.0018936207803999547, -0.08670145080564662, -0.06858844435740813, -0.05160873850149694, 0.028529266266120516, 0.03531865862431705, 0.3930511188720623, 0.7414464158818755, -1.0495124661293234, -0.6950820608020775, -0.3404451333125985, -2.131444910427708, -1.783081160065927, -1.4252449317325366, -1.4540600822055034], "data_imag": [-2.10138448431787e-19, -1.4925885463530765e-17, 0.0, 0.0, 0.0, 0.0, 0.0, 0.0, 0.0, 0.0, 0.0, 0.0, 0.0, 0.0, 0.0, 0.0, 0.0, 0.0, 0.0, 0.0, 0.0, 0.0, 0.0, 0.0, 0.0, 0.0, 0.0, 0.0, 0.0, 0.0, 0.0, 0.0, 0.0, 0.0, 0.0, 0.0, 0.0, 0.0, 0.0, 0.0, 0.0, 0.0, 0.0, 0.0, 0.0, 0.0, 0.0, 0.0]}, {"time": 1.75, "step_sample_count": 262144, "data": [0.6310701669185145, 0.7789529332566903, 0.0479725817159941, -1.2758546314913857, 0.8701897555818406, 0.13285171785204244, -1.345772676503444, 0.8701725449839279, 0.17468149412453338, -0.8735397152710416, 0.6524413736853334, -0.06288910482799126, -0.6763767449247251, 0.652433773910208, 1.681843237651954, 1.0797890605258698, 0.7777530080347875, 1.3829764549789074, 1.6498161075951665, 0.7777802827519444, 0.8611215680424966, 1.8538321948693417, 0.6777537740223704, 1.525234268427953, 0.36249490177420807, 0.6777580209259755, 0.027122103477799534, -1.8285841523883186, 0.02338968141817548, 0.04586985222806965, 0.07328611992784595, -0.04481642149843512, -0.020707136208115446, 0.0047125569429222035, -0.1128589006431205, -0.08597746004032748, -0.06281480290505925, 0.027122103477799534, 0.06106649063411869, 0.5209693215523651, 0.9631714446060523, -1.3172766412828936, -0.8639340456356774, -0.410017816713073, -2.6904829066625457, -2.2485508602512763, -1.7883009926691877, -1.8285841523883186], "data_imag": [-4.6211043482166246e-18, 5.766948677060029e-18, 0.0, 0.0, 0.0, 0.0, 0.0, 0.0, 0.0, 0.0, 0.0, 0.0, 0.0, 0.0, 0.0, 0.0, 0.0, 0.0, 0.0, 0.0, 0.0, 0.0, 0.0, 0.0, 0.0, 0.0, 0.0, 0.0, 0.0, 0.0, 0.0, 0.0, 0.0, 0.0, 0.0, 0.0, 0.0, 0.0, 0.0, 0.0, 0.0, 0.0, 0.0, 0.0, 0.0, 0.0, 0.0, 0.0]}, {"time": 2.0999999999999996, "step_sample_count": 262144, "data": [0.6266774055889542, 0.7673731615373526, -0.026329021346305995, -1.7684552656140966, 0.9993483920728665, 0.22847457202117352, -2.005880321368794, 0.9993311824077145, 0.3103156051936712, -1.0388532831927855, 0.6431163535525047, -0.26478422863596535, -0.5105983417204762, 0.643108753777388, 2.1024900907217288, 0.8521969312190021, 0.7258855472260708, 1.4784755048743503, 1.8101136057836136, 0.7259128211283205, 0.6456309533963822, 2.197232559936988, 0.6489004474521277, 1.8091250298397017, 0.02708782064424739, 0.6489046950076586, 0.023707988043219354, -2.194301147966578, 0.031539978003808936, 0.05531185064480236, 0.08979151102777724, -0.04789555685195483, -0.0206242016750234, 0.008910739162611415, -0.12801613940545448, -0.09448028650383782, -0.06942971809843143, 0.023707988043219354, 0.08126978044282414, 0.651289701435416, 1.1916027339871669, -1.5954242704889623, -1.0368532969252453, -0.4771454103430665, -3.2641834472393745, -2.724625770188146, -2.153831300411489, -2.194301147966578], "data_imag": [-5.689949224554349e-18, 2.7364404525286487e-17, 0.0, 0.0, 0.0, 0.0, 0.0, 0.0, 0.0, 0.0, 0.0, 0.0, 0.0, 0.0, 0.0, 0.0, 0.0, 0.0, 0.0, 0.0, 0.0, 0.0, 0.0, 0.0, 0.0, 0.0, 0.0, 0.0, 0.0, 0.0, 0.0, 0.0, 0.0, 0.0, 0.0, 0.0, 0.0, 0.0, 0.0, 0.0, 0.0, 0.0, 0.0, 0.0, 0.0, 0.0, 0.0, 0.0]}, {"time": 2.4499999999999997, "step_sample_count": 262144, "data": [0.6223585395813663, 0.7550452794182713, -0.21167234254475772, -2.0813166377165575, 1.0929231733206017, 0.4446380911755957, -2.723462936609228, 1.0929059627172846, 0.5047426766387545, -1.0979096481993567, 0.5872691294498167, -0.5559091457286923, -0.08662584112141392, 0.5872615312914929, 2.5517161919534903, 0.39584107604743346, 0.6579845790693158, 1.5233951114286721, 1.8227373733150907, 0.6580118514232417, 0.42421314385085407, 2.599435522217705, 0.6614202130973933, 1.9845935158633028, -0.14452380225133238, 0.6614244617937943, 0.023139027436745837, -2.5521984403118747, 0.04139040610610751, 0.05635484377884666, 0.08972827675004787, -0.042179877164070734, -0.021670136915051135, 0.0019581376830230873, -0.12910575039217959, -0.09713996745257082, -0.08008145090405051, 0.023139027436745837, 0.0901994872209686, 0.7750421777540389, 1.4149108787734457, -1.8806031009519357, -1.2133006712581742, -0.5441582146705992, -3.839629949137488, -3.201212166502233, -2.5150909496688976, -2.5521984403118747], "data_imag": [0.0, -6.1114662190415175e-18, 0.0, 0.0, 0.0, 0.0, 0.0, 0.0, 0.0, 0.0, 0.0, 0.0, 0.0, 0.0, 0.0, 0.0, 0.0, 0.0, 0.0, 0.0, 0.0, 0.0, 0.0, 0.0, 0.0, 0.0, 0.0, 0.0, 0.0, 0.0, 0.0, 0.0, 0.0, 0.0, 0.0, 0.0, 0.0, 0.0, 0.0, 0.0, 0.0, 0.0, 0.0, 0.0, 0.0, 0.0, 0.0, 0.0]}, {"time": 2.8, "step_sample_count": 262144, "data": [0.6194316267860586, 0.7450072009604938, -0.5346987856677368, -2.082964847113675, 1.1532413562264798, 0.8147780363676452, -3.4291956995013506, 1.1532241466617859, 0.6927910076900178, -1.0966947299194, 0.5136033933482661, -0.8601830284735759, 0.40494722592450594, 0.5135957942000139, 2.9213245049384184, -0.11320813979553623, 0.5751260156685108, 1.5925962003815042, 1.6747419999878057, 0.57515329063014, 0.2518785167422057, 3.0684059981572727, 0.7264117513822054, 2.0124334822435728, -0.04704341917253188, 0.7264159979598476, 0.027072522638892968, -2.9063477108235727, 0.06075258937645173, 0.05421428425419165, 0.07422934297101187, -0.02488773084581793, -0.024638468472992683, -0.020709353977274025, -0.11901434213540112, -0.10087971280241434, -0.10435107545980613, 0.027072522638892968, 0.09521793361171849, 0.8881695901856795, 1.6202404094246612, -2.16137111377198, -1.3913417012969045, -0.6186762530161583, -4.399958748885583, -3.670139396760356, -2.875514513415633, -2.9063477108235727], "data_imag": [1.5488403123306619e-18, -2.0131686280368498e-18, 0.0, 0.0, 0.0, 0.0, 0.0, 0.0, 0.0, 0.0, 0.0, 0.0, 0.0, 0.0, 0.0, 0.0, 0.0, 0.0, 0.0, 0.0, 0.0, 0.0, 0.0, 0.0, 0.0, 0.0, 0.0, 0.0, 0.0, 0.0, 0.0, 0.0, 0.0, 0.0, 0.0, 0.0, 0.0, 0.0, 0.0, 0.0, 0.0, 0.0, 0.0, 0.0, 0.0, 0.0, 0.0, 0.0]}, {"time": 3.15, "step_sample_count": 262144, "data": [0.6182040776256106, 0.7401958839601993, -0.921793577090971, -1.8919786111425305, 1.1778151689740595, 1.2653015789049706, -4.0907468029890195, 1.1777979594488335, 0.8153045616244404, -1.0769097865259332, 0.45052440974817365, -1.1112191716420108, 0.794334022456652, 0.4505168109326226, 3.1042914558001553, -0.49783561153752354, 0.48162779092673164, 1.7621347847097608, 1.3543870539370129, 0.4816550659698514, 0.1208667473804117, 3.5619116401383004, 0.8435998180105012, 1.9100396926890923, 0.2513321159900995, 0.8436040645881435, 0.03429953502314507, -3.260718870801318, 0.08788052923928161, 0.05437240417703014, 0.05410880785995732, -0.0014027702722613725, -0.02888954100495221, -0.052548655379550155, -0.10736671285063486, -0.10986960374500751, -0.13932174247614068, 0.03429953502314507, 0.10994193137274824, 0.992609742461172, 1.8015609076768324, -2.426731009017618, -1.5691847332185613, -0.7081560762043888, -4.9355247614760085, -4.129608863946492, -3.245115677341469, -3.260718870801318], "data_imag": [-1.1346281378490098e-18, -2.194701982002386e-17, 0.0, 0.0, 0.0, 0.0, 0.0, 0.0, 0.0, 0.0, 0.0, 0.0, 0.0, 0.0, 0.0, 0.0, 0.0, 0.0, 0.0, 0.0, 0.0, 0.0, 0.0, 0.0, 0.0, 0.0, 0.0, 0.0, 0.0, 0.0, 0.0, 0.0, 0.0, 0.0, 0.0, 0.0, 0.0, 0.0, 0.0, 0.0, 0.0, 0.0, 0.0, 0.0, 0.0, 0.0, 0.0, 0.0]}, {"time": 3.5, "step_sample_count": 262144, "data": [0.6179412104786457, 0.7406903609739203, -1.2791193723545013, -1.672020037169404, 1.1649214957064624, 1.6869338666089455, -4.66354024702879, 1.1649042862373025, 0.8485050226391743, -1.0532890869777265, 0.4245868715631027, -1.2707470901735767, 1.0043029648163673, 0.4245792698144352, 3.096768477818439, -0.7843214064691737, 0.3906029259029398, 2.035635231405595, 0.8276301986503551, 0.390630201435004, -0.006170897692730194, 4.042864268910075, 1.0000697562393395, 1.7236778979449399, 0.6273825295413742, 1.0000739990684082, 0.0422520134057121, -3.6174491732594816, 0.11605599656804838, 0.059501458649583214, 0.03986627040493393, 0.021232680404782975, -0.03300764302953028, -0.08374354274517601, -0.10189121521843768, -0.12386883346501594, -0.175537410874083, 0.0422520134057121, 0.14007086991449588, 1.0929663746499494, 1.9635457461814094, -2.6752449156413207, -1.7458760833673193, -0.8122508453202978, -5.449568010514523, -4.5825645040597065, -3.62791006256442, -3.6174491732594816], "data_imag": [9.533693911337287e-19, -1.4883189109653865e-18, 0.0, 0.0, 0.0, 0.0, 0.0, 0.0, 0.0, 0.0, 0.0, 0.0, 0.0, 0.0, 0.0, 0.0, 0.0, 0.0, 0.0, 0.0, 0.0, 0.0, 0.0, 0.0, 0.0, 0.0, 0.0, 0.0, 0.0, 0.0, 0.0, 0.0, 0.0, 0.0, 0.0, 0.0, 0.0, 0.0, 0.0, 0.0, 0.0, 0.0, 0.0, 0.0, 0.0, 0.0, 0.0, 0.0]}, {"time": 3.8499999999999996, "step_sample_count": 262144, "data": [0.6179899168847114, 0.7432860288764721, -1.5758616283511806, -1.4441831692622569, 1.1183883760446751, 2.008496025055846, -5.0640335310876035, 1.1183711667305232, 0.8017632330638045, -1.0338613707028101, 0.45231645108915336, -1.3278371585158113, 1.0260035472347409, 0.45230884587428044, 2.9359414431997335, -1.0514636853565051, 0.3209396460035438, 2.398407482698658, 0.06939705935894952, 0.32096692039473784, -0.1632836452748715, 4.498091369153867, 1.170096619058553, 1.509156509130621, 0.9756350436508553, 1.1701008545534564, 0.048466202164560504, -3.976343881930623, 0.14112866857918854, 0.0696276865544756, 0.03597334136004563, 0.03964090223575151, -0.03573779504001949, -0.10827168414778751, -0.10428684542829578, -0.14017193949475376, -0.20628680168900015, 0.048466202164560504, 0.18587246729410956, 1.1935737306366712, 2.1127866134452797, -2.909833228662552, -1.9215251111352596, -0.9284163001980711, -5.949564825472808, -5.033978966192086, -4.0246811981297785, -3.976343881930623], "data_imag": [-5.0023478616371466e-20, -1.731184301975271e-18, 0.0, 0.0, 0.0, 0.0, 0.0, 0.0, 0.0, 0.0, 0.0, 0.0, 0.0, 0.0, 0.0, 0.0, 0.0, 0.0, 0.0, 0.0, 0.0, 0.0, 0.0, 0.0, 0.0, 0.0, 0.0, 0.0, 0.0, 0.0, 0.0, 0.0, 0.0, 0.0, 0.0, 0.0, 0.0, 0.0, 0.0, 0.0, 0.0, 0.0, 0.0, 0.0, 0.0, 0.0, 0.0, 0.0]}, {"time": 4.199999999999999, "step_sample_count": 262144, "data": [0.6179361805499168, 0.7434456685124922, -1.7932221392779066, -1.152215263977883, 1.0499273791024386, 2.170892485362609, -5.155309162236006, 1.0499101709044196, 0.7036476989331553, -1.0304563360479548, 0.5305525074389319, -1.2939520374551867, 0.8887191708341119, 0.5305449033675167, 2.812852518578036, -1.1489136673830969, 0.2909429392020772, 2.676912365777516, -0.39340161220559244, 0.2909702199495478, -0.36754370101896067, 4.910118094188096, 1.3234534148631278, 1.3007687618633597, 1.2252731250161202, 1.3234576563883451, 0.05182804653583784, -4.335302305021722, 0.15773404170039562, 0.08283742682688285, 0.04578184299824482, 0.049024130717516386, -0.03673255032486993, -0.12040852125390433, -0.11677742756868206, -0.15590576787481356, -0.22532630722896344, 0.05182804653583784, 0.22898314060993263, 1.2966060441916845, 2.271287389658175, -3.1512724035785653, -2.0975243447042784, -1.03850407453406, -6.460284169609113, -5.48876848448636, -4.419691777609055, -4.335302305021722], "data_imag": [3.7424726154022474e-20, 8.769414214472245e-17, 0.0, 0.0, 0.0, 0.0, 0.0, 0.0, 0.0, 0.0, 0.0, 0.0, 0.0, 0.0, 0.0, 0.0, 0.0, 0.0, 0.0, 0.0, 0.0, 0.0, 0.0, 0.0, 0.0, 0.0, 0.0, 0.0, 0.0, 0.0, 0.0, 0.0, 0.0, 0.0, 0.0, 0.0, 0.0, 0.0, 0.0, 0.0, 0.0, 0.0, 0.0, 0.0, 0.0, 0.0, 0.0, 0.0]}, {"time": 4.55, "step_sample_count": 262144, "data": [0.6174727795866571, 0.7386098218667684, -2.006880634910021, -0.8695011414385659, 0.9794874271934407, 2.2398139742707937, -5.155738368424402, 0.9794702188766063, 0.5910045814572202, -1.0418258236120401, 0.6348782323859353, -1.1885349805640877, 0.6514558731386408, 0.634870628428215, 2.7803766114553197, -1.016510121346876, 0.2989721774181905, 2.8241783064958685, -0.39664543028754784, 0.2989994586546055, -0.6187954019120051, 5.263071302018529, 1.4380078806114975, 1.1273555833291127, 1.3308683376496089, 1.438012121810752, 0.05257105452095686, -4.69331777309806, 0.17004036319453714, 0.0959231446941722, 0.06024841737736851, 0.05395028937465205, -0.03635105663280468, -0.12526878161518076, -0.1307554293409378, -0.16842023443932838, -0.23731158068142774, 0.05257105452095686, 0.2632316171610798, 1.4027861665699668, 2.4475246768267986, -3.406132880902675, -2.2744493559191947, -1.1370171774933193, -6.990944122316469, -5.948586065688146, -4.807743093358235, -4.69331777309806], "data_imag": [-2.768565913042619e-19, 2.987231811741184e-17, 0.0, 0.0, 0.0, 0.0, 0.0, 0.0, 0.0, 0.0, 0.0, 0.0, 0.0, 0.0, 0.0, 0.0, 0.0, 0.0, 0.0, 0.0, 0.0, 0.0, 0.0, 0.0, 0.0, 0.0, 0.0, 0.0, 0.0, 0.0, 0.0, 0.0, 0.0, 0.0, 0.0, 0.0, 0.0, 0.0, 0.0, 0.0, 0.0, 0.0, 0.0, 0.0, 0.0, 0.0, 0.0, 0.0]}, {"time": 4.8999999999999995, "step_sample_count": 262144, "data": [0.6164342034418485, 0.729610598314235, -2.218831136367381, -0.6538505272264614, 0.9247929539414055, 2.245963227115574, -5.1564761657460405, 0.9247757456062375, 0.4997854125202584, -1.047886572525041, 0.7355501848842154, -1.04326514844624, 0.4035960666884476, 0.7355425809478092, 2.6959034672621396, -0.8132281330967843, 0.3291942742012995, 2.9913203220168176, -0.4013319002722471, 0.32922155535622377, -0.9008585679757497, 5.550695734135975, 1.505995009482525, 1.0123906483900598, 1.2794223832576432, 1.505999250518798, 0.05257075322372203, -5.051106584908375, 0.17581633563033777, 0.1049473638243509, 0.07410945067412449, 0.05371216240961109, -0.03562511239742305, -0.12413968251116818, -0.1430612363481613, -0.17590911048043867, -0.24195623568933902, 0.05257075322372203, 0.3019097368943109, 1.5119703346861564, 2.627459844137558, -3.6599994146893158, -2.4519309341805533, -1.237472120480154, -7.526027905248375, -6.412140989812183, -5.201028481383341, -5.051106584908375], "data_imag": [5.61254035615333e-18, 5.0702350559450465e-17, 0.0, 0.0, 0.0, 0.0, 0.0, 0.0, 0.0, 0.0, 0.0, 0.0, 0.0, 0.0, 0.0, 0.0, 0.0, 0.0, 0.0, 0.0, 0.0, 0.0, 0.0, 0.0, 0.0, 0.0, 0.0, 0.0, 0.0, 0.0, 0.0, 0.0, 0.0, 0.0, 0.0, 0.0, 0.0, 0.0, 0.0, 0.0, 0.0, 0.0, 0.0, 0.0, 0.0, 0.0, 0.0, 0.0]}, {"time": 5.25, "step_sample_count": 262144, "data": [0.6148486281440577, 0.7192187001695897, -2.3905605699292845, -0.5335646562767062, 0.8962040233035274, 2.199195586503309, -5.156393138857314, 0.8961868149690264, 0.4565470470842703, -1.0159805645389184, 0.8099836294408163, -0.8927093915952132, 0.2404898323657914, 0.8099760255413758, 2.588113120585656, -0.5751716013736613, 0.3670195087033878, 3.171862847607681, -0.407394568917947, 0.36704678953234915, -1.1893247565434402, 5.780983981969935, 1.5359303427666087, 0.9473845861762626, 1.1134260996680139, 1.535934583802882, 0.05394173841043125, -5.409645947730568, 0.17000760258461942, 0.10632447432320659, 0.08499896063845244, 0.046324078382882966, -0.03545001280956711, -0.11692051024649575, -0.15354182548200984, -0.17695523501995966, -0.2361528353486803, 0.05394173841043125, 0.34096830732422645, 1.6230509878832884, 2.810008364572206, -3.914584718349449, -2.6297085769052395, -1.337254653585617, -8.063158074411367, -6.877280945723037, -5.594314664839417, -5.409645947730568], "data_imag": [-5.407468348976585e-18, 4.9292069593565943e-17, 0.0, 0.0, 0.0, 0.0, 0.0, 0.0, 0.0, 0.0, 0.0, 0.0, 0.0, 0.0, 0.0, 0.0, 0.0, 0.0, 0.0, 0.0, 0.0, 0.0, 0.0, 0.0, 0.0, 0.0, 0.0, 0.0, 0.0, 0.0, 0.0, 0.0, 0.0, 0.0, 0.0, 0.0, 0.0, 0.0, 0.0, 0.0, 0.0, 0.0, 0.0, 0.0, 0.0, 0.0, 0.0, 0.0]}, {"time": 5.6, "step_sample_count": 262144, "data": [0.6131247765593655, 0.710675309705976, -2.495098698241771, -0.515335163608657, 0.8958938888705242, 2.1184347463674045, -5.154148469064923, 0.895876680547383, 0.4680311222591526, -0.9270482693512988, 0.8493096990292632, -0.7626954789143827, 0.2144625365711676, 0.8493020951168821, 2.4931952386661194, -0.35532459164686125, 0.39871507294593334, 3.3485518021328424, -0.41342545491577193, 0.39874235369340394, -1.4499396903503774, 5.991774677219969, 1.545974180432189, 0.912540537470845, 0.9274631890670759, 1.5459784208165364, 0.057776258337588676, -5.770352333758892, 0.15050593572455637, 0.09853476054676458, 0.09132910706641778, 0.03196754533501319, -0.03627247148130975, -0.10479388504040224, -0.1618444854373053, -0.17121837267471574, -0.21884580641852197, 0.057776258337588676, 0.37506451922935197, 1.7333108482414894, 2.9924297008632146, -4.171046179392086, -2.8069190853144286, -1.4334028550537847, -8.597849902926866, -7.339598075582039, -5.980355499598896, -5.770352333758892], "data_imag": [-9.021602940593823e-18, 4.4737220432406015e-17, 0.0, 0.0, 0.0, 0.0, 0.0, 0.0, 0.0, 0.0, 0.0, 0.0, 0.0, 0.0, 0.0, 0.0, 0.0, 0.0, 0.0, 0.0, 0.0, 0.0, 0.0, 0.0, 0.0, 0.0, 0.0, 0.0, 0.0, 0.0, 0.0, 0.0, 0.0, 0.0, 0.0, 0.0, 0.0, 0.0, 0.0, 0.0, 0.0, 0.0, 0.0, 0.0, 0.0, 0.0, 0.0, 0.0]}, {"time": 5.949999999999999, "step_sample_count": 262144, "data": [0.6118225769740522, 0.7056673836535522, -2.444782964071591, -0.5012685844939031, 0.9212506162022612, 1.9472690881796537, -4.903485702134407, 0.9212334113233224, 0.5121389450941606, -0.7974904225723822, 0.8594716179217703, -0.6673844600928877, 0.3001984340292479, 0.8594640102922109, 2.484823058222862, -0.1552535483003184, 0.41334017217742236, 3.4460220085276343, -0.2681575784236645, 0.4133674551251425, -1.6457637454562908, 6.224176994527393, 1.5564556989159095, 0.8875529634443907, 0.8224101234313463, 1.5564599373444796, 0.06412243159126266, -6.1345164027162165, 0.11115998300627769, 0.08333845708308514, 0.10154276270362593, 0.003466022233663768, -0.03851705649169185, -0.08123659967003007, -0.17697854132206955, -0.1609964773969805, -0.18444976880050812, 0.06412243159126266, 0.3945584134705201, 1.8393705805208804, 3.177339794809597, -4.435144096859092, -2.982629310192704, -1.5184412418163926, -9.13133600187288, -7.794267863770806, -6.347924904451006, -6.1345164027162165], "data_imag": [-6.136799221016814e-18, -7.654605233244219e-17, 0.0, 0.0, 0.0, 0.0, 0.0, 0.0, 0.0, 0.0, 0.0, 0.0, 0.0, 0.0, 0.0, 0.0, 0.0, 0.0, 0.0, 0.0, 0.0, 0.0, 0.0, 0.0, 0.0, 0.0, 0.0, 0.0, 0.0, 0.0, 0.0, 0.0, 0.0, 0.0, 0.0, 0.0, 0.0, 0.0, 0.0, 0.0, 0.0, 0.0, 0.0, 0.0, 0.0, 0.0, 0.0, 0.0]}, {"time": 6.3, "step_sample_count": 262144, "data": [0.61133458231842, 0.705123073124254, -2.302207467526825, -0.5216642538843066, 0.9616761695513744, 1.767955425121124, -4.584091304536334, 0.961658962834638, 0.5509409635077894, -0.6581281138004095, 0.854571334062427, -0.5986329040246221, 0.4190216161765241, 0.8545637264328966, 2.616780010474356, 0.03278689222926648, 0.40402632842889014, 3.3907110738387383, 0.1671494214087272, 0.4040536090948699, -1.752065361786456, 6.498097821071447, 1.58451587479018, 0.8638968612850974, 0.8524919005196905, 1.58452011321875, 0.07195907908132622, -6.502614607077957, 0.062444777085533865, 0.06456579347325589, 0.11136211575564244, -0.030999035463095632, -0.041954907043593725, -0.0538232288423506, -0.19388573428322664, -0.14934058400194222, -0.14276287196865328, 0.07195907908132622, 0.3922028212150395, 1.938852847073394, 3.3695079366208684, -4.7127922443107835, -3.1565262663017966, -1.5859090657436834, -9.668129444187835, -8.238602067983452, -6.689437795356149, -6.502614607077957], "data_imag": [-5.135447417000979e-18, -8.017740244317294e-17, 0.0, 0.0, 0.0, 0.0, 0.0, 0.0, 0.0, 0.0, 0.0, 0.0, 0.0, 0.0, 0.0, 0.0, 0.0, 0.0, 0.0, 0.0, 0.0, 0.0, 0.0, 0.0, 0.0, 0.0, 0.0, 0.0, 0.0, 0.0, 0.0, 0.0, 0.0, 0.0, 0.0, 0.0, 0.0, 0.0, 0.0, 0.0, 0.0, 0.0, 0.0, 0.0, 0.0, 0.0, 0.0, 0.0]}, {"time": 6.6499999999999995, "step_sample_count": 262144, "data": [0.6115840876684457, 0.708622526109939, -2.1617039436602297, -0.616945237657741, 1.0025973967187596, 1.6791938224983078, -4.435581761942638, 1.0025801900089732, 0.5438407081386079, -0.5364649959489587, 0.850384309049029, -0.5417007427009585, 0.4860391697639488, 0.8503767016028041, 2.8292474673627632, 0.13251875374982508, 0.3673733325500596, 3.2157706018356658, 0.7204870335980798, 0.36740061337902086, -1.7643445712926884, 6.8166670951668, 1.6371856123597022, 0.8556502470889924, 1.0104914666821612, 1.6371898507882723, 0.07902218760998929, -6.874699838154883, 0.018614601949685273, 0.047278765887989065, 0.1149968935049689, -0.059636221087604135, -0.045589578284310484, -0.03223296041604291, -0.2045782708045693, -0.1391306909328024, -0.10589413645464037, 0.07902218760998929, 0.3740047877811663, 2.0320664860742905, 3.5662582700720686, -4.998864042807197, -3.3285496155251058, -1.6408677638011364, -10.205674571621094, -8.673032922829593, -7.011067002302967, -6.874699838154883], "data_imag": [-6.011653289194745e-18, -6.750536510362815e-17, 0.0, 0.0, 0.0, 0.0, 0.0, 0.0, 0.0, 0.0, 0.0, 0.0, 0.0, 0.0, 0.0, 0.0, 0.0, 0.0, 0.0, 0.0, 0.0, 0.0, 0.0, 0.0, 0.0, 0.0, 0.0, 0.0, 0.0, 0.0, 0.0, 0.0, 0.0, 0.0, 0.0, 0.0, 0.0, 0.0, 0.0, 0.0, 0.0, 0.0, 0.0, 0.0, 0.0, 0.0, 0.0, 0.0]}, {"time": 7.0, "step_sample_count": 262144, "data": [0.6121358502029695, 0.7138892300835784, -2.0293083153857228, -0.7153978977178705, 1.0296199118229694, 1.6630003688107313, -4.373938240513286, 1.0296027051886287, 0.46733226290449054, -0.4549831978857526, 0.8615147108987566, -0.4898056472861883, 0.4467053702489323, 0.8615071034525313, 3.0962279988950807, 0.13729048065426203, 0.30830993095297327, 2.925349003058491, 1.3545187451168443, 0.30833721324876756, -1.7020607476651755, 7.173066727371356, 1.7117918048558418, 0.8846089319585687, 1.2458918343325973, 1.7117960433659025, 0.08319092625073751, -7.249592975065279, -0.01743322388248179, 0.035648416049486084, 0.11727798253108625, -0.08127898451680096, -0.04849607926756162, -0.015622525559618614, -0.21186253121098933, -0.13256877991519922, -0.07468944596739113, 0.08319092625073751, 0.34393030541658626, 2.121751134440819, 3.7709402864214665, -5.291968990311086, -3.4994220699314504, -1.6860218782834206, -10.748726845283855, -9.101751866522687, -7.318247674587416, -7.249592975065279], "data_imag": [-8.657143322013343e-18, -4.913940675913275e-17, 0.0, 0.0, 0.0, 0.0, 0.0, 0.0, 0.0, 0.0, 0.0, 0.0, 0.0, 0.0, 0.0, 0.0, 0.0, 0.0, 0.0, 0.0, 0.0, 0.0, 0.0, 0.0, 0.0, 0.0, 0.0, 0.0, 0.0, 0.0, 0.0, 0.0, 0.0, 0.0, 0.0, 0.0, 0.0, 0.0, 0.0, 0.0, 0.0, 0.0, 0.0, 0.0, 0.0, 0.0, 0.0, 0.0]}, {"time": 7.35, "step_sample_count": 262144, "data": [0.6125569592902542, 0.7185838843633426, -1.9219336031346974, -0.7466945407075775, 1.0311819777874947, 1.6877601427413205, -4.313392352076294, 1.0311647714856407, 0.3280223482337125, -0.43128849276558784, 0.8962388933981931, -0.44158033901550564, 0.28772625270549934, 0.8962312859519699, 3.3930638953144423, 0.06589308170652391, 0.2396376622899059, 2.532621746538771, 2.0495175380482817, 0.23966494703042196, -1.5946352739998226, 7.562131113183154, 1.7976379069887694, 0.9727438968516751, 1.4993212626867358, 1.7976421455803209, 0.08324531367226377, -7.6249140137438, -0.04468205332853618, 0.03133298992070927, 0.1222520081060946, -0.09586941807717511, -0.04994066563450601, -0.0026506494999283866, -0.21839856872755778, -0.12996380304811847, -0.04873461125277979, 0.08324531367226377, 0.3062425875727855, 2.2109127795089076, 3.986756208661029, -5.590933145328252, -3.670322018636205, -1.7248639707713236, -11.302861843486644, -9.530152139980787, -7.617677207857138, -7.6249140137438], "data_imag": [2.0871090290929133e-18, 3.946721850978195e-17, 0.0, 0.0, 0.0, 0.0, 0.0, 0.0, 0.0, 0.0, 0.0, 0.0, 0.0, 0.0, 0.0, 0.0, 0.0, 0.0, 0.0, 0.0, 0.0, 0.0, 0.0, 0.0, 0.0, 0.0, 0.0, 0.0, 0.0, 0.0, 0.0, 0.0, 0.0, 0.0, 0.0, 0.0, 0.0, 0.0, 0.0, 0.0, 0.0, 0.0, 0.0, 0.0, 0.0, 0.0, 0.0, 0.0]}, {"time": 7.699999999999999, "step_sample_count": 262144, "data": [0.6124948411364443, 0.7207255755153971, -1.8566539142250669, -0.6472081618008935, 1.0041509792700045, 1.7223006732686346, -4.1753283628687745, 1.0041337726890471, 0.1563569967731878, -0.48382022052811247, 0.954355967448375, -0.4036785439379115, 0.027547436318929308, 0.9543483600021452, 3.689405490833776, -0.04256905071386692, 0.17794491045061459, 2.068110101884795, 2.782176420859947, 0.17797219347982543, -1.4703442442410712, 7.9753993776535435, 1.8803488822925496, 1.1357917481303546, 1.7160389421826592, 1.880353120639629, 0.07977774684504804, -7.997847623655506, -0.06380512013934435, 0.03339366570154139, 0.13224943827104926, -0.1049811889756993, -0.04988463587387411, 0.007969700502315637, -0.22679150986567273, -0.13057404769542066, -0.027595801548799245, 0.07977774684504804, 0.2658150011947215, 2.3018200773132773, 4.214052368950582, -5.893941027859054, -3.8424217719948395, -1.7618015859550296, -11.870970561514005, -9.962979375657602, -7.916903010931798, -7.997847623655506], "data_imag": [-1.0417806230854422e-18, 6.7261692998026475e-18, 0.0, 0.0, 0.0, 0.0, 0.0, 0.0, 0.0, 0.0, 0.0, 0.0, 0.0, 0.0, 0.0, 0.0, 0.0, 0.0, 0.0, 0.0, 0.0, 0.0, 0.0, 0.0, 0.0, 0.0, 0.0, 0.0, 0.0, 0.0, 0.0, 0.0, 0.0, 0.0, 0.0, 0.0, 0.0, 0.0, 0.0, 0.0, 0.0, 0.0, 0.0, 0.0, 0.0, 0.0, 0.0, 0.0]}, {"time": 8.049999999999999, "step_sample_count": 262144, "data": [0.6117418697960558, 0.7189844455482421, -1.8395275521491787, -0.3865229047076939, 0.9554736421452549, 1.747611734731131, -3.915607522637613, 0.9554564349018906, -0.0032362038273099497, -0.6244293492643206, 1.0278500904188994, -0.3936107554296506, -0.28321882547955035, 1.0278424828571762, 3.9469843992530125, -0.12589032627591487, 0.13755552407238592, 1.5848293839773218, 3.5205119736715695, 0.13758280579774518, -1.3539831554347734, 8.390732568737754, 1.947481037773344, 1.3790202572968653, 1.8424804142704132, 1.9474852766908586, 0.07513658332780429, -8.366413623121733, -0.07696791052294777, 0.03860675670152051, 0.14708715212606563, -0.11151725427660625, -0.049088997684912566, 0.017078111386913862, -0.238881777401051, -0.13302479959223093, -0.011128175694933889, 0.07513658332780429, 0.22884037519514788, 2.3966684201002857, 4.448856568301347, -6.197673205171539, -4.016413981156064, -1.8019586866879336, -12.45061212111763, -10.403879254485224, -8.223926592567237, -8.366413623121733], "data_imag": [3.6371445413041e-18, 1.0499390439588364e-17, 0.0, 0.0, 0.0, 0.0, 0.0, 0.0, 0.0, 0.0, 0.0, 0.0, 0.0, 0.0, 0.0, 0.0, 0.0, 0.0, 0.0, 0.0, 0.0, 0.0, 0.0, 0.0, 0.0, 0.0, 0.0, 0.0, 0.0, 0.0, 0.0, 0.0, 0.0, 0.0, 0.0, 0.0, 0.0, 0.0, 0.0, 0.0, 0.0, 0.0, 0.0, 0.0, 0.0, 0.0, 0.0, 0.0]}, {"time": 8.399999999999999, "step_sample_count": 262144, "data": [0.6103426310545292, 0.713095212915883, -1.8638730108719628, -0.00023659389118693697, 0.897892867340964, 1.755350680774658, -3.5541454190412756, 0.8978756600896115, -0.10077128146189966, -0.8404929743730367, 1.104360239817428, -0.4414469370462999, -0.5504381138942863, 1.1043526328882576, 4.131968771343561, -0.11657906113840263, 0.12596020490164828, 1.1437082562414984, 4.233710761111184, 0.1259874873196787, -1.263825004577459, 8.772806962398631, 1.9930777794487433, 1.6902141001917286, 1.837207930933674, 1.9930820187737115, 0.07201497493914263, -8.730358041081743, -0.08788266694172757, 0.04209549684004152, 0.16437261338034126, -0.11871007731605838, -0.04865813218893905, 0.025407322584042477, -0.25476006016350466, -0.1348565871342203, 0.0018736840426377748, 0.07201497493914263, 0.20126436090039315, 2.4975768515983865, 4.683593106147384, -6.498220963259754, -4.192247778223817, -1.8494489401252876, -13.033956062166581, -10.854684878506674, -8.544819911454338, -8.730358041081743], "data_imag": [-8.6664871512662765e-19, 2.431692214671418e-17, 0.0, 0.0, 0.0, 0.0, 0.0, 0.0, 0.0, 0.0, 0.0, 0.0, 0.0, 0.0, 0.0, 0.0, 0.0, 0.0, 0.0, 0.0, 0.0, 0.0, 0.0, 0.0, 0.0, 0.0, 0.0, 0.0, 0.0, 0.0, 0.0, 0.0, 0.0, 0.0, 0.0, 0.0, 0.0, 0.0, 0.0, 0.0, 0.0, 0.0, 0.0, 0.0, 0.0, 0.0, 0.0, 0.0]}, {"time": 8.75, "step_sample_count": 262144, "data": [0.6086173139280466, 0.7041708148374511, -1.9175818274495504, 0.4217778647252589, 0.8437015060701437, 1.7413349955027222, -3.163973341042281, 0.8436842988542358, -0.09675072428317322, -1.0879811692470769, 1.1722085012159356, -0.5800731648450779, -0.6557123638278963, 1.1722008942867785, 4.231741147282044, 0.021503489933017664, 0.14289117645240348, 0.7839597559586222, 4.903674884814724, 0.1429184591963968, -1.2002843780157242, 9.097216965455614, 2.018853415768047, 2.0289069436750236, 1.7178327379485026, 2.018857654970779, 0.07181149314028158, -9.091125389465995, -0.10082867311660847, 0.039144958487137914, 0.18104954629674033, -0.12873695161545093, -0.04937356373475526, 0.033836728748198756, -0.2727205184767462, -0.13291228301964403, 0.014341833530549408, 0.07181149314028158, 0.18463346313627663, 2.6044096873867595, 4.909564018770254, -6.793206959952894, -4.369194524583862, -1.9052369791950268, -13.610538656621102, -11.31348417654154, -8.879594946077791, -9.091125389465995], "data_imag": [3.34874882759024e-19, -1.0494395735702593e-17, 0.0, 0.0, 0.0, 0.0, 0.0, 0.0, 0.0, 0.0, 0.0, 0.0, 0.0, 0.0, 0.0, 0.0, 0.0, 0.0, 0.0, 0.0, 0.0, 0.0, 0.0, 0.0, 0.0, 0.0, 0.0, 0.0, 0.0, 0.0, 0.0, 0.0, 0.0, 0.0, 0.0, 0.0, 0.0, 0.0, 0.0, 0.0, 0.0, 0.0, 0.0, 0.0, 0.0, 0.0, 0.0, 0.0]}, {"time": 9.1, "step_sample_count": 262144, "data": [0.6069830433529422, 0.6945085338171625, -1.9865442158103028, 0.7859067027272303, 0.8011885774015906, 1.7015298198087103, -2.8202523766227876, 0.8011713697470642, 0.007581684182965363, -1.3196973791556073, 1.224447315683814, -0.8148694231303217, -0.5468131501769421, 1.2244397078688638, 4.256325548797356, 0.2773246044146772, 0.1826293814869221, 0.5090219470026026, 5.525618592672005, 0.18265666353824425, -1.1423298318817365, 9.374514545430015, 2.031526596789866, 2.3312631742124306, 1.583515944515112, 2.031530834933218, 0.07399191790412572, -9.45105723491677, -0.1175642320036077, 0.028695040663588016, 0.19609927813085495, -0.14207238020277022, -0.051186184492955054, 0.04344985012127309, -0.2912300335560539, -0.1259209548038803, 0.02859183967387281, 0.07399191790412572, 0.1746179748920327, 2.713386811569034, 5.1197171085832105, -7.082418006651513, -4.546131216954371, -1.9672402261299367, -14.171025431375929, -11.774150229233062, -9.221454290237975, -9.45105723491677], "data_imag": [4.204217947058557e-19, 1.3148216559981516e-17, 0.0, 0.0, 0.0, 0.0, 0.0, 0.0, 0.0, 0.0, 0.0, 0.0, 0.0, 0.0, 0.0, 0.0, 0.0, 0.0, 0.0, 0.0, 0.0, 0.0, 0.0, 0.0, 0.0, 0.0, 0.0, 0.0, 0.0, 0.0, 0.0, 0.0, 0.0, 0.0, 0.0, 0.0, 0.0, 0.0, 0.0, 0.0, 0.0, 0.0, 0.0, 0.0, 0.0, 0.0, 0.0, 0.0]}, {"time": 9.45, "step_sample_count": 262144, "data": [0.605559378766065, 0.6863619313072664, -2.0538728278076235, 1.0282793689478105, 0.7745001603021896, 1.6314033852139502, -2.565444230226866, 0.7744829528802742, 0.15825276867637134, -1.5112655741736876, 1.2600345838511724, -1.1072620523601333, -0.2931104104171824, 1.2600269764700973, 4.2330143099683095, 0.6058251337642259, 0.23709479020909363, 0.29649557533497534, 6.105380783485204, 0.23712207254563333, -1.0739071508118037, 9.632095927418726, 2.0384734623987812, 2.548091027294644, 1.529940181327275, 2.0384777011125688, 0.07637939176459371, -9.812284705972232, -0.13557314131628348, 0.015120755667815924, 0.21184400934739991, -0.15771156608110393, -0.05313710878051698, 0.05552745761302924, -0.31041969999091484, -0.11621402674714172, 0.04430832368588996, 0.07637939176459371, 0.16558673837106433, 2.8200583428026214, 5.312029904672602, -7.366902306677601, -4.721894196860364, -2.0322510108738725, -14.711607803012921, -12.23019988368688, -9.56238890784001, -9.812284705972232], "data_imag": [-3.561528874340396e-18, 6.757836091826476e-18, 0.0, 0.0, 0.0, 0.0, 0.0, 0.0, 0.0, 0.0, 0.0, 0.0, 0.0, 0.0, 0.0, 0.0, 0.0, 0.0, 0.0, 0.0, 0.0, 0.0, 0.0, 0.0, 0.0, 0.0, 0.0, 0.0, 0.0, 0.0, 0.0, 0.0, 0.0, 0.0, 0.0, 0.0, 0.0, 0.0, 0.0, 0.0, 0.0, 0.0, 0.0, 0.0, 0.0, 0.0, 0.0, 0.0]}, {"time": 9.799999999999999, "step_sample_count": 262144, "data": [0.6041286801917576, 0.6804761843362855, -2.11051707171048, 1.1244539259506503, 0.7646705464385758, 1.5285802675098772, -2.412864543353592, 0.7646533390681874, 0.2850253667415199, -1.6451473684819002, 1.2824257010005833, -1.4049781181558785, -0.0014567903965586881, 1.2824180934302831, 4.200406982589954, 0.949280940741225, 0.2978264047007631, 0.11421606808957256, 6.65797606944009, 0.29785368715953886, -1.0063710636522707, 9.895476685900526, 2.0446493663805656, 2.6704891435072153, 1.5804004931530113, 2.044653604279446, 0.07587784996020652, -10.175799638799324, -0.15073848687521188, 0.0051244908381541665, 0.2314573018603538, -0.17358746896982788, -0.053802841168061756, 0.07114532573114657, -0.330350291252156, -0.10742382780675645, 0.06036789837002918, 0.07587784996020652, 0.15475503054739198, 2.922796878096232, 5.491111488162789, -7.648281539663966, -4.8958375515474355, -2.097572375372104, -15.236321099277156, -12.679071007173487, -9.898400268510102, -10.175799638799324], "data_imag": [2.9544983921863307e-18, 1.0909933534598967e-17, 0.0, 0.0, 0.0, 0.0, 0.0, 0.0, 0.0, 0.0, 0.0, 0.0, 0.0, 0.0, 0.0, 0.0, 0.0, 0.0, 0.0, 0.0, 0.0, 0.0, 0.0, 0.0, 0.0, 0.0, 0.0, 0.0, 0.0, 0.0, 0.0, 0.0, 0.0, 0.0, 0.0, 0.0, 0.0, 0.0, 0.0, 0.0, 0.0, 0.0, 0.0, 0.0, 0.0, 0.0, 0.0, 0.0]}, {"time": 10.149999999999999, "step_sample_count": 262144, "data": [0.6025464747047268, 0.6759851791623954, -2.167497929295981, 1.0872681068326824, 0.7699757125375946, 1.3960380179331286, -2.3642204467005765, 0.7699585051667516, 0.3397970435311915, -1.707095374026915, 1.2965630948384823, -1.671694725713816, 0.2568593391748275, 1.2965554873157348, 4.190381953024514, 1.2606709213810217, 0.3567603845615029, -0.0701978404837606, 7.203032263111279, 0.35678766710176935, -0.9688869973242369, 10.199927992175384, 2.0516491587894623, 2.714083066113885, 1.7231420932511, 2.0516533959141805, 0.0695626956094259, -10.541034102795928, -0.1599793487381414, 0.0037200620316104717, 0.25664292323973187, -0.18703272929891343, -0.051852757719075694, 0.09045943237703574, -0.34981941609061684, -0.10168612120295734, 0.07639815567202368, 0.0695626956094259, 0.14160010164022202, 3.0229325272402994, 5.6661493004603125, -7.928959031038047, -5.068397815493506, -2.161411378146434, -15.755291990630248, -13.122851418956278, -10.229628942893704, -10.541034102795928], "data_imag": [2.8190485452335404e-18, 1.8002338684277192e-17, 0.0, 0.0, 0.0, 0.0, 0.0, 0.0, 0.0, 0.0, 0.0, 0.0, 0.0, 0.0, 0.0, 0.0, 0.0, 0.0, 0.0, 0.0, 0.0, 0.0, 0.0, 0.0, 0.0, 0.0, 0.0, 0.0, 0.0, 0.0, 0.0, 0.0, 0.0, 0.0, 0.0, 0.0, 0.0, 0.0, 0.0, 0.0, 0.0, 0.0, 0.0, 0.0, 0.0, 0.0, 0.0, 0.0]}, {"time": 10.5, "step_sample_count": 262144, "data": [0.6008679521234324, 0.6713759115933264, -2.249976774809294, 0.9501940259164844, 0.7860009991859733, 1.2444438986691513, -2.4226425386464157, 0.7859837919180549, 0.30473715608520024, -1.7035165312204883, 1.3059869885079651, -1.8877927385618087, 0.4377878709494101, 1.305979381016833, 4.211178890502522, 1.5171393633470114, 0.40675325965858955, -0.2865607071615701, 7.758311051117678, 0.4067805420766199, -0.9936018790181812, 10.590915593655831, 2.0580787755471306, 2.70098079734867, 1.9459017583546128, 2.058083012671849, 0.05591135150780415, -10.905955484009864, -0.16169490879911833, 0.0127436771716457, 0.28723841528782396, -0.19532699512312146, -0.046457708395278664, 0.11213642130605816, -0.3670854867692424, -0.09921967627487556, 0.09221696123984488, 0.05591135150780415, 0.12631230165833363, 3.1230249040961997, 5.848198798473242, -8.212030381082386, -5.241060626033857, -2.2228821638980234, -16.281899898442536, -13.566502278877314, -10.558669328271879, -10.905955484009864], "data_imag": [2.500806735604687e-18, 3.768195436404954e-17, 0.0, 0.0, 0.0, 0.0, 0.0, 0.0, 0.0, 0.0, 0.0, 0.0, 0.0, 0.0, 0.0, 0.0, 0.0, 0.0, 0.0, 0.0, 0.0, 0.0, 0.0, 0.0, 0.0, 0.0, 0.0, 0.0, 0.0, 0.0, 0.0, 0.0, 0.0, 0.0, 0.0, 0.0, 0.0, 0.0, 0.0, 0.0, 0.0, 0.0, 0.0, 0.0, 0.0, 0.0, 0.0, 0.0]}, {"time": 10.85, "step_sample_count": 262144, "data": [0.5991508225200107, 0.6654392715390851, -2.3822553522402337, 0.7486863055105273, 0.8063228860002036, 1.0947378036064592, -2.59891142054789, 0.8063056784278514, 0.18770114751913952, -1.6637694115193056, 1.3113880577582493, -2.0425999651013447, 0.5095698533643671, 1.3113804500758277, 4.250735267461602, 1.7169356668658264, 0.4430794712505392, -0.5604782100249027, 8.337902764311483, 0.44310675403527783, -1.1091813342127104, 11.109739864064199, 2.0613601332045275, 2.657904267098415, 2.2309295849756934, 2.0613643706144638, 0.03561520069235825, -11.267494277526092, -0.1554799706698076, 0.031012926982272017, 0.32114639857909594, -0.1964346120730503, -0.03765671080987999, 0.13333617453382593, -0.38062021426291, -0.09923438662112236, 0.10679501059373239, 0.03561520069235825, 0.10922394144698733, 3.225310971030375, 6.048021358507469, -8.500240438137789, -5.415806205847173, -2.2824098190534214, -16.830085362581343, -14.015668248810844, -10.889232802340064, -11.267494277526092], "data_imag": [-1.6785108282188066e-18, 1.1033758829744006e-17, 0.0, 0.0, 0.0, 0.0, 0.0, 0.0, 0.0, 0.0, 0.0, 0.0, 0.0, 0.0, 0.0, 0.0, 0.0, 0.0, 0.0, 0.0, 0.0, 0.0, 0.0, 0.0, 0.0, 0.0, 0.0, 0.0, 0.0, 0.0, 0.0, 0.0, 0.0, 0.0, 0.0, 0.0, 0.0, 0.0, 0.0, 0.0, 0.0, 0.0, 0.0, 0.0, 0.0, 0.0, 0.0, 0.0]}, {"time": 11.2, "step_sample_count": 262144, "data": [0.5973580943010346, 0.6580155860800241, -2.5789317374670437, 0.5152085461218545, 0.8242485899030448, 0.981792528720985, -2.9113545235107883, 0.8242313820103506, 0.01975663120248916, -1.6294388439156966, 1.31072720835172, -2.1340853063825977, 0.4605180812452543, 1.3107196001033505, 4.295294962343502, 1.869639562320587, 0.4657155802415307, -0.9098593027162312, 8.95699101221883, 0.4657428633726049, -1.3407784622808072, 11.781217449204581, 2.0606779493255654, 2.6198574512467117, 2.539763955678664, 2.0606821872448187, 0.011694246446810157, -11.622454354106848, -0.1415816722442745, 0.05428426602650739, 0.35410785372711456, -0.18927182659756422, -0.026620051315524796, 0.14978781353149906, -0.3892999602434816, -0.10028109662352004, 0.11742090890868663, 0.011694246446810157, 0.0909755113982897, 3.331746789373391, 6.273837597261957, -8.79490859698295, -5.594284959099594, -2.341826470736262, -17.41112962922056, -14.475624568901923, -11.225157608756797, -11.622454354106848], "data_imag": [-2.1975971397500255e-18, -6.027245982831555e-17, 0.0, 0.0, 0.0, 0.0, 0.0, 0.0, 0.0, 0.0, 0.0, 0.0, 0.0, 0.0, 0.0, 0.0, 0.0, 0.0, 0.0, 0.0, 0.0, 0.0, 0.0, 0.0, 0.0, 0.0, 0.0, 0.0, 0.0, 0.0, 0.0, 0.0, 0.0, 0.0, 0.0, 0.0, 0.0, 0.0, 0.0, 0.0, 0.0, 0.0, 0.0, 0.0, 0.0, 0.0, 0.0, 0.0]}, {"time": 11.549999999999999, "step_sample_count": 262144, "data": [0.5954490640189347, 0.6501480036794468, -2.8465013186945063, 0.2894147664812097, 0.8356280615913759, 0.9545620899849323, -3.3776181636311704, 0.8356108532156228, -0.14499107822192525, -1.637421972371026, 1.301058306857138, -2.17687991374735, 0.32405215583677915, 1.3010506990287731, 4.346257057934741, 1.992903937370208, 0.48001971508057045, -1.3403836915799363, 9.640411272050304, 0.4800469986904026, -1.7105224008502524, 12.604443773830592, 2.0594850881500517, 2.6259069152785326, 2.8083054248999, 2.059489325682224, -0.01115492680634074, -11.96888511029345, -0.1206303791203134, 0.07501558560335919, 0.37908363580267446, -0.17324579053072234, -0.015545231606757005, 0.15605281009277233, -0.39121092820076414, -0.09952706186309344, 0.11993929043726871, -0.01115492680634074, 0.0730176597961759, 3.4451534884077764, 6.528739021516015, -9.09585487156897, -5.777002363892814, -2.403213501642088, -18.029830089698994, -14.951063429506585, -11.569582544550883, -11.96888511029345], "data_imag": [7.137750191921011e-19, -3.649476448148447e-17, 0.0, 0.0, 0.0, 0.0, 0.0, 0.0, 0.0, 0.0, 0.0, 0.0, 0.0, 0.0, 0.0, 0.0, 0.0, 0.0, 0.0, 0.0, 0.0, 0.0, 0.0, 0.0, 0.0, 0.0, 0.0, 0.0, 0.0, 0.0, 0.0, 0.0, 0.0, 0.0, 0.0, 0.0, 0.0, 0.0, 0.0, 0.0, 0.0, 0.0, 0.0, 0.0, 0.0, 0.0, 0.0, 0.0]}, {"time": 11.899999999999999, "step_sample_count": 262144, "data": [0.5934793384712728, 0.6431341312280017, -3.18960474845202, 0.11998115873732797, 0.8408917738851756, 1.0645353871366616, -4.007351016131469, 0.8408745662975918, -0.23536642205800948, -1.6924108071402393, 1.281207694996635, -2.2063080054126076, 0.20465290587765203, 1.2812000871682754, 4.4156690001461865, 2.131655811902526, 0.49372619246861155, -1.8415443268435951, 10.433167683949184, 0.49375347516167306, -2.219264080963851, 13.548675737867182, 2.065701097007934, 2.6969370716482026, 2.984380306390686, 2.0657053345502927, -0.02797584404143297, -12.307079356848662, -0.09429890862626487, 0.08362039416065972, 0.3862050974689252, -0.14795103725450623, -0.007014101399332126, 0.1468028525874589, -0.38182921644177353, -0.09239358108140339, 0.11085019957597765, -0.02797584404143297, 0.05706980881631131, 3.567883790448649, 6.807910356414288, -9.402140123682564, -5.96311157433446, -2.4672111454952326, -18.680854314197536, -15.443826769314555, -11.923693645744004, -12.307079356848662], "data_imag": [-7.591484568175641e-19, -1.914790426802695e-18, 0.0, 0.0, 0.0, 0.0, 0.0, 0.0, 0.0, 0.0, 0.0, 0.0, 0.0, 0.0, 0.0, 0.0, 0.0, 0.0, 0.0, 0.0, 0.0, 0.0, 0.0, 0.0, 0.0, 0.0, 0.0, 0.0, 0.0, 0.0, 0.0, 0.0, 0.0, 0.0, 0.0, 0.0, 0.0, 0.0, 0.0, 0.0, 0.0, 0.0, 0.0, 0.0, 0.0, 0.0, 0.0, 0.0]}, {"time": 12.25, "step_sample_count": 262144, "data": [0.5917994756243695, 0.638039448538403, -3.5996881338838556, 0.015165158422111219, 0.8441589663680726, 1.340073792239699, -4.8135030028356995, 0.8441417599349736, -0.19279787469427523, -1.761106109029791, 1.253763881206236, -2.257868719990341, 0.232428508952723, 1.2537562733778587, 4.5082549914691805, 2.3798491247230387, 0.5125590078896582, -2.3873395871202403, 11.40520007066564, 0.5125862892381228, -2.808940022375257, 14.56731687895912, 2.0887852800423046, 2.803864970360659, 3.1129584396664187, 2.0887895175031725, -0.035214146748911365, -12.639588816611903, -0.0656509688528632, 0.07272786023535342, 0.3667563203616954, -0.11377082712727969, -0.0030701911230220135, 0.11906191136566607, -0.35610818716845943, -0.07498757506720889, 0.08944623082065298, -0.035214146748911365, 0.04225747735007423, 3.6971208252345593, 7.09705158733974, -9.712321477604798, -6.150788498637838, -2.5326652099387075, -19.347118866561548, -15.948221742558243, -12.28405986422289, -12.639588816611903], "data_imag": [-3.692123026224812e-18, -2.7340468661023706e-17, 0.0, 0.0, 0.0, 0.0, 0.0, 0.0, 0.0, 0.0, 0.0, 0.0, 0.0, 0.0, 0.0, 0.0, 0.0, 0.0, 0.0, 0.0, 0.0, 0.0, 0.0, 0.0, 0.0, 0.0, 0.0, 0.0, 0.0, 0.0, 0.0, 0.0, 0.0, 0.0, 0.0, 0.0, 0.0, 0.0, 0.0, 0.0, 0.0, 0.0, 0.0, 0.0, 0.0, 0.0, 0.0, 0.0]}, {"time": 12.6, "step_sample_count": 262144, "data": [0.5911065480299311, 0.636174645316286, -4.035084088892424, -0.10811263608100279, 0.8504851831676551, 1.7643246520640221, -5.819995734893993, 0.8504679766615608, -0.023513587318075055, -1.8266224686006822, 1.2259080399019142, -2.324075700650205, 0.4105421628919177, 1.22590043207379, 4.637659724286964, 2.812534658214933, 0.5380676606175345, -2.9556732174306117, 12.620619243254376, 0.5380949420678626, -3.3668941724061123, 15.602030734705789, 2.1350021695698724, 2.8772345505943613, 3.325627631327244, 2.135006406979809, -0.03188965690073295, -12.970508768048129, -0.03660358594295688, 0.04335077154069233, 0.32031316239572427, -0.07288321560083931, -0.004553968488985009, 0.07425025836376715, -0.31447545225402135, -0.049147096269431055, 0.05658753521253895, -0.03188965690073295, 0.023215775163851107, 3.8240204875224655, 7.377692406278004, -10.025170795130776, -6.337589791591007, -2.5966386041408924, -20.00579668099094, -16.450971027718612, -12.64134323588072, -12.970508768048129], "data_imag": [-2.4766870720982886e-18, -4.1047377373845444e-17, 0.0, 0.0, 0.0, 0.0, 0.0, 0.0, 0.0, 0.0, 0.0, 0.0, 0.0, 0.0, 0.0, 0.0, 0.0, 0.0, 0.0, 0.0, 0.0, 0.0, 0.0, 0.0, 0.0, 0.0, 0.0, 0.0, 0.0, 0.0, 0.0, 0.0, 0.0, 0.0, 0.0, 0.0, 0.0, 0.0, 0.0, 0.0, 0.0, 0.0, 0.0, 0.0, 0.0, 0.0, 0.0, 0.0]}, {"time": 12.95, "step_sample_count": 262144, "data": [0.5919970155763298, 0.6373576238662847, -4.255628271502781, -0.13073174918410418, 0.8644914020731688, 2.082991331248145, -6.398691050556356, 0.8644742070759307, 0.19534914872614192, -1.9173011656163363, 1.2094237403260157, -2.364151766883393, 0.5894515853055342, 1.2094161446842475, 4.610221717652489, 3.147676710644661, 0.5668811466981513, -3.289255926007771, 13.330057101781566, 0.5669084140302111, -3.803247229970814, 16.576263258262355, 2.2019523982288427, 2.887092827379596, 3.6718649410408593, 2.201956620787095, -0.019859764588094044, -13.304583449284364, -0.02692666517496038, 0.005830095876117991, 0.27545542058287936, -0.04885255845841546, -0.011538557205490676, 0.03785799995055991, -0.28349339286003794, -0.02362613579409046, 0.03387619810763794, -0.019859764588094044, 0.021014268607257296, 3.941233907779496, 7.612760475174365, -10.31464075414138, -6.520489988627368, -2.6803158817024753, -20.61468350970649, -16.93940200414673, -13.011784248171843, -13.304583449284364], "data_imag": [4.34955306765987e-18, 8.017055798074693e-18, 0.0, 0.0, 0.0, 0.0, 0.0, 0.0, 0.0, 0.0, 0.0, 0.0, 0.0, 0.0, 0.0, 0.0, 0.0, 0.0, 0.0, 0.0, 0.0, 0.0, 0.0, 0.0, 0.0, 0.0, 0.0, 0.0, 0.0, 0.0, 0.0, 0.0, 0.0, 0.0, 0.0, 0.0, 0.0, 0.0, 0.0, 0.0, 0.0, 0.0, 0.0, 0.0, 0.0, 0.0, 0.0, 0.0]}, {"time": 13.299999999999999, "step_sample_count": 262144, "data": [0.5941235585187539, 0.6393324326963904, -4.22845435032615, -0.018220185817780864, 0.8917115631361071, 2.2174118843224546, -6.399481457893368, 0.8916943681745969, 0.3789198777876811, -2.0347668321191854, 1.2096221794429896, -2.346437143837756, 0.6480457713128374, 1.2096145837729737, 4.393059453148775, 3.267913427122327, 0.5932295676349983, -3.3442249345773765, 13.337036430812512, 0.593256835109667, -4.1015771945419806, 17.405608063737912, 2.2765471666522554, 2.8450446933156432, 4.073231545591135, 2.2765513892410665, -0.004274689899290227, -13.64568943948787, -0.038377921030564414, -0.0277986547830108, 0.2444701316252637, -0.045633907666388154, -0.02183877696414663, 0.019047301440457493, -0.2700166342831952, -0.005617470763319763, 0.028362944415518652, -0.004274689899290227, 0.03987567750417617, 4.048700113066115, 7.797714833777501, -10.57582158546889, -6.698960169715055, -2.784933610335932, -21.1654683810259, -17.410216651665184, -13.395866458136824, -13.64568943948787], "data_imag": [-7.510123206161265e-19, -2.6994743801160756e-17, 0.0, 0.0, 0.0, 0.0, 0.0, 0.0, 0.0, 0.0, 0.0, 0.0, 0.0, 0.0, 0.0, 0.0, 0.0, 0.0, 0.0, 0.0, 0.0, 0.0, 0.0, 0.0, 0.0, 0.0, 0.0, 0.0, 0.0, 0.0, 0.0, 0.0, 0.0, 0.0, 0.0, 0.0, 0.0, 0.0, 0.0, 0.0, 0.0, 0.0, 0.0, 0.0, 0.0, 0.0, 0.0, 0.0]}, {"time": 13.649999999999999, "step_sample_count": 262144, "data": [0.5967666354675674, 0.6404712990106013, -4.171585602363979, 0.056965653581143576, 0.9285116297288626, 2.3428819165751444, -6.399872081863826, 0.9284944347679612, 0.4823208614943365, -2.1558960490780996, 1.226731865418628, -2.263225981458187, 0.5557199565011844, 1.2267242697486118, 4.1953345183912045, 3.403928390581783, 0.6127828375974875, -3.3656581022957273, 13.342405726396537, 0.6128101051230879, -4.285361110867754, 18.05012608771753, 2.346582453617395, 2.7743380213066793, 4.440789761135111, 2.3465866761349017, 0.009551866678391923, -13.994274480342101, -0.04789310449163575, -0.05059290525140267, 0.21169310671383565, -0.04072226561106812, -0.03162707548832096, 0.0008606809237184307, -0.25235471389209385, 0.003499708974273545, 0.02263319418153725, 0.009551866678391923, 0.05635577885085474, 4.150008457222247, 7.963471174466178, -10.83387547673943, -6.874261062317955, -2.885368164781315, -21.689216199522384, -17.86756722057617, -13.770048921012439, -13.994274480342101], "data_imag": [-6.799257617842427e-19, 2.820710795182938e-17, 0.0, 0.0, 0.0, 0.0, 0.0, 0.0, 0.0, 0.0, 0.0, 0.0, 0.0, 0.0, 0.0, 0.0, 0.0, 0.0, 0.0, 0.0, 0.0, 0.0, 0.0, 0.0, 0.0, 0.0, 0.0, 0.0, 0.0, 0.0, 0.0, 0.0, 0.0, 0.0, 0.0, 0.0, 0.0, 0.0, 0.0, 0.0, 0.0, 0.0, 0.0, 0.0, 0.0, 0.0, 0.0, 0.0]}, {"time": 14.0, "step_sample_count": 262144, "data": [0.5997016436937792, 0.6404182326269064, -4.105081410517732, 0.09708305063771518, 0.9684346913459194, 2.4417905059631146, -6.399724712497539, 0.9684174963045404, 0.48443822935899333, -2.2546802818457103, 1.2567468542636047, -2.12428693121779, 0.3265820780188709, 1.256739258516286, 3.9807462488246115, 3.5838401040061547, 0.62222918463377, -3.3595174772787306, 13.345721701732945, 0.6222564520473206, -4.385584821313906, 18.523218647029303, 2.4000082552093422, 2.7079233886875533, 4.720488761365287, 2.4000124777064764, 0.01791675039081643, -14.348468127758935, -0.05323989927064779, -0.06014339653917394, 0.18105347438921957, -0.03235007844944229, -0.03863166186404504, -0.014675919960747595, -0.23028563048733366, 0.004959654042378312, 0.018247613522280503, 0.01791675039081643, 0.07163020035776534, 4.249122214963244, 8.119087278295556, -11.090878064373335, -7.047540115649453, -2.98178666211293, -22.1972825712492, -18.317680756995472, -14.137709542793107, -14.348468127758935], "data_imag": [-3.840679795587331e-18, -1.5841948296119245e-17, 0.0, 0.0, 0.0, 0.0, 0.0, 0.0, 0.0, 0.0, 0.0, 0.0, 0.0, 0.0, 0.0, 0.0, 0.0, 0.0, 0.0, 0.0, 0.0, 0.0, 0.0, 0.0, 0.0, 0.0, 0.0, 0.0, 0.0, 0.0, 0.0, 0.0, 0.0, 0.0, 0.0, 0.0, 0.0, 0.0, 0.0, 0.0, 0.0, 0.0, 0.0, 0.0, 0.0, 0.0, 0.0, 0.0]}], "random_generator": {"seed": "very_nice_seed"}, "realworld_total_calculation_time": 4144.878}