{"hamiltonian": {"U": 1.0, "E": 0.8, "J": 0.1, "phi": 2.5132741228718345, "type": "FirstOrderVariationalClassicalNetworkHamiltonian", "eta_calculation_sampler": {"system_geometry": {"type": "SquareSystemNonPeriodicState", "size": 2}, "initial_system_state": {"type": "HomogenousInitialSystemState"}, "type": "ExactSampler"}, "psi_selection": {"type": "SquareDirectionDependentAllSameFirstOrder", "number_of_psis": 12, "J": 0.1}, "random_generator": {"seed": "46954944"}, "init_sigma": 1e-05, "pseudo_inverse_cutoff": 1e-10, "effective_time_step_size": 0.010080645161290322, "number_workers": 16, "variational_step_fraction_multiplier": 32, "ue_might_change": true, "ue_variational": true}, "start_time": 0.0, "time_step": 0.3225806451612903, "number_of_time_steps": 31, "sampler": {"system_geometry": {"type": "SquareSystemNonPeriodicState", "size": 2}, "initial_system_state": {"type": "HomogenousInitialSystemState"}, "type": "ExactSampler"}, "observables": [{"type": "Energy", "label": "Energy per site"}, {"type": "EnergyVariance", "label": "Energy Variance per site"}, {"type": "VCNFactor", "label": "Re-Part of VCN Parameter 0", "param_real_part": true, "param_index": 0, "can_return_value": true}, {"type": "VCNFactor", "label": "Re-Part of VCN Parameter 1", "param_real_part": true, "param_index": 1, "can_return_value": true}, {"type": "VCNFactor", "label": "Re-Part of VCN Parameter 2", "param_real_part": true, "param_index": 2, "can_return_value": true}, {"type": "VCNFactor", "label": "Re-Part of VCN Parameter 3", "param_real_part": true, "param_index": 3, "can_return_value": true}, {"type": "VCNFactor", "label": "Re-Part of VCN Parameter 4", "param_real_part": true, "param_index": 4, "can_return_value": true}, {"type": "VCNFactor", "label": "Re-Part of VCN Parameter 5", "param_real_part": true, "param_index": 5, "can_return_value": true}, {"type": "VCNFactor", "label": "Re-Part of VCN Parameter 6", "param_real_part": true, "param_index": 6, "can_return_value": true}, {"type": "VCNFactor", "label": "Re-Part of VCN Parameter 7", "param_real_part": true, "param_index": 7, "can_return_value": true}, {"type": "VCNFactor", "label": "Re-Part of VCN Parameter 8", "param_real_part": true, "param_index": 8, "can_return_value": true}, {"type": "VCNFactor", "label": "Re-Part of VCN Parameter 9", "param_real_part": true, "param_index": 9, "can_return_value": true}, {"type": "VCNFactor", "label": "Re-Part of VCN Parameter 10", "param_real_part": true, "param_index": 10, "can_return_value": true}, {"type": "VCNFactor", "label": "Re-Part of VCN Parameter 11", "param_real_part": true, "param_index": 11, "can_return_value": true}, {"type": "VCNFactor", "label": "Im-Part of VCN Parameter 0", "param_real_part": false, "param_index": 0, "can_return_value": true}, {"type": "VCNFactor", "label": "Im-Part of VCN Parameter 1", "param_real_part": false, "param_index": 1, "can_return_value": true}, {"type": "VCNFactor", "label": "Im-Part of VCN Parameter 2", "param_real_part": false, "param_index": 2, "can_return_value": true}, {"type": "VCNFactor", "label": "Im-Part of VCN Parameter 3", "param_real_part": false, "param_index": 3, "can_return_value": true}, {"type": "VCNFactor", "label": "Im-Part of VCN Parameter 4", "param_real_part": false, "param_index": 4, "can_return_value": true}, {"type": "VCNFactor", "label": "Im-Part of VCN Parameter 5", "param_real_part": false, "param_index": 5, "can_return_value": true}, {"type": "VCNFactor", "label": "Im-Part of VCN Parameter 6", "param_real_part": false, "param_index": 6, "can_return_value": true}, {"type": "VCNFactor", "label": "Im-Part of VCN Parameter 7", "param_real_part": false, "param_index": 7, "can_return_value": true}, {"type": "VCNFactor", "label": "Im-Part of VCN Parameter 8", "param_real_part": false, "param_index": 8, "can_return_value": true}, {"type": "VCNFactor", "label": "Im-Part of VCN Parameter 9", "param_real_part": false, "param_index": 9, "can_return_value": true}, {"type": "VCNFactor", "label": "Im-Part of VCN Parameter 10", "param_real_part": false, "param_index": 10, "can_return_value": true}, {"type": "VCNFactor", "label": "Im-Part of VCN Parameter 11", "param_real_part": false, "param_index": 11, "can_return_value": true}, {"type": "BaseEnergyFactor", "label": "Re-Part of BE-Factor U", "param_real_part": true, "param_index": -1, "can_return_value": true, "kind": "U"}, {"type": "BaseEnergyFactor", "label": "Im-Part of BE-Factor U", "param_real_part": false, "param_index": -1, "can_return_value": true, "kind": "U"}, {"type": "BaseEnergyFactor", "label": "Re-Part of BE-Factor eps-0", "param_real_part": true, "param_index": 0, "can_return_value": true, "kind": "eps"}, {"type": "BaseEnergyFactor", "label": "Re-Part of BE-Factor eps-1", "param_real_part": true, "param_index": 1, "can_return_value": true, "kind": "eps"}, {"type": "BaseEnergyFactor", "label": "Re-Part of BE-Factor eps-2", "param_real_part": true, "param_index": 2, "can_return_value": true, "kind": "eps"}, {"type": "BaseEnergyFactor", "label": "Re-Part of BE-Factor eps-3", "param_real_part": true, "param_index": 3, "can_return_value": true, "kind": "eps"}, {"type": "BaseEnergyFactor", "label": "Re-Part of BE-Factor eps-4", "param_real_part": true, "param_index": 4, "can_return_value": true, "kind": "eps"}, {"type": "BaseEnergyFactor", "label": "Im-Part of BE-Factor eps-0", "param_real_part": false, "param_index": 0, "can_return_value": true, "kind": "eps"}, {"type": "BaseEnergyFactor", "label": "Im-Part of BE-Factor eps-1", "param_real_part": false, "param_index": 1, "can_return_value": true, "kind": "eps"}, {"type": "BaseEnergyFactor", "label": "Im-Part of BE-Factor eps-2", "param_real_part": false, "param_index": 2, "can_return_value": true, "kind": "eps"}, {"type": "BaseEnergyFactor", "label": "Im-Part of BE-Factor eps-3", "param_real_part": false, "param_index": 3, "can_return_value": true, "kind": "eps"}, {"type": "BaseEnergyFactor", "label": "Im-Part of BE-Factor eps-4", "param_real_part": false, "param_index": 4, "can_return_value": true, "kind": "eps"}], "measurements": [{"time": 0.0, "step_sample_count": 256, "data": [0.06150994716214185, 0.23217153648874098, -2.409211346512654e-05, 1.3364613742072939e-05, 1.5426940819682473e-06, -2.3095526437844924e-06, 2.9577584621232426e-06, -1.5668367408516222e-05, 1.0073359691169309e-05, -1.2604172898632618e-05, -1.1358230129747497e-05, 3.80637423358691e-06, 2.8480717089983352e-06, -1.895923534861108e-05, -1.1357545410297846e-05, 4.318272037258513e-06, -1.4618044943022195e-05, 1.2968369814907847e-06, -2.4229613465669603e-06, 1.2658790972584678e-05, -4.320935634434884e-06, -4.807979398987998e-06, -1.0283182688040512e-05, 1.5791125000597532e-06, 1.6795899010380995e-05, -6.0341603244068835e-06, 7.2706396032623796e-06, -2.5990623020784137e-06, 2.105483127674879e-05, 1.1085069673905734e-05, -9.132533945527703e-06, -1.2101228867378676e-06, 7.2706396032623796e-06, -5.612770751019133e-06, -2.3901402852107364e-06, -7.7877375531777e-06, 4.464171819755137e-06, -2.5990623020784137e-06], "data_imag": [-8.271351266177394e-25, 4.0701630347366896e-25, 0.0, 0.0, 0.0, 0.0, 0.0, 0.0, 0.0, 0.0, 0.0, 0.0, 0.0, 0.0, 0.0, 0.0, 0.0, 0.0, 0.0, 0.0, 0.0, 0.0, 0.0, 0.0, 0.0, 0.0, 0.0, 0.0, 0.0, 0.0, 0.0, 0.0, 0.0, 0.0, 0.0, 0.0, 0.0, 0.0]}, {"time": 0.3225806451612903, "step_sample_count": 256, "data": [0.06162865202457711, 0.2323840478564372, 0.00453849641600199, -0.04561721625469912, 0.05817930471521715, 0.005149123403316189, -0.044936430854185604, 0.05816209365372412, 0.0050959723100951594, -0.045282907004254636, 0.05841977106754571, 0.004662788220115135, -0.04577199785246852, 0.058412170062325484, 0.31222774246611856, 0.3049517168598143, 0.3098587781196109, 0.32604698224983875, 0.3326187296487588, 0.30988605495555865, 0.3251947748426868, 0.3298894838275256, 0.3108656457825991, 0.31517904329609947, 0.3097956956909123, 0.310869894804965, 0.0014799476920170204, -0.3231348898431245, -0.0018270958968208033, 0.004562480390146621, -0.006515221612606478, -0.00010647842548711266, 0.0014799476920170204, 0.0004115358536370578, 0.20781759642275005, -0.15027461632431463, 0.05713819184884495, -0.3231348898431245], "data_imag": [4.734586843387404e-19, -2.3342896404101083e-19, 0.0, 0.0, 0.0, 0.0, 0.0, 0.0, 0.0, 0.0, 0.0, 0.0, 0.0, 0.0, 0.0, 0.0, 0.0, 0.0, 0.0, 0.0, 0.0, 0.0, 0.0, 0.0, 0.0, 0.0, 0.0, 0.0, 0.0, 0.0, 0.0, 0.0, 0.0, 0.0, 0.0, 0.0, 0.0, 0.0]}, {"time": 0.6451612903225806, "step_sample_count": 256, "data": [0.06171515079003519, 0.23266481500626918, 0.01632812190856495, -0.18417626138616597, 0.21015720836701893, 0.018252460549804835, -0.18102929326663708, 0.21013999730551827, 0.018350068602033514, -0.18536947292852515, 0.2139209035514082, 0.01700549946388593, -0.18771894918884885, 0.21391330254619678, 0.6252473109995402, 0.5632487032538278, 0.5496970666644768, 0.6097746217741874, 0.6625399136612609, 0.5497243435004473, 0.6201644936430133, 0.6576828205863094, 0.5567391456069057, 0.6317652493756201, 0.5852137976095481, 0.556743394629283, 0.005422437633938307, -0.6493881765662106, -0.006933533184852522, 0.018354436021612887, -0.025481590136622843, -0.00017229616179876124, 0.005422437633938307, 0.0015780697144202088, 0.42064622187739065, -0.30290107168844255, 0.11617233092080631, -0.6493881765662106], "data_imag": [1.9139894184282518e-19, -9.449771645506509e-20, 0.0, 0.0, 0.0, 0.0, 0.0, 0.0, 0.0, 0.0, 0.0, 0.0, 0.0, 0.0, 0.0, 0.0, 0.0, 0.0, 0.0, 0.0, 0.0, 0.0, 0.0, 0.0, 0.0, 0.0, 0.0, 0.0, 0.0, 0.0, 0.0, 0.0, 0.0, 0.0, 0.0, 0.0, 0.0, 0.0]}, {"time": 0.967741935483871, "step_sample_count": 256, "data": [0.061767591922733935, 0.232620370032795, 0.026041694213875533, -0.4042796128781321, 0.3945244566804572, 0.03329015732293648, -0.4006078678899595, 0.39450724561896133, 0.03447868465167959, -0.42135439389904517, 0.41100215534681983, 0.02981400975045499, -0.42475339055844996, 0.41099455434158194, 0.9447810276669806, 0.7182399644887445, 0.6872126022033055, 0.81080635959453, 0.9801033214100097, 0.6872398790392644, 0.8558205032166588, 0.9743712426844874, 0.705999672444921, 0.9560791540927216, 0.7811983327883728, 0.7060039214673101, 0.009969546947980272, -0.9801130076485872, -0.013648128955726745, 0.040881862910736665, -0.05404680072489325, 0.0005094839232090137, 0.009969546947980272, 0.0035851950458423657, 0.6430020428806756, -0.46112604789933775, 0.17830033570712805, -0.9801130076485872], "data_imag": [4.640149750124241e-19, -2.2928870098084005e-19, 0.0, 0.0, 0.0, 0.0, 0.0, 0.0, 0.0, 0.0, 0.0, 0.0, 0.0, 0.0, 0.0, 0.0, 0.0, 0.0, 0.0, 0.0, 0.0, 0.0, 0.0, 0.0, 0.0, 0.0, 0.0, 0.0, 0.0, 0.0, 0.0, 0.0, 0.0, 0.0, 0.0, 0.0, 0.0, 0.0]}, {"time": 1.2903225806451613, "step_sample_count": 256, "data": [0.06169687934890817, 0.23180627863550696, 0.011127777109288542, -0.6600426205427541, 0.5533202610876455, 0.05090956234777555, -0.6818226297653089, 0.5533030500261347, 0.053032691858358114, -0.7460569420546287, 0.5967403831384425, 0.027342721758825676, -0.7339202695755391, 0.5967327821332222, 1.2836817149760906, 0.7051852736999387, 0.7368410874487308, 0.8968547456698456, 1.2666017459113026, 0.7368683642846978, 1.0078151658049714, 1.2612509049167124, 0.768837209066926, 1.3033573312163944, 0.8387125848955183, 0.7688414580892993, 0.012819575270411344, -1.3136683344614641, -0.01977257531610793, 0.07016204400419404, -0.08762258951750043, 0.002344746848352836, 0.012819575270411344, 0.005417361982625291, 0.8783311384931763, -0.6297105004915248, 0.243227094950415, -1.3136683344614641], "data_imag": [-5.587242700472645e-19, 2.7577235102730283e-19, 0.0, 0.0, 0.0, 0.0, 0.0, 0.0, 0.0, 0.0, 0.0, 0.0, 0.0, 0.0, 0.0, 0.0, 0.0, 0.0, 0.0, 0.0, 0.0, 0.0, 0.0, 0.0, 0.0, 0.0, 0.0, 0.0, 0.0, 0.0, 0.0, 0.0, 0.0, 0.0, 0.0, 0.0, 0.0, 0.0]}, {"time": 1.6129032258064515, "step_sample_count": 256, "data": [0.06134436234913712, 0.2299592019092497, -0.06973758085857633, -0.8404293100847904, 0.6561474295393311, 0.09391824850895414, -0.9793319811203516, 0.656130218477798, 0.09156420167068231, -1.1346437134827467, 0.7424765312017294, -0.02043674023026042, -1.0417739942127549, 0.7424689301964691, 1.6492961986968935, 0.4883846727266155, 0.7371395455522715, 0.8550562158625189, 1.5070250492562245, 0.7371668223882283, 1.0599085245823103, 1.496537678716557, 0.7762640439046131, 1.691405941277904, 0.7012515341626491, 0.7762682929269441, 0.013183852451183118, -1.646783358712817, -0.023551483248521625, 0.10013553940178985, -0.11929563075054966, 0.004433125443584388, 0.013183852451183118, 0.006109871196873754, 1.1280756677654529, -0.8129832914086875, 0.3090111918697635, -1.646783358712817], "data_imag": [-1.4623460426930755e-18, 7.176534841823261e-19, 0.0, 0.0, 0.0, 0.0, 0.0, 0.0, 0.0, 0.0, 0.0, 0.0, 0.0, 0.0, 0.0, 0.0, 0.0, 0.0, 0.0, 0.0, 0.0, 0.0, 0.0, 0.0, 0.0, 0.0, 0.0, 0.0, 0.0, 0.0, 0.0, 0.0, 0.0, 0.0, 0.0, 0.0, 0.0, 0.0]}, {"time": 1.935483870967742, "step_sample_count": 256, "data": [0.060695727390624926, 0.22726782118828645, -0.26635786669497946, -0.7939074346957518, 0.6990154886540385, 0.20310764788556349, -1.2342619555564436, 0.6989982775925032, 0.19187741936460634, -1.5419155542624507, 0.8413474740182895, -0.16222391783316611, -1.2107446973347233, 0.8413398730130526, 2.0130989587122756, 0.14404239298468893, 0.7264946975919363, 0.714377609780685, 1.7190636550668297, 0.7265219744279512, 1.0169677182839076, 1.6740543200479292, 0.7577762022947632, 2.1164945849208494, 0.3713941145653729, 0.7577804513171159, 0.012197080542171715, -1.9771314097983357, -0.0250185533799851, 0.12044023412190179, -0.139776401166653, 0.005758944057156626, 0.012197080542171715, 0.006753249949082874, 1.3882432055301432, -1.0090364058575076, 0.37242911296720066, -1.9771314097983357], "data_imag": [3.5204884040001605e-19, -1.7094288356083995e-19, 0.0, 0.0, 0.0, 0.0, 0.0, 0.0, 0.0, 0.0, 0.0, 0.0, 0.0, 0.0, 0.0, 0.0, 0.0, 0.0, 0.0, 0.0, 0.0, 0.0, 0.0, 0.0, 0.0, 0.0, 0.0, 0.0, 0.0, 0.0, 0.0, 0.0, 0.0, 0.0, 0.0, 0.0, 0.0, 0.0]}, {"time": 2.258064516129032, "step_sample_count": 256, "data": [0.06008935777356864, 0.22458394009260318, -0.5922679444152782, -0.47029825254722124, 0.6933478810303696, 0.39072715277939024, -1.4230430073133378, 0.6933306699688022, 0.3927250613163241, -1.9277312923382883, 0.8969862915340192, -0.44171147595725463, -1.116456984325204, 0.8969786905285908, 2.3024363159661325, -0.12334765225252387, 0.7332249828669067, 0.547662560042712, 1.9589502220555053, 0.7332522597028641, 0.9271797896112254, 1.8246359765392568, 0.7338844956517626, 2.5238356875567, -0.015019550177681503, 0.7338887446742185, 0.011529730116016325, -2.304318830024286, -0.027330390745700484, 0.1237666471349468, -0.1433054766735961, 0.00798510531088354, 0.011529730116016325, 0.008993814819938146, 1.6466940520479907, -1.2060380351012405, 0.43145925433647225, -2.304318830024286], "data_imag": [1.0492346185418007e-18, -5.043826750557765e-19, 0.0, 0.0, 0.0, 0.0, 0.0, 0.0, 0.0, 0.0, 0.0, 0.0, 0.0, 0.0, 0.0, 0.0, 0.0, 0.0, 0.0, 0.0, 0.0, 0.0, 0.0, 0.0, 0.0, 0.0, 0.0, 0.0, 0.0, 0.0, 0.0, 0.0, 0.0, 0.0, 0.0, 0.0, 0.0, 0.0]}, {"time": 2.5806451612903225, "step_sample_count": 256, "data": [0.05992760468686012, 0.22305855808354458, -0.9959181487198105, -0.0058576642790234956, 0.6582342723388583, 0.6108324123374982, -1.5829848951251146, 0.6582170612772649, 0.6750611979921021, -2.3024360510968043, 0.916802579389959, -0.842936851319569, -0.8046119788180208, 0.9167949783845333, 2.4530143616302857, -0.14903551798006628, 0.7748563419645172, 0.41463293072391944, 2.2651782269364977, 0.7748836188005185, 0.8602508505080826, 1.992378887315454, 0.7181823335742926, 2.8301037845796553, -0.25790590380898226, 0.7181865825967437, 0.01199190209080876, -2.6292930079689967, -0.03355987767243542, 0.11425543706259032, -0.1347403645235413, 0.013561818437485761, 0.01199190209080876, 0.011419086091747908, 1.8908485164802682, -1.3905856901969234, 0.4882643623220332, -2.6292930079689967], "data_imag": [2.3011149427214847e-19, -1.1032024530115183e-19, 0.0, 0.0, 0.0, 0.0, 0.0, 0.0, 0.0, 0.0, 0.0, 0.0, 0.0, 0.0, 0.0, 0.0, 0.0, 0.0, 0.0, 0.0, 0.0, 0.0, 0.0, 0.0, 0.0, 0.0, 0.0, 0.0, 0.0, 0.0, 0.0, 0.0, 0.0, 0.0, 0.0, 0.0, 0.0, 0.0]}, {"time": 2.903225806451613, "step_sample_count": 256, "data": [0.060045289398524486, 0.22305043590491985, -1.3976175157152224, 0.4107982096062076, 0.61701607605718, 0.8031905103498763, -1.7608619671693695, 0.6169988649956004, 0.9746653695660225, -2.7104719107361204, 0.9108072134866214, -1.297019111066124, -0.4547649257744678, 0.9107996124813651, 2.4576738763930694, 0.06269249006538025, 0.8576929056185596, 0.3180954020416836, 2.6235252891432475, 0.8577201824546007, 0.8411621138676654, 2.18300436826615, 0.719575865135609, 3.00167843258251, -0.2918709427109337, 0.7195801141581826, 0.013138706669811344, -2.9536025284665186, -0.04318867264914563, 0.10198450289019134, -0.12365148726584753, 0.022538025649515635, 0.013138706669811344, 0.011873203061969859, 2.1186870409232257, -1.5594928953757698, 0.5461928568166876, -2.9536025284665186], "data_imag": [1.705180405970821e-18, -8.191044076256913e-19, 0.0, 0.0, 0.0, 0.0, 0.0, 0.0, 0.0, 0.0, 0.0, 0.0, 0.0, 0.0, 0.0, 0.0, 0.0, 0.0, 0.0, 0.0, 0.0, 0.0, 0.0, 0.0, 0.0, 0.0, 0.0, 0.0, 0.0, 0.0, 0.0, 0.0, 0.0, 0.0, 0.0, 0.0, 0.0, 0.0]}, {"time": 3.225806451612903, "step_sample_count": 256, "data": [0.06001209477320516, 0.22401393172637135, -1.7405553676131824, 0.6762831224673654, 0.5939490952445746, 0.9393991132571602, -1.9741279294166283, 0.5939318841830397, 1.2523721944247008, -3.1887380407254478, 0.892142082332403, -1.7577993583302753, -0.1902198598163584, 0.8921344813271144, 2.358195313117042, 0.40960054365580717, 0.9749522942027072, 0.2288187662693577, 3.0040759654583304, 0.9749795710388287, 0.8503343155870413, 2.3795008468386416, 0.7421081674141414, 3.0663077947045023, -0.18215312747795176, 0.7421124164367072, 0.013898161204287668, -3.278707919507204, -0.05484177043389503, 0.09200975447387559, -0.11398351503635602, 0.034483445464969835, 0.013898161204287668, 0.009913721596705232, 2.3362186307335415, -1.7177915714070393, 0.6068486118236155, -3.278707919507204], "data_imag": [7.577314424957454e-19, -3.6378440911753707e-19, 0.0, 0.0, 0.0, 0.0, 0.0, 0.0, 0.0, 0.0, 0.0, 0.0, 0.0, 0.0, 0.0, 0.0, 0.0, 0.0, 0.0, 0.0, 0.0, 0.0, 0.0, 0.0, 0.0, 0.0, 0.0, 0.0, 0.0, 0.0, 0.0, 0.0, 0.0, 0.0, 0.0, 0.0, 0.0, 0.0]}, {"time": 3.5483870967741935, "step_sample_count": 256, "data": [0.05984691085710178, 0.22547548709620951, -2.006957492844405, 0.7701476979719245, 0.6067150397862209, 1.019815429066825, -2.2260025483436916, 0.6066978287246849, 1.5096737037956842, -3.78385426566791, 0.8747075694913983, -2.231032423049226, -0.05002288144715207, 0.8746999684861166, 2.2060405453697887, 0.7976762453034701, 1.1070090567975668, 0.12141188731643938, 3.3909565455953325, 1.107036333633655, 0.870219558867161, 2.5622540149820585, 0.7837933008061373, 3.053756645617146, 0.0033025121426460743, 0.7837975498287342, 0.013117649572076685, -3.6052596678593565, -0.06846726297389653, 0.08357221933048468, -0.10392413711362647, 0.050147332075037396, 0.013117649572076685, 0.005098772180106909, 2.5493625577890864, -1.87108108520272, 0.6711278943505041, -3.6052596678593565], "data_imag": [-3.6528960018836687e-19, 1.7489163311599628e-19, 0.0, 0.0, 0.0, 0.0, 0.0, 0.0, 0.0, 0.0, 0.0, 0.0, 0.0, 0.0, 0.0, 0.0, 0.0, 0.0, 0.0, 0.0, 0.0, 0.0, 0.0, 0.0, 0.0, 0.0, 0.0, 0.0, 0.0, 0.0, 0.0, 0.0, 0.0, 0.0, 0.0, 0.0, 0.0, 0.0]}, {"time": 3.870967741935484, "step_sample_count": 256, "data": [0.05991145978434371, 0.22728401490425126, -2.2029495464798368, 0.7051343191748004, 0.6582423347569603, 1.0553688194409085, -2.521244207858456, 0.6582251236954293, 1.768745086801442, -4.575327729544303, 0.8685862916236756, -2.7523557462936816, -0.05489109202656017, 0.8685786906184112, 2.036006755930298, 1.1686832919888115, 1.2275326147307266, -0.02056452054286279, 3.778279875454819, 1.2275598915668418, 0.9042512762838024, 2.680171640541796, 0.83629146863211, 2.956557092645408, 0.22402663716944213, 0.836295717654613, 0.009784011949949118, -3.932920108168667, -0.08503226309668332, 0.0734960830572538, -0.08953335462175492, 0.07122088365160176, 0.009784011949949118, -0.004878628156135682, 2.7614003524367057, -2.023035468920986, 0.7408949631671177, -3.932920108168667], "data_imag": [-7.981346318088422e-19, 3.825392871688592e-19, 0.0, 0.0, 0.0, 0.0, 0.0, 0.0, 0.0, 0.0, 0.0, 0.0, 0.0, 0.0, 0.0, 0.0, 0.0, 0.0, 0.0, 0.0, 0.0, 0.0, 0.0, 0.0, 0.0, 0.0, 0.0, 0.0, 0.0, 0.0, 0.0, 0.0, 0.0, 0.0, 0.0, 0.0, 0.0, 0.0]}, {"time": 4.193548387096774, "step_sample_count": 256, "data": [0.060483269577082305, 0.22930211901866732, -2.3409144227692704, 0.501902012275399, 0.7352634201645741, 1.0609063483921188, -2.866994904135145, 0.7352462091030514, 2.0643039733968, -5.679983681103139, 0.8767870235444192, -3.3644508374211073, -0.2429055760700511, 0.8767794225392147, 1.8630570347675508, 1.4898510488268677, 1.3146523780265138, -0.21149835525487717, 4.163753534781278, 1.314679654862656, 0.9863482766261457, 2.5914143389694897, 0.887860469709978, 2.7166245810495733, 0.4311487255620759, 0.8878647187323978, 0.0033382280355891336, -4.260536926597002, -0.1062497428202161, 0.05715363149382743, -0.06585843655890375, 0.09986093221739575, 0.0033382280355891336, -0.025826342064159465, 2.972263558463075, -2.174531817426195, 0.8208055840634935, -4.260536926597002], "data_imag": [5.410358570275523e-19, -2.6178894073172184e-19, 0.0, 0.0, 0.0, 0.0, 0.0, 0.0, 0.0, 0.0, 0.0, 0.0, 0.0, 0.0, 0.0, 0.0, 0.0, 0.0, 0.0, 0.0, 0.0, 0.0, 0.0, 0.0, 0.0, 0.0, 0.0, 0.0, 0.0, 0.0, 0.0, 0.0, 0.0, 0.0, 0.0, 0.0, 0.0, 0.0]}, {"time": 4.516129032258064, "step_sample_count": 256, "data": [0.06147594727175158, 0.23117305122080653, -2.429088597902881, 0.18265296816782536, 0.8152003500432401, 1.0563362960282006, -3.2699598293946184, 0.8151831389816124, 2.4317292117027502, -7.204749178466872, 0.8952074803341317, -4.090003029658817, -0.6617096486177642, 0.8951998793288585, 1.693102899171059, 1.7418869145411917, 1.3599800917164722, -0.4659912766730153, 4.549709938907258, 1.3600073685528493, 1.2279475743093298, 1.9075506128818405, 0.9286153145396496, 2.1910868087863884, 0.49467456672603377, 0.928619563561837, -0.005992953682487325, -4.586419319432629, -0.1333767267091584, 0.029410815186282538, -0.02812248910835648, 0.13709512727724718, -0.005992953682487325, -0.07164698687877524, 3.1737472394810835, -2.3186944125462694, 0.9231561884193299, -4.586419319432629], "data_imag": [-1.1630481136883564e-18, 5.719958760929244e-19, 0.0, 0.0, 0.0, 0.0, 0.0, 0.0, 0.0, 0.0, 0.0, 0.0, 0.0, 0.0, 0.0, 0.0, 0.0, 0.0, 0.0, 0.0, 0.0, 0.0, 0.0, 0.0, 0.0, 0.0, 0.0, 0.0, 0.0, 0.0, 0.0, 0.0, 0.0, 0.0, 0.0, 0.0, 0.0, 0.0]}, {"time": 4.838709677419355, "step_sample_count": 256, "data": [0.06238582171942177, 0.232365957833022, -2.470311055935412, -0.2231895205257197, 0.8760576905838756, 1.0698592220004473, -3.732735142060093, 0.8760404795220179, 2.702535882603987, -8.611546729716892, 0.9158299586455381, -4.721753275618984, -1.1560450184754292, 0.9158223576407746, 1.54239018794775, 1.9088527230052768, 1.3701163954927817, -0.7953663558692023, 4.948651719795608, 1.3701436723289369, 1.892939099230243, -0.231130944126467, 0.9542643354403042, 1.0981617632091725, 0.1108483041488216, 0.9542685844634264, -0.017065431025338137, -4.9088302911448585, -0.14684922243047646, 0.0048932647565908755, 0.007823483592924743, 0.1622117535798501, -0.017065431025338137, -0.1710264216709207, 3.341624913471662, -2.4326911395471775, 1.0750383935559236, -4.9088302911448585], "data_imag": [8.113190996686638e-19, -4.049184696759284e-19, 0.0, 0.0, 0.0, 0.0, 0.0, 0.0, 0.0, 0.0, 0.0, 0.0, 0.0, 0.0, 0.0, 0.0, 0.0, 0.0, 0.0, 0.0, 0.0, 0.0, 0.0, 0.0, 0.0, 0.0, 0.0, 0.0, 0.0, 0.0, 0.0, 0.0, 0.0, 0.0, 0.0, 0.0, 0.0, 0.0]}, {"time": 5.161290322580645, "step_sample_count": 256, "data": [0.0626901262677153, 0.23248933713114966, -2.4766364885601915, -0.6564755991127196, 0.9037190480025407, 1.1395127868634036, -4.24742466918805, 0.9037018369416759, 2.259485849289369, -7.96599252468066, 0.9309591827727316, -4.588460476884917, -1.105106731602798, 0.9309515817689404, 1.4523214541531493, 1.9805024359390673, 1.361829664310482, -1.200980720257017, 5.393440264173262, 1.3618569411428145, 2.6278879712577656, -2.8193036043946336, 0.9657177497590229, -0.19744630185174172, -0.44742467227256855, 0.9657219987762767, -0.027988209226138747, -5.226711574363906, -0.08200868729596378, 0.042458069329981675, -0.018854886654538626, 0.10856460233023435, -0.027988209226138747, -0.2895555483843578, 3.5120314443410754, -2.5535368803878953, 1.2411890064401907, -5.226711574363906], "data_imag": [8.923424773983812e-19, -4.475285006572031e-19, 0.0, 0.0, 0.0, 0.0, 0.0, 0.0, 0.0, 0.0, 0.0, 0.0, 0.0, 0.0, 0.0, 0.0, 0.0, 0.0, 0.0, 0.0, 0.0, 0.0, 0.0, 0.0, 0.0, 0.0, 0.0, 0.0, 0.0, 0.0, 0.0, 0.0, 0.0, 0.0, 0.0, 0.0, 0.0, 0.0]}, {"time": 5.483870967741935, "step_sample_count": 256, "data": [0.06235379263407158, 0.23173615262335337, -2.490086381373361, -1.0063803871114236, 0.8946545334362743, 1.3077733784016834, -4.788888215375021, 0.8946373223741427, 1.5672433951885865, -6.567614908914007, 0.9351584230016934, -4.10810333941429, -0.9075851698884503, 0.9351508219995603, 1.4716951210347546, 1.997692462934063, 1.3552718768754701, -1.6647264431192133, 5.955083570601149, 1.3552991537088115, 2.7665179631427703, -3.920026510998099, 0.965734371742763, -0.9906492602884582, -0.641103849534266, 0.9657386207587846, -0.03655090452946113, -5.540204921014958, 0.01744665699339207, 0.09251589148939102, -0.06083800784820373, 0.01749626505928007, -0.03655090452946113, -0.359334082798617, 3.750037769200504, -2.7461461087004757, 1.3541338154840035, -5.540204921014958], "data_imag": [9.868408660951772e-19, -4.922661658186105e-19, 0.0, 0.0, 0.0, 0.0, 0.0, 0.0, 0.0, 0.0, 0.0, 0.0, 0.0, 0.0, 0.0, 0.0, 0.0, 0.0, 0.0, 0.0, 0.0, 0.0, 0.0, 0.0, 0.0, 0.0, 0.0, 0.0, 0.0, 0.0, 0.0, 0.0, 0.0, 0.0, 0.0, 0.0, 0.0, 0.0]}, {"time": 5.806451612903226, "step_sample_count": 256, "data": [0.061588988362240166, 0.23076260016410313, -2.5550944356638294, -1.1774253964467807, 0.8549106201229938, 1.5918729937367095, -5.323477572234307, 0.8548934090588489, 1.0488362514520517, -5.494254207174974, 0.9244942398816083, -3.6790291527434884, -0.8032918510643776, 0.9244866388778183, 1.6109300391695471, 2.1168251605461, 1.3688842203571372, -2.143461849786741, 6.755600207215579, 1.3689114971929977, 2.5683253161324804, -4.367556183624652, 0.9578263588885065, -1.4893021992040765, -0.8263986032661264, 0.9578306079065569, -0.040789605668071924, -5.850546231895359, 0.10926805143355652, 0.11203201551285376, -0.077068757397664, -0.07079599201638244, -0.040789605668071924, -0.40218807489753927, 4.025338606852007, -2.979040206248642, 1.4372210285041902, -5.850546231895359], "data_imag": [-5.001097513002419e-19, 2.4641002922138733e-19, 0.0, 0.0, 0.0, 0.0, 0.0, 0.0, 0.0, 0.0, 0.0, 0.0, 0.0, 0.0, 0.0, 0.0, 0.0, 0.0, 0.0, 0.0, 0.0, 0.0, 0.0, 0.0, 0.0, 0.0, 0.0, 0.0, 0.0, 0.0, 0.0, 0.0, 0.0, 0.0, 0.0, 0.0, 0.0, 0.0]}, {"time": 6.129032258064516, "step_sample_count": 256, "data": [0.060621068445946634, 0.2299312657822761, -2.643994368130632, -1.2159116616297985, 0.7975368984321439, 1.9393025017087737, -5.814750416269658, 0.7975196873677899, 0.7533250053849068, -4.665643910882697, 0.8960046472939546, -3.3462813085073173, -0.6159568753144997, 0.8959970462919101, 1.8538516313458218, 2.5072957786997145, 1.4161556098278822, -2.6038792831738604, 7.913465329229808, 1.4161828866640453, 2.2311356077245326, -4.611173753586918, 0.9471455508446358, -1.8336318050711697, -1.1062796311358754, 0.947149799860005, -0.03955302468152401, -6.15959412706242, 0.18171628196865985, 0.1021154359656016, -0.06978079634345519, -0.145714604552753, -0.03955302468152401, -0.43414916185790214, 4.314588003040143, -3.227084977946369, 1.5085205559595545, -6.15959412706242], "data_imag": [3.3110855192451306e-19, -1.6057723351403353e-19, 0.0, 0.0, 0.0, 0.0, 0.0, 0.0, 0.0, 0.0, 0.0, 0.0, 0.0, 0.0, 0.0, 0.0, 0.0, 0.0, 0.0, 0.0, 0.0, 0.0, 0.0, 0.0, 0.0, 0.0, 0.0, 0.0, 0.0, 0.0, 0.0, 0.0, 0.0, 0.0, 0.0, 0.0, 0.0, 0.0]}, {"time": 6.451612903225806, "step_sample_count": 256, "data": [0.05948950184059977, 0.22903279798850731, -2.6634871625895706, -1.218610811986705, 0.7400062987122717, 2.250615569752101, -6.162372917621779, 0.739989087648613, 0.6503429840982011, -3.9745735223176775, 0.8483872497892774, -3.10120444562737, -0.27841003668062403, 0.8483796487838393, 2.1972550697410416, 3.1682703880063605, 1.5030898919148212, -3.0457805494539882, 9.424182170264288, 1.5031171687476423, 1.8846920514540562, -4.725083648573126, 0.9410849723790924, -2.0926706582332395, -1.3506959941628855, 0.9410892214081796, -0.03270784508096244, -6.469389889591426, 0.22644393562169957, 0.07620758970571004, -0.05242452620386613, -0.19889772491550042, -0.03270784508096244, -0.467219598429715, 4.6044361459222625, -3.474933308667431, 1.5821289435023798, -6.469389889591426], "data_imag": [-2.584309035496988e-19, 1.229914056991013e-19, 0.0, 0.0, 0.0, 0.0, 0.0, 0.0, 0.0, 0.0, 0.0, 0.0, 0.0, 0.0, 0.0, 0.0, 0.0, 0.0, 0.0, 0.0, 0.0, 0.0, 0.0, 0.0, 0.0, 0.0, 0.0, 0.0, 0.0, 0.0, 0.0, 0.0, 0.0, 0.0, 0.0, 0.0, 0.0, 0.0]}, {"time": 6.774193548387097, "step_sample_count": 256, "data": [0.058233325803184695, 0.227694819841812, -2.5341152370084323, -1.211977439176656, 0.7017690428806804, 2.4465382148098564, -6.230663906588985, 0.7017518318169409, 0.6629578486878588, -3.3956713564376253, 0.7840248072322401, -2.9139948394233874, 0.12528440790248832, 0.7840172062248729, 2.608843339421456, 3.9547350222096487, 1.6259883721943797, -3.4410604574145256, 11.08091867908979, 1.6260156490251159, 1.5990882687503996, -4.712933009934169, 0.9486008027483026, -2.298254194502032, -1.4583488521122865, 0.9486050517932058, -0.02092694241862543, -6.781700180550997, 0.24213856198975742, 0.05003532522264181, -0.03979347815883692, -0.228136207942103, -0.02092694241862543, -0.504507303944432, 4.884712434928074, -3.7105917441182465, 1.6629434617296837, -6.781700180550997], "data_imag": [-8.782091206816621e-20, 4.0912830278386863e-20, 0.0, 0.0, 0.0, 0.0, 0.0, 0.0, 0.0, 0.0, 0.0, 0.0, 0.0, 0.0, 0.0, 0.0, 0.0, 0.0, 0.0, 0.0, 0.0, 0.0, 0.0, 0.0, 0.0, 0.0, 0.0, 0.0, 0.0, 0.0, 0.0, 0.0, 0.0, 0.0, 0.0, 0.0, 0.0, 0.0]}, {"time": 7.096774193548387, "step_sample_count": 256, "data": [0.057003919080374686, 0.22581755098037556, -2.2587311438359827, -1.2152194750691663, 0.7000854943610516, 2.521041554691189, -6.035402987605344, 0.7000682832951849, 0.7212461058923656, -2.923054315145718, 0.7105967817265761, -2.758734426443099, 0.5027183193932502, 0.7105891807178912, 3.0216600723622835, 4.696991386535232, 1.7703049739544112, -3.728472085968538, 12.583063632317183, 1.7703322507689174, 1.3860417561491707, -4.591686262883312, 0.9779294543433433, -2.4645199114734493, -1.4198221426898825, 0.9779337033758432, -0.005369171200865261, -7.097621248677183, 0.23493340690010786, 0.031077987318287755, -0.03791669394174681, -0.23828522545997927, -0.005369171200865261, -0.5399808764814131, 5.147979689881616, -3.9253218402244894, 1.7460748201121625, -7.097621248677183], "data_imag": [-8.274509655529777e-19, 3.773435830668784e-19, 0.0, 0.0, 0.0, 0.0, 0.0, 0.0, 0.0, 0.0, 0.0, 0.0, 0.0, 0.0, 0.0, 0.0, 0.0, 0.0, 0.0, 0.0, 0.0, 0.0, 0.0, 0.0, 0.0, 0.0, 0.0, 0.0, 0.0, 0.0, 0.0, 0.0, 0.0, 0.0, 0.0, 0.0, 0.0, 0.0]}, {"time": 7.419354838709677, "step_sample_count": 256, "data": [0.05599177293567768, 0.2237056357803514, -1.901715961538373, -1.2684629063453405, 0.7438066446764794, 2.52065140261398, -5.729663681929559, 0.7437894336118975, 0.7841398508552797, -2.5427568477348435, 0.6406070663912642, -2.6116585283663665, 0.8015504614976717, 0.6405994653847085, 3.397235806394345, 5.29266053336226, 1.9126749707239412, -3.885728455347718, 13.766342945248748, 1.9127022475436999, 1.233637923457085, -4.38372443858553, 1.0334660061825856, -2.6051456348726414, -1.256452486318617, 1.0334702552237844, 0.012634910045894825, -7.41745883016995, 0.2142522056310816, 0.018660703050924217, -0.04463685295658645, -0.23749527392306696, 0.012634910045894825, -0.5688413457634073, 5.393462998170155, -4.117799143053584, 1.8270343756182474, -7.41745883016995], "data_imag": [-1.7966030902497e-18, 8.047599382783847e-19, 0.0, 0.0, 0.0, 0.0, 0.0, 0.0, 0.0, 0.0, 0.0, 0.0, 0.0, 0.0, 0.0, 0.0, 0.0, 0.0, 0.0, 0.0, 0.0, 0.0, 0.0, 0.0, 0.0, 0.0, 0.0, 0.0, 0.0, 0.0, 0.0, 0.0, 0.0, 0.0, 0.0, 0.0, 0.0, 0.0]}, {"time": 7.741935483870968, "step_sample_count": 256, "data": [0.0552926341719411, 0.2219333427531952, -1.5153586320396844, -1.3865191860139334, 0.8282227880882344, 2.482546977004811, -5.419427313691406, 0.8282055770249376, 0.8305357515236999, -2.238893045571333, 0.588355396513648, -2.4476404477747233, 0.9906375205317658, 0.588347795506446, 3.7340599071013463, 5.7063069478014175, 2.0276401343011776, -3.9384769344894397, 14.620235434015312, 2.0276674111248867, 1.1285449988771803, -4.107389020608363, 1.1132516442451876, -2.728958545013904, -0.9921852940034618, 1.11325589328426, 0.03184549164241267, -7.740880505534751, 0.1869096682163344, 0.011145854511996268, -0.05707898214236341, -0.23145616270901606, 0.03184549164241267, -0.5905000772802017, 5.625737789883713, -4.2928328818419415, 1.9048020625053834, -7.740880505534751], "data_imag": [2.471872601775071e-18, -1.093410779916746e-18, 0.0, 0.0, 0.0, 0.0, 0.0, 0.0, 0.0, 0.0, 0.0, 0.0, 0.0, 0.0, 0.0, 0.0, 0.0, 0.0, 0.0, 0.0, 0.0, 0.0, 0.0, 0.0, 0.0, 0.0, 0.0, 0.0, 0.0, 0.0, 0.0, 0.0, 0.0, 0.0, 0.0, 0.0, 0.0, 0.0]}, {"time": 8.064516129032258, "step_sample_count": 256, "data": [0.054822326747220124, 0.22104328723554378, -1.1190603772773196, -1.5481648366605278, 0.9351376579000502, 2.421327645481475, -5.118158262808705, 0.9351204468357303, 0.8479514113459276, -2.0008675619119325, 0.5652889713261136, -2.2467424618617273, 1.0476999693444942, 0.5652813703198477, 4.047318078320971, 5.932503826510411, 2.097045066376251, -3.928860590325995, 15.19813890637291, 2.0970723431977936, 1.0598222962530321, -3.7787709693402056, 1.2087941438948617, -2.8327307299420474, -0.6584017287559826, 1.2087983929359603, 0.051262595025497903, -8.06719426956804, 0.15626005408318483, 0.008438628596119371, -0.07417532785118852, -0.22252374464194927, 0.051262595025497903, -0.60631856400718, 5.850948070274887, -4.457366275513455, 1.9798875665322642, -8.06719426956804], "data_imag": [3.1065749546300585e-19, -1.3624773378196765e-19, 0.0, 0.0, 0.0, 0.0, 0.0, 0.0, 0.0, 0.0, 0.0, 0.0, 0.0, 0.0, 0.0, 0.0, 0.0, 0.0, 0.0, 0.0, 0.0, 0.0, 0.0, 0.0, 0.0, 0.0, 0.0, 0.0, 0.0, 0.0, 0.0, 0.0, 0.0, 0.0, 0.0, 0.0, 0.0, 0.0]}, {"time": 8.387096774193548, "step_sample_count": 256, "data": [0.05437216292085535, 0.2212872316682166, -0.7210050326927112, -1.7091944778848374, 1.03886941395938, 2.3456242743039715, -4.798774124624394, 1.038852202895123, 0.8286236994240984, -1.8236291415882666, 0.5761931882850779, -2.001582516954865, 0.9623581839190061, 0.5761855872786049, 4.366257103204906, 5.976191779612582, 2.116914124702974, -3.901560832888515, 15.58063436542287, 2.116941401524732, 1.015332780906443, -3.4153967068031434, 1.3080186789760864, -2.900941112688062, -0.30128981267164845, 1.3080229280167652, 0.07018288174662526, -8.395598739650062, 0.12422677274514324, 0.010835709101428944, -0.09551630961980451, -0.21174445288581784, 0.07018288174662526, -0.6185157353767405, 6.075362771256635, -4.618708835643051, 2.05361551778983, -8.395598739650062], "data_imag": [3.2414804900897327e-19, -1.4099704424954638e-19, 0.0, 0.0, 0.0, 0.0, 0.0, 0.0, 0.0, 0.0, 0.0, 0.0, 0.0, 0.0, 0.0, 0.0, 0.0, 0.0, 0.0, 0.0, 0.0, 0.0, 0.0, 0.0, 0.0, 0.0, 0.0, 0.0, 0.0, 0.0, 0.0, 0.0, 0.0, 0.0, 0.0, 0.0, 0.0, 0.0]}, {"time": 8.709677419354838, "step_sample_count": 256, "data": [0.053797752730460745, 0.2226004220259444, -0.34687140603794775, -1.8018823093666465, 1.1148160967331013, 2.277002960766624, -4.441527683435905, 1.114798885669167, 0.7710328241456452, -1.7042059655974513, 0.6187490732617332, -1.719883509160235, 0.7436002522519076, 0.6187414722551531, 4.72833226017168, 5.850620097909773, 2.098333595766526, -3.896719440970506, 15.860190296856407, 2.0983608725884926, 0.9783592947341343, -3.0385262260787376, 1.3995650165880622, -2.912009054925637, 0.01870366047812482, 1.3995692656286285, 0.08828654466177448, -8.725337538410322, 0.09339122640002832, 0.017114836790543694, -0.11958996757863942, -0.2011394594413216, 0.08828654466177448, -0.6292780771761206, 6.304737531843872, -4.783660633958029, 2.127465098487924, -8.725337538410322], "data_imag": [6.61765377741637e-19, -2.8481192125859644e-19, 0.0, 0.0, 0.0, 0.0, 0.0, 0.0, 0.0, 0.0, 0.0, 0.0, 0.0, 0.0, 0.0, 0.0, 0.0, 0.0, 0.0, 0.0, 0.0, 0.0, 0.0, 0.0, 0.0, 0.0, 0.0, 0.0, 0.0, 0.0, 0.0, 0.0, 0.0, 0.0, 0.0, 0.0, 0.0, 0.0]}, {"time": 9.032258064516128, "step_sample_count": 256, "data": [0.0531415167022072, 0.22468617652179262, -0.04985547275767732, -1.732278932939568, 1.1469637928188825, 2.2576234053654454, -4.049329554810233, 1.1469465817548743, 0.6828885000127877, -1.6361812655206793, 0.6859593536674503, -1.421030393625817, 0.42491557992794937, 0.6859517526613237, 5.151534033404772, 5.605656738207412, 2.063420641053583, -3.9304434088975553, 16.121432198299217, 2.063447917875525, 0.9280676281898769, -2.6733628805283196, 1.4753639340376863, -2.8469201069136614, 0.23570400496740573, 1.4753681830784469, 0.10580215243685091, -9.055762041760396, 0.06752290776104872, 0.023403916573517244, -0.14285686899269778, -0.19457112423839404, 0.10580215243685091, -0.6384667263703774, 6.542319614991856, -4.956388083209299, 2.2007621166355276, -9.055762041760396], "data_imag": [1.7826120719021204e-18, -7.578456735403416e-19, 0.0, 0.0, 0.0, 0.0, 0.0, 0.0, 0.0, 0.0, 0.0, 0.0, 0.0, 0.0, 0.0, 0.0, 0.0, 0.0, 0.0, 0.0, 0.0, 0.0, 0.0, 0.0, 0.0, 0.0, 0.0, 0.0, 0.0, 0.0, 0.0, 0.0, 0.0, 0.0, 0.0, 0.0, 0.0, 0.0]}, {"time": 9.35483870967742, "step_sample_count": 256, "data": [0.05247494979010504, 0.22697553129686152, 0.12145263937721759, -1.4367469933966572, 1.13235640688533, 2.3253498646888913, -3.646274365138897, 1.132339195821494, 0.5829216957558242, -1.6038315445833193, 0.768204113595171, -1.1304985560819176, 0.06655526668709157, 0.7681965125891309, 5.605709635794068, 5.365386036976974, 2.0393811593776827, -3.976321894565719, 16.430727411314393, 2.039408436199653, 0.845403502300675, -2.343736485906013, 1.5308360613532872, -2.6936011613008835, 0.2941040439840885, 1.5308403103940837, 0.12351982842431147, -9.386375460713516, 0.048606393138756664, 0.025232194848270353, -0.16179353940596222, -0.19483661397279542, 0.12351982842431147, -0.64179143380933, 6.78651955476896, -5.1359636950641825, 2.2687801197858897, -9.386375460713516], "data_imag": [1.1613225332915652e-18, -4.875227329967398e-19, 0.0, 0.0, 0.0, 0.0, 0.0, 0.0, 0.0, 0.0, 0.0, 0.0, 0.0, 0.0, 0.0, 0.0, 0.0, 0.0, 0.0, 0.0, 0.0, 0.0, 0.0, 0.0, 0.0, 0.0, 0.0, 0.0, 0.0, 0.0, 0.0, 0.0, 0.0, 0.0, 0.0, 0.0, 0.0, 0.0]}, {"time": 9.67741935483871, "step_sample_count": 256, "data": [0.05166771128870615, 0.22863673211253405, 0.16927984976681465, -0.9705280176771629, 1.0821175311640665, 2.47549444282251, -3.280208329548501, 1.0821003201001218, 0.5007376868552464, -1.5799743998583355, 0.8536062299662743, -0.879691516321036, -0.24246698518650722, 0.8535986289602626, 6.034209860235535, 5.2692015233902705, 2.0522058926521813, -3.9915009852778915, 16.825984198521404, 2.052233169474112, 0.7234062082521184, -2.0606574142454273, 1.5648406449531578, -2.4501835770732368, 0.17395370413540584, 1.5648448939939756, 0.14251180837458755, -9.717023686110688, 0.03279809522892513, 0.021128268851841162, -0.17616134318990767, -0.19926451345943907, 0.14251180837458755, -0.6340977031409814, 7.032588824269418, -5.317777019932654, 2.3262111124977274, -9.717023686110688], "data_imag": [4.860935737147883e-19, -2.009227394079286e-19, 0.0, 0.0, 0.0, 0.0, 0.0, 0.0, 0.0, 0.0, 0.0, 0.0, 0.0, 0.0, 0.0, 0.0, 0.0, 0.0, 0.0, 0.0, 0.0, 0.0, 0.0, 0.0, 0.0, 0.0, 0.0, 0.0, 0.0, 0.0, 0.0, 0.0, 0.0, 0.0, 0.0, 0.0, 0.0, 0.0]}], "random_generator": {"seed": "very_nice_seed"}, "realworld_total_calculation_time": 45.49}