{"hamiltonian": {"U": 1.0, "E": 0.8, "J": 0.1, "phi": 2.5132741228718345, "type": "FirstOrderVariationalClassicalNetworkHamiltonian", "eta_calculation_sampler": {"system_geometry": {"type": "LinearChainNonPeriodicState", "size": 4}, "initial_system_state": {"type": "HomogenousInitialSystemState"}, "type": "ExactSampler"}, "psi_selection": {"type": "ChainDirectionDependentAllSameFirstOrder", "number_of_psis": 6, "J": 0.1}, "random_generator": {"seed": "46954944"}, "init_sigma": 1e-05, "pseudo_inverse_cutoff": 1e-10, "effective_time_step_size": 0.020161290322580645, "number_workers": 16, "variational_step_fraction_multiplier": 16, "ue_might_change": true, "ue_variational": true}, "start_time": 0.0, "time_step": 0.3225806451612903, "number_of_time_steps": 31, "sampler": {"system_geometry": {"type": "LinearChainNonPeriodicState", "size": 4}, "initial_system_state": {"type": "HomogenousInitialSystemState"}, "type": "ExactSampler"}, "observables": [{"type": "Energy", "label": "Energy per site"}, {"type": "EnergyVariance", "label": "Energy Variance per site"}, {"type": "VCNFactor", "label": "Re-Part of VCN Parameter 0", "param_real_part": true, "param_index": 0, "can_return_value": true}, {"type": "VCNFactor", "label": "Re-Part of VCN Parameter 1", "param_real_part": true, "param_index": 1, "can_return_value": true}, {"type": "VCNFactor", "label": "Re-Part of VCN Parameter 2", "param_real_part": true, "param_index": 2, "can_return_value": true}, {"type": "VCNFactor", "label": "Re-Part of VCN Parameter 3", "param_real_part": true, "param_index": 3, "can_return_value": true}, {"type": "VCNFactor", "label": "Re-Part of VCN Parameter 4", "param_real_part": true, "param_index": 4, "can_return_value": true}, {"type": "VCNFactor", "label": "Re-Part of VCN Parameter 5", "param_real_part": true, "param_index": 5, "can_return_value": true}, {"type": "VCNFactor", "label": "Im-Part of VCN Parameter 0", "param_real_part": false, "param_index": 0, "can_return_value": true}, {"type": "VCNFactor", "label": "Im-Part of VCN Parameter 1", "param_real_part": false, "param_index": 1, "can_return_value": true}, {"type": "VCNFactor", "label": "Im-Part of VCN Parameter 2", "param_real_part": false, "param_index": 2, "can_return_value": true}, {"type": "VCNFactor", "label": "Im-Part of VCN Parameter 3", "param_real_part": false, "param_index": 3, "can_return_value": true}, {"type": "VCNFactor", "label": "Im-Part of VCN Parameter 4", "param_real_part": false, "param_index": 4, "can_return_value": true}, {"type": "VCNFactor", "label": "Im-Part of VCN Parameter 5", "param_real_part": false, "param_index": 5, "can_return_value": true}, {"type": "BaseEnergyFactor", "label": "Re-Part of BE-Factor U", "param_real_part": true, "param_index": -1, "can_return_value": true, "kind": "U"}, {"type": "BaseEnergyFactor", "label": "Im-Part of BE-Factor U", "param_real_part": false, "param_index": -1, "can_return_value": true, "kind": "U"}, {"type": "BaseEnergyFactor", "label": "Re-Part of BE-Factor eps-0", "param_real_part": true, "param_index": 0, "can_return_value": true, "kind": "eps"}, {"type": "BaseEnergyFactor", "label": "Re-Part of BE-Factor eps-1", "param_real_part": true, "param_index": 1, "can_return_value": true, "kind": "eps"}, {"type": "BaseEnergyFactor", "label": "Re-Part of BE-Factor eps-2", "param_real_part": true, "param_index": 2, "can_return_value": true, "kind": "eps"}, {"type": "BaseEnergyFactor", "label": "Re-Part of BE-Factor eps-3", "param_real_part": true, "param_index": 3, "can_return_value": true, "kind": "eps"}, {"type": "BaseEnergyFactor", "label": "Re-Part of BE-Factor eps-4", "param_real_part": true, "param_index": 4, "can_return_value": true, "kind": "eps"}, {"type": "BaseEnergyFactor", "label": "Im-Part of BE-Factor eps-0", "param_real_part": false, "param_index": 0, "can_return_value": true, "kind": "eps"}, {"type": "BaseEnergyFactor", "label": "Im-Part of BE-Factor eps-1", "param_real_part": false, "param_index": 1, "can_return_value": true, "kind": "eps"}, {"type": "BaseEnergyFactor", "label": "Im-Part of BE-Factor eps-2", "param_real_part": false, "param_index": 2, "can_return_value": true, "kind": "eps"}, {"type": "BaseEnergyFactor", "label": "Im-Part of BE-Factor eps-3", "param_real_part": false, "param_index": 3, "can_return_value": true, "kind": "eps"}, {"type": "BaseEnergyFactor", "label": "Im-Part of BE-Factor eps-4", "param_real_part": false, "param_index": 4, "can_return_value": true, "kind": "eps"}], "measurements": [{"time": 0.0, "step_sample_count": 256, "data": [0.17499515035564026, 0.4530504236516649, -2.409211346512654e-05, 1.3364613742072939e-05, 1.5426940819682473e-06, -2.3095526437844924e-06, 2.9577584621232426e-06, -1.5668367408516222e-05, 1.0073359691169309e-05, -1.2604172898632618e-05, -1.1358230129747497e-05, 3.80637423358691e-06, 2.8480717089983352e-06, -1.895923534861108e-05, -2.4229613465669603e-06, 1.5791125000597532e-06, -1.1357545410297846e-05, 4.318272037258513e-06, -1.4618044943022195e-05, 1.2968369814907847e-06, -2.4229613465669603e-06, 1.2658790972584678e-05, -4.320935634434884e-06, -4.807979398987998e-06, -1.0283182688040512e-05, 1.5791125000597532e-06], "data_imag": [-1.075387878249898e-23, 1.505501307559791e-23, 0.0, 0.0, 0.0, 0.0, 0.0, 0.0, 0.0, 0.0, 0.0, 0.0, 0.0, 0.0, 0.0, 0.0, 0.0, 0.0, 0.0, 0.0, 0.0, 0.0, 0.0, 0.0, 0.0, 0.0]}, {"time": 0.3225806451612903, "step_sample_count": 256, "data": [0.17518948108141214, 0.45334137180749, 0.003077206417217546, -0.04480541117696866, 0.05319466758294925, 0.0036858178612348864, -0.04478203466495212, 0.05317745652145603, 0.30751195021841715, 0.2995207287863684, 0.31175664213973564, 0.33212523287277157, 0.33731097501271107, 0.31174904113459984, 0.0006551715877011811, -0.32282875551750806, -0.0035865314370497445, -0.00045497894002893266, -0.0005002951250655463, 0.002632245457653912, 0.0006551715877011811, -0.311862002062373, -0.10439159920492877, 0.10457657258019054, 0.31205849218269693, -0.32282875551750806], "data_imag": [-9.520960649858205e-19, 1.3343777245161632e-18, 0.0, 0.0, 0.0, 0.0, 0.0, 0.0, 0.0, 0.0, 0.0, 0.0, 0.0, 0.0, 0.0, 0.0, 0.0, 0.0, 0.0, 0.0, 0.0, 0.0, 0.0, 0.0, 0.0, 0.0]}, {"time": 0.6451612903225806, "step_sample_count": 256, "data": [0.1752986081089124, 0.45377615472889543, 0.00948853152598735, -0.18009204290740768, 0.19726765541243618, 0.015382553671343275, -0.18350548241524148, 0.1972504443509308, 0.6187738901961449, 0.5517458848999969, 0.560762335924026, 0.6261755192013307, 0.6696004959555615, 0.5607547349188596, 0.002390642308882414, -0.6471044964835123, -0.014077781605620563, -0.0014948420303518676, -0.0019587993914974024, 0.0106269420953467, 0.002390642308882414, -0.6254649022341581, -0.20879172894932438, 0.21029776937388073, 0.6269827038424486, -0.6471044964835123], "data_imag": [3.1168517025306797e-19, -4.371038121084175e-19, 0.0, 0.0, 0.0, 0.0, 0.0, 0.0, 0.0, 0.0, 0.0, 0.0, 0.0, 0.0, 0.0, 0.0, 0.0, 0.0, 0.0, 0.0, 0.0, 0.0, 0.0, 0.0, 0.0, 0.0]}, {"time": 0.967741935483871, "step_sample_count": 256, "data": [0.1753162880185896, 0.4540598276433765, 0.008081863634467345, -0.38462542465688115, 0.3781253155597139, 0.03763950543140999, -0.4089257965529829, 0.3781081044981945, 0.9406311949372237, 0.7059652412434319, 0.7144726914028278, 0.8468266457090007, 0.988786517738742, 0.7144650903977006, 0.004354378732866584, -0.9733274191190651, -0.029397582435695846, -0.0021290604710553877, -0.004205979160594849, 0.02307401386469213, 0.004354378732866584, -0.9428486268894176, -0.31343128717107926, 0.3177702011229709, 0.9472038511254198, -0.9733274191190651], "data_imag": [8.806661231342117e-19, -1.2351609255328971e-18, 0.0, 0.0, 0.0, 0.0, 0.0, 0.0, 0.0, 0.0, 0.0, 0.0, 0.0, 0.0, 0.0, 0.0, 0.0, 0.0, 0.0, 0.0, 0.0, 0.0, 0.0, 0.0, 0.0, 0.0]}, {"time": 1.2903225806451613, "step_sample_count": 256, "data": [0.17522364579598632, 0.4538139690306591, -0.02266538242784652, -0.6059686934349883, 0.5426388699271116, 0.08181756102414661, -0.7020130721312084, 0.542621658865552, 1.2818775397130022, 0.7166182146283648, 0.7800074537838002, 0.9683166682120834, 1.2842141539078435, 0.7799998527787279, 0.0057486014911546654, -1.3005528635870636, -0.04638175197131153, -0.0014832573361915086, -0.007030088067697512, 0.037902792876918855, 0.0057486014911546654, -1.266153668596584, -0.418805624431068, 0.4266959100780752, 1.2740822145290231, -1.3005528635870636], "data_imag": [5.689101622791894e-19, -7.974921021195665e-19, 0.0, 0.0, 0.0, 0.0, 0.0, 0.0, 0.0, 0.0, 0.0, 0.0, 0.0, 0.0, 0.0, 0.0, 0.0, 0.0, 0.0, 0.0, 0.0, 0.0, 0.0, 0.0, 0.0, 0.0]}, {"time": 1.6129032258064515, "step_sample_count": 256, "data": [0.1749990131602154, 0.4527979529283929, -0.11491032525747846, -0.7514341574134733, 0.658335420022477, 0.17283697545579058, -1.0278980482452054, 0.6583182089609335, 1.6421653267966716, 0.5743508899971927, 0.7870307984441476, 0.9836178513848227, 1.5532500309067625, 0.78702319743911, 0.006493071887447279, -1.6270675052045933, -0.06121834075213342, 0.0005431853765550945, -0.010315483220555744, 0.051514655355240434, 0.006493071887447279, -1.59628956547674, -0.5253471344427297, 0.5360824277055626, 1.6071122948575138, -1.6270675052045933], "data_imag": [-1.1646893888427808e-18, 1.6305559494852876e-18, 0.0, 0.0, 0.0, 0.0, 0.0, 0.0, 0.0, 0.0, 0.0, 0.0, 0.0, 0.0, 0.0, 0.0, 0.0, 0.0, 0.0, 0.0, 0.0, 0.0, 0.0, 0.0, 0.0, 0.0]}, {"time": 1.935483870967742, "step_sample_count": 256, "data": [0.17471761154686574, 0.45121703414928327, -0.29871150835232746, -0.7241422484961095, 0.713909591604429, 0.3379791150232794, -1.3477586480681665, 0.7138923805428952, 1.9942413343148269, 0.3489783692982842, 0.7696972244654575, 0.9152294729652857, 1.8154061572882472, 0.7696896234604498, 0.007271532979962878, -1.9515717519198108, -0.07065616187661652, 0.003236764229866652, -0.014006572397990224, 0.05998497345660205, 0.007271532979962878, -1.9310150852421868, -0.6329479891549081, 0.6448130414553443, 1.9430293864951422, -1.9515717519198108], "data_imag": [-1.0291065893618545e-18, 1.438424362563555e-18, 0.0, 0.0, 0.0, 0.0, 0.0, 0.0, 0.0, 0.0, 0.0, 0.0, 0.0, 0.0, 0.0, 0.0, 0.0, 0.0, 0.0, 0.0, 0.0, 0.0, 0.0, 0.0, 0.0, 0.0]}, {"time": 2.258064516129032, "step_sample_count": 256, "data": [0.1745558535172909, 0.44974178622999056, -0.5751500794866068, -0.5062633993323218, 0.7125312423693515, 0.5775221121496973, -1.6452946247579914, 0.7125140313077971, 2.2852868430583837, 0.17229971993101845, 0.7581002709916327, 0.8075792926745976, 2.104204920217542, 0.7580926699865701, 0.008888551314781216, -2.2739041652520324, -0.07427444604509717, 0.005548181089941146, -0.017898225744489002, 0.06203411334745091, 0.008888551314781216, -2.2651610578776706, -0.7408686869309496, 0.7522194534474402, 2.2767006465126194, -2.2739041652520324], "data_imag": [4.873762516656501e-19, -6.805950207484441e-19, 0.0, 0.0, 0.0, 0.0, 0.0, 0.0, 0.0, 0.0, 0.0, 0.0, 0.0, 0.0, 0.0, 0.0, 0.0, 0.0, 0.0, 0.0, 0.0, 0.0, 0.0, 0.0, 0.0, 0.0]}, {"time": 2.5806451612903225, "step_sample_count": 256, "data": [0.1745893352169294, 0.4490631360108879, -0.9090760039019636, -0.17993913746396237, 0.6674975345193139, 0.853605869473407, -1.929113673138743, 0.6674803234577419, 2.468527935563649, 0.1408633623267739, 0.7763091405168392, 0.6939922795850242, 2.4352764937370477, 0.7763015395117605, 0.01153228637970676, -2.5950522986977003, -0.07485539010773946, 0.00667954474153997, -0.02152489236685982, 0.06011688422035425, 0.01153228637970676, -2.5941078991096633, -0.8482400467529122, 0.8585033224795203, 2.6045520605753825, -2.5950522986977003], "data_imag": [-1.4887859222115098e-19, 2.0794091555138452e-19, 0.0, 0.0, 0.0, 0.0, 0.0, 0.0, 0.0, 0.0, 0.0, 0.0, 0.0, 0.0, 0.0, 0.0, 0.0, 0.0, 0.0, 0.0, 0.0, 0.0, 0.0, 0.0, 0.0, 0.0]}, {"time": 2.903225806451613, "step_sample_count": 256, "data": [0.17467095406302008, 0.4494297217960174, -1.2545973071235408, 0.14965002860296975, 0.6011803470127322, 1.1145823382332294, -2.2061490507911947, 0.6011631359511416, 2.5264546251444706, 0.26806307979381044, 0.8407594058588247, 0.577558649512581, 2.801290098467956, 0.8407518048537161, 0.014487112443181344, -2.9166276959501714, -0.07567646510215935, 0.006653493421218187, -0.024414974725930363, 0.058028091909062926, 0.014487112443181344, -2.916530355369566, -0.9547293858928961, 0.9647319252401498, 2.9266652804094027, -2.9166276959501714], "data_imag": [5.9533546159886765e-19, -8.319025045201813e-19, 0.0, 0.0, 0.0, 0.0, 0.0, 0.0, 0.0, 0.0, 0.0, 0.0, 0.0, 0.0, 0.0, 0.0, 0.0, 0.0, 0.0, 0.0, 0.0, 0.0, 0.0, 0.0, 0.0, 0.0]}, {"time": 3.225806451612903, "step_sample_count": 256, "data": [0.1745965828094307, 0.4506222720156772, -1.5771271236343625, 0.4095319958328418, 0.542835283443957, 1.321284872400657, -2.47520712366433, 0.5428180723823659, 2.468502762804077, 0.5231791025322126, 0.9553381153047829, 0.4410764509188542, 3.1986323632154585, 0.955330514299626, 0.01645622448575233, -3.2399794922495704, -0.0781927998722095, 0.006510768826571579, -0.02641133187578981, 0.058434862935633124, 0.01645622448575233, -3.234323321471776, -1.060724536649773, 1.0721581015978892, 3.245831371808168, -3.2399794922495704], "data_imag": [-9.469121135972192e-20, 1.3226209540394393e-19, 0.0, 0.0, 0.0, 0.0, 0.0, 0.0, 0.0, 0.0, 0.0, 0.0, 0.0, 0.0, 0.0, 0.0, 0.0, 0.0, 0.0, 0.0, 0.0, 0.0, 0.0, 0.0, 0.0, 0.0]}, {"time": 3.5483870967741935, "step_sample_count": 256, "data": [0.17429196760528676, 0.45218459844558045, -1.8564723274626114, 0.556101673940851, 0.520675400519287, 1.45706774121704, -2.743055941399931, 0.5206581894577114, 2.321595626623547, 0.8698582751927199, 1.1060282147174387, 0.2630418133349644, 3.640100082191408, 1.1060206137122088, 0.016233618518000533, -3.5653333758909285, -0.08170543061911814, 0.007760636066087568, -0.027628145839645436, 0.06201800012308185, 0.016233618518000533, -3.5511881976434307, -1.1670394928003922, 1.1813870564487088, 3.5655769447813768, -3.5653333758909285], "data_imag": [-1.1902647109729633e-18, 1.6596286275729258e-18, 0.0, 0.0, 0.0, 0.0, 0.0, 0.0, 0.0, 0.0, 0.0, 0.0, 0.0, 0.0, 0.0, 0.0, 0.0, 0.0, 0.0, 0.0, 0.0, 0.0, 0.0, 0.0, 0.0, 0.0]}, {"time": 3.870967741935484, "step_sample_count": 256, "data": [0.1738113620756399, 0.45362859692283103, -2.0824247904731368, 0.5610028065940614, 0.5492200687078009, 1.5263749175770684, -3.0325973066262444, 0.5492028576461665, 2.1236220886124255, 1.2732942173337833, 1.2630837190126678, 0.02609224071474962, 4.146841114361059, 1.2630761180076833, 0.013176512327813724, -3.891506265829955, -0.08418900665232133, 0.01159183585838962, -0.028260651835200185, 0.06770583897389806, 0.013176512327813724, -3.871236696059815, -1.274535605472221, 1.2920711739976554, 3.8888190005803094, -3.891506265829955], "data_imag": [-8.385429178190297e-19, 1.1659862936400553e-18, 0.0, 0.0, 0.0, 0.0, 0.0, 0.0, 0.0, 0.0, 0.0, 0.0, 0.0, 0.0, 0.0, 0.0, 0.0, 0.0, 0.0, 0.0, 0.0, 0.0, 0.0, 0.0, 0.0, 0.0]}, {"time": 4.193548387096774, "step_sample_count": 256, "data": [0.17326909027683499, 0.4546256414281942, -2.253360388786882, 0.4081151984357532, 0.620715047486024, 1.5499762590901007, -3.3795526400568616, 0.620697836424335, 1.920563982512162, 1.6962091854031296, 1.393677902660784, -0.28191021008687267, 4.740304470225211, 1.3936703016559253, 0.007248669604309998, -4.216379740536915, -0.08328232110565027, 0.018391361523271543, -0.028498249599061075, 0.07330467005879308, 0.007248669604309998, -4.1983642137160935, -1.3838056749897711, 1.4031070870879245, 4.217731913878791, -4.216379740536915], "data_imag": [1.8932980265995027e-19, -2.624400213534583e-19, 0.0, 0.0, 0.0, 0.0, 0.0, 0.0, 0.0, 0.0, 0.0, 0.0, 0.0, 0.0, 0.0, 0.0, 0.0, 0.0, 0.0, 0.0, 0.0, 0.0, 0.0, 0.0, 0.0, 0.0]}, {"time": 4.516129032258064, "step_sample_count": 256, "data": [0.17280900407443936, 0.4551508398331128, -2.37860855504847, 0.0998325542821533, 0.7092087977553715, 1.5621914217054993, -3.825669455549536, 0.7091915866936424, 1.7637336101569832, 2.0981282599570146, 1.477165581279754, -0.6703550214524944, 5.441283336864792, 1.4771579802749824, -0.0009919341884091566, -4.537869507697757, -0.07692946043594545, 0.02745834931226242, -0.02846673376738829, 0.07594910594032932, -0.0009919341884091566, -4.536209450224915, -1.494930933734789, 1.5130198350176034, 4.5543402083415225, -4.537869507697757], "data_imag": [-1.7239397050544537e-19, 2.3832984281187436e-19, 0.0, 0.0, 0.0, 0.0, 0.0, 0.0, 0.0, 0.0, 0.0, 0.0, 0.0, 0.0, 0.0, 0.0, 0.0, 0.0, 0.0, 0.0, 0.0, 0.0, 0.0, 0.0, 0.0, 0.0]}, {"time": 4.838709677419355, "step_sample_count": 256, "data": [0.17256202331831003, 0.4554344241318556, -2.479754478644122, -0.3304658080991736, 0.7849312089749138, 1.6082325440585978, -4.4048670986129, 0.7849139979126534, 1.7033449817478377, 2.443321412713007, 1.5119586521943498, -1.1491611601809444, 6.274720651593274, 1.5119510511903251, -0.01023268750112289, -4.8549161666774685, -0.06353632987751721, 0.03680969591855232, -0.02809431303476531, 0.07221988936851996, -0.01023268750112289, -4.887927558132554, -1.6074385890030056, 1.6204788573315339, 4.900888616680455, -4.8549161666774685], "data_imag": [1.1338212390263101e-18, -1.5652358967012266e-18, 0.0, 0.0, 0.0, 0.0, 0.0, 0.0, 0.0, 0.0, 0.0, 0.0, 0.0, 0.0, 0.0, 0.0, 0.0, 0.0, 0.0, 0.0, 0.0, 0.0, 0.0, 0.0, 0.0, 0.0]}, {"time": 5.161290322580645, "step_sample_count": 256, "data": [0.17255728785027213, 0.45573178458654506, -2.5842431960448216, -0.8047842395981359, 0.8272203948103175, 1.733880378943613, -5.112837454396068, 0.8272031837470608, 1.7795317394270136, 2.7240106812068756, 1.5113644907982153, -1.7288135496204098, 7.283844813453031, 1.5113568897956369, -0.018443502515672106, -5.167910538294014, -0.04202043755317681, 0.04343994364568844, -0.026967561074527364, 0.05858206055942671, -0.018443502515672106, -5.255386513526966, -1.7207136014735558, 1.7249955158432282, 5.25938712539629, -5.167910538294014], "data_imag": [1.412361388960708e-18, -1.949706005948024e-18, 0.0, 0.0, 0.0, 0.0, 0.0, 0.0, 0.0, 0.0, 0.0, 0.0, 0.0, 0.0, 0.0, 0.0, 0.0, 0.0, 0.0, 0.0, 0.0, 0.0, 0.0, 0.0, 0.0, 0.0]}, {"time": 5.483870967741935, "step_sample_count": 256, "data": [0.17269034644695258, 0.45611830717751994, -2.7023360443630375, -1.2050398133046123, 0.8280980146757063, 1.9589899245098226, -5.86169109274172, 0.8280808036147924, 2.011489207017195, 2.9927594703284757, 1.4949092480018351, -2.4106697512463624, 8.54174674301668, 1.4949016469959011, -0.023426055152944436, -5.478416890737149, -0.013144253736184039, 0.04438093678232008, -0.024480252868758674, 0.03350153715772527, -0.023426055152944436, -5.6378799907070976, -1.8345051124811316, 1.8273692734341351, 5.63028835983264, -5.478416890737149], "data_imag": [-7.027298320277407e-19, 9.70837265211835e-19, 0.0, 0.0, 0.0, 0.0, 0.0, 0.0, 0.0, 0.0, 0.0, 0.0, 0.0, 0.0, 0.0, 0.0, 0.0, 0.0, 0.0, 0.0, 0.0, 0.0, 0.0, 0.0, 0.0, 0.0]}, {"time": 5.806451612903226, "step_sample_count": 256, "data": [0.17281363047952086, 0.45642454808583544, -2.791024646677836, -1.4156700497765549, 0.7895319116787126, 2.239147913370293, -6.4474511972125335, 0.7895147006131545, 2.3758178043907536, 3.3454120478620917, 1.4817655058647017, -3.160681970151247, 10.085932201123708, 1.481757904873402, -0.02354182812801033, -5.788660551078767, 0.017406522432580247, 0.037974294785743934, -0.020288330425739118, 0.0012195489604620879, -0.02354182812801033, -6.030009040002307, -1.9486894006390167, 1.9292495988382807, 6.01007994073297, -5.788660551078767], "data_imag": [8.783575395341412e-19, -1.214337242127634e-18, 0.0, 0.0, 0.0, 0.0, 0.0, 0.0, 0.0, 0.0, 0.0, 0.0, 0.0, 0.0, 0.0, 0.0, 0.0, 0.0, 0.0, 0.0, 0.0, 0.0, 0.0, 0.0, 0.0, 0.0]}, {"time": 6.129032258064516, "step_sample_count": 256, "data": [0.1728287203196104, 0.45632222490326835, -2.767294257836015, -1.392645161347477, 0.7208154130647855, 2.4775379863325133, -6.64441835614049, 0.7207982020004505, 2.7772653312343487, 3.8111685945103733, 1.4879134476587808, -3.8763409670471156, 11.745555817497094, 1.4879058466334867, -0.018118519214947688, -6.101012071027724, 0.04030286163355848, 0.02438506465675789, -0.014607046838446186, -0.029207743547308932, -0.018118519214947688, -6.419264396688979, -2.0626421981286223, 2.0321791153288036, 6.388430047295128, -6.101012071027724], "data_imag": [-5.404716343031896e-20, 7.472721674053499e-20, 0.0, 0.0, 0.0, 0.0, 0.0, 0.0, 0.0, 0.0, 0.0, 0.0, 0.0, 0.0, 0.0, 0.0, 0.0, 0.0, 0.0, 0.0, 0.0, 0.0, 0.0, 0.0, 0.0, 0.0]}, {"time": 6.451612903225806, "step_sample_count": 256, "data": [0.17274039223912194, 0.45557865803417336, -2.610056889048378, -1.2169411396730136, 0.6378410039244298, 2.6274300288168644, -6.465046702525075, 0.6378237928624682, 3.095419910126061, 4.314754928038469, 1.5248137047384087, -4.431824631540998, 13.196426421455197, 1.524806103738687, -0.007540893576057868, -6.4173791770399955, 0.05248839155584211, 0.005319151745487699, -0.008110358008632142, -0.05379915684159728, -0.007540893576057868, -6.791257019499792, -2.1751171577930926, 2.136948570058, 6.7528976933732725, -6.4173791770399955], "data_imag": [6.349501385743785e-19, -8.774522879169834e-19, 0.0, 0.0, 0.0, 0.0, 0.0, 0.0, 0.0, 0.0, 0.0, 0.0, 0.0, 0.0, 0.0, 0.0, 0.0, 0.0, 0.0, 0.0, 0.0, 0.0, 0.0, 0.0, 0.0, 0.0]}, {"time": 6.774193548387097, "step_sample_count": 256, "data": [0.1726464592314198, 0.4542992573900023, -2.374783142554799, -1.0281444530111818, 0.5620875539766271, 2.7106603121481694, -6.126912885095256, 0.5620703429181838, 3.292974779436105, 4.787940459152282, 1.5965921198963304, -4.785584402645001, 14.290554328350101, 1.596584518909785, 0.006763133360947899, -6.73866263231368, 0.058334139334769504, -0.016676933024987517, -0.0014887506987372714, -0.07501673237690748, 0.006763133360947899, -7.140830899446527, -2.284653069995728, 2.243461591374583, 7.099601168375177, -6.73866263231368], "data_imag": [2.2557131041109222e-18, -3.1155270437333277e-18, 0.0, 0.0, 0.0, 0.0, 0.0, 0.0, 0.0, 0.0, 0.0, 0.0, 0.0, 0.0, 0.0, 0.0, 0.0, 0.0, 0.0, 0.0, 0.0, 0.0, 0.0, 0.0, 0.0, 0.0]}, {"time": 7.096774193548387, "step_sample_count": 256, "data": [0.17259816569306927, 0.45294310970754537, -2.109881838940118, -0.9129050573085962, 0.5163842725111126, 2.7410487137745987, -5.779316269565414, 0.5163670614545577, 3.4054343899213704, 5.206000027384222, 1.6959327333773075, -4.969916612861136, 15.071678578270676, 1.6959251323957645, 0.022536829401712408, -7.06463702516477, 0.06115277224257986, -0.03899699315490444, 0.004979287236203106, -0.09375491952921801, 0.022536829401712408, -7.4711224041556, -2.3901197972419546, 2.3509749768150794, 7.432038277053984, -7.06463702516477], "data_imag": [5.13209800809689e-19, -7.086325618836624e-19, 0.0, 0.0, 0.0, 0.0, 0.0, 0.0, 0.0, 0.0, 0.0, 0.0, 0.0, 0.0, 0.0, 0.0, 0.0, 0.0, 0.0, 0.0, 0.0, 0.0, 0.0, 0.0, 0.0, 0.0]}, {"time": 7.419354838709677, "step_sample_count": 256, "data": [0.1725165340312448, 0.4521081317310345, -1.8318698585341953, -0.8925842641546485, 0.516722917371715, 2.707577625607167, -5.448896007484285, 0.5167057063127813, 3.4820032815142934, 5.559194037691518, 1.8030533170334786, -5.031914080817312, 15.627412327605002, 1.8030457160478737, 0.03730321256727754, -7.394310128523655, 0.06097891988379932, -0.05953786761877612, 0.01142545982005809, -0.10776476722649621, 0.03730321256727754, -7.787682264457682, -2.4910913651447664, 2.458494066503652, 7.7552122133361205, -7.394310128523655], "data_imag": [-6.211986212571881e-19, 8.573362646742244e-19, 0.0, 0.0, 0.0, 0.0, 0.0, 0.0, 0.0, 0.0, 0.0, 0.0, 0.0, 0.0, 0.0, 0.0, 0.0, 0.0, 0.0, 0.0, 0.0, 0.0, 0.0, 0.0, 0.0, 0.0]}, {"time": 7.741935483870968, "step_sample_count": 256, "data": [0.17226342491861457, 0.4522250751592337, -1.540342613644486, -0.9555494798345853, 0.5642187991046833, 2.5950609731605074, -5.108010516374272, 0.5642015880451182, 3.5685833047653577, 5.842592115586225, 1.891916261810772, -5.015663342390924, 16.043916987605606, 1.8919086608244073, 0.04919650824652338, -7.726364874542479, 0.05648421702593758, -0.07696297445838236, 0.01802374670692132, -0.11419137628040282, 0.04919650824652338, -8.096671069209526, -2.587985505307149, 2.565121730776823, 8.073996380373567, -7.726364874542479], "data_imag": [1.1072543988712156e-18, -1.5259154800460589e-18, 0.0, 0.0, 0.0, 0.0, 0.0, 0.0, 0.0, 0.0, 0.0, 0.0, 0.0, 0.0, 0.0, 0.0, 0.0, 0.0, 0.0, 0.0, 0.0, 0.0, 0.0, 0.0, 0.0, 0.0]}, {"time": 8.064516129032258, "step_sample_count": 256, "data": [0.17175606409634242, 0.45334127944046304, -1.2355441628504369, -1.0809756067358083, 0.6434592073286257, 2.4036756198822227, -4.736060126695883, 0.6434419962693736, 3.708814499965457, 6.051771858198528, 1.9417344985961422, -4.962258771098275, 16.402625378965883, 1.9417268976102293, 0.057567743701431216, -8.059372965976625, 0.04689004782726789, -0.09072245450746413, 0.024622104189445344, -0.1118584212434702, 0.057567743701431216, -8.404582102640479, -2.6820185532463463, 2.670286072494781, 8.393105594448283, -8.059372965976625], "data_imag": [-1.0801121374446018e-18, 1.48412647608138e-18, 0.0, 0.0, 0.0, 0.0, 0.0, 0.0, 0.0, 0.0, 0.0, 0.0, 0.0, 0.0, 0.0, 0.0, 0.0, 0.0, 0.0, 0.0, 0.0, 0.0, 0.0, 0.0, 0.0, 0.0]}, {"time": 8.387096774193548, "step_sample_count": 256, "data": [0.17101132485637455, 0.4551105691498834, -0.9295504980407724, -1.2428144312831517, 0.7291337979943446, 2.1591755744300096, -4.345044350949136, 0.7291165869354248, 3.937885607699389, 6.17233151516709, 1.9461425321674775, -4.905233053618311, 16.758793248553566, 1.9461349311818588, 0.06308501025235833, -8.391913438711098, 0.03291269644424109, -0.10094488587304004, 0.03061584579242519, -0.10222687169569714, 0.06308501025235833, -8.717037156030315, -2.774902652289046, 2.773828732980411, 8.716278765281809, -8.391913438711098], "data_imag": [-2.429875802217585e-19, 3.324290241389401e-19, 0.0, 0.0, 0.0, 0.0, 0.0, 0.0, 0.0, 0.0, 0.0, 0.0, 0.0, 0.0, 0.0, 0.0, 0.0, 0.0, 0.0, 0.0, 0.0, 0.0, 0.0, 0.0, 0.0, 0.0]}, {"time": 8.709677419354838, "step_sample_count": 256, "data": [0.17008814257014696, 0.45692947545378143, -0.6469950667934932, -1.395051458689716, 0.7963634100256561, 1.9098638724183408, -3.9624463203165603, 0.7963461989667295, 4.270794832349045, 6.179156441444207, 1.9141063072356674, -4.863733072971388, 17.121917184459615, 1.9140987062500885, 0.06737445770448061, -8.722847101995795, 0.016551665772436722, -0.10834116420498603, 0.0351158393075226, -0.08890865389253964, 0.06737445770448061, -9.037082231959072, -2.868212772735253, 2.8759102657912785, 9.045131346243844, -8.722847101995795], "data_imag": [-2.969439379777987e-19, 4.0405314286486973e-19, 0.0, 0.0, 0.0, 0.0, 0.0, 0.0, 0.0, 0.0, 0.0, 0.0, 0.0, 0.0, 0.0, 0.0, 0.0, 0.0, 0.0, 0.0, 0.0, 0.0, 0.0, 0.0, 0.0, 0.0]}, {"time": 9.032258064516128, "step_sample_count": 256, "data": [0.1690021154321973, 0.45810334047165746, -0.41894968997310655, -1.4618312919123266, 0.8282268867378959, 1.7135089552209413, -3.6019532725468477, 0.8282096756789488, 4.694917611085265, 6.065936030782516, 1.8641690114853477, -4.83969853448172, 17.47485500665775, 1.8641614104996893, 0.07243163739686062, -9.051686818152417, 0.0003062905114109936, -0.11413357985455114, 0.03731285489223519, -0.07642815922479514, 0.07243163739686062, -9.36423268665011, -2.9626690943612513, 2.9767556957849166, 9.378680817877513, -9.051686818152417], "data_imag": [2.429339047383111e-19, -3.284507504878278e-19, 0.0, 0.0, 0.0, 0.0, 0.0, 0.0, 0.0, 0.0, 0.0, 0.0, 0.0, 0.0, 0.0, 0.0, 0.0, 0.0, 0.0, 0.0, 0.0, 0.0, 0.0, 0.0, 0.0, 0.0]}, {"time": 9.35483870967742, "step_sample_count": 256, "data": [0.1677492431377859, 0.4580643166833231, -0.27102053761685113, -1.3694226417640816, 0.8179830407908718, 1.6170969589098767, -3.2629861762514154, 0.8179658297318148, 5.169547346791809, 5.885959760637768, 1.8182918061317705, -4.818779669537038, 17.815117769873318, 1.8182842051460297, 0.08004004832303699, -9.378793534035433, -0.013971261202983047, -0.119802917863419, 0.0367598511267403, -0.06853273626746935, 0.08004004832303699, -9.694603666696409, -3.057811887660954, 3.076450508320546, 9.713591463632065, -9.378793534035433], "data_imag": [-4.790927903542978e-19, 6.429396237976271e-19, 0.0, 0.0, 0.0, 0.0, 0.0, 0.0, 0.0, 0.0, 0.0, 0.0, 0.0, 0.0, 0.0, 0.0, 0.0, 0.0, 0.0, 0.0, 0.0, 0.0, 0.0, 0.0, 0.0, 0.0]}, {"time": 9.67741935483871, "step_sample_count": 256, "data": [0.16644258299668246, 0.4566715265255681, -0.20801325130772355, -1.1108823936615713, 0.7685923787183552, 1.6345967075965804, -2.957478590930077, 0.7685751676593977, 5.639000671583787, 5.739818552194672, 1.7985075275349365, -4.782087519120088, 18.16774841565606, 1.798499926549357, 0.09129131706317552, -9.705320390881388, -0.026375036401079063, -0.12653095219676727, 0.03339553851986124, -0.06633851546867528, 0.09129131706317552, -10.022612495928488, -3.152236336423438, 3.174999018937282, 10.04568943286684, -9.705320390881388], "data_imag": [-8.391688595873324e-20, 1.1173874604807677e-19, 0.0, 0.0, 0.0, 0.0, 0.0, 0.0, 0.0, 0.0, 0.0, 0.0, 0.0, 0.0, 0.0, 0.0, 0.0, 0.0, 0.0, 0.0, 0.0, 0.0, 0.0, 0.0, 0.0, 0.0]}], "random_generator": {"seed": "very_nice_seed"}, "realworld_total_calculation_time": 23.439}