{"hamiltonian": {"U": 1.0, "E": 2.5, "J": 0.2, "phi": 0.1, "type": "ZerothOrderFlippingAndSwappingOptimization"}, "start_time": 0.0, "time_step": 50.0, "number_of_time_steps": 16, "sampler": {"system_geometry": {"type": "LinearChainNonPeriodicState", "size": 6}, "initial_system_state": {"type": "HomogenousInitialSystemState"}, "type": "ExactSampler"}, "observables": [{"type": "SpinCurrent", "label": "Spin Current (signed) from 0 to 1 (up)", "site_index_from": 0, "site_index_to": 1, "spin_up": true, "direction_dependent": true}, {"type": "SpinCurrent", "label": "Spin Current (signed) from 3 to 4 (up)", "site_index_from": 3, "site_index_to": 4, "spin_up": true, "direction_dependent": true}, {"type": "DoubleOccupationAtSite", "label": "Double Occupation at site 0", "site": 0}, {"type": "DoubleOccupationAtSite", "label": "Double Occupation at site 1", "site": 1}, {"type": "DoubleOccupationAtSite", "label": "Double Occupation at site 3", "site": 3}, {"type": "DoubleOccupationAtSite", "label": "Double Occupation at site 4", "site": 4}, {"type": "OccupationAtSite", "label": "Occupation at site 0, up", "site": 0, "up": true}, {"type": "OccupationAtSite", "label": "Occupation at site 1, up", "site": 1, "up": true}, {"type": "OccupationAtSite", "label": "Occupation at site 3, up", "site": 3, "up": true}, {"type": "OccupationAtSite", "label": "Occupation at site 4, up", "site": 4, "up": true}], "measurements": [{"time": 0.0, "step_sample_count": 4096, "data": [0.0, 0.0, 0.25, 0.25, 0.25, 0.25, 0.5, 0.5, 0.5, 0.5]}, {"time": 50.0, "step_sample_count": 4096, "data": [0.09435085442338934, 0.09435085442338934, 0.25, 0.25, 0.25, 0.25, 0.5, 0.5, 0.5, 0.5]}, {"time": 100.0, "step_sample_count": 4096, "data": [0.049873182122968734, 0.04987318212296876, 0.25, 0.25, 0.25, 0.25, 0.5, 0.5, 0.5, 0.5]}, {"time": 150.0, "step_sample_count": 4096, "data": [-0.05621206400310829, -0.05621206400310827, 0.25, 0.25, 0.25, 0.25, 0.5, 0.5, 0.5, 0.5]}, {"time": 200.0, "step_sample_count": 4096, "data": [-0.06726559293360111, -0.06726559293360104, 0.25, 0.25, 0.25, 0.25, 0.5, 0.5, 0.5, 0.5]}, {"time": 250.0, "step_sample_count": 4096, "data": [0.009747265316513355, 0.009747265316513421, 0.25, 0.25, 0.25, 0.25, 0.5, 0.5, 0.5, 0.5]}, {"time": 300.0, "step_sample_count": 4096, "data": [0.04851447245352096, 0.04851447245352102, 0.25, 0.25, 0.25, 0.25, 0.5, 0.5, 0.5, 0.5]}, {"time": 350.0, "step_sample_count": 4096, "data": [0.014194682250474234, 0.0141946822504742, 0.25, 0.25, 0.25, 0.25, 0.5, 0.5, 0.5, 0.5]}, {"time": 400.0, "step_sample_count": 4096, "data": [-0.01830429923411157, -0.0183042992341116, 0.25, 0.25, 0.25, 0.25, 0.5, 0.5, 0.5, 0.5]}, {"time": 450.0, "step_sample_count": 4096, "data": [-0.011150210704500894, -0.011150210704500802, 0.25, 0.25, 0.25, 0.25, 0.5, 0.5, 0.5, 0.5]}, {"time": 500.0, "step_sample_count": 4096, "data": [0.0018019439814799553, 0.0018019439814799551, 0.25, 0.25, 0.25, 0.25, 0.5, 0.5, 0.5, 0.5]}, {"time": 550.0, "step_sample_count": 4096, "data": [0.0012185371838487585, 0.001218537183848788, 0.25, 0.25, 0.25, 0.25, 0.5, 0.5, 0.5, 0.5]}, {"time": 600.0, "step_sample_count": 4096, "data": [1.206733953402258e-05, 1.2067339534016427e-05, 0.25, 0.25, 0.25, 0.25, 0.5, 0.5, 0.5, 0.5]}, {"time": 650.0, "step_sample_count": 4096, "data": [-0.002049298945216802, -0.00204929894521682, 0.25, 0.25, 0.25, 0.25, 0.5, 0.5, 0.5, 0.5]}, {"time": 700.0, "step_sample_count": 4096, "data": [-0.00585416962447834, -0.005854169624478331, 0.25, 0.25, 0.25, 0.25, 0.5, 0.5, 0.5, 0.5]}, {"time": 750.0, "step_sample_count": 4096, "data": [0.007588798828018739, 0.0075887988280187516, 0.25, 0.25, 0.25, 0.25, 0.5, 0.5, 0.5, 0.5]}], "random_generator": {"seed": "very_nice_seed"}, "realworld_total_calculation_time": 1.286}