{"hamiltonian": {"U": 1.0, "E": 0.8, "J": 0.1, "phi": 1.8849555921538759, "type": "FirstOrderVariationalClassicalNetworkAnalyticalParamsHamiltonian", "eta_calculation_sampler": {}, "psi_selection": {"type": "SquareDirectionDependentAllSameFirstOrder", "number_of_psis": 12, "J": 0.1}, "random_generator": {"seed": "46954944"}, "init_sigma": 0, "pseudo_inverse_cutoff": 0, "effective_time_step_size": 0.0, "number_workers": 1, "variational_step_fraction_multiplier": 1, "ue_might_change": false, "ue_variational": false}, "start_time": 0.0, "time_step": 0.49019607843137253, "number_of_time_steps": 51, "sampler": {"system_geometry": {"type": "SquareSystemNonPeriodicState", "size": 2}, "initial_system_state": {"type": "HomogenousInitialSystemState"}, "type": "ExactSampler"}, "observables": [{"type": "Energy", "label": "Energy per site"}, {"type": "EnergyVariance", "label": "Energy Variance per site"}, {"type": "VCNFactor", "label": "Re-Part of VCN Parameter 0", "param_real_part": true, "param_index": 0, "can_return_value": true}, {"type": "VCNFactor", "label": "Re-Part of VCN Parameter 1", "param_real_part": true, "param_index": 1, "can_return_value": true}, {"type": "VCNFactor", "label": "Re-Part of VCN Parameter 2", "param_real_part": true, "param_index": 2, "can_return_value": true}, {"type": "VCNFactor", "label": "Re-Part of VCN Parameter 3", "param_real_part": true, "param_index": 3, "can_return_value": true}, {"type": "VCNFactor", "label": "Re-Part of VCN Parameter 4", "param_real_part": true, "param_index": 4, "can_return_value": true}, {"type": "VCNFactor", "label": "Re-Part of VCN Parameter 5", "param_real_part": true, "param_index": 5, "can_return_value": true}, {"type": "VCNFactor", "label": "Re-Part of VCN Parameter 6", "param_real_part": true, "param_index": 6, "can_return_value": true}, {"type": "VCNFactor", "label": "Re-Part of VCN Parameter 7", "param_real_part": true, "param_index": 7, "can_return_value": true}, {"type": "VCNFactor", "label": "Re-Part of VCN Parameter 8", "param_real_part": true, "param_index": 8, "can_return_value": true}, {"type": "VCNFactor", "label": "Re-Part of VCN Parameter 9", "param_real_part": true, "param_index": 9, "can_return_value": true}, {"type": "VCNFactor", "label": "Re-Part of VCN Parameter 10", "param_real_part": true, "param_index": 10, "can_return_value": true}, {"type": "VCNFactor", "label": "Re-Part of VCN Parameter 11", "param_real_part": true, "param_index": 11, "can_return_value": true}, {"type": "VCNFactor", "label": "Im-Part of VCN Parameter 0", "param_real_part": false, "param_index": 0, "can_return_value": true}, {"type": "VCNFactor", "label": "Im-Part of VCN Parameter 1", "param_real_part": false, "param_index": 1, "can_return_value": true}, {"type": "VCNFactor", "label": "Im-Part of VCN Parameter 2", "param_real_part": false, "param_index": 2, "can_return_value": true}, {"type": "VCNFactor", "label": "Im-Part of VCN Parameter 3", "param_real_part": false, "param_index": 3, "can_return_value": true}, {"type": "VCNFactor", "label": "Im-Part of VCN Parameter 4", "param_real_part": false, "param_index": 4, "can_return_value": true}, {"type": "VCNFactor", "label": "Im-Part of VCN Parameter 5", "param_real_part": false, "param_index": 5, "can_return_value": true}, {"type": "VCNFactor", "label": "Im-Part of VCN Parameter 6", "param_real_part": false, "param_index": 6, "can_return_value": true}, {"type": "VCNFactor", "label": "Im-Part of VCN Parameter 7", "param_real_part": false, "param_index": 7, "can_return_value": true}, {"type": "VCNFactor", "label": "Im-Part of VCN Parameter 8", "param_real_part": false, "param_index": 8, "can_return_value": true}, {"type": "VCNFactor", "label": "Im-Part of VCN Parameter 9", "param_real_part": false, "param_index": 9, "can_return_value": true}, {"type": "VCNFactor", "label": "Im-Part of VCN Parameter 10", "param_real_part": false, "param_index": 10, "can_return_value": true}, {"type": "VCNFactor", "label": "Im-Part of VCN Parameter 11", "param_real_part": false, "param_index": 11, "can_return_value": true}, {"type": "BaseEnergyFactor", "label": "Re-Part of BE-Factor U", "param_real_part": true, "param_index": -1, "can_return_value": true, "kind": "U"}, {"type": "BaseEnergyFactor", "label": "Im-Part of BE-Factor U", "param_real_part": false, "param_index": -1, "can_return_value": true, "kind": "U"}, {"type": "BaseEnergyFactor", "label": "Re-Part of BE-Factor eps-0", "param_real_part": true, "param_index": 0, "can_return_value": true, "kind": "eps"}, {"type": "BaseEnergyFactor", "label": "Re-Part of BE-Factor eps-1", "param_real_part": true, "param_index": 1, "can_return_value": true, "kind": "eps"}, {"type": "BaseEnergyFactor", "label": "Re-Part of BE-Factor eps-2", "param_real_part": true, "param_index": 2, "can_return_value": true, "kind": "eps"}, {"type": "BaseEnergyFactor", "label": "Re-Part of BE-Factor eps-3", "param_real_part": true, "param_index": 3, "can_return_value": true, "kind": "eps"}, {"type": "BaseEnergyFactor", "label": "Re-Part of BE-Factor eps-4", "param_real_part": true, "param_index": 4, "can_return_value": true, "kind": "eps"}, {"type": "BaseEnergyFactor", "label": "Im-Part of BE-Factor eps-0", "param_real_part": false, "param_index": 0, "can_return_value": true, "kind": "eps"}, {"type": "BaseEnergyFactor", "label": "Im-Part of BE-Factor eps-1", "param_real_part": false, "param_index": 1, "can_return_value": true, "kind": "eps"}, {"type": "BaseEnergyFactor", "label": "Im-Part of BE-Factor eps-2", "param_real_part": false, "param_index": 2, "can_return_value": true, "kind": "eps"}, {"type": "BaseEnergyFactor", "label": "Im-Part of BE-Factor eps-3", "param_real_part": false, "param_index": 3, "can_return_value": true, "kind": "eps"}, {"type": "BaseEnergyFactor", "label": "Im-Part of BE-Factor eps-4", "param_real_part": false, "param_index": 4, "can_return_value": true, "kind": "eps"}], "measurements": [{"time": 0.0, "step_sample_count": 256, "data": [0.40681580876808254, 0.43388508420064326, 0.0, 0.0, -0.0, -0.0, 0.0, -0.0, -0.0, 0.0, -0.0, 0.0, 0.0, -0.0, 0.0, 0.0, -0.0, -0.0, 0.0, -0.0, -0.0, 0.0, -0.0, 0.0, 0.0, -0.0, 0.0, 0.0, 0.0, 0.0, 0.0, 0.0, 0.0, 0.0, 0.0, 0.0, 0.0, 0.0], "data_imag": [0.0, 0.0, 0.0, 0.0, 0.0, 0.0, 0.0, 0.0, 0.0, 0.0, 0.0, 0.0, 0.0, 0.0, 0.0, 0.0, 0.0, 0.0, 0.0, 0.0, 0.0, 0.0, 0.0, 0.0, 0.0, 0.0, 0.0, 0.0, 0.0, 0.0, 0.0, 0.0, 0.0, 0.0, 0.0, 0.0, 0.0, 0.0]}, {"time": 0.49019607843137253, "step_sample_count": 256, "data": [0.40716842991530855, 0.43421700919808776, -0.029665418187942157, -0.1452380479657771, 0.08942267463735475, 0.029665418187942157, -0.08942267463735475, 0.1452380479657771, 0.09035784753633659, -0.028700621170755437, 0.1987455360080144, -0.09035784753633659, -0.1987455360080144, 0.028700621170755437, 0.4889971754075715, 0.4602238033210833, 0.47914653336520696, 0.4889971754075715, 0.47914653336520696, 0.4602238033210833, 0.47891034417565764, 0.4890740135698961, 0.43155417311079664, 0.47891034417565764, 0.43155417311079664, 0.4890740135698961, 0.0, -0.49019607843137253, 0.0, 0.0, 0.0, 0.0, 0.0, 0.0, 0.12118313504899896, -0.3729633397235897, -0.25178020467459067, -0.49019607843137253], "data_imag": [7.067501082656721e-19, -2.302130655400064e-18, 0.0, 0.0, 0.0, 0.0, 0.0, 0.0, 0.0, 0.0, 0.0, 0.0, 0.0, 0.0, 0.0, 0.0, 0.0, 0.0, 0.0, 0.0, 0.0, 0.0, 0.0, 0.0, 0.0, 0.0, 0.0, 0.0, 0.0, 0.0, 0.0, 0.0, 0.0, 0.0, 0.0, 0.0, 0.0, 0.0]}, {"time": 0.9803921568627451, "step_sample_count": 256, "data": [0.40859227013060057, 0.4332378927589612, -0.11822655851195199, -0.5283345187586507, 0.3456515139484441, 0.11822655851195199, -0.3456515139484441, 0.5283345187586507, 0.34900748686370114, -0.11440848881566448, 0.6558761185078762, -0.34900748686370114, -0.6558761185078762, 0.11440848881566448, 0.9708220388355184, 0.7537150873250168, 0.8937844441747294, 0.9708220388355184, 0.8937844441747294, 0.7537150873250168, 0.8919721100723224, 0.9714341257565454, 0.561054840892061, 0.8919721100723224, 0.561054840892061, 0.9714341257565454, 0.0, -0.9803921568627451, 0.0, 0.0, 0.0, 0.0, 0.0, 0.0, 0.2423662700979979, -0.7459266794471794, -0.5035604093491813, -0.9803921568627451], "data_imag": [-5.885210970669635e-19, 1.923721368562737e-18, 0.0, 0.0, 0.0, 0.0, 0.0, 0.0, 0.0, 0.0, 0.0, 0.0, 0.0, 0.0, 0.0, 0.0, 0.0, 0.0, 0.0, 0.0, 0.0, 0.0, 0.0, 0.0, 0.0, 0.0, 0.0, 0.0, 0.0, 0.0, 0.0, 0.0, 0.0, 0.0, 0.0, 0.0, 0.0, 0.0]}, {"time": 1.4705882352941175, "step_sample_count": 256, "data": [0.4092032314250481, 0.4262953300402782, -0.26438446024256174, -1.0104990254932176, 0.7341898278144608, 0.26438446024256174, -0.7341898278144608, 1.0104990254932176, 0.7403854534856278, -0.2559470240219854, 1.0514367952809582, -0.7403854534856278, -1.0514367952809582, 0.2559470240219854, 1.4384074773968087, 0.7741461461728635, 1.1880900571578088, 1.4384074773968087, 1.1880900571578088, 0.7741461461728635, 1.1823906797484585, 1.4404586021504784, 0.29786186339593224, 1.1823906797484585, 0.29786186339593224, 1.4404586021504784, 0.0, -1.4705882352941175, 0.0, 0.0, 0.0, 0.0, 0.0, 0.0, 0.36354940514699685, -1.118890019170769, -0.7553406140237721, -1.4705882352941175], "data_imag": [6.343092453777609e-19, -2.076491143450908e-18, 0.0, 0.0, 0.0, 0.0, 0.0, 0.0, 0.0, 0.0, 0.0, 0.0, 0.0, 0.0, 0.0, 0.0, 0.0, 0.0, 0.0, 0.0, 0.0, 0.0, 0.0, 0.0, 0.0, 0.0, 0.0, 0.0, 0.0, 0.0, 0.0, 0.0, 0.0, 0.0, 0.0, 0.0, 0.0, 0.0]}, {"time": 1.9607843137254901, "step_sample_count": 256, "data": [0.4064100267393681, 0.4129119360909669, -0.46599536852346674, -1.4170502449675184, 1.2027277909684426, 0.46599536852346674, -1.2027277909684426, 1.4170502449675184, 1.2106785796866906, -0.45137321665027524, 1.1085666380026111, -1.2106785796866906, -1.1085666380026111, 0.45137321665027524, 1.8848952333935405, 0.5141150986723946, 1.322440316773158, 1.8848952333935405, 1.322440316773158, 0.5141150986723946, 1.3102344665270038, 1.8897087770416685, -0.1738106644059905, 1.3102344665270038, -0.1738106644059905, 1.8897087770416685, 0.0, -1.9607843137254901, 0.0, 0.0, 0.0, 0.0, 0.0, 0.0, 0.4847325401959958, -1.4918533588943588, -1.0071208186983627, -1.9607843137254901], "data_imag": [-1.7705539171754426e-18, 5.756566918582115e-18, 0.0, 0.0, 0.0, 0.0, 0.0, 0.0, 0.0, 0.0, 0.0, 0.0, 0.0, 0.0, 0.0, 0.0, 0.0, 0.0, 0.0, 0.0, 0.0, 0.0, 0.0, 0.0, 0.0, 0.0, 0.0, 0.0, 0.0, 0.0, 0.0, 0.0, 0.0, 0.0, 0.0, 0.0, 0.0, 0.0]}, {"time": 2.4509803921568625, "step_sample_count": 256, "data": [0.4015393300893641, 0.39931353324974683, -0.720102177658748, -1.6007004694070865, 1.6881850375652458, 0.720102177658748, -1.6881850375652458, 1.6007004694070865, 1.6952231259771353, -0.6980042985537811, 0.7872793127935663, -1.6952231259771353, -0.7872793127935663, 0.6980042985537811, 2.3037364970530976, 0.0678274842537005, 1.2787473321893117, 2.3037364970530976, 1.2787473321893117, 0.0678274842537005, 1.2579253752518378, 2.3130174420180194, -0.5238295882836485, 1.2579253752518378, -0.5238295882836485, 2.3130174420180194, 0.0, -2.4509803921568625, 0.0, 0.0, 0.0, 0.0, 0.0, 0.0, 0.6059156752449948, -1.8648166986179482, -1.2589010233729534, -2.4509803921568625], "data_imag": [5.17362265243874e-19, -1.661930379196329e-18, 0.0, 0.0, 0.0, 0.0, 0.0, 0.0, 0.0, 0.0, 0.0, 0.0, 0.0, 0.0, 0.0, 0.0, 0.0, 0.0, 0.0, 0.0, 0.0, 0.0, 0.0, 0.0, 0.0, 0.0, 0.0, 0.0, 0.0, 0.0, 0.0, 0.0, 0.0, 0.0, 0.0, 0.0, 0.0, 0.0]}, {"time": 2.941176470588235, "step_sample_count": 256, "data": [0.3974116026075821, 0.39160605257204517, -1.0229778041335644, -1.4949158420817719, 2.1252033189127824, 1.0229778041335644, -2.1252033189127824, 1.4949158420817719, 2.1273958300405345, -0.9924545720344042, 0.312450325080638, -2.1273958300405345, -0.312450325080638, 0.9924545720344042, 2.688787960471088, -0.40303306021979524, 1.0628935924875433, 2.688787960471088, 1.0628935924875433, -0.40303306021979524, 1.0326557318633507, 2.7045735080572775, -0.5072095750474271, 1.0326557318633507, -0.5072095750474271, 2.7045735080572775, 0.0, -2.941176470588235, 0.0, 0.0, 0.0, 0.0, 0.0, 0.0, 0.7270988102939937, -2.237780038341538, -1.5106812280475441, -2.941176470588235], "data_imag": [1.0929969479000636e-18, -3.47495734968128e-18, 0.0, 0.0, 0.0, 0.0, 0.0, 0.0, 0.0, 0.0, 0.0, 0.0, 0.0, 0.0, 0.0, 0.0, 0.0, 0.0, 0.0, 0.0, 0.0, 0.0, 0.0, 0.0, 0.0, 0.0, 0.0, 0.0, 0.0, 0.0, 0.0, 0.0, 0.0, 0.0, 0.0, 0.0, 0.0, 0.0]}, {"time": 3.4313725490196076, "step_sample_count": 256, "data": [0.3951772047704371, 0.390515723478038, -1.3701798531993357, -1.1380206245610498, 2.454945837918138, 1.3701798531993357, -2.454945837918138, 1.1380206245610498, 2.447774383547869, -1.330681887962223, 0.01642209930827934, -2.447774383547869, -0.01642209930827934, 1.330681887962223, 3.034401923900488, -0.7278804758337551, 0.7039399933480495, 3.034401923900488, 0.7039399933480495, -0.7278804758337551, 0.6653993625211775, 3.059001778889639, -0.13558330853962813, 0.6653993625211775, -0.13558330853962813, 3.059001778889639, 0.0, -3.4313725490196076, 0.0, 0.0, 0.0, 0.0, 0.0, 0.0, 0.8482819453429927, -2.6107433780651275, -1.7624614327221348, -3.4313725490196076], "data_imag": [1.1886743644826532e-18, -3.757896101908244e-18, 0.0, 0.0, 0.0, 0.0, 0.0, 0.0, 0.0, 0.0, 0.0, 0.0, 0.0, 0.0, 0.0, 0.0, 0.0, 0.0, 0.0, 0.0, 0.0, 0.0, 0.0, 0.0, 0.0, 0.0, 0.0, 0.0, 0.0, 0.0, 0.0, 0.0, 0.0, 0.0, 0.0, 0.0, 0.0, 0.0]}, {"time": 3.9215686274509802, "step_sample_count": 256, "data": [0.3941083128886541, 0.3912205589171674, -1.7566157772073165, -0.6593128634041426, 2.633018585196163, 1.7566157772073165, -2.633018585196163, 0.6593128634041426, 2.612307801766596, -1.7080431355170893, 0.10639078567584524, -2.612307801766596, -0.10639078567584524, 1.7080431355170893, 3.335509132762957, -0.789027177530365, 0.2502133004457577, 3.335509132762957, 0.2502133004457577, -0.789027177530365, 0.20665279560311484, 3.371436740519719, 0.33094046136470495, 0.20665279560311484, 0.33094046136470495, 3.371436740519719, 0.0, -3.9215686274509802, 0.0, 0.0, 0.0, 0.0, 0.0, 0.0, 0.9694650803919916, -2.9837067177887175, -2.0142416373967253, -3.9215686274509802], "data_imag": [1.308842487301317e-18, -4.126605636058495e-18, 0.0, 0.0, 0.0, 0.0, 0.0, 0.0, 0.0, 0.0, 0.0, 0.0, 0.0, 0.0, 0.0, 0.0, 0.0, 0.0, 0.0, 0.0, 0.0, 0.0, 0.0, 0.0, 0.0, 0.0, 0.0, 0.0, 0.0, 0.0, 0.0, 0.0, 0.0, 0.0, 0.0, 0.0, 0.0, 0.0]}, {"time": 4.411764705882352, "step_sample_count": 256, "data": [0.39324953360157844, 0.38873693496060013, -2.1766175699879216, -0.2322215521971962, 2.635447208765358, 2.1766175699879216, -2.635447208765358, 0.2322215521971962, 2.598373287338403, -2.1193579818012287, 0.5193854786042582, -2.598373287338403, -0.5193854786042582, 2.1193579818012287, 3.587693130379629, -0.5643205874806655, -0.23720019645677198, 3.587693130379629, -0.23720019645677198, -0.5643205874806655, -0.2805078428699628, 3.6375893539414332, 0.5658323003575095, -0.2805078428699628, 0.5658323003575095, 3.6375893539414332, 0.0, -4.411764705882352, 0.0, 0.0, 0.0, 0.0, 0.0, 0.0, 1.0906482154409904, -3.3566700575123067, -2.266021842071316, -4.411764705882352], "data_imag": [-2.716849170717959e-19, 8.547197354005383e-19, 0.0, 0.0, 0.0, 0.0, 0.0, 0.0, 0.0, 0.0, 0.0, 0.0, 0.0, 0.0, 0.0, 0.0, 0.0, 0.0, 0.0, 0.0, 0.0, 0.0, 0.0, 0.0, 0.0, 0.0, 0.0, 0.0, 0.0, 0.0, 0.0, 0.0, 0.0, 0.0, 0.0, 0.0, 0.0, 0.0]}, {"time": 4.901960784313725, "step_sample_count": 256, "data": [0.39239150308163784, 0.3826543935889547, -2.6240249017042507, -0.011475780965825706, 2.461904737333551, 2.6240249017042507, -2.461904737333551, 0.011475780965825706, 2.4078867896163643, -2.5589799863193483, 0.966342828798798, -2.4078867896163643, -0.966342828798798, 2.5589799863193483, 3.7872550358609205, -0.13516869804791473, -0.6926788740966086, 3.7872550358609205, -0.6926788740966086, -0.13516869804791473, -0.7290995866141367, 3.8538059341299675, 0.4046866534428875, -0.7290995866141367, 0.4046866534428875, 3.8538059341299675, 0.0, -4.901960784313725, 0.0, 0.0, 0.0, 0.0, 0.0, 0.0, 1.2118313504899896, -3.7296333972358964, -2.517802046745907, -4.901960784313725], "data_imag": [5.883138527942096e-19, -1.846794855853355e-18, 0.0, 0.0, 0.0, 0.0, 0.0, 0.0, 0.0, 0.0, 0.0, 0.0, 0.0, 0.0, 0.0, 0.0, 0.0, 0.0, 0.0, 0.0, 0.0, 0.0, 0.0, 0.0, 0.0, 0.0, 0.0, 0.0, 0.0, 0.0, 0.0, 0.0, 0.0, 0.0, 0.0, 0.0, 0.0, 0.0]}, {"time": 5.3921568627450975, "step_sample_count": 256, "data": [0.39145933862570453, 0.3754042770495751, -3.0922754748085386, -0.07704859391247457, 2.135755601210503, 3.0922754748085386, -2.135755601210503, 0.07704859391247457, 2.0670395680061042, -3.0208741140821704, 1.1344283353533655, -2.0670395680061042, -1.1344283353533655, 3.0208741140821704, 3.9312677970328234, 0.3429528826431228, -1.0549005688932933, 3.9312677970328234, -1.0549005688932933, 0.3429528826431228, -1.0774425639947827, 4.017118307032865, -0.039707377681238824, -1.0774425639947827, -0.039707377681238824, 4.017118307032865, 0.0, -5.3921568627450975, 0.0, 0.0, 0.0, 0.0, 0.0, 0.0, 1.3330144855389885, -4.1025967369594865, -2.7695822514204975, -5.3921568627450975], "data_imag": [1.2720428403461702e-18, -3.9836243918837954e-18, 0.0, 0.0, 0.0, 0.0, 0.0, 0.0, 0.0, 0.0, 0.0, 0.0, 0.0, 0.0, 0.0, 0.0, 0.0, 0.0, 0.0, 0.0, 0.0, 0.0, 0.0, 0.0, 0.0, 0.0, 0.0, 0.0, 0.0, 0.0, 0.0, 0.0, 0.0, 0.0, 0.0, 0.0, 0.0, 0.0]}, {"time": 5.88235294117647, "step_sample_count": 256, "data": [0.3907527552024179, 0.37005300945428676, -3.5745012758155466, -0.40518389623628503, 1.7009100242086599, 3.5745012758155466, -1.7009100242086599, 0.40518389623628503, 1.6226969809746934, -3.4986995832504326, 0.9059955482662774, -1.6226969809746934, -0.9059955482662774, 3.4986995832504326, 4.017619122650892, 0.6968275258278162, -1.2750985237819068, 4.017619122650892, -1.2750985237819068, 0.6968275258278162, -1.2776407750758998, 4.125284556016014, -0.4563094110369122, -1.2776407750758998, -0.4563094110369122, 4.125284556016014, 0.0, -5.88235294117647, 0.0, 0.0, 0.0, 0.0, 0.0, 0.0, 1.4541976205879874, -4.475560076683076, -3.0213624560950882, -5.88235294117647], "data_imag": [3.99328645145396e-19, -1.2483101465744972e-18, 0.0, 0.0, 0.0, 0.0, 0.0, 0.0, 0.0, 0.0, 0.0, 0.0, 0.0, 0.0, 0.0, 0.0, 0.0, 0.0, 0.0, 0.0, 0.0, 0.0, 0.0, 0.0, 0.0, 0.0, 0.0, 0.0, 0.0, 0.0, 0.0, 0.0, 0.0, 0.0, 0.0, 0.0, 0.0, 0.0]}, {"time": 6.372549019607843, "step_sample_count": 256, "data": [0.3915360048032301, 0.36943066494395144, -4.063629311130654, -0.8770029484228355, 1.2159122871345784, 4.063629311130654, -1.2159122871345784, 0.8770029484228355, 1.1359546552519981, -3.985896910004941, 0.4409292012998819, -1.1359546552519981, -0.4409292012998819, 3.985896910004941, 4.045042464198419, 0.7982514959434541, -1.3236269711938533, 4.045042464198419, -1.3236269711938533, 0.7982514959434541, -1.3021676321902698, 4.176819798406203, -0.5535312467107353, -1.3021676321902698, -0.5535312467107353, 4.176819798406203, 0.0, -6.372549019607843, 0.0, 0.0, 0.0, 0.0, 0.0, 0.0, 1.5753807556369865, -4.848523416406666, -3.273142660769679, -6.372549019607843], "data_imag": [-1.5710318205972067e-18, 4.920924179643001e-18, 0.0, 0.0, 0.0, 0.0, 0.0, 0.0, 0.0, 0.0, 0.0, 0.0, 0.0, 0.0, 0.0, 0.0, 0.0, 0.0, 0.0, 0.0, 0.0, 0.0, 0.0, 0.0, 0.0, 0.0, 0.0, 0.0, 0.0, 0.0, 0.0, 0.0, 0.0, 0.0, 0.0, 0.0, 0.0, 0.0]}, {"time": 6.862745098039215, "step_sample_count": 256, "data": [0.39453762940530257, 0.37379090477443605, -4.5524853494010165, -1.3215724378854892, 0.7460587738346312, 4.5524853494010165, -0.7460587738346312, 1.3215724378854892, 0.6737380405111095, -4.475777955709713, 0.06473864893314542, -0.6737380405111095, -0.06473864893314542, 4.475777955709713, 4.013135592846701, 0.610480335327273, -1.1939524123363436, 4.013135592846701, -1.1939524123363436, 0.610480335327273, -1.147650774121905, 4.171016569636579, -0.2633253530378702, -1.147650774121905, -0.2633253530378702, 4.171016569636579, 0.0, -6.862745098039215, 0.0, 0.0, 0.0, 0.0, 0.0, 0.0, 1.6965638906859855, -5.221486756130255, -3.5249228654442697, -6.862745098039215], "data_imag": [2.62179747410495e-18, -8.275182081713419e-18, 0.0, 0.0, 0.0, 0.0, 0.0, 0.0, 0.0, 0.0, 0.0, 0.0, 0.0, 0.0, 0.0, 0.0, 0.0, 0.0, 0.0, 0.0, 0.0, 0.0, 0.0, 0.0, 0.0, 0.0, 0.0, 0.0, 0.0, 0.0, 0.0, 0.0, 0.0, 0.0, 0.0, 0.0, 0.0, 0.0]}, {"time": 7.352941176470588, "step_sample_count": 256, "data": [0.39803515869926054, 0.37911345121264195, -5.033899148760356, -1.5778311799250861, 0.35460696575828976, 5.033899148760356, -0.35460696575828976, 1.5778311799250861, 0.2996003827985407, -4.961617740220383, 0.040727277146889104, -0.2996003827985407, -0.040727277146889104, 4.961617740220383, 3.9223664991018965, 0.20154085710523034, -0.9035332374718783, 3.9223664991018965, -0.9035332374718783, 0.20154085710523034, -0.8353357545483986, 4.107954535165908, 0.21118728792904737, -0.8353357545483986, 0.21118728792904737, 4.107954535165908, 0.0, -7.352941176470588, 0.0, 0.0, 0.0, 0.0, 0.0, 0.0, 1.8177470257349844, -5.594450095853845, -3.7767030701188604, -7.352941176470588], "data_imag": [1.1024072724009224e-19, -3.510374828970561e-19, 0.0, 0.0, 0.0, 0.0, 0.0, 0.0, 0.0, 0.0, 0.0, 0.0, 0.0, 0.0, 0.0, 0.0, 0.0, 0.0, 0.0, 0.0, 0.0, 0.0, 0.0, 0.0, 0.0, 0.0, 0.0, 0.0, 0.0, 0.0, 0.0, 0.0, 0.0, 0.0, 0.0, 0.0, 0.0, 0.0]}, {"time": 7.8431372549019605, "step_sample_count": 256, "data": [0.400354415827017, 0.38215819403116086, -5.5008096255584, -1.5529402875718945, 0.09425893873731223, 5.5008096255584, -0.09425893873731223, 1.5529402875718945, 0.06498436473876476, -5.436746760944791, 0.38570113131782463, -0.06498436473876476, -0.38570113131782463, 5.436746760944791, 3.774066528606039, -0.28041399886998825, -0.49146926185464707, 3.774066528606039, -0.49146926185464707, -0.28041399886998825, -0.40816484912573037, 3.9884993968485474, 0.5378856692395563, -0.40816484912573037, 0.5378856692395563, 3.9884993968485474, 0.0, -7.8431372549019605, 0.0, 0.0, 0.0, 0.0, 0.0, 0.0, 1.9389301607839833, -5.967413435577435, -4.028483274793451, -7.8431372549019605], "data_imag": [-8.985440095805156e-19, 2.877888496403783e-18, 0.0, 0.0, 0.0, 0.0, 0.0, 0.0, 0.0, 0.0, 0.0, 0.0, 0.0, 0.0, 0.0, 0.0, 0.0, 0.0, 0.0, 0.0, 0.0, 0.0, 0.0, 0.0, 0.0, 0.0, 0.0, 0.0, 0.0, 0.0, 0.0, 0.0, 0.0, 0.0, 0.0, 0.0, 0.0, 0.0]}, {"time": 8.333333333333332, "step_sample_count": 256, "data": [0.4016809051113313, 0.3834662150729318, -5.946368422024245, -1.255917376082127, 6.595880144239511e-05, 5.946368422024245, -6.595880144239511e-05, 1.255917376082127, 0.002148907899465404, -5.89464255031984, 0.8582060247137151, -0.002148907899465404, -0.8582060247137151, 5.89464255031984, 3.5704108547721, -0.660778862876081, -0.013237625818308101, 3.5704108547721, -0.013237625818308101, -0.660778862876081, 0.07512736448177391, 3.8142910087681967, 0.4881069777200527, 0.07512736448177391, 0.4881069777200527, 3.8142910087681967, 0.0, -8.333333333333332, 0.0, 0.0, 0.0, 0.0, 0.0, 0.0, 2.060113295832982, -6.340376775301023, -4.280263479468041, -8.333333333333332], "data_imag": [-7.540263725264887e-19, 2.4230239663540308e-18, 0.0, 0.0, 0.0, 0.0, 0.0, 0.0, 0.0, 0.0, 0.0, 0.0, 0.0, 0.0, 0.0, 0.0, 0.0, 0.0, 0.0, 0.0, 0.0, 0.0, 0.0, 0.0, 0.0, 0.0, 0.0, 0.0, 0.0, 0.0, 0.0, 0.0, 0.0, 0.0, 0.0, 0.0, 0.0, 0.0]}, {"time": 8.823529411764705, "step_sample_count": 256, "data": [0.40182733108306584, 0.38342240426283175, -6.3640403537964385, -0.7943696095577493, 0.08470944795200908, 6.3640403537964385, -0.08470944795200908, 0.7943696095577493, 0.1197336784492668, -6.329019214823551, 1.1275262135687303, -0.1197336784492668, -1.1275262135687303, 6.329019214823551, 3.3143865746685663, -0.801752970202894, 0.46677622285651044, 3.3143865746685663, 0.46677622285651044, -0.801752970202894, 0.5480898155332267, 3.587720865678724, 0.09669232765243602, 0.5480898155332267, 0.09669232765243602, 3.587720865678724, 0.0, -8.823529411764705, 0.0, 0.0, 0.0, 0.0, 0.0, 0.0, 2.181296430881981, -6.7133401150246135, -4.532043684142632, -8.823529411764705], "data_imag": [-1.4813035574578935e-18, 4.761826040137249e-18, 0.0, 0.0, 0.0, 0.0, 0.0, 0.0, 0.0, 0.0, 0.0, 0.0, 0.0, 0.0, 0.0, 0.0, 0.0, 0.0, 0.0, 0.0, 0.0, 0.0, 0.0, 0.0, 0.0, 0.0, 0.0, 0.0, 0.0, 0.0, 0.0, 0.0, 0.0, 0.0, 0.0, 0.0, 0.0, 0.0]}, {"time": 9.313725490196077, "step_sample_count": 256, "data": [0.3998403664948904, 0.3809301005147366, -6.747699264016701, -0.3355091602994743, 0.33679365454898513, 6.747699264016701, -0.33679365454898513, 0.3355091602994743, 0.40157116181653596, -6.733913726350273, 1.0051590435966746, -0.40157116181653596, -1.0051590435966746, 6.733913726350273, 3.009748896103602, -0.6522634126186743, 0.8839468929180176, 3.009748896103602, 0.8839468929180176, -0.6522634126186743, 0.9456917412567466, 3.3118992730858086, -0.3623992406925811, 0.9456917412567466, -0.3623992406925811, 3.3118992730858086, 0.0, -9.313725490196077, 0.0, 0.0, 0.0, 0.0, 0.0, 0.0, 2.3024795659309802, -7.086303454748204, -4.783823888817222, -9.313725490196077], "data_imag": [-5.983339758448109e-19, 1.913904609505072e-18, 0.0, 0.0, 0.0, 0.0, 0.0, 0.0, 0.0, 0.0, 0.0, 0.0, 0.0, 0.0, 0.0, 0.0, 0.0, 0.0, 0.0, 0.0, 0.0, 0.0, 0.0, 0.0, 0.0, 0.0, 0.0, 0.0, 0.0, 0.0, 0.0, 0.0, 0.0, 0.0, 0.0, 0.0, 0.0, 0.0]}, {"time": 9.80392156862745, "step_sample_count": 256, "data": [0.39595790657514346, 0.3753813260225236, -7.091717878057995, -0.045574623894357666, 0.7223798901051497, 7.091717878057995, -0.7223798901051497, 0.045574623894357666, 0.8089096421296743, -7.103767781359878, 0.5767517751655418, -0.8089096421296743, -0.5767517751655418, 7.103767781359878, 2.6609660585299113, -0.266468124519165, 1.1821097177718543, 2.6609660585299113, 1.1821097177718543, -0.266468124519165, 1.213264200276783, 2.9906126496513648, -0.5678402413906672, 1.213264200276783, -0.5678402413906672, 2.9906126496513648, 0.0, -9.80392156862745, 0.0, 0.0, 0.0, 0.0, 0.0, 0.0, 2.423662700979979, -7.459266794471793, -5.035604093491814, -9.80392156862745], "data_imag": [-1.223299854595541e-18, 3.875001996314622e-18, 0.0, 0.0, 0.0, 0.0, 0.0, 0.0, 0.0, 0.0, 0.0, 0.0, 0.0, 0.0, 0.0, 0.0, 0.0, 0.0, 0.0, 0.0, 0.0, 0.0, 0.0, 0.0, 0.0, 0.0, 0.0, 0.0, 0.0, 0.0, 0.0, 0.0, 0.0, 0.0, 0.0, 0.0, 0.0, 0.0]}, {"time": 10.294117647058822, "step_sample_count": 256, "data": [0.39166034649287373, 0.36771165493198216, -7.3910503409526624, -0.02960514725968602, 1.189555774586228, 7.3910503409526624, -1.189555774586228, 0.02960514725968602, 1.2857414341650215, -7.433504104056415, 0.1421553312903914, -1.2857414341650215, -0.1421553312903914, 7.433504104056415, 2.273153795636819, 0.21586476419592823, 1.3211223363879916, 2.273153795636819, 1.3211223363879916, 0.21586476419592823, 1.3140168700885868, 2.6282715480640353, -0.3758383575886355, 1.3140168700885868, -0.3758383575886355, 2.6282715480640353, 0.0, -10.294117647058822, 0.0, 0.0, 0.0, 0.0, 0.0, 0.0, 2.544845836028978, -7.832230134195383, -5.287384298166404, -10.294117647058822], "data_imag": [1.5666918318721314e-18, -4.90888852574875e-18, 0.0, 0.0, 0.0, 0.0, 0.0, 0.0, 0.0, 0.0, 0.0, 0.0, 0.0, 0.0, 0.0, 0.0, 0.0, 0.0, 0.0, 0.0, 0.0, 0.0, 0.0, 0.0, 0.0, 0.0, 0.0, 0.0, 0.0, 0.0, 0.0, 0.0, 0.0, 0.0, 0.0, 0.0, 0.0, 0.0]}, {"time": 10.784313725490195, "step_sample_count": 256, "data": [0.3872533760852446, 0.3584437468792174, -7.641306226912007, -0.293386243991803, 1.67542432199621, 7.641306226912007, -1.67542432199621, 0.293386243991803, 1.7665037536444508, -7.718596146122789, 0.00555256421891965, -1.7665037536444508, -0.00555256421891965, 7.718596146122789, 1.8520003008922628, 0.6199929279349019, 1.2822691535980715, 1.8520003008922628, 1.2822691535980715, 0.6199929279349019, 1.2340965939466289, 2.2298501079338915, 0.07922040393659292, 1.2340965939466289, 0.07922040393659292, 2.2298501079338915, 0.0, -10.784313725490195, 0.0, 0.0, 0.0, 0.0, 0.0, 0.0, 2.666028971077977, -8.205193473918973, -5.539164502840995, -10.784313725490195], "data_imag": [7.732525315277552e-19, -2.3955572272046823e-18, 0.0, 0.0, 0.0, 0.0, 0.0, 0.0, 0.0, 0.0, 0.0, 0.0, 0.0, 0.0, 0.0, 0.0, 0.0, 0.0, 0.0, 0.0, 0.0, 0.0, 0.0, 0.0, 0.0, 0.0, 0.0, 0.0, 0.0, 0.0, 0.0, 0.0, 0.0, 0.0, 0.0, 0.0, 0.0, 0.0]}, {"time": 11.274509803921568, "step_sample_count": 256, "data": [0.3823004691037205, 0.3472529600773928, -7.838814935410895, -0.7413537853146419, 2.1145719092490274, 7.838814935410895, -2.1145719092490274, 0.7413537853146419, 2.185093381848967, -7.955130226188752, 0.26255451701954474, -2.185093381848967, -0.26255451701954474, 7.955130226188752, 1.4036827965943048, 0.7995064974537618, 1.0707810646066955, 1.4036827965943048, 1.0707810646066955, 0.7995064974537618, 0.9844921438071129, 1.8008177718888059, 0.47883120042377614, 0.9844921438071129, 0.47883120042377614, 1.8008177718888059, 0.0, -11.274509803921568, 0.0, 0.0, 0.0, 0.0, 0.0, 0.0, 2.787212106126976, -8.578156813642561, -5.790944707515585, -11.274509803921568], "data_imag": [-3.4213937524733652e-19, 1.0464003492472845e-18, 0.0, 0.0, 0.0, 0.0, 0.0, 0.0, 0.0, 0.0, 0.0, 0.0, 0.0, 0.0, 0.0, 0.0, 0.0, 0.0, 0.0, 0.0, 0.0, 0.0, 0.0, 0.0, 0.0, 0.0, 0.0, 0.0, 0.0, 0.0, 0.0, 0.0, 0.0, 0.0, 0.0, 0.0, 0.0, 0.0]}, {"time": 11.76470588235294, "step_sample_count": 256, "data": [0.3770227724415235, 0.33470316819869494, -7.980679529314946, -1.2112155208098643, 2.4478750657993107, 7.980679529314946, -2.4478750657993107, 1.2112155208098643, 2.483955638169107, -8.139859255995107, 0.73328031828187, -2.483955638169107, -0.73328031828187, 8.139859255995107, 0.9347769301463712, 0.6893702670949425, 0.7151312072908101, 0.9347769301463712, 0.7151312072908101, 0.6893702670949425, 0.599523300759936, 1.3470642022590376, 0.5432983427398378, 0.599523300759936, 0.5432983427398378, 1.3470642022590376, 0.0, -11.76470588235294, 0.0, 0.0, 0.0, 0.0, 0.0, 0.0, 2.908395241175975, -8.951120153366151, -6.0427249121901765, -11.76470588235294], "data_imag": [3.977739734774951e-20, -1.1997587702845297e-19, 0.0, 0.0, 0.0, 0.0, 0.0, 0.0, 0.0, 0.0, 0.0, 0.0, 0.0, 0.0, 0.0, 0.0, 0.0, 0.0, 0.0, 0.0, 0.0, 0.0, 0.0, 0.0, 0.0, 0.0, 0.0, 0.0, 0.0, 0.0, 0.0, 0.0, 0.0, 0.0, 0.0, 0.0, 0.0, 0.0]}, {"time": 12.254901960784313, "step_sample_count": 256, "data": [0.37278629782407163, 0.3245483437519356, -8.064819225385492, -1.5327472458089613, 2.6304604052708505, 8.064819225385492, -2.6304604052708505, 1.5327472458089613, 2.621997957118927, -8.270247315713096, 1.0882594468534212, -2.621997957118927, -1.0882594468534212, 8.270247315713096, 0.4521603264763315, 0.3294850221357515, 0.2632015568082847, 0.4521603264763315, 0.2632015568082847, 0.3294850221357515, 0.13212199936165858, 0.8748184290773894, 0.2274999724289101, 0.13212199936165858, 0.2274999724289101, 0.8748184290773894, 0.0, -12.254901960784313, 0.0, 0.0, 0.0, 0.0, 0.0, 0.0, 3.0295783762249737, -9.324083493089741, -6.294505116864767, -12.254901960784313], "data_imag": [4.960637955122805e-19, -1.479406286508643e-18, 0.0, 0.0, 0.0, 0.0, 0.0, 0.0, 0.0, 0.0, 0.0, 0.0, 0.0, 0.0, 0.0, 0.0, 0.0, 0.0, 0.0, 0.0, 0.0, 0.0, 0.0, 0.0, 0.0, 0.0, 0.0, 0.0, 0.0, 0.0, 0.0, 0.0, 0.0, 0.0, 0.0, 0.0, 0.0, 0.0]}, {"time": 12.745098039215685, "step_sample_count": 256, "data": [0.3719094138503181, 0.32268101877133437, -8.08999991393758, -1.5894626026689187, 2.6377460348020842, 8.08999991393758, -2.6377460348020842, 1.5894626026689187, 2.5802399793144026, -8.344504466498678, 1.0790348218283201, -2.5802399793144026, -1.0790348218283201, 8.344504466498678, -0.03708828876636208, -0.1497679465733435, -0.22416353711774342, -0.03708828876636208, -0.22416353711774342, -0.1497679465733435, -0.35344563718295724, 0.390563339313573, -0.24753023577431774, -0.35344563718295724, -0.24753023577431774, 0.390563339313573, 0.0, -12.745098039215685, 0.0, 0.0, 0.0, 0.0, 0.0, 0.0, 3.150761511273973, -9.697046832813331, -6.546285321539358, -12.745098039215685], "data_imag": [6.586375794563979e-19, -1.95962812892337e-18, 0.0, 0.0, 0.0, 0.0, 0.0, 0.0, 0.0, 0.0, 0.0, 0.0, 0.0, 0.0, 0.0, 0.0, 0.0, 0.0, 0.0, 0.0, 0.0, 0.0, 0.0, 0.0, 0.0, 0.0, 0.0, 0.0, 0.0, 0.0, 0.0, 0.0, 0.0, 0.0, 0.0, 0.0, 0.0, 0.0]}, {"time": 13.235294117647058, "step_sample_count": 256, "data": [0.3748505902317777, 0.33018018270167704, -8.055852260007239, -1.3608144265864546, 2.4687510729866293, 8.055852260007239, -2.4687510729866293, 1.3608144265864546, 2.364423287712917, -8.361611322382569, 0.7120629450730566, -2.364423287712917, -0.7120629450730566, 8.361611322382569, -0.5257929156361127, -0.5747621245268704, -0.6813489678306959, -0.5257929156361127, -0.6813489678306959, -0.5747621245268704, -0.7904156750528739, -0.0990533187840884, -0.5493090191292401, -0.7904156750528739, -0.5493090191292401, -0.0990533187840884, 0.0, -13.235294117647058, 0.0, 0.0, 0.0, 0.0, 0.0, 0.0, 3.271944646322972, -10.070010172536922, -6.798065526213948, -13.235294117647058], "data_imag": [1.9500413182108406e-18, -5.8477931128614994e-18, 0.0, 0.0, 0.0, 0.0, 0.0, 0.0, 0.0, 0.0, 0.0, 0.0, 0.0, 0.0, 0.0, 0.0, 0.0, 0.0, 0.0, 0.0, 0.0, 0.0, 0.0, 0.0, 0.0, 0.0, 0.0, 0.0, 0.0, 0.0, 0.0, 0.0, 0.0, 0.0, 0.0, 0.0, 0.0, 0.0]}, {"time": 13.72549019607843, "step_sample_count": 256, "data": [0.37980263645756585, 0.3423567709189983, -7.962877120531234, -0.9296386903217655, 2.1462277082395844, 7.962877120531234, -2.1462277082395844, 0.9296386903217655, 2.004221959067388, -8.321333044178477, 0.24419486481704294, -2.004221959067388, -0.24419486481704294, 8.321333044178477, -1.0067855330766158, -0.7915281831634494, -1.0468027875773733, -1.0067855330766158, -1.0468027875773733, -0.7915281831634494, -1.1187061884885208, -0.5873101945266288, -0.46661529572771393, -1.1187061884885208, -0.46661529572771393, -0.5873101945266288, 0.0, -13.72549019607843, 0.0, 0.0, 0.0, 0.0, 0.0, 0.0, 3.393127781371971, -10.44297351226051, -7.049845730888539, -13.72549019607843], "data_imag": [-1.1623884762577168e-18, 3.531825662964589e-18, 0.0, 0.0, 0.0, 0.0, 0.0, 0.0, 0.0, 0.0, 0.0, 0.0, 0.0, 0.0, 0.0, 0.0, 0.0, 0.0, 0.0, 0.0, 0.0, 0.0, 0.0, 0.0, 0.0, 0.0, 0.0, 0.0, 0.0, 0.0, 0.0, 0.0, 0.0, 0.0, 0.0, 0.0, 0.0, 0.0]}, {"time": 14.215686274509803, "step_sample_count": 256, "data": [0.38525034993650087, 0.354952210889072, -7.812438198083341, -0.4521442128387055, 1.7135980182617532, 7.812438198083341, -1.7135980182617532, 0.4521442128387055, 1.5491624771424075, -8.22422256330424, 0.0029009254076255327, -1.5491624771424075, -0.0029009254076255327, 8.22422256330424, -1.4730112350768008, -0.7215348713871622, -1.2713230907236153, -1.4730112350768008, -1.2713230907236153, -0.7215348713871622, -1.2931783246020436, -1.067504604020668, -0.05732807724081585, -1.2931783246020436, -0.05732807724081585, -1.067504604020668, 0.0, -14.215686274509803, 0.0, 0.0, 0.0, 0.0, 0.0, 0.0, 3.51431091642097, -10.8159368519841, -7.30162593556313, -14.215686274509803], "data_imag": [2.6582792089675873e-19, -8.192823963869501e-19, 0.0, 0.0, 0.0, 0.0, 0.0, 0.0, 0.0, 0.0, 0.0, 0.0, 0.0, 0.0, 0.0, 0.0, 0.0, 0.0, 0.0, 0.0, 0.0, 0.0, 0.0, 0.0, 0.0, 0.0, 0.0, 0.0, 0.0, 0.0, 0.0, 0.0, 0.0, 0.0, 0.0, 0.0, 0.0, 0.0]}, {"time": 14.705882352941176, "step_sample_count": 256, "data": [0.39058652201379845, 0.3661746072162408, -7.6067420389176865, -0.10132043235464679, 1.2291079537879868, 7.6067420389176865, -1.2291079537879868, 0.10132043235464679, 1.0618140060447028, -8.071612991259913, 0.15706764157368597, -1.0618140060447028, -0.15706764157368597, 8.071612991259913, -1.917631707724368, -0.3901397676709091, -1.3246821818084378, -1.917631707724368, -1.3246821818084378, -0.3901397676709091, -1.2898427454054506, -1.5330445431509232, 0.39208422347983546, -1.2898427454054506, 0.39208422347983546, -1.5330445431509232, 0.0, -14.705882352941176, 0.0, 0.0, 0.0, 0.0, 0.0, 0.0, 3.6354940514699687, -11.18890019170769, -7.553406140237721, -14.705882352941176], "data_imag": [3.4471572167324404e-19, -1.0771305184946317e-18, 0.0, 0.0, 0.0, 0.0, 0.0, 0.0, 0.0, 0.0, 0.0, 0.0, 0.0, 0.0, 0.0, 0.0, 0.0, 0.0, 0.0, 0.0, 0.0, 0.0, 0.0, 0.0, 0.0, 0.0, 0.0, 0.0, 0.0, 0.0, 0.0, 0.0, 0.0, 0.0, 0.0, 0.0, 0.0, 0.0]}, {"time": 15.196078431372548, "step_sample_count": 256, "data": [0.39551207430171614, 0.3749764742692565, -7.348805668695649, -0.004265800393324842, 0.7579855495107429, 7.348805668695649, -0.7579855495107429, 0.004265800393324842, 0.6091853384188821, -7.865599318963879, 0.5987906065812247, -0.6091853384188821, -0.5987906065812247, 7.865599318963879, -2.3341255294186745, 0.08259740892416564, -1.1996962011417176, -2.3341255294186745, -1.1996962011417176, 0.08259740892416564, -1.1091580819358529, -1.9775391811748892, 0.5670688359387723, -1.1091580819358529, 0.5670688359387723, -1.9775391811748892, 0.0, -15.196078431372548, 0.0, 0.0, 0.0, 0.0, 0.0, 0.0, 3.7566771865189676, -11.56186353143128, -7.805186344912311, -15.196078431372548], "data_imag": [7.643517361917431e-19, -2.4184827254185155e-18, 0.0, 0.0, 0.0, 0.0, 0.0, 0.0, 0.0, 0.0, 0.0, 0.0, 0.0, 0.0, 0.0, 0.0, 0.0, 0.0, 0.0, 0.0, 0.0, 0.0, 0.0, 0.0, 0.0, 0.0, 0.0, 0.0, 0.0, 0.0, 0.0, 0.0, 0.0, 0.0, 0.0, 0.0, 0.0, 0.0]}, {"time": 15.686274509803921, "step_sample_count": 256, "data": [0.3989625327245404, 0.3799119542891586, -7.0424123405957015, -0.1961418257283738, 0.36365912065041317, 7.0424123405957015, -0.36365912065041317, 0.1961418257283738, 0.2535114094964622, -7.609009657174465, 1.0188989717200723, -0.2535114094964622, -1.0188989717200723, 7.609009657174465, -2.71638382310069, 0.5254107224343365, -0.9131923046979618, -2.71638382310069, -0.9131923046979618, 0.5254107224343365, -0.7759678740144066, -2.394886592653323, 0.34515048619539906, -0.7759678740144066, 0.34515048619539906, -2.394886592653323, 0.0, -15.686274509803921, 0.0, 0.0, 0.0, 0.0, 0.0, 0.0, 3.8778603215679666, -11.93482687115487, -8.056966549586901, -15.686274509803921], "data_imag": [8.912225317171063e-19, -2.8445151878002698e-18, 0.0, 0.0, 0.0, 0.0, 0.0, 0.0, 0.0, 0.0, 0.0, 0.0, 0.0, 0.0, 0.0, 0.0, 0.0, 0.0, 0.0, 0.0, 0.0, 0.0, 0.0, 0.0, 0.0, 0.0, 0.0, 0.0, 0.0, 0.0, 0.0, 0.0, 0.0, 0.0, 0.0, 0.0, 0.0, 0.0]}, {"time": 16.176470588235293, "step_sample_count": 256, "data": [0.3994092668847667, 0.3800587975641758, -6.692056044865898, -0.6074345612979254, 0.09921775998291334, 6.692056044865898, -0.09921775998291334, 0.6074345612979254, 0.04369620064948659, -7.305366412802315, 1.123350384453714, -0.04369620064948659, -1.123350384453714, 7.305366412802315, -3.058799857531526, 0.777875225657954, -0.5037431846066934, -3.058799857531526, -0.5037431846066934, 0.777875225657954, -0.3360846662122162, -2.779357523351743, -0.11834567861117423, -0.3360846662122162, -0.11834567861117423, -2.779357523351743, 0.0, -16.176470588235293, 0.0, 0.0, 0.0, 0.0, 0.0, 0.0, 3.9990434566169655, -12.307790210878458, -8.308746754261493, -16.176470588235293], "data_imag": [3.616745054038871e-19, -1.155649192434217e-18, 0.0, 0.0, 0.0, 0.0, 0.0, 0.0, 0.0, 0.0, 0.0, 0.0, 0.0, 0.0, 0.0, 0.0, 0.0, 0.0, 0.0, 0.0, 0.0, 0.0, 0.0, 0.0, 0.0, 0.0, 0.0, 0.0, 0.0, 0.0, 0.0, 0.0, 0.0, 0.0, 0.0, 0.0, 0.0, 0.0]}, {"time": 16.666666666666664, "step_sample_count": 256, "data": [0.3970487872256762, 0.3763643316954506, -6.302875593719021, -1.0891385156791213, 0.0002638286556794895, 6.302875593719021, -0.0002638286556794895, 1.0891385156791213, 0.00858860472795959, -6.958837934076617, 0.8390371857242055, -0.00858860472795959, -0.8390371857242055, 6.958837934076617, -3.356351283402686, 0.7485266302273469, -0.026473937063885893, -3.356351283402686, -0.026473937063885893, 0.7485266302273469, 0.15000906454190058, -3.125674040192918, -0.49900930629400214, 0.15000906454190058, -0.49900930629400214, -3.125674040192918, 0.0, -16.666666666666664, 0.0, 0.0, 0.0, 0.0, 0.0, 0.0, 4.120226591665964, -12.680753550602047, -8.560526958936082, -16.666666666666664], "data_imag": [-4.592049361205117e-19, 1.4586141037975466e-18, 0.0, 0.0, 0.0, 0.0, 0.0, 0.0, 0.0, 0.0, 0.0, 0.0, 0.0, 0.0, 0.0, 0.0, 0.0, 0.0, 0.0, 0.0, 0.0, 0.0, 0.0, 0.0, 0.0, 0.0, 0.0, 0.0, 0.0, 0.0, 0.0, 0.0, 0.0, 0.0, 0.0, 0.0, 0.0, 0.0]}, {"time": 17.15686274509804, "step_sample_count": 256, "data": [0.3935362351798242, 0.3705902661718191, -5.8805792483728725, -1.4667392172183202, 0.08011972673191858, 5.8805792483728725, -0.08011972673191858, 1.4667392172183202, 0.15301579931604098, -6.574181288369779, 0.3649559410580968, -0.15301579931604098, -0.3649559410580968, 6.574181288369779, -3.6046737980890082, 0.4479975136390572, 0.4543595587718682, -3.6046737980890082, 0.4543595587718682, 0.4479975136390572, 0.6154770482242006, -3.4290819855709542, -0.5304062148725663, 0.6154770482242006, -0.5304062148725663, -3.4290819855709542, 0.0, -17.15686274509804, 0.0, 0.0, 0.0, 0.0, 0.0, 0.0, 4.241409726714964, -13.053716890325639, -8.812307163610674, -17.15686274509804], "data_imag": [-9.14736954650946e-19, 2.879857098505527e-18, 0.0, 0.0, 0.0, 0.0, 0.0, 0.0, 0.0, 0.0, 0.0, 0.0, 0.0, 0.0, 0.0, 0.0, 0.0, 0.0, 0.0, 0.0, 0.0, 0.0, 0.0, 0.0, 0.0, 0.0, 0.0, 0.0, 0.0, 0.0, 0.0, 0.0, 0.0, 0.0, 0.0, 0.0, 0.0, 0.0]}, {"time": 17.64705882352941, "step_sample_count": 256, "data": [0.38986600548557576, 0.36354425207107766, -5.4313609937603085, -1.6034373178391452, 0.3280342671965317, 5.4313609937603085, -0.3280342671965317, 1.6034373178391452, 0.4571195258813955, -6.15667695821417, 0.03292571439854394, -0.4571195258813955, -0.03292571439854394, 6.15667695821417, -3.8001251585746445, -0.014834711910214618, 0.8740215606274238, -3.8001251585746445, 0.8740215606274238, -0.014834711910214618, 0.9963189863808447, -3.6854162413899303, -0.19056107220187884, 0.9963189863808447, -0.19056107220187884, -3.6854162413899303, 0.0, -17.64705882352941, 0.0, 0.0, 0.0, 0.0, 0.0, 0.0, 4.362592861763962, -13.426680230049227, -9.064087368285264, -17.64705882352941], "data_imag": [-1.1052074152531114e-18, 3.4470624017421486e-18, 0.0, 0.0, 0.0, 0.0, 0.0, 0.0, 0.0, 0.0, 0.0, 0.0, 0.0, 0.0, 0.0, 0.0, 0.0, 0.0, 0.0, 0.0, 0.0, 0.0, 0.0, 0.0, 0.0, 0.0, 0.0, 0.0, 0.0, 0.0, 0.0, 0.0, 0.0, 0.0, 0.0, 0.0, 0.0, 0.0]}, {"time": 18.137254901960784, "step_sample_count": 256, "data": [0.38621762894519296, 0.3557416012802044, -4.961809688940343, -1.449709045546521, 0.7106301335017499, 4.961809688940343, -0.7106301335017499, 1.449709045546521, 0.8790865342255165, -5.712056351989635, 0.07534118545619164, -0.8790865342255165, -0.07534118545619164, 5.712056351989635, -3.9398386036496262, -0.47229253293654483, 1.1760119880607356, -3.9398386036496262, 1.1760119880607356, -0.47229253293654483, 1.2401703801413932, -3.8911579068966615, 0.28266162402836015, 1.2401703801413932, 0.28266162402836015, -3.8911579068966615, 0.0, -18.137254901960784, 0.0, 0.0, 0.0, 0.0, 0.0, 0.0, 4.483775996812962, -13.799643569772819, -9.315867572959856, -18.137254901960784], "data_imag": [-2.00730161898496e-18, 6.202042174897747e-18, 0.0, 0.0, 0.0, 0.0, 0.0, 0.0, 0.0, 0.0, 0.0, 0.0, 0.0, 0.0, 0.0, 0.0, 0.0, 0.0, 0.0, 0.0, 0.0, 0.0, 0.0, 0.0, 0.0, 0.0, 0.0, 0.0, 0.0, 0.0, 0.0, 0.0, 0.0, 0.0, 0.0, 0.0, 0.0, 0.0]}, {"time": 18.627450980392155, "step_sample_count": 256, "data": [0.38376710880067527, 0.3503800191001895, -4.478812425736782, -1.0612479606140808, 1.1763975460452691, 4.478812425736782, -1.1763975460452691, 1.0612479606140808, 1.3608977652112881, -5.246423124399408, 0.4625149070658006, -1.3608977652112881, -0.4625149070658006, 5.246423124399408, -4.0217649018127855, -0.7586455060542374, 1.3196731609214225, -4.0217649018127855, 1.3196731609214225, -0.7586455060542374, 1.3135024745190973, -4.043482605382689, 0.5580437253120504, 1.3135024745190973, 0.5580437253120504, -4.043482605382689, 0.0, -18.627450980392155, 0.0, 0.0, 0.0, 0.0, 0.0, 0.0, 4.6049591318619605, -14.172606909496407, -9.567647777634445, -18.627450980392155], "data_imag": [2.7551741970074675e-19, -8.458761886622227e-19, 0.0, 0.0, 0.0, 0.0, 0.0, 0.0, 0.0, 0.0, 0.0, 0.0, 0.0, 0.0, 0.0, 0.0, 0.0, 0.0, 0.0, 0.0, 0.0, 0.0, 0.0, 0.0, 0.0, 0.0, 0.0, 0.0, 0.0, 0.0, 0.0, 0.0, 0.0, 0.0, 0.0, 0.0, 0.0, 0.0]}, {"time": 19.11764705882353, "step_sample_count": 256, "data": [0.38343486093431545, 0.35065970919101797, -3.989453513080678, -0.5787879731092052, 1.6626291447143429, 3.989453513080678, -1.6626291447143429, 0.5787879731092052, 1.8363057782788863, -4.766169386829614, 0.9234561506690875, -1.8363057782788863, -0.9234561506690875, 4.766169386829614, -4.044702408148131, -0.7701520336376739, 1.2856636382709712, -4.044702408148131, 1.2856636382709712, -0.7701520336376739, 1.2062323506216883, -4.1402992566117085, 0.44283972209205463, 1.2062323506216883, 0.44283972209205463, -4.1402992566117085, 0.0, -19.11764705882353, 0.0, 0.0, 0.0, 0.0, 0.0, 0.0, 4.726142266910959, -14.545570249219997, -9.819427982309037, -19.11764705882353], "data_imag": [3.5879810022619755e-19, -1.100605597309829e-18, 0.0, 0.0, 0.0, 0.0, 0.0, 0.0, 0.0, 0.0, 0.0, 0.0, 0.0, 0.0, 0.0, 0.0, 0.0, 0.0, 0.0, 0.0, 0.0, 0.0, 0.0, 0.0, 0.0, 0.0, 0.0, 0.0, 0.0, 0.0, 0.0, 0.0, 0.0, 0.0, 0.0, 0.0, 0.0, 0.0]}, {"time": 19.6078431372549, "step_sample_count": 256, "data": [0.3844055529866873, 0.35617589638802416, -3.500910568692734, -0.17711745470220475, 2.103862427979643, 3.500910568692734, -2.103862427979643, 0.17711745470220475, 2.2399435540192214, -4.277887957838429, 1.1355428051699736, -2.2399435540192214, -1.1355428051699736, 4.277887957838429, -4.008314689318737, -0.5026434648723261, 1.0785622019791967, -4.008314689318737, 1.0785622019791967, -0.5026434648723261, 0.9331092934382276, -4.18027878271294, 0.01768322926256041, 0.9331092934382276, 0.01768322926256041, -4.18027878271294, 0.0, -19.6078431372549, 0.0, 0.0, 0.0, 0.0, 0.0, 0.0, 4.847325401959958, -14.918533588943585, -10.071208186983627, -19.6078431372549], "data_imag": [-1.240451972295184e-18, 3.814693010908458e-18, 0.0, 0.0, 0.0, 0.0, 0.0, 0.0, 0.0, 0.0, 0.0, 0.0, 0.0, 0.0, 0.0, 0.0, 0.0, 0.0, 0.0, 0.0, 0.0, 0.0, 0.0, 0.0, 0.0, 0.0, 0.0, 0.0, 0.0, 0.0, 0.0, 0.0, 0.0, 0.0, 0.0, 0.0, 0.0, 0.0]}, {"time": 20.098039215686274, "step_sample_count": 256, "data": [0.3857352922610744, 0.3644049957710103, -3.0203492421693405, -0.0017559047891183633, 2.4406931231455973, 3.0203492421693405, -2.4406931231455973, 0.0017559047891183633, 2.5163122417696626, -3.7882818583808704, 0.9503311260350054, -2.5163122417696626, -0.9503311260350054, 3.7882818583808704, -3.9131354581654847, -0.053034338483288916, 0.7262514045726811, -3.9131354581654847, 0.7262514045726811, -0.053034338483288916, 0.5316868142458577, -4.162872353472255, -0.4198501138376689, 0.5316868142458577, -0.4198501138376689, -4.162872353472255, 0.0, -20.098039215686274, 0.0, 0.0, 0.0, 0.0, 0.0, 0.0, 4.968508537008957, -15.291496928667177, -10.32298839165822, -20.098039215686274], "data_imag": [6.51653226909077e-19, -2.010925183477161e-18, 0.0, 0.0, 0.0, 0.0, 0.0, 0.0, 0.0, 0.0, 0.0, 0.0, 0.0, 0.0, 0.0, 0.0, 0.0, 0.0, 0.0, 0.0, 0.0, 0.0, 0.0, 0.0, 0.0, 0.0, 0.0, 0.0, 0.0, 0.0, 0.0, 0.0, 0.0, 0.0, 0.0, 0.0, 0.0, 0.0]}, {"time": 20.588235294117645, "step_sample_count": 256, "data": [0.3870868467935065, 0.37204309803232116, -2.5548181136097465, -0.11623431154868998, 2.6277729230314684, 2.5548181136097465, -2.6277729230314684, 0.11623431154868998, 2.627412066853126, -3.3040722941992002, 0.49745451828358783, -2.627412066853126, -0.49745451828358783, 3.3040722941992002, -3.7605607455330174, 0.4157883722571578, 0.27616367573545214, -3.7605607455330174, 0.27616367573545214, 0.4157883722571578, 0.05715916780545387, -4.088318920553644, -0.5635218597170262, 0.05715916780545387, -0.5635218597170262, -4.088318920553644, 0.0, -20.588235294117645, 0.0, 0.0, 0.0, 0.0, 0.0, 0.0, 5.089691672057956, -15.664460268390766, -10.574768596332808, -20.588235294117645], "data_imag": [2.2764755487588583e-18, -7.04954993577267e-18, 0.0, 0.0, 0.0, 0.0, 0.0, 0.0, 0.0, 0.0, 0.0, 0.0, 0.0, 0.0, 0.0, 0.0, 0.0, 0.0, 0.0, 0.0, 0.0, 0.0, 0.0, 0.0, 0.0, 0.0, 0.0, 0.0, 0.0, 0.0, 0.0, 0.0, 0.0, 0.0, 0.0, 0.0, 0.0, 0.0]}, {"time": 21.07843137254902, "step_sample_count": 256, "data": [0.3881648770500793, 0.3758075978332298, -2.1111453093471444, -0.47907878113036945, 2.639914835019632, 2.1111453093471444, -2.639914835019632, 0.47907878113036945, 2.5579671731145672, -2.8319063885764773, 0.09389049105902818, -2.5579671731145672, -0.09389049105902818, 2.8319063885764773, -3.5528284241417443, 0.7339768865285335, -0.21110461704427155, -3.5528284241417443, -0.21110461704427155, 0.7339768865285335, -0.4252276739548574, -3.95764193722289, -0.3127732438828489, -0.4252276739548574, -0.3127732438828489, -3.95764193722289, 0.0, -21.07843137254902, 0.0, 0.0, 0.0, 0.0, 0.0, 0.0, 5.210874807106955, -16.037423608114356, -10.8265488010074, -21.07843137254902], "data_imag": [-3.751759186950291e-19, 1.1650409148192526e-18, 0.0, 0.0, 0.0, 0.0, 0.0, 0.0, 0.0, 0.0, 0.0, 0.0, 0.0, 0.0, 0.0, 0.0, 0.0, 0.0, 0.0, 0.0, 0.0, 0.0, 0.0, 0.0, 0.0, 0.0, 0.0, 0.0, 0.0, 0.0, 0.0, 0.0, 0.0, 0.0, 0.0, 0.0, 0.0, 0.0]}, {"time": 21.56862745098039, "step_sample_count": 256, "data": [0.3892341780736488, 0.37553699994166106, -1.6958383511609674, -0.9588359378132923, 2.4754841649966877, 1.6958383511609674, -2.4754841649966877, 0.9588359378132923, 2.3175260022968573, -2.378265932077983, 0.02210167974589769, -2.3175260022968573, -0.02210167974589769, 2.378265932077983, -3.2929853848372574, 0.7862560442469577, -0.6699513996754631, -3.2929853848372574, -0.6699513996754631, 0.7862560442469577, -0.8491471259096556, -3.772635308604371, 0.15689169943600442, -0.8491471259096556, 0.15689169943600442, -3.772635308604371, 0.0, -21.56862745098039, 0.0, 0.0, 0.0, 0.0, 0.0, 0.0, 5.332057942155954, -16.410386947837946, -11.07832900568199, -21.56862745098039], "data_imag": [4.699466734900036e-19, -1.4633544575546161e-18, 0.0, 0.0, 0.0, 0.0, 0.0, 0.0, 0.0, 0.0, 0.0, 0.0, 0.0, 0.0, 0.0, 0.0, 0.0, 0.0, 0.0, 0.0, 0.0, 0.0, 0.0, 0.0, 0.0, 0.0, 0.0, 0.0, 0.0, 0.0, 0.0, 0.0, 0.0, 0.0, 0.0, 0.0, 0.0, 0.0]}, {"time": 22.058823529411764, "step_sample_count": 256, "data": [0.3919773864722792, 0.3768333526296964, -1.3149887079210216, -1.3816966069808079, 2.1566186000592906, 1.3149887079210216, -2.1566186000592906, 1.3816966069808079, 1.9391484150829725, -1.949378401944125, 0.33233452720503776, -1.9391484150829725, -0.33233452720503776, 1.949378401944125, -2.9848428466558854, 0.5536858522802437, -1.038601052696257, -2.9848428466558854, -1.038601052696257, 0.5536858522802437, -1.1563116744240403, -3.535838765342788, 0.5167449650455461, -1.1563116744240403, 0.5167449650455461, -3.535838765342788, 0.0, -22.058823529411764, 0.0, 0.0, 0.0, 0.0, 0.0, 0.0, 5.453241077204954, -16.783350287561536, -11.330109210356582, -22.058823529411764], "data_imag": [9.141900171262242e-19, -2.866734509217484e-18, 0.0, 0.0, 0.0, 0.0, 0.0, 0.0, 0.0, 0.0, 0.0, 0.0, 0.0, 0.0, 0.0, 0.0, 0.0, 0.0, 0.0, 0.0, 0.0, 0.0, 0.0, 0.0, 0.0, 0.0, 0.0, 0.0, 0.0, 0.0, 0.0, 0.0, 0.0, 0.0, 0.0, 0.0, 0.0, 0.0]}, {"time": 22.549019607843135, "step_sample_count": 256, "data": [0.39758444471752724, 0.38566172029169, -0.9741824496416648, -1.5944643998723627, 1.7262477597334085, 0.9741824496416648, -1.7262477597334085, 1.5944643998723627, 1.474860070291284, -1.5511314726412004, 0.807450780855264, -1.474860070291284, -0.807450780855264, 1.5511314726412004, -2.6329204561910715, 0.12052317379987516, -1.267421407936753, -2.6329204561910715, -1.267421407936753, 0.12052317379987516, -1.3044872164694026, -3.250502998734841, 0.5149179648189819, -1.3044872164694026, 0.5149179648189819, -3.250502998734841, 0.0, -22.549019607843135, 0.0, 0.0, 0.0, 0.0, 0.0, 0.0, 5.574424212253952, -17.156313627285122, -11.58188941503117, -22.549019607843135], "data_imag": [1.8984133400448642e-18, -6.038236909168668e-18, 0.0, 0.0, 0.0, 0.0, 0.0, 0.0, 0.0, 0.0, 0.0, 0.0, 0.0, 0.0, 0.0, 0.0, 0.0, 0.0, 0.0, 0.0, 0.0, 0.0, 0.0, 0.0, 0.0, 0.0, 0.0, 0.0, 0.0, 0.0, 0.0, 0.0, 0.0, 0.0, 0.0, 0.0, 0.0, 0.0]}, {"time": 23.03921568627451, "step_sample_count": 256, "data": [0.40478666217202314, 0.4021527428051927, -0.6784183144177449, -1.520056580040254, 1.2423134805227254, 0.6784183144177449, -1.2423134805227254, 1.520056580040254, 0.9884990699545596, -1.1889921911505084, 1.1149069530050815, -0.9884990699545596, -1.1149069530050815, 1.1889921911505084, -2.2423799961768762, -0.35630333140727904, -1.3256058438284002, -2.2423799961768762, -1.3256058438284002, -0.35630333140727904, -1.2733001082143478, -2.9205450359481233, 0.15268945321416727, -1.2733001082143478, 0.15268945321416727, -2.9205450359481233, 0.0, -23.03921568627451, 0.0, 0.0, 0.0, 0.0, 0.0, 0.0, 5.695607347302952, -17.529276967008716, -11.833669619705763, -23.03921568627451], "data_imag": [-1.1152044746467429e-18, 3.611359175452478e-18, 0.0, 0.0, 0.0, 0.0, 0.0, 0.0, 0.0, 0.0, 0.0, 0.0, 0.0, 0.0, 0.0, 0.0, 0.0, 0.0, 0.0, 0.0, 0.0, 0.0, 0.0, 0.0, 0.0, 0.0, 0.0, 0.0, 0.0, 0.0, 0.0, 0.0, 0.0, 0.0, 0.0, 0.0, 0.0, 0.0]}, {"time": 23.52941176470588, "step_sample_count": 256, "data": [0.4100909919978863, 0.4201126568992436, -0.4320343899865708, -1.1854300392575254, 0.7699689704450581, 0.4320343899865708, -0.7699689704450581, 1.1854300392575254, 0.5469384327745704, -0.8679319265398566, 1.0395082423538162, -0.5469384327745704, -1.0395082423538162, 0.8679319265398566, -1.8189496756107428, -0.7040462219514506, -1.2053208531825141, -1.8189496756107428, -1.2053208531825141, -0.7040462219514506, -1.067038473238173, -2.5504944679265473, -0.3164094988679966, -1.067038473238173, -0.3164094988679966, -2.5504944679265473, 0.0, -23.52941176470588, 0.0, 0.0, 0.0, 0.0, 0.0, 0.0, 5.81679048235195, -17.902240306732303, -12.085449824380353, -23.52941176470588], "data_imag": [-1.2399103754318062e-18, 4.067808606794409e-18, 0.0, 0.0, 0.0, 0.0, 0.0, 0.0, 0.0, 0.0, 0.0, 0.0, 0.0, 0.0, 0.0, 0.0, 0.0, 0.0, 0.0, 0.0, 0.0, 0.0, 0.0, 0.0, 0.0, 0.0, 0.0, 0.0, 0.0, 0.0, 0.0, 0.0, 0.0, 0.0, 0.0, 0.0, 0.0, 0.0]}, {"time": 24.019607843137255, "step_sample_count": 256, "data": [0.41081369139817303, 0.43139059993928786, -0.238644485305849, -0.7118152001413249, 0.37280707969353005, 0.238644485305849, -0.37280707969353005, 0.7118152001413249, 0.21089127663627186, -0.592358124093322, 0.6340277334145331, -0.21089127663627186, -0.6340277334145331, 0.592358124093322, -1.3688401118816067, -0.7967232087883592, -0.9227606866517938, -1.3688401118816067, -0.9227606866517938, -0.7967232087883592, -0.7140625998116544, -2.145431268153827, -0.564047034962179, -0.7140625998116544, -0.564047034962179, -2.145431268153827, 0.0, -24.019607843137255, 0.0, 0.0, 0.0, 0.0, 0.0, 0.0, 5.937973617400949, -18.275203646455896, -12.337230029054945, -24.019607843137255], "data_imag": [7.726320530582178e-19, -2.539262606475164e-18, 0.0, 0.0, 0.0, 0.0, 0.0, 0.0, 0.0, 0.0, 0.0, 0.0, 0.0, 0.0, 0.0, 0.0, 0.0, 0.0, 0.0, 0.0, 0.0, 0.0, 0.0, 0.0, 0.0, 0.0, 0.0, 0.0, 0.0, 0.0, 0.0, 0.0, 0.0, 0.0, 0.0, 0.0, 0.0, 0.0]}, {"time": 24.509803921568626, "step_sample_count": 256, "data": [0.40890445829134914, 0.43416110525081336, -0.10108512541056887, -0.2707959632678239, 0.10429864593455516, 0.10108512541056887, -0.10429864593455516, 0.2707959632678239, 0.026562966981290518, -0.3660538008637415, 0.1822694459353406, -0.026562966981290518, -0.1822694459353406, 0.3660538008637415, -0.8986532372263842, -0.6007587415302735, -0.5159670827498951, -0.8986532372263842, -0.5159670827498951, -0.6007587415302735, -0.26290549565659393, -1.7109160558855403, -0.41689662855322224, -0.26290549565659393, -0.41689662855322224, -1.7109160558855403, 0.0, -24.509803921568626, 0.0, 0.0, 0.0, 0.0, 0.0, 0.0, 6.0591567524499474, -18.648166986179483, -12.589010233729534, -24.509803921568626], "data_imag": [-5.604175171878756e-19, 1.8332577702615294e-18, 0.0, 0.0, 0.0, 0.0, 0.0, 0.0, 0.0, 0.0, 0.0, 0.0, 0.0, 0.0, 0.0, 0.0, 0.0, 0.0, 0.0, 0.0, 0.0, 0.0, 0.0, 0.0, 0.0, 0.0, 0.0, 0.0, 0.0, 0.0, 0.0, 0.0, 0.0, 0.0, 0.0, 0.0, 0.0, 0.0]}], "random_generator": {"seed": "very_nice_seed"}, "realworld_total_calculation_time": 3.811}