{"hamiltonian": {"U": 1.0, "E": 0.8, "J": 0.1, "phi": 1.8849555921538759, "type": "FirstOrderVariationalClassicalNetworkAnalyticalParamsHamiltonian", "eta_calculation_sampler": {}, "psi_selection": {"type": "SquareDirectionDependentAllSameFirstOrder", "number_of_psis": 12, "J": 0.1}, "random_generator": {"seed": "46954944"}, "init_sigma": 0, "pseudo_inverse_cutoff": 0, "effective_time_step_size": 0.0, "number_workers": 1, "variational_step_fraction_multiplier": 1, "ue_might_change": false, "ue_variational": false}, "start_time": 0.0, "time_step": 0.35, "number_of_time_steps": 41, "sampler": {"system_geometry": {"type": "SquareSystemNonPeriodicState", "size": 3}, "initial_system_state": {"type": "HomogenousInitialSystemState"}, "type": "ExactSampler"}, "observables": [{"type": "Energy", "label": "Energy per site"}, {"type": "EnergyVariance", "label": "Energy Variance per site"}, {"type": "VCNFactor", "label": "Re-Part of VCN Parameter 0", "param_real_part": true, "param_index": 0, "can_return_value": true}, {"type": "VCNFactor", "label": "Re-Part of VCN Parameter 1", "param_real_part": true, "param_index": 1, "can_return_value": true}, {"type": "VCNFactor", "label": "Re-Part of VCN Parameter 2", "param_real_part": true, "param_index": 2, "can_return_value": true}, {"type": "VCNFactor", "label": "Re-Part of VCN Parameter 3", "param_real_part": true, "param_index": 3, "can_return_value": true}, {"type": "VCNFactor", "label": "Re-Part of VCN Parameter 4", "param_real_part": true, "param_index": 4, "can_return_value": true}, {"type": "VCNFactor", "label": "Re-Part of VCN Parameter 5", "param_real_part": true, "param_index": 5, "can_return_value": true}, {"type": "VCNFactor", "label": "Re-Part of VCN Parameter 6", "param_real_part": true, "param_index": 6, "can_return_value": true}, {"type": "VCNFactor", "label": "Re-Part of VCN Parameter 7", "param_real_part": true, "param_index": 7, "can_return_value": true}, {"type": "VCNFactor", "label": "Re-Part of VCN Parameter 8", "param_real_part": true, "param_index": 8, "can_return_value": true}, {"type": "VCNFactor", "label": "Re-Part of VCN Parameter 9", "param_real_part": true, "param_index": 9, "can_return_value": true}, {"type": "VCNFactor", "label": "Re-Part of VCN Parameter 10", "param_real_part": true, "param_index": 10, "can_return_value": true}, {"type": "VCNFactor", "label": "Re-Part of VCN Parameter 11", "param_real_part": true, "param_index": 11, "can_return_value": true}, {"type": "VCNFactor", "label": "Im-Part of VCN Parameter 0", "param_real_part": false, "param_index": 0, "can_return_value": true}, {"type": "VCNFactor", "label": "Im-Part of VCN Parameter 1", "param_real_part": false, "param_index": 1, "can_return_value": true}, {"type": "VCNFactor", "label": "Im-Part of VCN Parameter 2", "param_real_part": false, "param_index": 2, "can_return_value": true}, {"type": "VCNFactor", "label": "Im-Part of VCN Parameter 3", "param_real_part": false, "param_index": 3, "can_return_value": true}, {"type": "VCNFactor", "label": "Im-Part of VCN Parameter 4", "param_real_part": false, "param_index": 4, "can_return_value": true}, {"type": "VCNFactor", "label": "Im-Part of VCN Parameter 5", "param_real_part": false, "param_index": 5, "can_return_value": true}, {"type": "VCNFactor", "label": "Im-Part of VCN Parameter 6", "param_real_part": false, "param_index": 6, "can_return_value": true}, {"type": "VCNFactor", "label": "Im-Part of VCN Parameter 7", "param_real_part": false, "param_index": 7, "can_return_value": true}, {"type": "VCNFactor", "label": "Im-Part of VCN Parameter 8", "param_real_part": false, "param_index": 8, "can_return_value": true}, {"type": "VCNFactor", "label": "Im-Part of VCN Parameter 9", "param_real_part": false, "param_index": 9, "can_return_value": true}, {"type": "VCNFactor", "label": "Im-Part of VCN Parameter 10", "param_real_part": false, "param_index": 10, "can_return_value": true}, {"type": "VCNFactor", "label": "Im-Part of VCN Parameter 11", "param_real_part": false, "param_index": 11, "can_return_value": true}, {"type": "BaseEnergyFactor", "label": "Re-Part of BE-Factor U", "param_real_part": true, "param_index": -1, "can_return_value": true, "kind": "U"}, {"type": "BaseEnergyFactor", "label": "Im-Part of BE-Factor U", "param_real_part": false, "param_index": -1, "can_return_value": true, "kind": "U"}, {"type": "BaseEnergyFactor", "label": "Re-Part of BE-Factor eps-0", "param_real_part": true, "param_index": 0, "can_return_value": true, "kind": "eps"}, {"type": "BaseEnergyFactor", "label": "Re-Part of BE-Factor eps-1", "param_real_part": true, "param_index": 1, "can_return_value": true, "kind": "eps"}, {"type": "BaseEnergyFactor", "label": "Re-Part of BE-Factor eps-2", "param_real_part": true, "param_index": 2, "can_return_value": true, "kind": "eps"}, {"type": "BaseEnergyFactor", "label": "Re-Part of BE-Factor eps-3", "param_real_part": true, "param_index": 3, "can_return_value": true, "kind": "eps"}, {"type": "BaseEnergyFactor", "label": "Re-Part of BE-Factor eps-4", "param_real_part": true, "param_index": 4, "can_return_value": true, "kind": "eps"}, {"type": "BaseEnergyFactor", "label": "Re-Part of BE-Factor eps-5", "param_real_part": true, "param_index": 5, "can_return_value": true, "kind": "eps"}, {"type": "BaseEnergyFactor", "label": "Re-Part of BE-Factor eps-6", "param_real_part": true, "param_index": 6, "can_return_value": true, "kind": "eps"}, {"type": "BaseEnergyFactor", "label": "Re-Part of BE-Factor eps-7", "param_real_part": true, "param_index": 7, "can_return_value": true, "kind": "eps"}, {"type": "BaseEnergyFactor", "label": "Re-Part of BE-Factor eps-8", "param_real_part": true, "param_index": 8, "can_return_value": true, "kind": "eps"}, {"type": "BaseEnergyFactor", "label": "Re-Part of BE-Factor eps-9", "param_real_part": true, "param_index": 9, "can_return_value": true, "kind": "eps"}, {"type": "BaseEnergyFactor", "label": "Im-Part of BE-Factor eps-0", "param_real_part": false, "param_index": 0, "can_return_value": true, "kind": "eps"}, {"type": "BaseEnergyFactor", "label": "Im-Part of BE-Factor eps-1", "param_real_part": false, "param_index": 1, "can_return_value": true, "kind": "eps"}, {"type": "BaseEnergyFactor", "label": "Im-Part of BE-Factor eps-2", "param_real_part": false, "param_index": 2, "can_return_value": true, "kind": "eps"}, {"type": "BaseEnergyFactor", "label": "Im-Part of BE-Factor eps-3", "param_real_part": false, "param_index": 3, "can_return_value": true, "kind": "eps"}, {"type": "BaseEnergyFactor", "label": "Im-Part of BE-Factor eps-4", "param_real_part": false, "param_index": 4, "can_return_value": true, "kind": "eps"}, {"type": "BaseEnergyFactor", "label": "Im-Part of BE-Factor eps-5", "param_real_part": false, "param_index": 5, "can_return_value": true, "kind": "eps"}, {"type": "BaseEnergyFactor", "label": "Im-Part of BE-Factor eps-6", "param_real_part": false, "param_index": 6, "can_return_value": true, "kind": "eps"}, {"type": "BaseEnergyFactor", "label": "Im-Part of BE-Factor eps-7", "param_real_part": false, "param_index": 7, "can_return_value": true, "kind": "eps"}, {"type": "BaseEnergyFactor", "label": "Im-Part of BE-Factor eps-8", "param_real_part": false, "param_index": 8, "can_return_value": true, "kind": "eps"}, {"type": "BaseEnergyFactor", "label": "Im-Part of BE-Factor eps-9", "param_real_part": false, "param_index": 9, "can_return_value": true, "kind": "eps"}], "measurements": [{"time": 0.0, "step_sample_count": 262144, "data": [0.630298284202832, 0.7962245280346517, 0.0, 0.0, -0.0, -0.0, 0.0, -0.0, -0.0, 0.0, -0.0, 0.0, 0.0, -0.0, 0.0, 0.0, -0.0, -0.0, 0.0, -0.0, -0.0, 0.0, -0.0, 0.0, 0.0, -0.0, 0.0, 0.0, 0.0, 0.0, 0.0, 0.0, 0.0, 0.0, 0.0, 0.0, 0.0, 0.0, 0.0, 0.0, 0.0, 0.0, 0.0, 0.0, 0.0, 0.0, 0.0, 0.0], "data_imag": [0.0, 0.0, 0.0, 0.0, 0.0, 0.0, 0.0, 0.0, 0.0, 0.0, 0.0, 0.0, 0.0, 0.0, 0.0, 0.0, 0.0, 0.0, 0.0, 0.0, 0.0, 0.0, 0.0, 0.0, 0.0, 0.0, 0.0, 0.0, 0.0, 0.0, 0.0, 0.0, 0.0, 0.0, 0.0, 0.0, 0.0, 0.0, 0.0, 0.0, 0.0, 0.0, 0.0, 0.0, 0.0, 0.0, 0.0, 0.0]}, {"time": 0.35, "step_sample_count": 262144, "data": [0.6306436371982892, 0.7967839708495488, -0.015132388427914055, -0.0751864484443087, 0.04584205103840671, 0.015132388427914055, -0.04584205103840671, 0.0751864484443087, 0.04632702835674065, -0.014639680098528502, 0.10448100395185453, -0.04632702835674065, -0.10448100395185453, 0.014639680098528502, 0.3495634489718846, 0.338989785091932, 0.34596457877881465, 0.3495634489718846, 0.34596457877881465, 0.338989785091932, 0.34587802349882424, 0.3495914371296241, 0.328260785446337, 0.34587802349882424, 0.328260785446337, 0.3495914371296241, 0.0, -0.35, 0.0, 0.0, 0.0, 0.0, 0.0, 0.0, 0.0, 0.0, 0.0, 0.0, 0.0, 0.08652475842498526, 0.17304951684997052, -0.266295824562643, -0.17977106613765775, -0.0932463077126725, -0.532591649125286, -0.44606689070030076, -0.3595421322753155, -0.35], "data_imag": [-3.8961253225393556e-18, 6.497576237377816e-17, 0.0, 0.0, 0.0, 0.0, 0.0, 0.0, 0.0, 0.0, 0.0, 0.0, 0.0, 0.0, 0.0, 0.0, 0.0, 0.0, 0.0, 0.0, 0.0, 0.0, 0.0, 0.0, 0.0, 0.0, 0.0, 0.0, 0.0, 0.0, 0.0, 0.0, 0.0, 0.0, 0.0, 0.0, 0.0, 0.0, 0.0, 0.0, 0.0, 0.0, 0.0, 0.0, 0.0, 0.0, 0.0, 0.0]}, {"time": 0.7, "step_sample_count": 262144, "data": [0.6319644302191759, 0.7959110951246497, -0.06041633523485019, -0.28664479180365143, 0.18020425246582547, 0.06041633523485019, -0.18020425246582547, 0.28664479180365143, 0.1820422712397421, -0.05845620897459844, 0.3794802563852866, -0.1820422712397421, -0.3794802563852866, 0.05845620897459844, 0.6965115116530867, 0.6144030118078347, 0.6680511855177292, 0.6965115116530867, 0.6680511855177292, 0.6144030118078347, 0.6673732389298278, 0.6967349304360603, 0.5357380965183841, 0.6673732389298278, 0.5357380965183841, 0.6967349304360603, 0.0, -0.7, 0.0, 0.0, 0.0, 0.0, 0.0, 0.0, 0.0, 0.0, 0.0, 0.0, 0.0, 0.17304951684997052, 0.34609903369994105, -0.532591649125286, -0.3595421322753155, -0.186492615425345, -1.065183298250572, -0.8921337814006015, -0.719084264550631, -0.7], "data_imag": [2.642269987137187e-18, -3.2060556420602666e-18, 0.0, 0.0, 0.0, 0.0, 0.0, 0.0, 0.0, 0.0, 0.0, 0.0, 0.0, 0.0, 0.0, 0.0, 0.0, 0.0, 0.0, 0.0, 0.0, 0.0, 0.0, 0.0, 0.0, 0.0, 0.0, 0.0, 0.0, 0.0, 0.0, 0.0, 0.0, 0.0, 0.0, 0.0, 0.0, 0.0, 0.0, 0.0, 0.0, 0.0, 0.0, 0.0, 0.0, 0.0, 0.0, 0.0]}, {"time": 1.0499999999999998, "step_sample_count": 262144, "data": [0.6338647596964149, 0.787300543390403, -0.1355130320756705, -0.5947166264861977, 0.39381312056254125, 0.1355130320756705, -0.39381312056254125, 0.5947166264861977, 0.3975784289240331, -0.13114277018528897, 0.7238118507532217, -0.3975784289240331, -0.7238118507532217, 0.13114277018528897, 1.0382483697182512, 0.7745867222832532, 0.9440298710777744, 1.0382483697182512, 0.9440298710777744, 0.7745867222832532, 0.9418217139237908, 1.038999677331074, 0.5460907082018795, 0.9418217139237908, 0.5460907082018795, 1.038999677331074, 0.0, -1.0499999999999998, 0.0, 0.0, 0.0, 0.0, 0.0, 0.0, 0.0, 0.0, 0.0, 0.0, 0.0, 0.25957427527495575, 0.5191485505499115, -0.798887473687929, -0.5393131984129732, -0.2797389231380175, -1.597774947375858, -1.338200672100902, -1.0786263968259464, -1.0499999999999998], "data_imag": [-5.166375904461163e-18, -5.733960755580141e-17, 0.0, 0.0, 0.0, 0.0, 0.0, 0.0, 0.0, 0.0, 0.0, 0.0, 0.0, 0.0, 0.0, 0.0, 0.0, 0.0, 0.0, 0.0, 0.0, 0.0, 0.0, 0.0, 0.0, 0.0, 0.0, 0.0, 0.0, 0.0, 0.0, 0.0, 0.0, 0.0, 0.0, 0.0, 0.0, 0.0, 0.0, 0.0, 0.0, 0.0, 0.0, 0.0, 0.0, 0.0, 0.0, 0.0]}, {"time": 1.4, "step_sample_count": 262144, "data": [0.6343911830170648, 0.7663790386386415, -0.2398606156549685, -0.9416239667146076, 0.6719256819354634, 0.2398606156549685, -0.6719256819354634, 0.9416239667146076, 0.677741194725051, -0.2321903906847914, 1.010779062535098, -0.677741194725051, -1.010779062535098, 0.2321903906847914, 1.3722171943678196, 0.7894989227242813, 1.1548529879781828, 1.3722171943678196, 1.1548529879781828, 0.7894989227242813, 1.149876094686474, 1.373989037668282, 0.3555093796023307, 1.149876094686474, 0.3555093796023307, 1.373989037668282, 0.0, -1.4, 0.0, 0.0, 0.0, 0.0, 0.0, 0.0, 0.0, 0.0, 0.0, 0.0, 0.0, 0.34609903369994105, 0.6921980673998821, -1.065183298250572, -0.719084264550631, -0.37298523085069, -2.130366596501144, -1.784267562801203, -1.438168529101262, -1.4], "data_imag": [-1.6733832985535553e-19, 3.3970547533132386e-17, 0.0, 0.0, 0.0, 0.0, 0.0, 0.0, 0.0, 0.0, 0.0, 0.0, 0.0, 0.0, 0.0, 0.0, 0.0, 0.0, 0.0, 0.0, 0.0, 0.0, 0.0, 0.0, 0.0, 0.0, 0.0, 0.0, 0.0, 0.0, 0.0, 0.0, 0.0, 0.0, 0.0, 0.0, 0.0, 0.0, 0.0, 0.0, 0.0, 0.0, 0.0, 0.0, 0.0, 0.0, 0.0, 0.0]}, {"time": 1.75, "step_sample_count": 262144, "data": [0.6320239343076955, 0.736038669574677, -0.37267837151200217, -1.2623053394385249, 0.9953470120988303, 0.37267837151200217, -0.9953470120988303, 1.2623053394385249, 1.0027803836580036, -0.3608915048059356, 1.1347923775177295, -1.0027803836580036, -1.1347923775177295, 0.3608915048059356, 1.6959192761741528, 0.656342872864551, 1.2859698313217023, 1.6959192761741528, 1.2859698313217023, 0.656342872864551, 1.276869505356587, 1.699357315734413, 0.03411846318487461, 1.276869505356587, 0.03411846318487461, 1.699357315734413, 0.0, -1.75, 0.0, 0.0, 0.0, 0.0, 0.0, 0.0, 0.0, 0.0, 0.0, 0.0, 0.0, 0.4326237921249263, 0.8652475842498526, -1.3314791228132152, -0.8988553306882888, -0.4662315385633626, -2.6629582456264305, -2.230334453501504, -1.7977106613765776, -1.75], "data_imag": [2.839975941178423e-18, 2.768089087510803e-18, 0.0, 0.0, 0.0, 0.0, 0.0, 0.0, 0.0, 0.0, 0.0, 0.0, 0.0, 0.0, 0.0, 0.0, 0.0, 0.0, 0.0, 0.0, 0.0, 0.0, 0.0, 0.0, 0.0, 0.0, 0.0, 0.0, 0.0, 0.0, 0.0, 0.0, 0.0, 0.0, 0.0, 0.0, 0.0, 0.0, 0.0, 0.0, 0.0, 0.0, 0.0, 0.0, 0.0, 0.0, 0.0, 0.0]}, {"time": 2.0999999999999996, "step_sample_count": 262144, "data": [0.627310673565982, 0.704699166702508, -0.5329725752203491, -1.4966178763188394, 1.3417550412442019, 0.5329725752203491, -1.3417550412442019, 1.4966178763188394, 1.3497822295399422, -0.51634490884666, 1.0502211272924338, -1.3497822295399422, -1.0502211272924338, 0.51634490884666, 2.0069327200864047, 0.400091606551477, 1.3283309072833651, 2.0069327200864047, 1.3283309072833651, 0.400091606551477, 1.313849495220655, 2.0128261855124094, -0.29982633327700137, 1.313849495220655, -0.29982633327700137, 2.0128261855124094, 0.0, -2.0999999999999996, 0.0, 0.0, 0.0, 0.0, 0.0, 0.0, 0.0, 0.0, 0.0, 0.0, 0.0, 0.5191485505499115, 1.038297101099823, -1.597774947375858, -1.0786263968259464, -0.559477846276035, -3.195549894751716, -2.676401344201804, -2.157252793651893, -2.0999999999999996], "data_imag": [1.954923842426748e-18, 2.5507967521148843e-17, 0.0, 0.0, 0.0, 0.0, 0.0, 0.0, 0.0, 0.0, 0.0, 0.0, 0.0, 0.0, 0.0, 0.0, 0.0, 0.0, 0.0, 0.0, 0.0, 0.0, 0.0, 0.0, 0.0, 0.0, 0.0, 0.0, 0.0, 0.0, 0.0, 0.0, 0.0, 0.0, 0.0, 0.0, 0.0, 0.0, 0.0, 0.0, 0.0, 0.0, 0.0, 0.0, 0.0, 0.0, 0.0, 0.0]}, {"time": 2.4499999999999997, "step_sample_count": 262144, "data": [0.6218589377123667, 0.6796027791526625, -0.7195439272992213, -1.600616935557077, 1.6872411910323541, 0.7195439272992213, -1.6872411910323541, 1.600616935557077, 1.6942846999996561, -0.6974620715679288, 0.7881832823487392, -1.6942846999996561, -0.7881832823487392, 0.6974620715679288, 2.3029305657206494, 0.06880431113569363, 1.2790125160122705, 2.3029305657206494, 1.2790125160122705, 0.06880431113569363, 1.2582091452669282, 2.3122006442017584, -0.5234501049693193, 1.2582091452669282, -0.5234501049693193, 2.3122006442017584, 0.0, -2.4499999999999997, 0.0, 0.0, 0.0, 0.0, 0.0, 0.0, 0.0, 0.0, 0.0, 0.0, 0.0, 0.6056733089748968, 1.2113466179497936, -1.864070771938501, -1.258397462963604, -0.6527241539887075, -3.728141543877002, -3.1224682349021053, -2.516794925927208, -2.4499999999999997], "data_imag": [-1.298113531500817e-19, -1.7847419965502603e-17, 0.0, 0.0, 0.0, 0.0, 0.0, 0.0, 0.0, 0.0, 0.0, 0.0, 0.0, 0.0, 0.0, 0.0, 0.0, 0.0, 0.0, 0.0, 0.0, 0.0, 0.0, 0.0, 0.0, 0.0, 0.0, 0.0, 0.0, 0.0, 0.0, 0.0, 0.0, 0.0, 0.0, 0.0, 0.0, 0.0, 0.0, 0.0, 0.0, 0.0, 0.0, 0.0, 0.0, 0.0, 0.0, 0.0]}, {"time": 2.8, "step_sample_count": 262144, "data": [0.6168770586996757, 0.6633926044387083, -0.9309965262094373, -1.554797792965401, 2.0079605098964737, 0.9309965262094373, -2.0079605098964737, 1.554797792965401, 2.012001957124874, -0.902974756415102, 0.4450956025710673, -2.012001957124874, -0.4450956025710673, 0.902974756415102, 2.5816981973617135, -0.27538703477309984, 1.1414185411429243, 2.5816981973617135, 1.1414185411429243, -0.27538703477309984, 1.1138708439722007, 2.5953843822847382, -0.5544705407078312, 1.1138708439722007, -0.5544705407078312, 2.5953843822847382, 0.0, -2.8, 0.0, 0.0, 0.0, 0.0, 0.0, 0.0, 0.0, 0.0, 0.0, 0.0, 0.0, 0.6921980673998821, 1.3843961347997642, -2.130366596501144, -1.438168529101262, -0.74597046170138, -4.260733193002288, -3.568535125602406, -2.876337058202524, -2.8], "data_imag": [-1.010446323823142e-18, -1.881530252983873e-17, 0.0, 0.0, 0.0, 0.0, 0.0, 0.0, 0.0, 0.0, 0.0, 0.0, 0.0, 0.0, 0.0, 0.0, 0.0, 0.0, 0.0, 0.0, 0.0, 0.0, 0.0, 0.0, 0.0, 0.0, 0.0, 0.0, 0.0, 0.0, 0.0, 0.0, 0.0, 0.0, 0.0, 0.0, 0.0, 0.0, 0.0, 0.0, 0.0, 0.0, 0.0, 0.0, 0.0, 0.0, 0.0, 0.0]}, {"time": 3.15, "step_sample_count": 262144, "data": [0.6128575918839428, 0.6551140339243632, -1.1657483122993217, -1.3677536968416315, 2.2817774169180582, 1.1657483122993217, -2.2817774169180582, 1.3677536968416315, 2.280536397211397, -1.1314439020896851, 0.14719711441582436, -2.280536397211397, -0.14719711441582436, 1.1314439020896851, 2.8411499134174414, -0.5679303350409147, 0.9250455186975576, 2.8411499134174414, 0.9250455186975576, -0.5679303350409147, 0.8910097769747598, 2.860394462512773, -0.3814736788765998, 0.8910097769747598, -0.3814736788765998, 2.860394462512773, 0.0, -3.15, 0.0, 0.0, 0.0, 0.0, 0.0, 0.0, 0.0, 0.0, 0.0, 0.0, 0.0, 0.7787228258248673, 1.5574456516497346, -2.3966624210637875, -1.6179395952389197, -0.8392167694140525, -4.793324842127575, -4.014602016302707, -3.2358791904778395, -3.15], "data_imag": [6.44225959770412e-19, -3.7159413678495645e-18, 0.0, 0.0, 0.0, 0.0, 0.0, 0.0, 0.0, 0.0, 0.0, 0.0, 0.0, 0.0, 0.0, 0.0, 0.0, 0.0, 0.0, 0.0, 0.0, 0.0, 0.0, 0.0, 0.0, 0.0, 0.0, 0.0, 0.0, 0.0, 0.0, 0.0, 0.0, 0.0, 0.0, 0.0, 0.0, 0.0, 0.0, 0.0, 0.0, 0.0, 0.0, 0.0, 0.0, 0.0, 0.0, 0.0]}, {"time": 3.5, "step_sample_count": 262144, "data": [0.6096944263765289, 0.651564301594123, -1.4220429045603376, -1.0745642289875594, 2.489793467426873, 1.4220429045603376, -2.489793467426873, 1.0745642289875594, 2.4809575786948956, -1.381269699287036, 0.004099492519427291, -2.4809575786948956, -0.004099492519427291, 1.381269699287036, 3.0793445313549843, -0.7539599358193644, 0.6448271999820873, 3.0793445313549843, 0.6448271999820873, -0.7539599358193644, 0.6053366233383394, 3.1053752050262435, -0.06811367176620077, 0.6053366233383394, -0.06811367176620077, 3.1053752050262435, 0.0, -3.5, 0.0, 0.0, 0.0, 0.0, 0.0, 0.0, 0.0, 0.0, 0.0, 0.0, 0.0, 0.8652475842498526, 1.7304951684997052, -2.6629582456264305, -1.7977106613765776, -0.9324630771267252, -5.325916491252861, -4.460668907003008, -3.5954213227531553, -3.5], "data_imag": [2.2455710964689932e-18, 2.7169978176483796e-18, 0.0, 0.0, 0.0, 0.0, 0.0, 0.0, 0.0, 0.0, 0.0, 0.0, 0.0, 0.0, 0.0, 0.0, 0.0, 0.0, 0.0, 0.0, 0.0, 0.0, 0.0, 0.0, 0.0, 0.0, 0.0, 0.0, 0.0, 0.0, 0.0, 0.0, 0.0, 0.0, 0.0, 0.0, 0.0, 0.0, 0.0, 0.0, 0.0, 0.0, 0.0, 0.0, 0.0, 0.0, 0.0, 0.0]}, {"time": 3.8499999999999996, "step_sample_count": 262144, "data": [0.6068743956433168, 0.6477008041037858, -1.697962741631459, -0.7302162301223143, 2.617651696165281, 1.697962741631459, -2.617651696165281, 0.7302162301223143, 2.599136731116341, -1.6507027930396998, 0.06845547127366282, -2.599136731116341, -0.06845547127366282, 1.6507027930396998, 3.2944999113651026, -0.7985865209883385, 0.3201038457913437, 3.2944999113651026, 0.3201038457913437, -0.7985865209883385, 0.2769900250176504, 3.3286111813799915, 0.2703087439323134, 0.2769900250176504, 0.2703087439323134, 3.3286111813799915, 0.0, -3.8499999999999996, 0.0, 0.0, 0.0, 0.0, 0.0, 0.0, 0.0, 0.0, 0.0, 0.0, 0.0, 0.9517723426748378, 1.9035446853496756, -2.929254070189073, -1.9774817275142351, -1.0257093848393974, -5.858508140378146, -4.906735797703308, -3.9549634550284702, -3.8499999999999996], "data_imag": [2.5403611955428834e-19, 2.266269842933411e-17, 0.0, 0.0, 0.0, 0.0, 0.0, 0.0, 0.0, 0.0, 0.0, 0.0, 0.0, 0.0, 0.0, 0.0, 0.0, 0.0, 0.0, 0.0, 0.0, 0.0, 0.0, 0.0, 0.0, 0.0, 0.0, 0.0, 0.0, 0.0, 0.0, 0.0, 0.0, 0.0, 0.0, 0.0, 0.0, 0.0, 0.0, 0.0, 0.0, 0.0, 0.0, 0.0, 0.0, 0.0, 0.0, 0.0]}, {"time": 4.199999999999999, "step_sample_count": 262144, "data": [0.6041250445165415, 0.6389481763174444, -1.991443428733067, -0.39929117619092397, 2.656527514148875, 1.991443428733067, -2.656527514148875, 0.39929117619092397, 2.626742768383703, -1.937856532224213, 0.31658528429971855, -2.626742768383703, -0.31658528429971855, 1.937856532224213, 3.4850062900903844, -0.6934405029617438, -0.026712610261590112, 3.4850062900903844, -0.026712610261590112, -0.6934405029617438, -0.07088309467142882, 3.528539226486464, 0.5092711245203211, -0.07088309467142882, 0.5092711245203211, 3.528539226486464, 0.0, -4.199999999999999, 0.0, 0.0, 0.0, 0.0, 0.0, 0.0, 0.0, 0.0, 0.0, 0.0, 0.0, 1.038297101099823, 2.076594202199646, -3.195549894751716, -2.157252793651893, -1.11895569255207, -6.391099789503432, -5.352802688403608, -4.314505587303786, -4.199999999999999], "data_imag": [-1.2197379773851458e-18, 1.0144873531458156e-17, 0.0, 0.0, 0.0, 0.0, 0.0, 0.0, 0.0, 0.0, 0.0, 0.0, 0.0, 0.0, 0.0, 0.0, 0.0, 0.0, 0.0, 0.0, 0.0, 0.0, 0.0, 0.0, 0.0, 0.0, 0.0, 0.0, 0.0, 0.0, 0.0, 0.0, 0.0, 0.0, 0.0, 0.0, 0.0, 0.0, 0.0, 0.0, 0.0, 0.0, 0.0, 0.0, 0.0, 0.0, 0.0, 0.0]}, {"time": 4.55, "step_sample_count": 262144, "data": [0.6018394108751743, 0.6245258148667023, -2.3002891831885597, -0.14385310845543917, 2.603737768963276, 2.3002891831885597, -2.603737768963276, 0.14385310845543917, 2.561829591981112, -2.2407201804566594, 0.6571896285986712, -2.561829591981112, -0.6571896285986712, 2.2407201804566594, 3.649438324656251, -0.4582417147465292, -0.37168540080636686, 3.649438324656251, -0.37168540080636686, -0.4582417147465292, -0.4137592825660476, 3.703759384365279, 0.560847321484755, -0.4137592825660476, 0.560847321484755, 3.703759384365279, 0.0, -4.55, 0.0, 0.0, 0.0, 0.0, 0.0, 0.0, 0.0, 0.0, 0.0, 0.0, 0.0, 1.1248218595248083, 2.2496437190496166, -3.4618457193143595, -2.337023859789551, -1.2122020002647427, -6.923691438628719, -5.79886957910391, -4.674047719579102, -4.55], "data_imag": [1.970924218276326e-18, 1.2841132649863594e-17, 0.0, 0.0, 0.0, 0.0, 0.0, 0.0, 0.0, 0.0, 0.0, 0.0, 0.0, 0.0, 0.0, 0.0, 0.0, 0.0, 0.0, 0.0, 0.0, 0.0, 0.0, 0.0, 0.0, 0.0, 0.0, 0.0, 0.0, 0.0, 0.0, 0.0, 0.0, 0.0, 0.0, 0.0, 0.0, 0.0, 0.0, 0.0, 0.0, 0.0, 0.0, 0.0, 0.0, 0.0, 0.0, 0.0]}, {"time": 4.8999999999999995, "step_sample_count": 262144, "data": [0.6006283508376795, 0.6075981920243483, -2.6221892629723778, -0.011808701214147716, 2.462925932041264, 2.6221892629723778, -2.462925932041264, 0.011808701214147716, 2.4089732819534513, -2.5571729958703417, 0.9649432203859617, -2.4089732819534513, -0.9649432203859617, 2.5571729958703417, 3.7865657568929265, -0.13710101202786332, -0.6910050055844934, 3.7865657568929265, -0.6910050055844934, -0.13710101202786332, -0.7274673461865847, 3.853044711053793, 0.4060598859783311, -0.7274673461865847, 0.4060598859783311, 3.853044711053793, 0.0, -4.8999999999999995, 0.0, 0.0, 0.0, 0.0, 0.0, 0.0, 0.0, 0.0, 0.0, 0.0, 0.0, 1.2113466179497936, 2.422693235899587, -3.728141543877002, -2.516794925927208, -1.305448307977415, -7.456283087754004, -6.244936469804211, -5.033589851854416, -4.8999999999999995], "data_imag": [-1.3382479268309528e-18, 6.1241115832717244e-18, 0.0, 0.0, 0.0, 0.0, 0.0, 0.0, 0.0, 0.0, 0.0, 0.0, 0.0, 0.0, 0.0, 0.0, 0.0, 0.0, 0.0, 0.0, 0.0, 0.0, 0.0, 0.0, 0.0, 0.0, 0.0, 0.0, 0.0, 0.0, 0.0, 0.0, 0.0, 0.0, 0.0, 0.0, 0.0, 0.0, 0.0, 0.0, 0.0, 0.0, 0.0, 0.0, 0.0, 0.0, 0.0, 0.0]}, {"time": 5.25, "step_sample_count": 262144, "data": [0.6007620716020773, 0.5924929575138469, -2.9547352553682837, -0.02792250294135597, 2.243810631563733, 2.9547352553682837, -2.243810631563733, 0.02792250294135597, 2.17894950433367, -2.8849990811847617, 1.1266082020944927, -2.17894950433367, -1.1266082020944927, 2.8849990811847617, 3.8953626179601235, 0.20975259083686074, -0.9626324499078761, 3.8953626179601235, -0.9626324499078761, 0.20975259083686074, -0.9898923115106658, 3.9753498660357742, 0.10186281640366444, -0.9898923115106658, 0.10186281640366444, 3.9753498660357742, 0.0, -5.25, 0.0, 0.0, 0.0, 0.0, 0.0, 0.0, 0.0, 0.0, 0.0, 0.0, 0.0, 1.297871376374779, 2.595742752749558, -3.9944373684396455, -2.6965659920648664, -1.3986946156900877, -7.988874736879291, -6.691003360504512, -5.393131984129733, -5.25], "data_imag": [4.331822394627967e-18, 1.0320607627030375e-16, 0.0, 0.0, 0.0, 0.0, 0.0, 0.0, 0.0, 0.0, 0.0, 0.0, 0.0, 0.0, 0.0, 0.0, 0.0, 0.0, 0.0, 0.0, 0.0, 0.0, 0.0, 0.0, 0.0, 0.0, 0.0, 0.0, 0.0, 0.0, 0.0, 0.0, 0.0, 0.0, 0.0, 0.0, 0.0, 0.0, 0.0, 0.0, 0.0, 0.0, 0.0, 0.0, 0.0, 0.0, 0.0, 0.0]}, {"time": 5.6, "step_sample_count": 262144, "data": [0.6021517190013458, 0.5821695242509767, -3.295439096386487, -0.18917241650840905, 1.9615148868778802, 3.295439096386487, -1.9615148868778802, 0.18917241650840905, 1.887973876303811, -3.221902900081252, 1.0826999839068652, -1.887973876303811, -1.0826999839068652, 3.221902900081252, 3.9750149045066867, 0.5172676990851555, -1.167820402637247, 3.9750149045066867, -1.167820402637247, 0.5172676990851555, -1.1825344268137534, 4.069818432028406, -0.23981465113585682, -1.1825344268137534, -0.23981465113585682, 4.069818432028406, 0.0, -5.6, 0.0, 0.0, 0.0, 0.0, 0.0, 0.0, 0.0, 0.0, 0.0, 0.0, 0.0, 1.3843961347997642, 2.7687922695995284, -4.260733193002288, -2.876337058202524, -1.49194092340276, -8.521466386004576, -7.137070251204812, -5.752674116405048, -5.6], "data_imag": [1.871711252285378e-18, -1.86768973103407e-17, 0.0, 0.0, 0.0, 0.0, 0.0, 0.0, 0.0, 0.0, 0.0, 0.0, 0.0, 0.0, 0.0, 0.0, 0.0, 0.0, 0.0, 0.0, 0.0, 0.0, 0.0, 0.0, 0.0, 0.0, 0.0, 0.0, 0.0, 0.0, 0.0, 0.0, 0.0, 0.0, 0.0, 0.0, 0.0, 0.0, 0.0, 0.0, 0.0, 0.0, 0.0, 0.0, 0.0, 0.0, 0.0, 0.0]}, {"time": 5.949999999999999, "step_sample_count": 262144, "data": [0.6046173723107147, 0.5773704658544895, -3.6417516861207946, -0.4653164848007436, 1.6355223396975054, 3.6417516861207946, -1.6355223396975054, 0.4653164848007436, 1.5565588398481771, -3.5655253512349985, 0.8493745837862824, -1.5565588398481771, -0.8493745837862824, 3.5655253512349985, 4.024926668933209, 0.7277707393798303, -1.2924070897103879, 4.024926668933209, -1.2924070897103879, 0.7277707393798303, -1.2918133099839735, 4.135788911872302, -0.4932523774261696, -1.2918133099839735, -0.4932523774261696, 4.135788911872302, 0.0, -5.949999999999999, 0.0, 0.0, 0.0, 0.0, 0.0, 0.0, 0.0, 0.0, 0.0, 0.0, 0.0, 1.4709208932247493, 2.9418417864494986, -4.5270290175649315, -3.0561081243401818, -1.5851872311154325, -9.054058035129863, -7.583137141905112, -6.1122162486803635, -5.949999999999999], "data_imag": [6.116141342234579e-18, 5.0714404210598224e-17, 0.0, 0.0, 0.0, 0.0, 0.0, 0.0, 0.0, 0.0, 0.0, 0.0, 0.0, 0.0, 0.0, 0.0, 0.0, 0.0, 0.0, 0.0, 0.0, 0.0, 0.0, 0.0, 0.0, 0.0, 0.0, 0.0, 0.0, 0.0, 0.0, 0.0, 0.0, 0.0, 0.0, 0.0, 0.0, 0.0, 0.0, 0.0, 0.0, 0.0, 0.0, 0.0, 0.0, 0.0, 0.0, 0.0]}, {"time": 6.3, "step_sample_count": 262144, "data": [0.608007001831428, 0.5769682061263107, -3.9910819607682146, -0.8045646827200496, 1.2883325214898573, 3.9910819607682146, -1.2883325214898573, 0.8045646827200496, 1.2080676290425962, -3.9134602874482414, 0.5124840246846066, -1.2080676290425962, -0.5124840246846066, 3.9134602874482414, 4.044724478191101, 0.8017824724688916, -1.3277937191903417, 4.044724478191101, -1.3277937191903417, 0.8017824724688916, -1.3100253029303843, 4.172799360532502, -0.565198014102718, -1.3100253029303843, -0.565198014102718, 4.172799360532502, 0.0, -6.3, 0.0, 0.0, 0.0, 0.0, 0.0, 0.0, 0.0, 0.0, 0.0, 0.0, 0.0, 1.5574456516497346, 3.114891303299469, -4.793324842127575, -3.2358791904778395, -1.678433538828105, -9.58664968425515, -8.029204032605413, -6.471758380955679, -6.3], "data_imag": [1.642646511816886e-18, 6.620223277906393e-17, 0.0, 0.0, 0.0, 0.0, 0.0, 0.0, 0.0, 0.0, 0.0, 0.0, 0.0, 0.0, 0.0, 0.0, 0.0, 0.0, 0.0, 0.0, 0.0, 0.0, 0.0, 0.0, 0.0, 0.0, 0.0, 0.0, 0.0, 0.0, 0.0, 0.0, 0.0, 0.0, 0.0, 0.0, 0.0, 0.0, 0.0, 0.0, 0.0, 0.0, 0.0, 0.0, 0.0, 0.0, 0.0, 0.0]}, {"time": 6.6499999999999995, "step_sample_count": 262144, "data": [0.6119679484518894, 0.5785027758901714, -4.340816278616714, -1.1432919873083915, 0.9439079685381715, 4.340816278616714, -0.9439079685381715, 1.1432919873083915, 0.867067269627645, -4.263271364212753, 0.19598710404658928, -0.867067269627645, -0.19598710404658928, 4.263271364212753, 4.034260207757989, 0.7254222108620904, -1.2715379573784065, 4.034260207757989, -1.2715379573784065, 0.7254222108620904, -1.2358865440070432, 4.180590619775799, -0.42917918204154326, -1.2358865440070432, -0.42917918204154326, 4.180590619775799, 0.0, -6.6499999999999995, 0.0, 0.0, 0.0, 0.0, 0.0, 0.0, 0.0, 0.0, 0.0, 0.0, 0.0, 1.64397041007472, 3.28794082014944, -5.0596206666902175, -3.415650256615497, -1.7716798465407777, -10.119241333380435, -8.475270923305715, -6.831300513230994, -6.6499999999999995], "data_imag": [-1.0708591946086995e-19, 1.0485304070488516e-17, 0.0, 0.0, 0.0, 0.0, 0.0, 0.0, 0.0, 0.0, 0.0, 0.0, 0.0, 0.0, 0.0, 0.0, 0.0, 0.0, 0.0, 0.0, 0.0, 0.0, 0.0, 0.0, 0.0, 0.0, 0.0, 0.0, 0.0, 0.0, 0.0, 0.0, 0.0, 0.0, 0.0, 0.0, 0.0, 0.0, 0.0, 0.0, 0.0, 0.0, 0.0, 0.0, 0.0, 0.0, 0.0, 0.0]}, {"time": 7.0, "step_sample_count": 262144, "data": [0.6156972252955393, 0.5787655044457235, -4.688337974957863, -1.4179710676526132, 0.6260203625396427, 4.688337974957863, -0.6260203625396427, 1.4179710676526132, 0.5575967168123418, -4.612509099722916, 0.01633878511569362, -0.5575967168123418, -0.01633878511569362, 4.612509099722916, 3.993612149885288, 0.5130111018126888, -1.127522495133773, 3.993612149885288, -1.127522495133773, 0.5130111018126888, -1.0746234743475258, 4.159108132874213, -0.1352439766748898, -1.0746234743475258, -0.1352439766748898, 4.159108132874213, 0.0, -7.0, 0.0, 0.0, 0.0, 0.0, 0.0, 0.0, 0.0, 0.0, 0.0, 0.0, 0.0, 1.7304951684997052, 3.4609903369994104, -5.325916491252861, -3.5954213227531553, -1.8649261542534503, -10.651832982505722, -8.921337814006016, -7.190842645506311, -7.0], "data_imag": [-1.3923919714061076e-17, 6.358721179581106e-18, 0.0, 0.0, 0.0, 0.0, 0.0, 0.0, 0.0, 0.0, 0.0, 0.0, 0.0, 0.0, 0.0, 0.0, 0.0, 0.0, 0.0, 0.0, 0.0, 0.0, 0.0, 0.0, 0.0, 0.0, 0.0, 0.0, 0.0, 0.0, 0.0, 0.0, 0.0, 0.0, 0.0, 0.0, 0.0, 0.0, 0.0, 0.0, 0.0, 0.0, 0.0, 0.0, 0.0, 0.0, 0.0, 0.0]}, {"time": 7.35, "step_sample_count": 262144, "data": [0.6183229014502887, 0.5752900800663613, -5.031046939617105, -1.5770866529269465, 0.35660984370937, 5.031046939617105, -0.35660984370937, 1.5770866529269465, 0.30147221961883375, -4.958728026880092, 0.03964062216825682, -0.30147221961883375, -0.03964062216825682, 4.958728026880092, 3.9230844278262036, 0.20438623737505424, -0.9056870701975986, 3.9230844278262036, -0.9056870701975986, 0.20438623737505424, -0.8376043978300611, 4.108502326627522, 0.20845421627731262, -0.8376043978300611, 0.20845421627731262, 4.108502326627522, 0.0, -7.35, 0.0, 0.0, 0.0, 0.0, 0.0, 0.0, 0.0, 0.0, 0.0, 0.0, 0.0, 1.8170199269246905, 3.634039853849381, -5.5922123158155035, -3.775192388890813, -1.9581724619661227, -11.184424631631007, -9.367404704706317, -7.550384777781626, -7.35], "data_imag": [5.6148113489080935e-18, -3.215952074768966e-17, 0.0, 0.0, 0.0, 0.0, 0.0, 0.0, 0.0, 0.0, 0.0, 0.0, 0.0, 0.0, 0.0, 0.0, 0.0, 0.0, 0.0, 0.0, 0.0, 0.0, 0.0, 0.0, 0.0, 0.0, 0.0, 0.0, 0.0, 0.0, 0.0, 0.0, 0.0, 0.0, 0.0, 0.0, 0.0, 0.0, 0.0, 0.0, 0.0, 0.0, 0.0, 0.0, 0.0, 0.0, 0.0, 0.0]}, {"time": 7.699999999999999, "step_sample_count": 262144, "data": [0.6196057116291452, 0.568038967808547, -5.366379070625253, -1.5907970731442405, 0.15427073421348483, 5.366379070625253, -0.15427073421348483, 1.5907970731442405, 0.11674937577883754, -5.299503817184807, 0.25731871005540374, -0.11674937577883754, -0.25731871005540374, 5.299503817184807, 3.8232047204268196, -0.142570677534864, -0.6213424409509347, 3.8232047204268196, -0.6213424409509347, -0.142570677534864, -0.5415380679992555, 4.029127558029812, 0.47545173218790887, -0.5415380679992555, 0.47545173218790887, 4.029127558029812, 0.0, -7.699999999999999, 0.0, 0.0, 0.0, 0.0, 0.0, 0.0, 0.0, 0.0, 0.0, 0.0, 0.0, 1.9035446853496756, 3.807089370699351, -5.858508140378146, -3.9549634550284702, -2.051418769678795, -11.717016280756292, -9.813471595406616, -7.9099269100569405, -7.699999999999999], "data_imag": [-3.5889151456622825e-19, -5.4600690264558354e-17, 0.0, 0.0, 0.0, 0.0, 0.0, 0.0, 0.0, 0.0, 0.0, 0.0, 0.0, 0.0, 0.0, 0.0, 0.0, 0.0, 0.0, 0.0, 0.0, 0.0, 0.0, 0.0, 0.0, 0.0, 0.0, 0.0, 0.0, 0.0, 0.0, 0.0, 0.0, 0.0, 0.0, 0.0, 0.0, 0.0, 0.0, 0.0, 0.0, 0.0, 0.0, 0.0, 0.0, 0.0, 0.0, 0.0]}, {"time": 8.049999999999999, "step_sample_count": 262144, "data": [0.6199376242118222, 0.5590921297747677, -5.69182545848149, -1.4565309784596356, 0.03296818509772548, 5.69182545848149, -0.03296818509772548, 1.4565309784596356, 0.01645029523021669, -5.632450256610143, 0.5892784504704475, -0.01645029523021669, -0.5892784504704475, 5.632450256610143, 3.694720314104575, -0.4627888722778982, -0.29411366013997153, 3.694720314104575, -0.29411366013997153, -0.4627888722778982, -0.2072957978763395, 3.9215396329557937, 0.5675069014735594, -0.2072957978763395, 0.5675069014735594, 3.9215396329557937, 0.0, -8.049999999999999, 0.0, 0.0, 0.0, 0.0, 0.0, 0.0, 0.0, 0.0, 0.0, 0.0, 0.0, 1.9900694437746607, 3.9801388875493213, -6.124803964940789, -4.134734521166128, -2.1446650773914677, -12.249607929881577, -10.259538486106917, -8.269469042332256, -8.049999999999999], "data_imag": [4.579052558987734e-18, -2.7447132113250405e-17, 0.0, 0.0, 0.0, 0.0, 0.0, 0.0, 0.0, 0.0, 0.0, 0.0, 0.0, 0.0, 0.0, 0.0, 0.0, 0.0, 0.0, 0.0, 0.0, 0.0, 0.0, 0.0, 0.0, 0.0, 0.0, 0.0, 0.0, 0.0, 0.0, 0.0, 0.0, 0.0, 0.0, 0.0, 0.0, 0.0, 0.0, 0.0, 0.0, 0.0, 0.0, 0.0, 0.0, 0.0, 0.0, 0.0]}, {"time": 8.399999999999999, "step_sample_count": 262144, "data": [0.6197305566814815, 0.5505972019070979, -6.004951157473802, -1.1994695884320716, 0.0010743218738381985, 6.004951157473802, -0.0010743218738381985, 1.1994695884320716, 0.007645601326421301, -5.955235954586201, 0.9133753394782065, -0.007645601326421301, -0.9133753394782065, 5.955235954586201, 3.538592511752692, -0.6962123462119452, 0.053414417720890964, 3.538592511752692, 0.053414417720890964, -0.6962123462119452, 0.14155987150726151, 3.7864919142418034, 0.45074804748755204, 0.14155987150726151, 0.45074804748755204, 3.7864919142418034, 0.0, -8.399999999999999, 0.0, 0.0, 0.0, 0.0, 0.0, 0.0, 0.0, 0.0, 0.0, 0.0, 0.0, 2.076594202199646, 4.153188404399292, -6.391099789503432, -4.314505587303786, -2.23791138510414, -12.782199579006864, -10.705605376807217, -8.629011174607571, -8.399999999999999], "data_imag": [3.864943099763793e-18, -4.582166387190868e-17, 0.0, 0.0, 0.0, 0.0, 0.0, 0.0, 0.0, 0.0, 0.0, 0.0, 0.0, 0.0, 0.0, 0.0, 0.0, 0.0, 0.0, 0.0, 0.0, 0.0, 0.0, 0.0, 0.0, 0.0, 0.0, 0.0, 0.0, 0.0, 0.0, 0.0, 0.0, 0.0, 0.0, 0.0, 0.0, 0.0, 0.0, 0.0, 0.0, 0.0, 0.0, 0.0, 0.0, 0.0, 0.0, 0.0]}, {"time": 8.75, "step_sample_count": 262144, "data": [0.6190057331127992, 0.5432046027746221, -6.303413403612381, -0.8678240267828057, 0.06079041259357724, 6.303413403612381, -0.06079041259357724, 0.8678240267828057, 0.09095598444662213, -6.2656006690942885, 1.110358007363503, -0.09095598444662213, -1.110358007363503, 6.2656006690942885, 3.3559894404023756, -0.799063198734843, 0.3972559101591412, 3.3559894404023756, 0.3972559101591412, -0.799063198734843, 0.4804362217593634, 3.6249300464138505, 0.1681365615188725, 0.4804362217593634, 0.1681365615188725, 3.6249300464138505, 0.0, -8.75, 0.0, 0.0, 0.0, 0.0, 0.0, 0.0, 0.0, 0.0, 0.0, 0.0, 0.0, 2.1631189606246317, 4.326237921249263, -6.6573956140660755, -4.494276653441444, -2.331157692816813, -13.314791228132151, -11.15167226750752, -8.988553306882888, -8.75], "data_imag": [7.495411028644528e-19, 9.898031784038108e-18, 0.0, 0.0, 0.0, 0.0, 0.0, 0.0, 0.0, 0.0, 0.0, 0.0, 0.0, 0.0, 0.0, 0.0, 0.0, 0.0, 0.0, 0.0, 0.0, 0.0, 0.0, 0.0, 0.0, 0.0, 0.0, 0.0, 0.0, 0.0, 0.0, 0.0, 0.0, 0.0, 0.0, 0.0, 0.0, 0.0, 0.0, 0.0, 0.0, 0.0, 0.0, 0.0, 0.0, 0.0, 0.0, 0.0]}, {"time": 9.1, "step_sample_count": 262144, "data": [0.6174340768772407, 0.5359168425058085, -6.584979142871884, -0.5237934639223225, 0.2079949395294017, 6.584979142871884, -0.2079949395294017, 0.5237934639223225, 0.26050844618193536, -6.561371133557704, 1.1077467304628699, -0.26050844618193536, -1.1077467304628699, 6.561371133557704, 3.1482773114548808, -0.752052048522981, 0.7136793774661833, 3.1482773114548808, 0.7136793774661833, -0.752052048522981, 0.7854440305369667, 3.437985334001758, -0.17634073044909035, 0.7854440305369667, -0.17634073044909035, 3.437985334001758, 0.0, -9.1, 0.0, 0.0, 0.0, 0.0, 0.0, 0.0, 0.0, 0.0, 0.0, 0.0, 0.0, 2.2496437190496166, 4.499287438099233, -6.923691438628719, -4.674047719579102, -2.4244040005294853, -13.847382877257438, -11.59773915820782, -9.348095439158204, -9.1], "data_imag": [-9.311899357639185e-19, 2.1601632682208215e-17, 0.0, 0.0, 0.0, 0.0, 0.0, 0.0, 0.0, 0.0, 0.0, 0.0, 0.0, 0.0, 0.0, 0.0, 0.0, 0.0, 0.0, 0.0, 0.0, 0.0, 0.0, 0.0, 0.0, 0.0, 0.0, 0.0, 0.0, 0.0, 0.0, 0.0, 0.0, 0.0, 0.0, 0.0, 0.0, 0.0, 0.0, 0.0, 0.0, 0.0, 0.0, 0.0, 0.0, 0.0, 0.0, 0.0]}, {"time": 9.45, "step_sample_count": 262144, "data": [0.6147472541729745, 0.5272036295023119, -6.847541738598653, -0.23189984158673024, 0.43252806033349855, 6.847541738598653, -0.43252806033349855, 0.23189984158673024, 0.504350318681138, -6.840476274704426, 0.9065023274625317, -0.504350318681138, -0.9065023274625317, 6.840476274704426, 2.9170101988731867, -0.563995701472025, 0.980845732149896, 2.9170101988731867, 0.980845732149896, -0.563995701472025, 1.0350816517239618, 3.226966819806417, -0.455933494500079, 1.0350816517239618, -0.455933494500079, 3.226966819806417, 0.0, -9.45, 0.0, 0.0, 0.0, 0.0, 0.0, 0.0, 0.0, 0.0, 0.0, 0.0, 0.0, 2.336168477474602, 4.672336954949204, -7.1899872631913615, -4.85381878571676, -2.5176503082421577, -14.379974526382723, -12.04380604890812, -9.70763757143352, -9.45], "data_imag": [2.0811801041905865e-19, -1.6757968309666615e-17, 0.0, 0.0, 0.0, 0.0, 0.0, 0.0, 0.0, 0.0, 0.0, 0.0, 0.0, 0.0, 0.0, 0.0, 0.0, 0.0, 0.0, 0.0, 0.0, 0.0, 0.0, 0.0, 0.0, 0.0, 0.0, 0.0, 0.0, 0.0, 0.0, 0.0, 0.0, 0.0, 0.0, 0.0, 0.0, 0.0, 0.0, 0.0, 0.0, 0.0, 0.0, 0.0, 0.0, 0.0, 0.0, 0.0]}, {"time": 9.799999999999999, "step_sample_count": 262144, "data": [0.611194085217331, 0.5166761518171716, -7.0891367330802755, -0.046886968398394256, 0.7188928255796674, 7.0891367330802755, -0.7188928255796674, 0.046886968398394256, 0.8052918726983471, -7.100961714841748, 0.5806726264017442, -0.8052918726983471, -0.5806726264017442, 7.100961714841748, 2.663918411811501, -0.2701635841312912, 1.1803155409895207, 2.663918411811501, 1.1803155409895207, -0.2701635841312912, 1.211750782478393, 2.9933521185904852, -0.567765642629634, 1.211750782478393, -0.567765642629634, 2.9933521185904852, 0.0, -9.799999999999999, 0.0, 0.0, 0.0, 0.0, 0.0, 0.0, 0.0, 0.0, 0.0, 0.0, 0.0, 2.422693235899587, 4.845386471799174, -7.456283087754004, -5.033589851854416, -2.61089661595483, -14.912566175508008, -12.489872939608421, -10.067179703708833, -9.799999999999999], "data_imag": [1.6845318781770738e-18, -1.4689112047050503e-17, 0.0, 0.0, 0.0, 0.0, 0.0, 0.0, 0.0, 0.0, 0.0, 0.0, 0.0, 0.0, 0.0, 0.0, 0.0, 0.0, 0.0, 0.0, 0.0, 0.0, 0.0, 0.0, 0.0, 0.0, 0.0, 0.0, 0.0, 0.0, 0.0, 0.0, 0.0, 0.0, 0.0, 0.0, 0.0, 0.0, 0.0, 0.0, 0.0, 0.0, 0.0, 0.0, 0.0, 0.0, 0.0, 0.0]}, {"time": 10.149999999999999, "step_sample_count": 262144, "data": [0.6072544511542725, 0.5053295338156537, -7.307956545351627, -0.0034534761446552713, 1.0473247556732164, 7.307956545351627, -1.0473247556732164, 0.0034534761446552713, 1.1421181143550683, -7.341003456993511, 0.25014658475968604, -1.1421181143550683, -0.25014658475968604, 7.341003456993511, 2.39089554867696, 0.07433693571880627, 1.2983216878973687, 2.39089554867696, 1.2983216878973687, 0.07433693571880627, 1.3029970625517588, 2.7387770703778034, -0.4706885637434969, 1.3029970625517588, -0.4706885637434969, 2.7387770703778034, 0.0, -10.149999999999999, 0.0, 0.0, 0.0, 0.0, 0.0, 0.0, 0.0, 0.0, 0.0, 0.0, 0.0, 2.509217994324572, 5.018435988649144, -7.722578912316647, -5.213360917992074, -2.7041429236675025, -15.445157824633293, -12.93593983030872, -10.426721835984148, -10.149999999999999], "data_imag": [-3.867517446433213e-18, -2.994423159935817e-17, 0.0, 0.0, 0.0, 0.0, 0.0, 0.0, 0.0, 0.0, 0.0, 0.0, 0.0, 0.0, 0.0, 0.0, 0.0, 0.0, 0.0, 0.0, 0.0, 0.0, 0.0, 0.0, 0.0, 0.0, 0.0, 0.0, 0.0, 0.0, 0.0, 0.0, 0.0, 0.0, 0.0, 0.0, 0.0, 0.0, 0.0, 0.0, 0.0, 0.0, 0.0, 0.0, 0.0, 0.0, 0.0, 0.0]}, {"time": 10.5, "step_sample_count": 262144, "data": [0.6027246527433117, 0.4936482720195133, -7.50236399527037, -0.10974519126980087, 1.3951559564861815, 7.50236399527037, -1.3951559564861815, 0.10974519126980087, 1.4910843445245923, -7.558920657072594, 0.036541177364544854, -1.4910843445245923, -0.036541177364544854, 7.558920657072594, 2.0999843294832936, 0.4048957772615774, 1.326719560247638, 2.0999843294832936, 1.326719560247638, 0.4048957772615774, 1.3023880493406652, 2.465024285812171, -0.2004217448770454, 1.3023880493406652, -0.2004217448770454, 2.465024285812171, 0.0, -10.5, 0.0, 0.0, 0.0, 0.0, 0.0, 0.0, 0.0, 0.0, 0.0, 0.0, 0.0, 2.595742752749558, 5.191485505499116, -7.988874736879291, -5.393131984129733, -2.7973892313801754, -15.977749473758582, -13.382006721009024, -10.786263968259465, -10.5], "data_imag": [-1.592275708574231e-18, -2.1851717827885954e-17, 0.0, 0.0, 0.0, 0.0, 0.0, 0.0, 0.0, 0.0, 0.0, 0.0, 0.0, 0.0, 0.0, 0.0, 0.0, 0.0, 0.0, 0.0, 0.0, 0.0, 0.0, 0.0, 0.0, 0.0, 0.0, 0.0, 0.0, 0.0, 0.0, 0.0, 0.0, 0.0, 0.0, 0.0, 0.0, 0.0, 0.0, 0.0, 0.0, 0.0, 0.0, 0.0, 0.0, 0.0, 0.0, 0.0]}, {"time": 10.85, "step_sample_count": 262144, "data": [0.5968643035084304, 0.48047137145168994, -7.670904552676614, -0.3458274085740571, 1.738379624440766, 7.670904552676614, -1.738379624440766, 0.3458274085740571, 1.8275900507884009, -7.753187393654029, 0.018452460748756894, -1.8275900507884009, -0.018452460748756894, 7.753187393654029, 1.7933613124968883, 0.6595175813142723, 1.2635491781939354, 1.7933613124968883, 1.2635491781939354, 0.6595175813142723, 1.2099666754723037, 2.1740106637843675, 0.14359020517676685, 1.2099666754723037, 0.14359020517676685, 2.1740106637843675, 0.0, -10.85, 0.0, 0.0, 0.0, 0.0, 0.0, 0.0, 0.0, 0.0, 0.0, 0.0, 0.0, 2.682267511174543, 5.364535022349086, -8.255170561441934, -5.57290305026739, -2.8906355390928478, -16.51034112288387, -13.828073611709325, -11.14580610053478, -10.85], "data_imag": [9.21384867270691e-18, 2.378126430558831e-17, 0.0, 0.0, 0.0, 0.0, 0.0, 0.0, 0.0, 0.0, 0.0, 0.0, 0.0, 0.0, 0.0, 0.0, 0.0, 0.0, 0.0, 0.0, 0.0, 0.0, 0.0, 0.0, 0.0, 0.0, 0.0, 0.0, 0.0, 0.0, 0.0, 0.0, 0.0, 0.0, 0.0, 0.0, 0.0, 0.0, 0.0, 0.0, 0.0, 0.0, 0.0, 0.0, 0.0, 0.0, 0.0, 0.0]}, {"time": 11.2, "step_sample_count": 262144, "data": [0.5895270047385872, 0.4637816442219572, -7.812317219990205, -0.6674235877896502, 2.0533069611756516, 7.812317219990205, -2.0533069611756516, 0.6674235877896502, 2.127913130289082, -7.922443352933314, 0.20253617369286214, -2.127913130289082, -0.20253617369286214, 7.922443352933314, 1.4733206095231752, 0.7904487614826119, 1.1131704696275848, 1.4733206095231752, 1.1131704696275848, 0.7904487614826119, 1.03224822225192, 1.8677739687326589, 0.4347681749432743, 1.03224822225192, 0.4347681749432743, 1.8677739687326589, 0.0, -11.2, 0.0, 0.0, 0.0, 0.0, 0.0, 0.0, 0.0, 0.0, 0.0, 0.0, 0.0, 2.7687922695995284, 5.537584539199057, -8.521466386004576, -5.752674116405048, -2.98388184680552, -17.042932772009152, -14.274140502409624, -11.505348232810096, -11.2], "data_imag": [7.210115704027461e-19, 3.4238976858639236e-17, 0.0, 0.0, 0.0, 0.0, 0.0, 0.0, 0.0, 0.0, 0.0, 0.0, 0.0, 0.0, 0.0, 0.0, 0.0, 0.0, 0.0, 0.0, 0.0, 0.0, 0.0, 0.0, 0.0, 0.0, 0.0, 0.0, 0.0, 0.0, 0.0, 0.0, 0.0, 0.0, 0.0, 0.0, 0.0, 0.0, 0.0, 0.0, 0.0, 0.0, 0.0, 0.0, 0.0, 0.0, 0.0, 0.0]}, {"time": 11.549999999999999, "step_sample_count": 262144, "data": [0.5813715500767802, 0.4421439988144754, -7.925543966823501, -1.0142192912533259, 2.3182021399547583, 7.925543966823501, -2.3182021399547583, 1.0142192912533259, 2.3708821887538067, -8.06550335405059, 0.521058759796341, -2.3708821887538067, -0.521058759796341, 8.06550335405059, 1.1422567216734127, 0.7731335518252802, 0.8859623542958588, 1.1422567216734127, 0.8859623542958588, 0.7731335518252802, 0.7817610223302773, 1.5484585616066204, 0.5659733028559623, 0.7817610223302773, 0.5659733028559623, 1.5484585616066204, 0.0, -11.549999999999999, 0.0, 0.0, 0.0, 0.0, 0.0, 0.0, 0.0, 0.0, 0.0, 0.0, 0.0, 2.8553170280245133, 5.7106340560490265, -8.78776221056722, -5.932445182542706, -3.0771281545181925, -17.57552442113444, -14.720207393109925, -11.864890365085412, -11.549999999999999], "data_imag": [-1.7707776975514964e-18, -7.04480929016613e-17, 0.0, 0.0, 0.0, 0.0, 0.0, 0.0, 0.0, 0.0, 0.0, 0.0, 0.0, 0.0, 0.0, 0.0, 0.0, 0.0, 0.0, 0.0, 0.0, 0.0, 0.0, 0.0, 0.0, 0.0, 0.0, 0.0, 0.0, 0.0, 0.0, 0.0, 0.0, 0.0, 0.0, 0.0, 0.0, 0.0, 0.0, 0.0, 0.0, 0.0, 0.0, 0.0, 0.0, 0.0, 0.0, 0.0]}, {"time": 11.899999999999999, "step_sample_count": 262144, "data": [0.5736718157340012, 0.4177883440487552, -8.009737646021167, -1.321173983068595, 2.514782480814959, 8.009737646021167, -2.514782480814959, 1.321173983068595, 2.5393690263072646, -8.181365648081577, 0.8568199127114509, -2.5393690263072646, -0.8568199127114509, 8.181365648081577, 0.8026466240322891, 0.6108193700698459, 0.5976064058566128, 0.8026466240322891, 0.5976064058566128, 0.6108193700698459, 0.47616326993825686, 1.2183003844102651, 0.4889286947269671, 0.47616326993825686, 0.4889286947269671, 1.2183003844102651, 0.0, -11.899999999999999, 0.0, 0.0, 0.0, 0.0, 0.0, 0.0, 0.0, 0.0, 0.0, 0.0, 0.0, 2.9418417864494986, 5.883683572898997, -9.054058035129863, -6.1122162486803635, -3.170374462230865, -18.108116070259726, -15.166274283810225, -12.224432497360727, -11.899999999999999], "data_imag": [-1.9180682443461895e-18, -9.28792357709592e-18, 0.0, 0.0, 0.0, 0.0, 0.0, 0.0, 0.0, 0.0, 0.0, 0.0, 0.0, 0.0, 0.0, 0.0, 0.0, 0.0, 0.0, 0.0, 0.0, 0.0, 0.0, 0.0, 0.0, 0.0, 0.0, 0.0, 0.0, 0.0, 0.0, 0.0, 0.0, 0.0, 0.0, 0.0, 0.0, 0.0, 0.0, 0.0, 0.0, 0.0, 0.0, 0.0, 0.0, 0.0, 0.0, 0.0]}, {"time": 12.25, "step_sample_count": 262144, "data": [0.5681983854687734, 0.39813376372765275, -8.064268331900228, -1.5307191943870617, 2.629480294545924, 8.064268331900228, -2.629480294545924, 1.5307191943870617, 2.6214960966964074, -8.269218932583232, 1.0862763997189286, -2.6214960966964074, -1.0862763997189286, 8.269218932583232, 0.45703123326646533, 0.333947773765994, 0.2680045324724523, 0.45703123326646533, 0.2680045324724523, 0.333947773765994, 0.13699819950039954, 0.8796113034672638, 0.23198289495818034, 0.13699819950039954, 0.23198289495818034, 0.8796113034672638, 0.0, -12.25, 0.0, 0.0, 0.0, 0.0, 0.0, 0.0, 0.0, 0.0, 0.0, 0.0, 0.0, 3.0283665448744843, 6.056733089748969, -9.320353859692506, -6.291987314818022, -3.263620769943538, -18.640707719385013, -15.612341174510528, -12.583974629636044, -12.25], "data_imag": [-2.4643828932109817e-18, 8.684119909954807e-18, 0.0, 0.0, 0.0, 0.0, 0.0, 0.0, 0.0, 0.0, 0.0, 0.0, 0.0, 0.0, 0.0, 0.0, 0.0, 0.0, 0.0, 0.0, 0.0, 0.0, 0.0, 0.0, 0.0, 0.0, 0.0, 0.0, 0.0, 0.0, 0.0, 0.0, 0.0, 0.0, 0.0, 0.0, 0.0, 0.0, 0.0, 0.0, 0.0, 0.0, 0.0, 0.0, 0.0, 0.0, 0.0, 0.0]}, {"time": 12.6, "step_sample_count": 262144, "data": [0.5663722375471573, 0.3910367590831178, -8.088728033268561, -1.603555324024007, 2.6543793048659214, 8.088728033268561, -2.6543793048659214, 1.603555324024007, 2.611473819611349, -8.328448032576128, 1.1249997634847713, -2.611473819611349, -1.1249997634847713, 8.328448032576128, 0.10799639683086895, -0.00555476620366831, -0.08009462394435954, 0.10799639683086895, -0.08009462394435954, -0.00555476620366831, -0.21182461319660595, 0.5347629210413415, -0.11032095332181067, -0.21182461319660595, -0.11032095332181067, 0.5347629210413415, 0.0, -12.6, 0.0, 0.0, 0.0, 0.0, 0.0, 0.0, 0.0, 0.0, 0.0, 0.0, 0.0, 3.114891303299469, 6.229782606598938, -9.58664968425515, -6.471758380955679, -3.35686707765621, -19.1732993685103, -16.058408065210827, -12.943516761911358, -12.6], "data_imag": [-6.023523194120572e-20, 7.09603712349225e-18, 0.0, 0.0, 0.0, 0.0, 0.0, 0.0, 0.0, 0.0, 0.0, 0.0, 0.0, 0.0, 0.0, 0.0, 0.0, 0.0, 0.0, 0.0, 0.0, 0.0, 0.0, 0.0, 0.0, 0.0, 0.0, 0.0, 0.0, 0.0, 0.0, 0.0, 0.0, 0.0, 0.0, 0.0, 0.0, 0.0, 0.0, 0.0, 0.0, 0.0, 0.0, 0.0, 0.0, 0.0, 0.0, 0.0]}, {"time": 12.95, "step_sample_count": 262144, "data": [0.5685436571020366, 0.3989493427418794, -8.08293374595962, -1.526022165532529, 2.5877610182969755, 8.08293374595962, -2.5877610182969755, 1.526022165532529, 2.510008719439202, -8.358638208183708, 0.9587417519409221, -2.510008719439202, -0.9587417519409221, 8.358638208183708, -0.2418464539910883, -0.34401552576181615, -0.4226657659099775, -0.2418464539910883, -0.4226657659099775, -0.34401552576181615, -0.5457147660056915, 0.18616996866776597, -0.4120322342612537, -0.5457147660056915, -0.4120322342612537, 0.18616996866776597, 0.0, -12.95, 0.0, 0.0, 0.0, 0.0, 0.0, 0.0, 0.0, 0.0, 0.0, 0.0, 0.0, 3.2014160617244545, 6.402832123448909, -9.852945508817792, -6.651529447093337, -3.450113385368883, -19.705891017635583, -16.504474955911128, -13.303058894186673, -12.95], "data_imag": [-1.5886076600271994e-18, -3.612771234928665e-18, 0.0, 0.0, 0.0, 0.0, 0.0, 0.0, 0.0, 0.0, 0.0, 0.0, 0.0, 0.0, 0.0, 0.0, 0.0, 0.0, 0.0, 0.0, 0.0, 0.0, 0.0, 0.0, 0.0, 0.0, 0.0, 0.0, 0.0, 0.0, 0.0, 0.0, 0.0, 0.0, 0.0, 0.0, 0.0, 0.0, 0.0, 0.0, 0.0, 0.0, 0.0, 0.0, 0.0, 0.0, 0.0, 0.0]}, {"time": 13.299999999999999, "step_sample_count": 262144, "data": [0.5739620301198094, 0.4175739700943728, -8.046928822044789, -1.3126608396003046, 2.4342233320852564, 8.046928822044789, -2.4342233320852564, 1.3126608396003046, 2.3242536185479583, -8.359578058764962, 0.6486769590905083, -2.3242536185479583, -0.6486769590905083, 8.359578058764962, -0.5898798424619935, -0.6179571637484232, -0.7360651314577742, -0.5898798424619935, -0.7360651314577742, -0.6179571637484232, -0.8411345405447423, -0.16372660151923724, -0.5621363570669341, -0.8411345405447423, -0.5621363570669341, -0.16372660151923724, 0.0, -13.299999999999999, 0.0, 0.0, 0.0, 0.0, 0.0, 0.0, 0.0, 0.0, 0.0, 0.0, 0.0, 3.28794082014944, 6.57588164029888, -10.119241333380435, -6.831300513230994, -3.5433596930815554, -20.23848266676087, -16.95054184661143, -13.662601026461989, -13.299999999999999], "data_imag": [1.3372898865823025e-18, 2.0068718991929087e-17, 0.0, 0.0, 0.0, 0.0, 0.0, 0.0, 0.0, 0.0, 0.0, 0.0, 0.0, 0.0, 0.0, 0.0, 0.0, 0.0, 0.0, 0.0, 0.0, 0.0, 0.0, 0.0, 0.0, 0.0, 0.0, 0.0, 0.0, 0.0, 0.0, 0.0, 0.0, 0.0, 0.0, 0.0, 0.0, 0.0, 0.0, 0.0, 0.0, 0.0, 0.0, 0.0, 0.0, 0.0, 0.0, 0.0]}, {"time": 13.649999999999999, "step_sample_count": 262144, "data": [0.581191705688278, 0.4391639455318028, -7.98098264547906, -1.0034866487227692, 2.204363194020549, 7.98098264547906, -2.204363194020549, 1.0034866487227692, 2.067303396244588, -8.331261003204967, 0.3088936483570614, -2.067303396244588, -0.3088936483570614, 8.331261003204967, -0.933499829996207, -0.7760027145290928, -0.9986623522006541, -0.933499829996207, -0.9986623522006541, -0.7760027145290928, -1.077258202963541, -0.51247670906353, -0.5054025470798478, -1.077258202963541, -0.5054025470798478, -0.51247670906353, 0.0, -13.649999999999999, 0.0, 0.0, 0.0, 0.0, 0.0, 0.0, 0.0, 0.0, 0.0, 0.0, 0.0, 3.3744655785744246, 6.748931157148849, -10.385537157943077, -7.011071579368652, -3.636606000794228, -20.771074315886153, -17.39660873731173, -14.022143158737304, -13.649999999999999], "data_imag": [2.8791742999293705e-18, -3.517320749723506e-17, 0.0, 0.0, 0.0, 0.0, 0.0, 0.0, 0.0, 0.0, 0.0, 0.0, 0.0, 0.0, 0.0, 0.0, 0.0, 0.0, 0.0, 0.0, 0.0, 0.0, 0.0, 0.0, 0.0, 0.0, 0.0, 0.0, 0.0, 0.0, 0.0, 0.0, 0.0, 0.0, 0.0, 0.0, 0.0, 0.0, 0.0, 0.0, 0.0, 0.0, 0.0, 0.0, 0.0, 0.0, 0.0, 0.0]}, {"time": 14.0, "step_sample_count": 262144, "data": [0.5888560893738819, 0.45817811937266056, -7.885588616606827, -0.6564843224083855, 1.9140452165125112, 7.885588616606827, -1.9140452165125112, 0.6564843224083855, 1.7572718600790127, -8.273885325997814, 0.06441500442888258, -1.7572718600790127, -0.06441500442888258, 8.273885325997814, -1.2701354984750208, -0.7885111900057469, -1.1923333498968864, -1.2701354984750208, -1.1923333498968864, -0.7885111900057469, -1.2374401222885234, -0.8576383013833648, -0.2627059955763849, -1.2374401222885234, -0.2627059955763849, -0.8576383013833648, 0.0, -14.0, 0.0, 0.0, 0.0, 0.0, 0.0, 0.0, 0.0, 0.0, 0.0, 0.0, 0.0, 3.4609903369994104, 6.921980673998821, -10.651832982505722, -7.190842645506311, -3.7298523085069006, -21.303665965011444, -17.84267562801203, -14.381685291012621, -14.0], "data_imag": [6.8513163631881486e-18, -3.027220706504136e-17, 0.0, 0.0, 0.0, 0.0, 0.0, 0.0, 0.0, 0.0, 0.0, 0.0, 0.0, 0.0, 0.0, 0.0, 0.0, 0.0, 0.0, 0.0, 0.0, 0.0, 0.0, 0.0, 0.0, 0.0, 0.0, 0.0, 0.0, 0.0, 0.0, 0.0, 0.0, 0.0, 0.0, 0.0, 0.0, 0.0, 0.0, 0.0, 0.0, 0.0, 0.0, 0.0, 0.0, 0.0, 0.0, 0.0]}], "random_generator": {"seed": "very_nice_seed"}, "realworld_total_calculation_time": 1996.905}