{"hamiltonian": {"U": 1.0, "E": 0.8, "J": 0.1, "phi": 1.8849555921538759, "type": "FirstOrderVariationalClassicalNetworkAnalyticalParamsHamiltonian", "eta_calculation_sampler": {}, "psi_selection": {"type": "SquareDirectionDependentAllSameFirstOrder", "number_of_psis": 12, "J": 0.1}, "random_generator": {"seed": "46954944"}, "init_sigma": 0, "pseudo_inverse_cutoff": 0, "effective_time_step_size": 0.0, "number_workers": 1, "variational_step_fraction_multiplier": 1, "ue_might_change": false, "ue_variational": false}, "start_time": 0.0, "time_step": 0.35, "number_of_time_steps": 81, "sampler": {"system_geometry": {"type": "SquareSystemNonPeriodicState", "size": 3}, "initial_system_state": {"type": "HomogenousInitialSystemState"}, "type": "ExactSampler"}, "observables": [{"type": "Energy", "label": "Energy per site"}, {"type": "EnergyVariance", "label": "Energy Variance per site"}, {"type": "VCNFactor", "label": "Re-Part of VCN Parameter 0", "param_real_part": true, "param_index": 0, "can_return_value": true}, {"type": "VCNFactor", "label": "Re-Part of VCN Parameter 1", "param_real_part": true, "param_index": 1, "can_return_value": true}, {"type": "VCNFactor", "label": "Re-Part of VCN Parameter 2", "param_real_part": true, "param_index": 2, "can_return_value": true}, {"type": "VCNFactor", "label": "Re-Part of VCN Parameter 3", "param_real_part": true, "param_index": 3, "can_return_value": true}, {"type": "VCNFactor", "label": "Re-Part of VCN Parameter 4", "param_real_part": true, "param_index": 4, "can_return_value": true}, {"type": "VCNFactor", "label": "Re-Part of VCN Parameter 5", "param_real_part": true, "param_index": 5, "can_return_value": true}, {"type": "VCNFactor", "label": "Re-Part of VCN Parameter 6", "param_real_part": true, "param_index": 6, "can_return_value": true}, {"type": "VCNFactor", "label": "Re-Part of VCN Parameter 7", "param_real_part": true, "param_index": 7, "can_return_value": true}, {"type": "VCNFactor", "label": "Re-Part of VCN Parameter 8", "param_real_part": true, "param_index": 8, "can_return_value": true}, {"type": "VCNFactor", "label": "Re-Part of VCN Parameter 9", "param_real_part": true, "param_index": 9, "can_return_value": true}, {"type": "VCNFactor", "label": "Re-Part of VCN Parameter 10", "param_real_part": true, "param_index": 10, "can_return_value": true}, {"type": "VCNFactor", "label": "Re-Part of VCN Parameter 11", "param_real_part": true, "param_index": 11, "can_return_value": true}, {"type": "VCNFactor", "label": "Im-Part of VCN Parameter 0", "param_real_part": false, "param_index": 0, "can_return_value": true}, {"type": "VCNFactor", "label": "Im-Part of VCN Parameter 1", "param_real_part": false, "param_index": 1, "can_return_value": true}, {"type": "VCNFactor", "label": "Im-Part of VCN Parameter 2", "param_real_part": false, "param_index": 2, "can_return_value": true}, {"type": "VCNFactor", "label": "Im-Part of VCN Parameter 3", "param_real_part": false, "param_index": 3, "can_return_value": true}, {"type": "VCNFactor", "label": "Im-Part of VCN Parameter 4", "param_real_part": false, "param_index": 4, "can_return_value": true}, {"type": "VCNFactor", "label": "Im-Part of VCN Parameter 5", "param_real_part": false, "param_index": 5, "can_return_value": true}, {"type": "VCNFactor", "label": "Im-Part of VCN Parameter 6", "param_real_part": false, "param_index": 6, "can_return_value": true}, {"type": "VCNFactor", "label": "Im-Part of VCN Parameter 7", "param_real_part": false, "param_index": 7, "can_return_value": true}, {"type": "VCNFactor", "label": "Im-Part of VCN Parameter 8", "param_real_part": false, "param_index": 8, "can_return_value": true}, {"type": "VCNFactor", "label": "Im-Part of VCN Parameter 9", "param_real_part": false, "param_index": 9, "can_return_value": true}, {"type": "VCNFactor", "label": "Im-Part of VCN Parameter 10", "param_real_part": false, "param_index": 10, "can_return_value": true}, {"type": "VCNFactor", "label": "Im-Part of VCN Parameter 11", "param_real_part": false, "param_index": 11, "can_return_value": true}, {"type": "BaseEnergyFactor", "label": "Re-Part of BE-Factor U", "param_real_part": true, "param_index": -1, "can_return_value": true, "kind": "U"}, {"type": "BaseEnergyFactor", "label": "Im-Part of BE-Factor U", "param_real_part": false, "param_index": -1, "can_return_value": true, "kind": "U"}, {"type": "BaseEnergyFactor", "label": "Re-Part of BE-Factor eps-0", "param_real_part": true, "param_index": 0, "can_return_value": true, "kind": "eps"}, {"type": "BaseEnergyFactor", "label": "Re-Part of BE-Factor eps-1", "param_real_part": true, "param_index": 1, "can_return_value": true, "kind": "eps"}, {"type": "BaseEnergyFactor", "label": "Re-Part of BE-Factor eps-2", "param_real_part": true, "param_index": 2, "can_return_value": true, "kind": "eps"}, {"type": "BaseEnergyFactor", "label": "Re-Part of BE-Factor eps-3", "param_real_part": true, "param_index": 3, "can_return_value": true, "kind": "eps"}, {"type": "BaseEnergyFactor", "label": "Re-Part of BE-Factor eps-4", "param_real_part": true, "param_index": 4, "can_return_value": true, "kind": "eps"}, {"type": "BaseEnergyFactor", "label": "Re-Part of BE-Factor eps-5", "param_real_part": true, "param_index": 5, "can_return_value": true, "kind": "eps"}, {"type": "BaseEnergyFactor", "label": "Re-Part of BE-Factor eps-6", "param_real_part": true, "param_index": 6, "can_return_value": true, "kind": "eps"}, {"type": "BaseEnergyFactor", "label": "Re-Part of BE-Factor eps-7", "param_real_part": true, "param_index": 7, "can_return_value": true, "kind": "eps"}, {"type": "BaseEnergyFactor", "label": "Re-Part of BE-Factor eps-8", "param_real_part": true, "param_index": 8, "can_return_value": true, "kind": "eps"}, {"type": "BaseEnergyFactor", "label": "Re-Part of BE-Factor eps-9", "param_real_part": true, "param_index": 9, "can_return_value": true, "kind": "eps"}, {"type": "BaseEnergyFactor", "label": "Im-Part of BE-Factor eps-0", "param_real_part": false, "param_index": 0, "can_return_value": true, "kind": "eps"}, {"type": "BaseEnergyFactor", "label": "Im-Part of BE-Factor eps-1", "param_real_part": false, "param_index": 1, "can_return_value": true, "kind": "eps"}, {"type": "BaseEnergyFactor", "label": "Im-Part of BE-Factor eps-2", "param_real_part": false, "param_index": 2, "can_return_value": true, "kind": "eps"}, {"type": "BaseEnergyFactor", "label": "Im-Part of BE-Factor eps-3", "param_real_part": false, "param_index": 3, "can_return_value": true, "kind": "eps"}, {"type": "BaseEnergyFactor", "label": "Im-Part of BE-Factor eps-4", "param_real_part": false, "param_index": 4, "can_return_value": true, "kind": "eps"}, {"type": "BaseEnergyFactor", "label": "Im-Part of BE-Factor eps-5", "param_real_part": false, "param_index": 5, "can_return_value": true, "kind": "eps"}, {"type": "BaseEnergyFactor", "label": "Im-Part of BE-Factor eps-6", "param_real_part": false, "param_index": 6, "can_return_value": true, "kind": "eps"}, {"type": "BaseEnergyFactor", "label": "Im-Part of BE-Factor eps-7", "param_real_part": false, "param_index": 7, "can_return_value": true, "kind": "eps"}, {"type": "BaseEnergyFactor", "label": "Im-Part of BE-Factor eps-8", "param_real_part": false, "param_index": 8, "can_return_value": true, "kind": "eps"}, {"type": "BaseEnergyFactor", "label": "Im-Part of BE-Factor eps-9", "param_real_part": false, "param_index": 9, "can_return_value": true, "kind": "eps"}], "measurements": [{"time": 0.0, "step_sample_count": 262144, "data": [0.6302982842028312, 0.796224528034641, 0.0, 0.0, -0.0, -0.0, 0.0, -0.0, -0.0, 0.0, -0.0, 0.0, 0.0, -0.0, 0.0, 0.0, -0.0, -0.0, 0.0, -0.0, -0.0, 0.0, -0.0, 0.0, 0.0, -0.0, 0.0, 0.0, 0.0, 0.0, 0.0, 0.0, 0.0, 0.0, 0.0, 0.0, 0.0, 0.0, 0.0, 0.0, 0.0, 0.0, 0.0, 0.0, 0.0, 0.0, 0.0, 0.0], "data_imag": [0.0, 0.0, 0.0, 0.0, 0.0, 0.0, 0.0, 0.0, 0.0, 0.0, 0.0, 0.0, 0.0, 0.0, 0.0, 0.0, 0.0, 0.0, 0.0, 0.0, 0.0, 0.0, 0.0, 0.0, 0.0, 0.0, 0.0, 0.0, 0.0, 0.0, 0.0, 0.0, 0.0, 0.0, 0.0, 0.0, 0.0, 0.0, 0.0, 0.0, 0.0, 0.0, 0.0, 0.0, 0.0, 0.0, 0.0, 0.0]}, {"time": 0.35, "step_sample_count": 262144, "data": [0.6306436371982846, 0.7967839708494934, -0.015132388427914055, -0.0751864484443087, 0.04584205103840671, 0.015132388427914055, -0.04584205103840671, 0.0751864484443087, 0.04632702835674065, -0.014639680098528502, 0.10448100395185453, -0.04632702835674065, -0.10448100395185453, 0.014639680098528502, 0.3495634489718846, 0.338989785091932, 0.34596457877881465, 0.3495634489718846, 0.34596457877881465, 0.338989785091932, 0.34587802349882424, 0.3495914371296241, 0.328260785446337, 0.34587802349882424, 0.328260785446337, 0.3495914371296241, 0.0, -0.35, 0.0, 0.0, 0.0, 0.0, 0.0, 0.0, 0.0, 0.0, 0.0, 0.0, 0.0, 0.08652475842498526, 0.17304951684997052, -0.266295824562643, -0.17977106613765775, -0.0932463077126725, -0.532591649125286, -0.44606689070030076, -0.3595421322753155, -0.35], "data_imag": [-1.8398369578657974e-18, 8.35402659091429e-17, 0.0, 0.0, 0.0, 0.0, 0.0, 0.0, 0.0, 0.0, 0.0, 0.0, 0.0, 0.0, 0.0, 0.0, 0.0, 0.0, 0.0, 0.0, 0.0, 0.0, 0.0, 0.0, 0.0, 0.0, 0.0, 0.0, 0.0, 0.0, 0.0, 0.0, 0.0, 0.0, 0.0, 0.0, 0.0, 0.0, 0.0, 0.0, 0.0, 0.0, 0.0, 0.0, 0.0, 0.0, 0.0, 0.0]}, {"time": 0.7, "step_sample_count": 262144, "data": [0.631964430219167, 0.7959110951247196, -0.06041633523485019, -0.28664479180365143, 0.18020425246582547, 0.06041633523485019, -0.18020425246582547, 0.28664479180365143, 0.1820422712397421, -0.05845620897459844, 0.3794802563852866, -0.1820422712397421, -0.3794802563852866, 0.05845620897459844, 0.6965115116530867, 0.6144030118078347, 0.6680511855177292, 0.6965115116530867, 0.6680511855177292, 0.6144030118078347, 0.6673732389298278, 0.6967349304360603, 0.5357380965183841, 0.6673732389298278, 0.5357380965183841, 0.6967349304360603, 0.0, -0.7, 0.0, 0.0, 0.0, 0.0, 0.0, 0.0, 0.0, 0.0, 0.0, 0.0, 0.0, 0.17304951684997052, 0.34609903369994105, -0.532591649125286, -0.3595421322753155, -0.186492615425345, -1.065183298250572, -0.8921337814006015, -0.719084264550631, -0.7], "data_imag": [-3.3821055835355546e-18, 5.450294591502283e-17, 0.0, 0.0, 0.0, 0.0, 0.0, 0.0, 0.0, 0.0, 0.0, 0.0, 0.0, 0.0, 0.0, 0.0, 0.0, 0.0, 0.0, 0.0, 0.0, 0.0, 0.0, 0.0, 0.0, 0.0, 0.0, 0.0, 0.0, 0.0, 0.0, 0.0, 0.0, 0.0, 0.0, 0.0, 0.0, 0.0, 0.0, 0.0, 0.0, 0.0, 0.0, 0.0, 0.0, 0.0, 0.0, 0.0]}, {"time": 1.0499999999999998, "step_sample_count": 262144, "data": [0.6338647596964174, 0.7873005433904046, -0.1355130320756705, -0.5947166264861977, 0.39381312056254125, 0.1355130320756705, -0.39381312056254125, 0.5947166264861977, 0.3975784289240331, -0.13114277018528897, 0.7238118507532217, -0.3975784289240331, -0.7238118507532217, 0.13114277018528897, 1.0382483697182512, 0.7745867222832532, 0.9440298710777744, 1.0382483697182512, 0.9440298710777744, 0.7745867222832532, 0.9418217139237908, 1.038999677331074, 0.5460907082018795, 0.9418217139237908, 0.5460907082018795, 1.038999677331074, 0.0, -1.0499999999999998, 0.0, 0.0, 0.0, 0.0, 0.0, 0.0, 0.0, 0.0, 0.0, 0.0, 0.0, 0.25957427527495575, 0.5191485505499115, -0.798887473687929, -0.5393131984129732, -0.2797389231380175, -1.597774947375858, -1.338200672100902, -1.0786263968259464, -1.0499999999999998], "data_imag": [-9.747879065021113e-19, 2.7681189854525072e-17, 0.0, 0.0, 0.0, 0.0, 0.0, 0.0, 0.0, 0.0, 0.0, 0.0, 0.0, 0.0, 0.0, 0.0, 0.0, 0.0, 0.0, 0.0, 0.0, 0.0, 0.0, 0.0, 0.0, 0.0, 0.0, 0.0, 0.0, 0.0, 0.0, 0.0, 0.0, 0.0, 0.0, 0.0, 0.0, 0.0, 0.0, 0.0, 0.0, 0.0, 0.0, 0.0, 0.0, 0.0, 0.0, 0.0]}, {"time": 1.4, "step_sample_count": 262144, "data": [0.6343911830170645, 0.7663790386386699, -0.2398606156549685, -0.9416239667146076, 0.6719256819354634, 0.2398606156549685, -0.6719256819354634, 0.9416239667146076, 0.677741194725051, -0.2321903906847914, 1.010779062535098, -0.677741194725051, -1.010779062535098, 0.2321903906847914, 1.3722171943678196, 0.7894989227242813, 1.1548529879781828, 1.3722171943678196, 1.1548529879781828, 0.7894989227242813, 1.149876094686474, 1.373989037668282, 0.3555093796023307, 1.149876094686474, 0.3555093796023307, 1.373989037668282, 0.0, -1.4, 0.0, 0.0, 0.0, 0.0, 0.0, 0.0, 0.0, 0.0, 0.0, 0.0, 0.0, 0.34609903369994105, 0.6921980673998821, -1.065183298250572, -0.719084264550631, -0.37298523085069, -2.130366596501144, -1.784267562801203, -1.438168529101262, -1.4], "data_imag": [1.4223758037705203e-18, 4.840803023471352e-17, 0.0, 0.0, 0.0, 0.0, 0.0, 0.0, 0.0, 0.0, 0.0, 0.0, 0.0, 0.0, 0.0, 0.0, 0.0, 0.0, 0.0, 0.0, 0.0, 0.0, 0.0, 0.0, 0.0, 0.0, 0.0, 0.0, 0.0, 0.0, 0.0, 0.0, 0.0, 0.0, 0.0, 0.0, 0.0, 0.0, 0.0, 0.0, 0.0, 0.0, 0.0, 0.0, 0.0, 0.0, 0.0, 0.0]}, {"time": 1.75, "step_sample_count": 262144, "data": [0.6320239343076982, 0.7360386695746827, -0.37267837151200217, -1.2623053394385249, 0.9953470120988303, 0.37267837151200217, -0.9953470120988303, 1.2623053394385249, 1.0027803836580036, -0.3608915048059356, 1.1347923775177295, -1.0027803836580036, -1.1347923775177295, 0.3608915048059356, 1.6959192761741528, 0.656342872864551, 1.2859698313217023, 1.6959192761741528, 1.2859698313217023, 0.656342872864551, 1.276869505356587, 1.699357315734413, 0.03411846318487461, 1.276869505356587, 0.03411846318487461, 1.699357315734413, 0.0, -1.75, 0.0, 0.0, 0.0, 0.0, 0.0, 0.0, 0.0, 0.0, 0.0, 0.0, 0.0, 0.4326237921249263, 0.8652475842498526, -1.3314791228132152, -0.8988553306882888, -0.4662315385633626, -2.6629582456264305, -2.230334453501504, -1.7977106613765776, -1.75], "data_imag": [-1.3686631041823744e-18, 8.58107617128351e-17, 0.0, 0.0, 0.0, 0.0, 0.0, 0.0, 0.0, 0.0, 0.0, 0.0, 0.0, 0.0, 0.0, 0.0, 0.0, 0.0, 0.0, 0.0, 0.0, 0.0, 0.0, 0.0, 0.0, 0.0, 0.0, 0.0, 0.0, 0.0, 0.0, 0.0, 0.0, 0.0, 0.0, 0.0, 0.0, 0.0, 0.0, 0.0, 0.0, 0.0, 0.0, 0.0, 0.0, 0.0, 0.0, 0.0]}, {"time": 2.0999999999999996, "step_sample_count": 262144, "data": [0.6273106735659824, 0.7046991667025314, -0.5329725752203491, -1.4966178763188394, 1.3417550412442019, 0.5329725752203491, -1.3417550412442019, 1.4966178763188394, 1.3497822295399422, -0.51634490884666, 1.0502211272924338, -1.3497822295399422, -1.0502211272924338, 0.51634490884666, 2.0069327200864047, 0.400091606551477, 1.3283309072833651, 2.0069327200864047, 1.3283309072833651, 0.400091606551477, 1.313849495220655, 2.0128261855124094, -0.29982633327700137, 1.313849495220655, -0.29982633327700137, 2.0128261855124094, 0.0, -2.0999999999999996, 0.0, 0.0, 0.0, 0.0, 0.0, 0.0, 0.0, 0.0, 0.0, 0.0, 0.0, 0.5191485505499115, 1.038297101099823, -1.597774947375858, -1.0786263968259464, -0.559477846276035, -3.195549894751716, -2.676401344201804, -2.157252793651893, -2.0999999999999996], "data_imag": [2.4576185447650566e-18, 2.5788274856546074e-17, 0.0, 0.0, 0.0, 0.0, 0.0, 0.0, 0.0, 0.0, 0.0, 0.0, 0.0, 0.0, 0.0, 0.0, 0.0, 0.0, 0.0, 0.0, 0.0, 0.0, 0.0, 0.0, 0.0, 0.0, 0.0, 0.0, 0.0, 0.0, 0.0, 0.0, 0.0, 0.0, 0.0, 0.0, 0.0, 0.0, 0.0, 0.0, 0.0, 0.0, 0.0, 0.0, 0.0, 0.0, 0.0, 0.0]}, {"time": 2.4499999999999997, "step_sample_count": 262144, "data": [0.6218589377123676, 0.6796027791526456, -0.7195439272992213, -1.600616935557077, 1.6872411910323541, 0.7195439272992213, -1.6872411910323541, 1.600616935557077, 1.6942846999996561, -0.6974620715679288, 0.7881832823487392, -1.6942846999996561, -0.7881832823487392, 0.6974620715679288, 2.3029305657206494, 0.06880431113569363, 1.2790125160122705, 2.3029305657206494, 1.2790125160122705, 0.06880431113569363, 1.2582091452669282, 2.3122006442017584, -0.5234501049693193, 1.2582091452669282, -0.5234501049693193, 2.3122006442017584, 0.0, -2.4499999999999997, 0.0, 0.0, 0.0, 0.0, 0.0, 0.0, 0.0, 0.0, 0.0, 0.0, 0.0, 0.6056733089748968, 1.2113466179497936, -1.864070771938501, -1.258397462963604, -0.6527241539887075, -3.728141543877002, -3.1224682349021053, -2.516794925927208, -2.4499999999999997], "data_imag": [4.720412841821164e-19, 1.4324902867048233e-17, 0.0, 0.0, 0.0, 0.0, 0.0, 0.0, 0.0, 0.0, 0.0, 0.0, 0.0, 0.0, 0.0, 0.0, 0.0, 0.0, 0.0, 0.0, 0.0, 0.0, 0.0, 0.0, 0.0, 0.0, 0.0, 0.0, 0.0, 0.0, 0.0, 0.0, 0.0, 0.0, 0.0, 0.0, 0.0, 0.0, 0.0, 0.0, 0.0, 0.0, 0.0, 0.0, 0.0, 0.0, 0.0, 0.0]}, {"time": 2.8, "step_sample_count": 262144, "data": [0.6168770586996764, 0.6633926044386833, -0.9309965262094373, -1.554797792965401, 2.0079605098964737, 0.9309965262094373, -2.0079605098964737, 1.554797792965401, 2.012001957124874, -0.902974756415102, 0.4450956025710673, -2.012001957124874, -0.4450956025710673, 0.902974756415102, 2.5816981973617135, -0.27538703477309984, 1.1414185411429243, 2.5816981973617135, 1.1414185411429243, -0.27538703477309984, 1.1138708439722007, 2.5953843822847382, -0.5544705407078312, 1.1138708439722007, -0.5544705407078312, 2.5953843822847382, 0.0, -2.8, 0.0, 0.0, 0.0, 0.0, 0.0, 0.0, 0.0, 0.0, 0.0, 0.0, 0.0, 0.6921980673998821, 1.3843961347997642, -2.130366596501144, -1.438168529101262, -0.74597046170138, -4.260733193002288, -3.568535125602406, -2.876337058202524, -2.8], "data_imag": [6.250183446328723e-20, -1.4702668097087165e-17, 0.0, 0.0, 0.0, 0.0, 0.0, 0.0, 0.0, 0.0, 0.0, 0.0, 0.0, 0.0, 0.0, 0.0, 0.0, 0.0, 0.0, 0.0, 0.0, 0.0, 0.0, 0.0, 0.0, 0.0, 0.0, 0.0, 0.0, 0.0, 0.0, 0.0, 0.0, 0.0, 0.0, 0.0, 0.0, 0.0, 0.0, 0.0, 0.0, 0.0, 0.0, 0.0, 0.0, 0.0, 0.0, 0.0]}, {"time": 3.15, "step_sample_count": 262144, "data": [0.612857591883937, 0.6551140339243815, -1.1657483122993217, -1.3677536968416315, 2.2817774169180582, 1.1657483122993217, -2.2817774169180582, 1.3677536968416315, 2.280536397211397, -1.1314439020896851, 0.14719711441582436, -2.280536397211397, -0.14719711441582436, 1.1314439020896851, 2.8411499134174414, -0.5679303350409147, 0.9250455186975576, 2.8411499134174414, 0.9250455186975576, -0.5679303350409147, 0.8910097769747598, 2.860394462512773, -0.3814736788765998, 0.8910097769747598, -0.3814736788765998, 2.860394462512773, 0.0, -3.15, 0.0, 0.0, 0.0, 0.0, 0.0, 0.0, 0.0, 0.0, 0.0, 0.0, 0.0, 0.7787228258248673, 1.5574456516497346, -2.3966624210637875, -1.6179395952389197, -0.8392167694140525, -4.793324842127575, -4.014602016302707, -3.2358791904778395, -3.15], "data_imag": [-1.0610780513865542e-18, -4.087535504634467e-18, 0.0, 0.0, 0.0, 0.0, 0.0, 0.0, 0.0, 0.0, 0.0, 0.0, 0.0, 0.0, 0.0, 0.0, 0.0, 0.0, 0.0, 0.0, 0.0, 0.0, 0.0, 0.0, 0.0, 0.0, 0.0, 0.0, 0.0, 0.0, 0.0, 0.0, 0.0, 0.0, 0.0, 0.0, 0.0, 0.0, 0.0, 0.0, 0.0, 0.0, 0.0, 0.0, 0.0, 0.0, 0.0, 0.0]}, {"time": 3.5, "step_sample_count": 262144, "data": [0.6096944263765297, 0.6515643015941271, -1.4220429045603376, -1.0745642289875594, 2.489793467426873, 1.4220429045603376, -2.489793467426873, 1.0745642289875594, 2.4809575786948956, -1.381269699287036, 0.004099492519427291, -2.4809575786948956, -0.004099492519427291, 1.381269699287036, 3.0793445313549843, -0.7539599358193644, 0.6448271999820873, 3.0793445313549843, 0.6448271999820873, -0.7539599358193644, 0.6053366233383394, 3.1053752050262435, -0.06811367176620077, 0.6053366233383394, -0.06811367176620077, 3.1053752050262435, 0.0, -3.5, 0.0, 0.0, 0.0, 0.0, 0.0, 0.0, 0.0, 0.0, 0.0, 0.0, 0.0, 0.8652475842498526, 1.7304951684997052, -2.6629582456264305, -1.7977106613765776, -0.9324630771267252, -5.325916491252861, -4.460668907003008, -3.5954213227531553, -3.5], "data_imag": [3.8818787171518374e-18, 3.9056843628695684e-18, 0.0, 0.0, 0.0, 0.0, 0.0, 0.0, 0.0, 0.0, 0.0, 0.0, 0.0, 0.0, 0.0, 0.0, 0.0, 0.0, 0.0, 0.0, 0.0, 0.0, 0.0, 0.0, 0.0, 0.0, 0.0, 0.0, 0.0, 0.0, 0.0, 0.0, 0.0, 0.0, 0.0, 0.0, 0.0, 0.0, 0.0, 0.0, 0.0, 0.0, 0.0, 0.0, 0.0, 0.0, 0.0, 0.0]}, {"time": 3.8499999999999996, "step_sample_count": 262144, "data": [0.6068743956433172, 0.6477008041038111, -1.697962741631459, -0.7302162301223143, 2.617651696165281, 1.697962741631459, -2.617651696165281, 0.7302162301223143, 2.599136731116341, -1.6507027930396998, 0.06845547127366282, -2.599136731116341, -0.06845547127366282, 1.6507027930396998, 3.2944999113651026, -0.7985865209883385, 0.3201038457913437, 3.2944999113651026, 0.3201038457913437, -0.7985865209883385, 0.2769900250176504, 3.3286111813799915, 0.2703087439323134, 0.2769900250176504, 0.2703087439323134, 3.3286111813799915, 0.0, -3.8499999999999996, 0.0, 0.0, 0.0, 0.0, 0.0, 0.0, 0.0, 0.0, 0.0, 0.0, 0.0, 0.9517723426748378, 1.9035446853496756, -2.929254070189073, -1.9774817275142351, -1.0257093848393974, -5.858508140378146, -4.906735797703308, -3.9549634550284702, -3.8499999999999996], "data_imag": [1.952902669073598e-18, 1.541680165260828e-19, 0.0, 0.0, 0.0, 0.0, 0.0, 0.0, 0.0, 0.0, 0.0, 0.0, 0.0, 0.0, 0.0, 0.0, 0.0, 0.0, 0.0, 0.0, 0.0, 0.0, 0.0, 0.0, 0.0, 0.0, 0.0, 0.0, 0.0, 0.0, 0.0, 0.0, 0.0, 0.0, 0.0, 0.0, 0.0, 0.0, 0.0, 0.0, 0.0, 0.0, 0.0, 0.0, 0.0, 0.0, 0.0, 0.0]}, {"time": 4.199999999999999, "step_sample_count": 262144, "data": [0.6041250445165448, 0.638948176317435, -1.991443428733067, -0.39929117619092397, 2.656527514148875, 1.991443428733067, -2.656527514148875, 0.39929117619092397, 2.626742768383703, -1.937856532224213, 0.31658528429971855, -2.626742768383703, -0.31658528429971855, 1.937856532224213, 3.4850062900903844, -0.6934405029617438, -0.026712610261590112, 3.4850062900903844, -0.026712610261590112, -0.6934405029617438, -0.07088309467142882, 3.528539226486464, 0.5092711245203211, -0.07088309467142882, 0.5092711245203211, 3.528539226486464, 0.0, -4.199999999999999, 0.0, 0.0, 0.0, 0.0, 0.0, 0.0, 0.0, 0.0, 0.0, 0.0, 0.0, 1.038297101099823, 2.076594202199646, -3.195549894751716, -2.157252793651893, -1.11895569255207, -6.391099789503432, -5.352802688403608, -4.314505587303786, -4.199999999999999], "data_imag": [-2.1132669608184595e-18, 1.316091701378365e-17, 0.0, 0.0, 0.0, 0.0, 0.0, 0.0, 0.0, 0.0, 0.0, 0.0, 0.0, 0.0, 0.0, 0.0, 0.0, 0.0, 0.0, 0.0, 0.0, 0.0, 0.0, 0.0, 0.0, 0.0, 0.0, 0.0, 0.0, 0.0, 0.0, 0.0, 0.0, 0.0, 0.0, 0.0, 0.0, 0.0, 0.0, 0.0, 0.0, 0.0, 0.0, 0.0, 0.0, 0.0, 0.0, 0.0]}, {"time": 4.55, "step_sample_count": 262144, "data": [0.6018394108751729, 0.6245258148667334, -2.3002891831885597, -0.14385310845543917, 2.603737768963276, 2.3002891831885597, -2.603737768963276, 0.14385310845543917, 2.561829591981112, -2.2407201804566594, 0.6571896285986712, -2.561829591981112, -0.6571896285986712, 2.2407201804566594, 3.649438324656251, -0.4582417147465292, -0.37168540080636686, 3.649438324656251, -0.37168540080636686, -0.4582417147465292, -0.4137592825660476, 3.703759384365279, 0.560847321484755, -0.4137592825660476, 0.560847321484755, 3.703759384365279, 0.0, -4.55, 0.0, 0.0, 0.0, 0.0, 0.0, 0.0, 0.0, 0.0, 0.0, 0.0, 0.0, 1.1248218595248083, 2.2496437190496166, -3.4618457193143595, -2.337023859789551, -1.2122020002647427, -6.923691438628719, -5.79886957910391, -4.674047719579102, -4.55], "data_imag": [2.7793242809576115e-20, 3.714152716382851e-17, 0.0, 0.0, 0.0, 0.0, 0.0, 0.0, 0.0, 0.0, 0.0, 0.0, 0.0, 0.0, 0.0, 0.0, 0.0, 0.0, 0.0, 0.0, 0.0, 0.0, 0.0, 0.0, 0.0, 0.0, 0.0, 0.0, 0.0, 0.0, 0.0, 0.0, 0.0, 0.0, 0.0, 0.0, 0.0, 0.0, 0.0, 0.0, 0.0, 0.0, 0.0, 0.0, 0.0, 0.0, 0.0, 0.0]}, {"time": 4.8999999999999995, "step_sample_count": 262144, "data": [0.6006283508376798, 0.6075981920243628, -2.6221892629723778, -0.011808701214147716, 2.462925932041264, 2.6221892629723778, -2.462925932041264, 0.011808701214147716, 2.4089732819534513, -2.5571729958703417, 0.9649432203859617, -2.4089732819534513, -0.9649432203859617, 2.5571729958703417, 3.7865657568929265, -0.13710101202786332, -0.6910050055844934, 3.7865657568929265, -0.6910050055844934, -0.13710101202786332, -0.7274673461865847, 3.853044711053793, 0.4060598859783311, -0.7274673461865847, 0.4060598859783311, 3.853044711053793, 0.0, -4.8999999999999995, 0.0, 0.0, 0.0, 0.0, 0.0, 0.0, 0.0, 0.0, 0.0, 0.0, 0.0, 1.2113466179497936, 2.422693235899587, -3.728141543877002, -2.516794925927208, -1.305448307977415, -7.456283087754004, -6.244936469804211, -5.033589851854416, -4.8999999999999995], "data_imag": [-3.356240832369694e-18, -2.470058338586262e-17, 0.0, 0.0, 0.0, 0.0, 0.0, 0.0, 0.0, 0.0, 0.0, 0.0, 0.0, 0.0, 0.0, 0.0, 0.0, 0.0, 0.0, 0.0, 0.0, 0.0, 0.0, 0.0, 0.0, 0.0, 0.0, 0.0, 0.0, 0.0, 0.0, 0.0, 0.0, 0.0, 0.0, 0.0, 0.0, 0.0, 0.0, 0.0, 0.0, 0.0, 0.0, 0.0, 0.0, 0.0, 0.0, 0.0]}, {"time": 5.25, "step_sample_count": 262144, "data": [0.6007620716020795, 0.5924929575138191, -2.9547352553682837, -0.02792250294135597, 2.243810631563733, 2.9547352553682837, -2.243810631563733, 0.02792250294135597, 2.17894950433367, -2.8849990811847617, 1.1266082020944927, -2.17894950433367, -1.1266082020944927, 2.8849990811847617, 3.8953626179601235, 0.20975259083686074, -0.9626324499078761, 3.8953626179601235, -0.9626324499078761, 0.20975259083686074, -0.9898923115106658, 3.9753498660357742, 0.10186281640366444, -0.9898923115106658, 0.10186281640366444, 3.9753498660357742, 0.0, -5.25, 0.0, 0.0, 0.0, 0.0, 0.0, 0.0, 0.0, 0.0, 0.0, 0.0, 0.0, 1.297871376374779, 2.595742752749558, -3.9944373684396455, -2.6965659920648664, -1.3986946156900877, -7.988874736879291, -6.691003360504512, -5.393131984129733, -5.25], "data_imag": [2.591688612170584e-19, 7.68707326702958e-17, 0.0, 0.0, 0.0, 0.0, 0.0, 0.0, 0.0, 0.0, 0.0, 0.0, 0.0, 0.0, 0.0, 0.0, 0.0, 0.0, 0.0, 0.0, 0.0, 0.0, 0.0, 0.0, 0.0, 0.0, 0.0, 0.0, 0.0, 0.0, 0.0, 0.0, 0.0, 0.0, 0.0, 0.0, 0.0, 0.0, 0.0, 0.0, 0.0, 0.0, 0.0, 0.0, 0.0, 0.0, 0.0, 0.0]}, {"time": 5.6, "step_sample_count": 262144, "data": [0.6021517190013451, 0.5821695242509882, -3.295439096386487, -0.18917241650840905, 1.9615148868778802, 3.295439096386487, -1.9615148868778802, 0.18917241650840905, 1.887973876303811, -3.221902900081252, 1.0826999839068652, -1.887973876303811, -1.0826999839068652, 3.221902900081252, 3.9750149045066867, 0.5172676990851555, -1.167820402637247, 3.9750149045066867, -1.167820402637247, 0.5172676990851555, -1.1825344268137534, 4.069818432028406, -0.23981465113585682, -1.1825344268137534, -0.23981465113585682, 4.069818432028406, 0.0, -5.6, 0.0, 0.0, 0.0, 0.0, 0.0, 0.0, 0.0, 0.0, 0.0, 0.0, 0.0, 1.3843961347997642, 2.7687922695995284, -4.260733193002288, -2.876337058202524, -1.49194092340276, -8.521466386004576, -7.137070251204812, -5.752674116405048, -5.6], "data_imag": [7.553691839580267e-18, 7.535162018309841e-17, 0.0, 0.0, 0.0, 0.0, 0.0, 0.0, 0.0, 0.0, 0.0, 0.0, 0.0, 0.0, 0.0, 0.0, 0.0, 0.0, 0.0, 0.0, 0.0, 0.0, 0.0, 0.0, 0.0, 0.0, 0.0, 0.0, 0.0, 0.0, 0.0, 0.0, 0.0, 0.0, 0.0, 0.0, 0.0, 0.0, 0.0, 0.0, 0.0, 0.0, 0.0, 0.0, 0.0, 0.0, 0.0, 0.0]}, {"time": 5.949999999999999, "step_sample_count": 262144, "data": [0.6046173723107152, 0.5773704658544933, -3.6417516861207946, -0.4653164848007436, 1.6355223396975054, 3.6417516861207946, -1.6355223396975054, 0.4653164848007436, 1.5565588398481771, -3.5655253512349985, 0.8493745837862824, -1.5565588398481771, -0.8493745837862824, 3.5655253512349985, 4.024926668933209, 0.7277707393798303, -1.2924070897103879, 4.024926668933209, -1.2924070897103879, 0.7277707393798303, -1.2918133099839735, 4.135788911872302, -0.4932523774261696, -1.2918133099839735, -0.4932523774261696, 4.135788911872302, 0.0, -5.949999999999999, 0.0, 0.0, 0.0, 0.0, 0.0, 0.0, 0.0, 0.0, 0.0, 0.0, 0.0, 1.4709208932247493, 2.9418417864494986, -4.5270290175649315, -3.0561081243401818, -1.5851872311154325, -9.054058035129863, -7.583137141905112, -6.1122162486803635, -5.949999999999999], "data_imag": [1.497830532792143e-17, 1.3644589704280018e-16, 0.0, 0.0, 0.0, 0.0, 0.0, 0.0, 0.0, 0.0, 0.0, 0.0, 0.0, 0.0, 0.0, 0.0, 0.0, 0.0, 0.0, 0.0, 0.0, 0.0, 0.0, 0.0, 0.0, 0.0, 0.0, 0.0, 0.0, 0.0, 0.0, 0.0, 0.0, 0.0, 0.0, 0.0, 0.0, 0.0, 0.0, 0.0, 0.0, 0.0, 0.0, 0.0, 0.0, 0.0, 0.0, 0.0]}, {"time": 6.3, "step_sample_count": 262144, "data": [0.6080070018314282, 0.5769682061263237, -3.9910819607682146, -0.8045646827200496, 1.2883325214898573, 3.9910819607682146, -1.2883325214898573, 0.8045646827200496, 1.2080676290425962, -3.9134602874482414, 0.5124840246846066, -1.2080676290425962, -0.5124840246846066, 3.9134602874482414, 4.044724478191101, 0.8017824724688916, -1.3277937191903417, 4.044724478191101, -1.3277937191903417, 0.8017824724688916, -1.3100253029303843, 4.172799360532502, -0.565198014102718, -1.3100253029303843, -0.565198014102718, 4.172799360532502, 0.0, -6.3, 0.0, 0.0, 0.0, 0.0, 0.0, 0.0, 0.0, 0.0, 0.0, 0.0, 0.0, 1.5574456516497346, 3.114891303299469, -4.793324842127575, -3.2358791904778395, -1.678433538828105, -9.58664968425515, -8.029204032605413, -6.471758380955679, -6.3], "data_imag": [-1.759978405518096e-18, 1.597984929149822e-17, 0.0, 0.0, 0.0, 0.0, 0.0, 0.0, 0.0, 0.0, 0.0, 0.0, 0.0, 0.0, 0.0, 0.0, 0.0, 0.0, 0.0, 0.0, 0.0, 0.0, 0.0, 0.0, 0.0, 0.0, 0.0, 0.0, 0.0, 0.0, 0.0, 0.0, 0.0, 0.0, 0.0, 0.0, 0.0, 0.0, 0.0, 0.0, 0.0, 0.0, 0.0, 0.0, 0.0, 0.0, 0.0, 0.0]}, {"time": 6.6499999999999995, "step_sample_count": 262144, "data": [0.6119679484518905, 0.5785027758901842, -4.340816278616714, -1.1432919873083915, 0.9439079685381715, 4.340816278616714, -0.9439079685381715, 1.1432919873083915, 0.867067269627645, -4.263271364212753, 0.19598710404658928, -0.867067269627645, -0.19598710404658928, 4.263271364212753, 4.034260207757989, 0.7254222108620904, -1.2715379573784065, 4.034260207757989, -1.2715379573784065, 0.7254222108620904, -1.2358865440070432, 4.180590619775799, -0.42917918204154326, -1.2358865440070432, -0.42917918204154326, 4.180590619775799, 0.0, -6.6499999999999995, 0.0, 0.0, 0.0, 0.0, 0.0, 0.0, 0.0, 0.0, 0.0, 0.0, 0.0, 1.64397041007472, 3.28794082014944, -5.0596206666902175, -3.415650256615497, -1.7716798465407777, -10.119241333380435, -8.475270923305715, -6.831300513230994, -6.6499999999999995], "data_imag": [8.888131315252214e-18, -5.871770279473566e-17, 0.0, 0.0, 0.0, 0.0, 0.0, 0.0, 0.0, 0.0, 0.0, 0.0, 0.0, 0.0, 0.0, 0.0, 0.0, 0.0, 0.0, 0.0, 0.0, 0.0, 0.0, 0.0, 0.0, 0.0, 0.0, 0.0, 0.0, 0.0, 0.0, 0.0, 0.0, 0.0, 0.0, 0.0, 0.0, 0.0, 0.0, 0.0, 0.0, 0.0, 0.0, 0.0, 0.0, 0.0, 0.0, 0.0]}, {"time": 7.0, "step_sample_count": 262144, "data": [0.615697225295537, 0.5787655044456942, -4.688337974957863, -1.4179710676526132, 0.6260203625396427, 4.688337974957863, -0.6260203625396427, 1.4179710676526132, 0.5575967168123418, -4.612509099722916, 0.01633878511569362, -0.5575967168123418, -0.01633878511569362, 4.612509099722916, 3.993612149885288, 0.5130111018126888, -1.127522495133773, 3.993612149885288, -1.127522495133773, 0.5130111018126888, -1.0746234743475258, 4.159108132874213, -0.1352439766748898, -1.0746234743475258, -0.1352439766748898, 4.159108132874213, 0.0, -7.0, 0.0, 0.0, 0.0, 0.0, 0.0, 0.0, 0.0, 0.0, 0.0, 0.0, 0.0, 1.7304951684997052, 3.4609903369994104, -5.325916491252861, -3.5954213227531553, -1.8649261542534503, -10.651832982505722, -8.921337814006016, -7.190842645506311, -7.0], "data_imag": [-1.014325277183253e-17, 3.179360589790539e-17, 0.0, 0.0, 0.0, 0.0, 0.0, 0.0, 0.0, 0.0, 0.0, 0.0, 0.0, 0.0, 0.0, 0.0, 0.0, 0.0, 0.0, 0.0, 0.0, 0.0, 0.0, 0.0, 0.0, 0.0, 0.0, 0.0, 0.0, 0.0, 0.0, 0.0, 0.0, 0.0, 0.0, 0.0, 0.0, 0.0, 0.0, 0.0, 0.0, 0.0, 0.0, 0.0, 0.0, 0.0, 0.0, 0.0]}, {"time": 7.35, "step_sample_count": 262144, "data": [0.6183229014502872, 0.5752900800663665, -5.031046939617105, -1.5770866529269465, 0.35660984370937, 5.031046939617105, -0.35660984370937, 1.5770866529269465, 0.30147221961883375, -4.958728026880092, 0.03964062216825682, -0.30147221961883375, -0.03964062216825682, 4.958728026880092, 3.9230844278262036, 0.20438623737505424, -0.9056870701975986, 3.9230844278262036, -0.9056870701975986, 0.20438623737505424, -0.8376043978300611, 4.108502326627522, 0.20845421627731262, -0.8376043978300611, 0.20845421627731262, 4.108502326627522, 0.0, -7.35, 0.0, 0.0, 0.0, 0.0, 0.0, 0.0, 0.0, 0.0, 0.0, 0.0, 0.0, 1.8170199269246905, 3.634039853849381, -5.5922123158155035, -3.775192388890813, -1.9581724619661227, -11.184424631631007, -9.367404704706317, -7.550384777781626, -7.35], "data_imag": [7.350970121267829e-18, -7.30898198811128e-18, 0.0, 0.0, 0.0, 0.0, 0.0, 0.0, 0.0, 0.0, 0.0, 0.0, 0.0, 0.0, 0.0, 0.0, 0.0, 0.0, 0.0, 0.0, 0.0, 0.0, 0.0, 0.0, 0.0, 0.0, 0.0, 0.0, 0.0, 0.0, 0.0, 0.0, 0.0, 0.0, 0.0, 0.0, 0.0, 0.0, 0.0, 0.0, 0.0, 0.0, 0.0, 0.0, 0.0, 0.0, 0.0, 0.0]}, {"time": 7.699999999999999, "step_sample_count": 262144, "data": [0.6196057116291526, 0.5680389678084968, -5.366379070625253, -1.5907970731442405, 0.15427073421348483, 5.366379070625253, -0.15427073421348483, 1.5907970731442405, 0.11674937577883754, -5.299503817184807, 0.25731871005540374, -0.11674937577883754, -0.25731871005540374, 5.299503817184807, 3.8232047204268196, -0.142570677534864, -0.6213424409509347, 3.8232047204268196, -0.6213424409509347, -0.142570677534864, -0.5415380679992555, 4.029127558029812, 0.47545173218790887, -0.5415380679992555, 0.47545173218790887, 4.029127558029812, 0.0, -7.699999999999999, 0.0, 0.0, 0.0, 0.0, 0.0, 0.0, 0.0, 0.0, 0.0, 0.0, 0.0, 1.9035446853496756, 3.807089370699351, -5.858508140378146, -3.9549634550284702, -2.051418769678795, -11.717016280756292, -9.813471595406616, -7.9099269100569405, -7.699999999999999], "data_imag": [2.532945881650132e-18, -5.1932235477193774e-17, 0.0, 0.0, 0.0, 0.0, 0.0, 0.0, 0.0, 0.0, 0.0, 0.0, 0.0, 0.0, 0.0, 0.0, 0.0, 0.0, 0.0, 0.0, 0.0, 0.0, 0.0, 0.0, 0.0, 0.0, 0.0, 0.0, 0.0, 0.0, 0.0, 0.0, 0.0, 0.0, 0.0, 0.0, 0.0, 0.0, 0.0, 0.0, 0.0, 0.0, 0.0, 0.0, 0.0, 0.0, 0.0, 0.0]}, {"time": 8.049999999999999, "step_sample_count": 262144, "data": [0.6199376242118222, 0.5590921297747801, -5.69182545848149, -1.4565309784596356, 0.03296818509772548, 5.69182545848149, -0.03296818509772548, 1.4565309784596356, 0.01645029523021669, -5.632450256610143, 0.5892784504704475, -0.01645029523021669, -0.5892784504704475, 5.632450256610143, 3.694720314104575, -0.4627888722778982, -0.29411366013997153, 3.694720314104575, -0.29411366013997153, -0.4627888722778982, -0.2072957978763395, 3.9215396329557937, 0.5675069014735594, -0.2072957978763395, 0.5675069014735594, 3.9215396329557937, 0.0, -8.049999999999999, 0.0, 0.0, 0.0, 0.0, 0.0, 0.0, 0.0, 0.0, 0.0, 0.0, 0.0, 1.9900694437746607, 3.9801388875493213, -6.124803964940789, -4.134734521166128, -2.1446650773914677, -12.249607929881577, -10.259538486106917, -8.269469042332256, -8.049999999999999], "data_imag": [7.8779398864305e-19, -4.5126601552746013e-17, 0.0, 0.0, 0.0, 0.0, 0.0, 0.0, 0.0, 0.0, 0.0, 0.0, 0.0, 0.0, 0.0, 0.0, 0.0, 0.0, 0.0, 0.0, 0.0, 0.0, 0.0, 0.0, 0.0, 0.0, 0.0, 0.0, 0.0, 0.0, 0.0, 0.0, 0.0, 0.0, 0.0, 0.0, 0.0, 0.0, 0.0, 0.0, 0.0, 0.0, 0.0, 0.0, 0.0, 0.0, 0.0, 0.0]}, {"time": 8.399999999999999, "step_sample_count": 262144, "data": [0.6197305566814766, 0.5505972019070856, -6.004951157473802, -1.1994695884320716, 0.0010743218738381985, 6.004951157473802, -0.0010743218738381985, 1.1994695884320716, 0.007645601326421301, -5.955235954586201, 0.9133753394782065, -0.007645601326421301, -0.9133753394782065, 5.955235954586201, 3.538592511752692, -0.6962123462119452, 0.053414417720890964, 3.538592511752692, 0.053414417720890964, -0.6962123462119452, 0.14155987150726151, 3.7864919142418034, 0.45074804748755204, 0.14155987150726151, 0.45074804748755204, 3.7864919142418034, 0.0, -8.399999999999999, 0.0, 0.0, 0.0, 0.0, 0.0, 0.0, 0.0, 0.0, 0.0, 0.0, 0.0, 2.076594202199646, 4.153188404399292, -6.391099789503432, -4.314505587303786, -2.23791138510414, -12.782199579006864, -10.705605376807217, -8.629011174607571, -8.399999999999999], "data_imag": [4.313052444663915e-18, -3.860128047391056e-17, 0.0, 0.0, 0.0, 0.0, 0.0, 0.0, 0.0, 0.0, 0.0, 0.0, 0.0, 0.0, 0.0, 0.0, 0.0, 0.0, 0.0, 0.0, 0.0, 0.0, 0.0, 0.0, 0.0, 0.0, 0.0, 0.0, 0.0, 0.0, 0.0, 0.0, 0.0, 0.0, 0.0, 0.0, 0.0, 0.0, 0.0, 0.0, 0.0, 0.0, 0.0, 0.0, 0.0, 0.0, 0.0, 0.0]}, {"time": 8.75, "step_sample_count": 262144, "data": [0.6190057331127964, 0.5432046027746347, -6.303413403612381, -0.8678240267828057, 0.06079041259357724, 6.303413403612381, -0.06079041259357724, 0.8678240267828057, 0.09095598444662213, -6.2656006690942885, 1.110358007363503, -0.09095598444662213, -1.110358007363503, 6.2656006690942885, 3.3559894404023756, -0.799063198734843, 0.3972559101591412, 3.3559894404023756, 0.3972559101591412, -0.799063198734843, 0.4804362217593634, 3.6249300464138505, 0.1681365615188725, 0.4804362217593634, 0.1681365615188725, 3.6249300464138505, 0.0, -8.75, 0.0, 0.0, 0.0, 0.0, 0.0, 0.0, 0.0, 0.0, 0.0, 0.0, 0.0, 2.1631189606246317, 4.326237921249263, -6.6573956140660755, -4.494276653441444, -2.331157692816813, -13.314791228132151, -11.15167226750752, -8.988553306882888, -8.75], "data_imag": [-3.5394996524154567e-19, 1.897122758607289e-17, 0.0, 0.0, 0.0, 0.0, 0.0, 0.0, 0.0, 0.0, 0.0, 0.0, 0.0, 0.0, 0.0, 0.0, 0.0, 0.0, 0.0, 0.0, 0.0, 0.0, 0.0, 0.0, 0.0, 0.0, 0.0, 0.0, 0.0, 0.0, 0.0, 0.0, 0.0, 0.0, 0.0, 0.0, 0.0, 0.0, 0.0, 0.0, 0.0, 0.0, 0.0, 0.0, 0.0, 0.0, 0.0, 0.0]}, {"time": 9.1, "step_sample_count": 262144, "data": [0.6174340768772397, 0.5359168425057975, -6.584979142871884, -0.5237934639223225, 0.2079949395294017, 6.584979142871884, -0.2079949395294017, 0.5237934639223225, 0.26050844618193536, -6.561371133557704, 1.1077467304628699, -0.26050844618193536, -1.1077467304628699, 6.561371133557704, 3.1482773114548808, -0.752052048522981, 0.7136793774661833, 3.1482773114548808, 0.7136793774661833, -0.752052048522981, 0.7854440305369667, 3.437985334001758, -0.17634073044909035, 0.7854440305369667, -0.17634073044909035, 3.437985334001758, 0.0, -9.1, 0.0, 0.0, 0.0, 0.0, 0.0, 0.0, 0.0, 0.0, 0.0, 0.0, 0.0, 2.2496437190496166, 4.499287438099233, -6.923691438628719, -4.674047719579102, -2.4244040005294853, -13.847382877257438, -11.59773915820782, -9.348095439158204, -9.1], "data_imag": [-6.651356684027996e-19, 5.25667107095563e-18, 0.0, 0.0, 0.0, 0.0, 0.0, 0.0, 0.0, 0.0, 0.0, 0.0, 0.0, 0.0, 0.0, 0.0, 0.0, 0.0, 0.0, 0.0, 0.0, 0.0, 0.0, 0.0, 0.0, 0.0, 0.0, 0.0, 0.0, 0.0, 0.0, 0.0, 0.0, 0.0, 0.0, 0.0, 0.0, 0.0, 0.0, 0.0, 0.0, 0.0, 0.0, 0.0, 0.0, 0.0, 0.0, 0.0]}, {"time": 9.45, "step_sample_count": 262144, "data": [0.61474725417297, 0.5272036295023547, -6.847541738598653, -0.23189984158673024, 0.43252806033349855, 6.847541738598653, -0.43252806033349855, 0.23189984158673024, 0.504350318681138, -6.840476274704426, 0.9065023274625317, -0.504350318681138, -0.9065023274625317, 6.840476274704426, 2.9170101988731867, -0.563995701472025, 0.980845732149896, 2.9170101988731867, 0.980845732149896, -0.563995701472025, 1.0350816517239618, 3.226966819806417, -0.455933494500079, 1.0350816517239618, -0.455933494500079, 3.226966819806417, 0.0, -9.45, 0.0, 0.0, 0.0, 0.0, 0.0, 0.0, 0.0, 0.0, 0.0, 0.0, 0.0, 2.336168477474602, 4.672336954949204, -7.1899872631913615, -4.85381878571676, -2.5176503082421577, -14.379974526382723, -12.04380604890812, -9.70763757143352, -9.45], "data_imag": [5.36168433621979e-19, -6.38398792749196e-18, 0.0, 0.0, 0.0, 0.0, 0.0, 0.0, 0.0, 0.0, 0.0, 0.0, 0.0, 0.0, 0.0, 0.0, 0.0, 0.0, 0.0, 0.0, 0.0, 0.0, 0.0, 0.0, 0.0, 0.0, 0.0, 0.0, 0.0, 0.0, 0.0, 0.0, 0.0, 0.0, 0.0, 0.0, 0.0, 0.0, 0.0, 0.0, 0.0, 0.0, 0.0, 0.0, 0.0, 0.0, 0.0, 0.0]}, {"time": 9.799999999999999, "step_sample_count": 262144, "data": [0.6111940852173292, 0.5166761518171762, -7.0891367330802755, -0.046886968398394256, 0.7188928255796674, 7.0891367330802755, -0.7188928255796674, 0.046886968398394256, 0.8052918726983471, -7.100961714841748, 0.5806726264017442, -0.8052918726983471, -0.5806726264017442, 7.100961714841748, 2.663918411811501, -0.2701635841312912, 1.1803155409895207, 2.663918411811501, 1.1803155409895207, -0.2701635841312912, 1.211750782478393, 2.9933521185904852, -0.567765642629634, 1.211750782478393, -0.567765642629634, 2.9933521185904852, 0.0, -9.799999999999999, 0.0, 0.0, 0.0, 0.0, 0.0, 0.0, 0.0, 0.0, 0.0, 0.0, 0.0, 2.422693235899587, 4.845386471799174, -7.456283087754004, -5.033589851854416, -2.61089661595483, -14.912566175508008, -12.489872939608421, -10.067179703708833, -9.799999999999999], "data_imag": [-1.8244027561484516e-19, 6.4227696400058614e-18, 0.0, 0.0, 0.0, 0.0, 0.0, 0.0, 0.0, 0.0, 0.0, 0.0, 0.0, 0.0, 0.0, 0.0, 0.0, 0.0, 0.0, 0.0, 0.0, 0.0, 0.0, 0.0, 0.0, 0.0, 0.0, 0.0, 0.0, 0.0, 0.0, 0.0, 0.0, 0.0, 0.0, 0.0, 0.0, 0.0, 0.0, 0.0, 0.0, 0.0, 0.0, 0.0, 0.0, 0.0, 0.0, 0.0]}, {"time": 10.149999999999999, "step_sample_count": 262144, "data": [0.6072544511542708, 0.5053295338156663, -7.307956545351627, -0.0034534761446552713, 1.0473247556732164, 7.307956545351627, -1.0473247556732164, 0.0034534761446552713, 1.1421181143550683, -7.341003456993511, 0.25014658475968604, -1.1421181143550683, -0.25014658475968604, 7.341003456993511, 2.39089554867696, 0.07433693571880627, 1.2983216878973687, 2.39089554867696, 1.2983216878973687, 0.07433693571880627, 1.3029970625517588, 2.7387770703778034, -0.4706885637434969, 1.3029970625517588, -0.4706885637434969, 2.7387770703778034, 0.0, -10.149999999999999, 0.0, 0.0, 0.0, 0.0, 0.0, 0.0, 0.0, 0.0, 0.0, 0.0, 0.0, 2.509217994324572, 5.018435988649144, -7.722578912316647, -5.213360917992074, -2.7041429236675025, -15.445157824633293, -12.93593983030872, -10.426721835984148, -10.149999999999999], "data_imag": [3.1423579252269813e-18, -2.1332818590392347e-17, 0.0, 0.0, 0.0, 0.0, 0.0, 0.0, 0.0, 0.0, 0.0, 0.0, 0.0, 0.0, 0.0, 0.0, 0.0, 0.0, 0.0, 0.0, 0.0, 0.0, 0.0, 0.0, 0.0, 0.0, 0.0, 0.0, 0.0, 0.0, 0.0, 0.0, 0.0, 0.0, 0.0, 0.0, 0.0, 0.0, 0.0, 0.0, 0.0, 0.0, 0.0, 0.0, 0.0, 0.0, 0.0, 0.0]}, {"time": 10.5, "step_sample_count": 262144, "data": [0.602724652743315, 0.49364827201952494, -7.50236399527037, -0.10974519126980087, 1.3951559564861815, 7.50236399527037, -1.3951559564861815, 0.10974519126980087, 1.4910843445245923, -7.558920657072594, 0.036541177364544854, -1.4910843445245923, -0.036541177364544854, 7.558920657072594, 2.0999843294832936, 0.4048957772615774, 1.326719560247638, 2.0999843294832936, 1.326719560247638, 0.4048957772615774, 1.3023880493406652, 2.465024285812171, -0.2004217448770454, 1.3023880493406652, -0.2004217448770454, 2.465024285812171, 0.0, -10.5, 0.0, 0.0, 0.0, 0.0, 0.0, 0.0, 0.0, 0.0, 0.0, 0.0, 0.0, 2.595742752749558, 5.191485505499116, -7.988874736879291, -5.393131984129733, -2.7973892313801754, -15.977749473758582, -13.382006721009024, -10.786263968259465, -10.5], "data_imag": [2.357792876158e-18, 2.1261130859564766e-17, 0.0, 0.0, 0.0, 0.0, 0.0, 0.0, 0.0, 0.0, 0.0, 0.0, 0.0, 0.0, 0.0, 0.0, 0.0, 0.0, 0.0, 0.0, 0.0, 0.0, 0.0, 0.0, 0.0, 0.0, 0.0, 0.0, 0.0, 0.0, 0.0, 0.0, 0.0, 0.0, 0.0, 0.0, 0.0, 0.0, 0.0, 0.0, 0.0, 0.0, 0.0, 0.0, 0.0, 0.0, 0.0, 0.0]}, {"time": 10.85, "step_sample_count": 262144, "data": [0.5968643035084332, 0.4804713714517046, -7.670904552676614, -0.3458274085740571, 1.738379624440766, 7.670904552676614, -1.738379624440766, 0.3458274085740571, 1.8275900507884009, -7.753187393654029, 0.018452460748756894, -1.8275900507884009, -0.018452460748756894, 7.753187393654029, 1.7933613124968883, 0.6595175813142723, 1.2635491781939354, 1.7933613124968883, 1.2635491781939354, 0.6595175813142723, 1.2099666754723037, 2.1740106637843675, 0.14359020517676685, 1.2099666754723037, 0.14359020517676685, 2.1740106637843675, 0.0, -10.85, 0.0, 0.0, 0.0, 0.0, 0.0, 0.0, 0.0, 0.0, 0.0, 0.0, 0.0, 2.682267511174543, 5.364535022349086, -8.255170561441934, -5.57290305026739, -2.8906355390928478, -16.51034112288387, -13.828073611709325, -11.14580610053478, -10.85], "data_imag": [5.6030160847542165e-18, -4.161721253477968e-17, 0.0, 0.0, 0.0, 0.0, 0.0, 0.0, 0.0, 0.0, 0.0, 0.0, 0.0, 0.0, 0.0, 0.0, 0.0, 0.0, 0.0, 0.0, 0.0, 0.0, 0.0, 0.0, 0.0, 0.0, 0.0, 0.0, 0.0, 0.0, 0.0, 0.0, 0.0, 0.0, 0.0, 0.0, 0.0, 0.0, 0.0, 0.0, 0.0, 0.0, 0.0, 0.0, 0.0, 0.0, 0.0, 0.0]}, {"time": 11.2, "step_sample_count": 262144, "data": [0.5895270047385894, 0.46378164422192386, -7.812317219990205, -0.6674235877896502, 2.0533069611756516, 7.812317219990205, -2.0533069611756516, 0.6674235877896502, 2.127913130289082, -7.922443352933314, 0.20253617369286214, -2.127913130289082, -0.20253617369286214, 7.922443352933314, 1.4733206095231752, 0.7904487614826119, 1.1131704696275848, 1.4733206095231752, 1.1131704696275848, 0.7904487614826119, 1.03224822225192, 1.8677739687326589, 0.4347681749432743, 1.03224822225192, 0.4347681749432743, 1.8677739687326589, 0.0, -11.2, 0.0, 0.0, 0.0, 0.0, 0.0, 0.0, 0.0, 0.0, 0.0, 0.0, 0.0, 2.7687922695995284, 5.537584539199057, -8.521466386004576, -5.752674116405048, -2.98388184680552, -17.042932772009152, -14.274140502409624, -11.505348232810096, -11.2], "data_imag": [-9.746087434409587e-18, 1.7354001969447495e-17, 0.0, 0.0, 0.0, 0.0, 0.0, 0.0, 0.0, 0.0, 0.0, 0.0, 0.0, 0.0, 0.0, 0.0, 0.0, 0.0, 0.0, 0.0, 0.0, 0.0, 0.0, 0.0, 0.0, 0.0, 0.0, 0.0, 0.0, 0.0, 0.0, 0.0, 0.0, 0.0, 0.0, 0.0, 0.0, 0.0, 0.0, 0.0, 0.0, 0.0, 0.0, 0.0, 0.0, 0.0, 0.0, 0.0]}, {"time": 11.549999999999999, "step_sample_count": 262144, "data": [0.58137155007678, 0.4421439988144467, -7.925543966823501, -1.0142192912533259, 2.3182021399547583, 7.925543966823501, -2.3182021399547583, 1.0142192912533259, 2.3708821887538067, -8.06550335405059, 0.521058759796341, -2.3708821887538067, -0.521058759796341, 8.06550335405059, 1.1422567216734127, 0.7731335518252802, 0.8859623542958588, 1.1422567216734127, 0.8859623542958588, 0.7731335518252802, 0.7817610223302773, 1.5484585616066204, 0.5659733028559623, 0.7817610223302773, 0.5659733028559623, 1.5484585616066204, 0.0, -11.549999999999999, 0.0, 0.0, 0.0, 0.0, 0.0, 0.0, 0.0, 0.0, 0.0, 0.0, 0.0, 2.8553170280245133, 5.7106340560490265, -8.78776221056722, -5.932445182542706, -3.0771281545181925, -17.57552442113444, -14.720207393109925, -11.864890365085412, -11.549999999999999], "data_imag": [-1.988719568019376e-18, -9.376185026480167e-17, 0.0, 0.0, 0.0, 0.0, 0.0, 0.0, 0.0, 0.0, 0.0, 0.0, 0.0, 0.0, 0.0, 0.0, 0.0, 0.0, 0.0, 0.0, 0.0, 0.0, 0.0, 0.0, 0.0, 0.0, 0.0, 0.0, 0.0, 0.0, 0.0, 0.0, 0.0, 0.0, 0.0, 0.0, 0.0, 0.0, 0.0, 0.0, 0.0, 0.0, 0.0, 0.0, 0.0, 0.0, 0.0, 0.0]}, {"time": 11.899999999999999, "step_sample_count": 262144, "data": [0.5736718157340026, 0.4177883440487309, -8.009737646021167, -1.321173983068595, 2.514782480814959, 8.009737646021167, -2.514782480814959, 1.321173983068595, 2.5393690263072646, -8.181365648081577, 0.8568199127114509, -2.5393690263072646, -0.8568199127114509, 8.181365648081577, 0.8026466240322891, 0.6108193700698459, 0.5976064058566128, 0.8026466240322891, 0.5976064058566128, 0.6108193700698459, 0.47616326993825686, 1.2183003844102651, 0.4889286947269671, 0.47616326993825686, 0.4889286947269671, 1.2183003844102651, 0.0, -11.899999999999999, 0.0, 0.0, 0.0, 0.0, 0.0, 0.0, 0.0, 0.0, 0.0, 0.0, 0.0, 2.9418417864494986, 5.883683572898997, -9.054058035129863, -6.1122162486803635, -3.170374462230865, -18.108116070259726, -15.166274283810225, -12.224432497360727, -11.899999999999999], "data_imag": [3.3679466022771846e-18, -1.1228683727534019e-17, 0.0, 0.0, 0.0, 0.0, 0.0, 0.0, 0.0, 0.0, 0.0, 0.0, 0.0, 0.0, 0.0, 0.0, 0.0, 0.0, 0.0, 0.0, 0.0, 0.0, 0.0, 0.0, 0.0, 0.0, 0.0, 0.0, 0.0, 0.0, 0.0, 0.0, 0.0, 0.0, 0.0, 0.0, 0.0, 0.0, 0.0, 0.0, 0.0, 0.0, 0.0, 0.0, 0.0, 0.0, 0.0, 0.0]}, {"time": 12.25, "step_sample_count": 262144, "data": [0.5681983854687781, 0.39813376372761616, -8.064268331900228, -1.5307191943870617, 2.629480294545924, 8.064268331900228, -2.629480294545924, 1.5307191943870617, 2.6214960966964074, -8.269218932583232, 1.0862763997189286, -2.6214960966964074, -1.0862763997189286, 8.269218932583232, 0.45703123326646533, 0.333947773765994, 0.2680045324724523, 0.45703123326646533, 0.2680045324724523, 0.333947773765994, 0.13699819950039954, 0.8796113034672638, 0.23198289495818034, 0.13699819950039954, 0.23198289495818034, 0.8796113034672638, 0.0, -12.25, 0.0, 0.0, 0.0, 0.0, 0.0, 0.0, 0.0, 0.0, 0.0, 0.0, 0.0, 3.0283665448744843, 6.056733089748969, -9.320353859692506, -6.291987314818022, -3.263620769943538, -18.640707719385013, -15.612341174510528, -12.583974629636044, -12.25], "data_imag": [-2.0335467230692177e-18, 9.713680517836204e-18, 0.0, 0.0, 0.0, 0.0, 0.0, 0.0, 0.0, 0.0, 0.0, 0.0, 0.0, 0.0, 0.0, 0.0, 0.0, 0.0, 0.0, 0.0, 0.0, 0.0, 0.0, 0.0, 0.0, 0.0, 0.0, 0.0, 0.0, 0.0, 0.0, 0.0, 0.0, 0.0, 0.0, 0.0, 0.0, 0.0, 0.0, 0.0, 0.0, 0.0, 0.0, 0.0, 0.0, 0.0, 0.0, 0.0]}, {"time": 12.6, "step_sample_count": 262144, "data": [0.5663722375471559, 0.39103675908313607, -8.088728033268561, -1.603555324024007, 2.6543793048659214, 8.088728033268561, -2.6543793048659214, 1.603555324024007, 2.611473819611349, -8.328448032576128, 1.1249997634847713, -2.611473819611349, -1.1249997634847713, 8.328448032576128, 0.10799639683086895, -0.00555476620366831, -0.08009462394435954, 0.10799639683086895, -0.08009462394435954, -0.00555476620366831, -0.21182461319660595, 0.5347629210413415, -0.11032095332181067, -0.21182461319660595, -0.11032095332181067, 0.5347629210413415, 0.0, -12.6, 0.0, 0.0, 0.0, 0.0, 0.0, 0.0, 0.0, 0.0, 0.0, 0.0, 0.0, 3.114891303299469, 6.229782606598938, -9.58664968425515, -6.471758380955679, -3.35686707765621, -19.1732993685103, -16.058408065210827, -12.943516761911358, -12.6], "data_imag": [1.1186543074795314e-18, 6.628166543921278e-18, 0.0, 0.0, 0.0, 0.0, 0.0, 0.0, 0.0, 0.0, 0.0, 0.0, 0.0, 0.0, 0.0, 0.0, 0.0, 0.0, 0.0, 0.0, 0.0, 0.0, 0.0, 0.0, 0.0, 0.0, 0.0, 0.0, 0.0, 0.0, 0.0, 0.0, 0.0, 0.0, 0.0, 0.0, 0.0, 0.0, 0.0, 0.0, 0.0, 0.0, 0.0, 0.0, 0.0, 0.0, 0.0, 0.0]}, {"time": 12.95, "step_sample_count": 262144, "data": [0.5685436571020334, 0.39894934274187216, -8.08293374595962, -1.526022165532529, 2.5877610182969755, 8.08293374595962, -2.5877610182969755, 1.526022165532529, 2.510008719439202, -8.358638208183708, 0.9587417519409221, -2.510008719439202, -0.9587417519409221, 8.358638208183708, -0.2418464539910883, -0.34401552576181615, -0.4226657659099775, -0.2418464539910883, -0.4226657659099775, -0.34401552576181615, -0.5457147660056915, 0.18616996866776597, -0.4120322342612537, -0.5457147660056915, -0.4120322342612537, 0.18616996866776597, 0.0, -12.95, 0.0, 0.0, 0.0, 0.0, 0.0, 0.0, 0.0, 0.0, 0.0, 0.0, 0.0, 3.2014160617244545, 6.402832123448909, -9.852945508817792, -6.651529447093337, -3.450113385368883, -19.705891017635583, -16.504474955911128, -13.303058894186673, -12.95], "data_imag": [-1.8812459131901023e-19, -3.2324795259888083e-18, 0.0, 0.0, 0.0, 0.0, 0.0, 0.0, 0.0, 0.0, 0.0, 0.0, 0.0, 0.0, 0.0, 0.0, 0.0, 0.0, 0.0, 0.0, 0.0, 0.0, 0.0, 0.0, 0.0, 0.0, 0.0, 0.0, 0.0, 0.0, 0.0, 0.0, 0.0, 0.0, 0.0, 0.0, 0.0, 0.0, 0.0, 0.0, 0.0, 0.0, 0.0, 0.0, 0.0, 0.0, 0.0, 0.0]}, {"time": 13.299999999999999, "step_sample_count": 262144, "data": [0.5739620301198124, 0.41757397009436403, -8.046928822044789, -1.3126608396003046, 2.4342233320852564, 8.046928822044789, -2.4342233320852564, 1.3126608396003046, 2.3242536185479583, -8.359578058764962, 0.6486769590905083, -2.3242536185479583, -0.6486769590905083, 8.359578058764962, -0.5898798424619935, -0.6179571637484232, -0.7360651314577742, -0.5898798424619935, -0.7360651314577742, -0.6179571637484232, -0.8411345405447423, -0.16372660151923724, -0.5621363570669341, -0.8411345405447423, -0.5621363570669341, -0.16372660151923724, 0.0, -13.299999999999999, 0.0, 0.0, 0.0, 0.0, 0.0, 0.0, 0.0, 0.0, 0.0, 0.0, 0.0, 3.28794082014944, 6.57588164029888, -10.119241333380435, -6.831300513230994, -3.5433596930815554, -20.23848266676087, -16.95054184661143, -13.662601026461989, -13.299999999999999], "data_imag": [3.457383609212794e-18, 4.253370293811871e-17, 0.0, 0.0, 0.0, 0.0, 0.0, 0.0, 0.0, 0.0, 0.0, 0.0, 0.0, 0.0, 0.0, 0.0, 0.0, 0.0, 0.0, 0.0, 0.0, 0.0, 0.0, 0.0, 0.0, 0.0, 0.0, 0.0, 0.0, 0.0, 0.0, 0.0, 0.0, 0.0, 0.0, 0.0, 0.0, 0.0, 0.0, 0.0, 0.0, 0.0, 0.0, 0.0, 0.0, 0.0, 0.0, 0.0]}, {"time": 13.649999999999999, "step_sample_count": 262144, "data": [0.5811917056882763, 0.4391639455318248, -7.98098264547906, -1.0034866487227692, 2.204363194020549, 7.98098264547906, -2.204363194020549, 1.0034866487227692, 2.067303396244588, -8.331261003204967, 0.3088936483570614, -2.067303396244588, -0.3088936483570614, 8.331261003204967, -0.933499829996207, -0.7760027145290928, -0.9986623522006541, -0.933499829996207, -0.9986623522006541, -0.7760027145290928, -1.077258202963541, -0.51247670906353, -0.5054025470798478, -1.077258202963541, -0.5054025470798478, -0.51247670906353, 0.0, -13.649999999999999, 0.0, 0.0, 0.0, 0.0, 0.0, 0.0, 0.0, 0.0, 0.0, 0.0, 0.0, 3.3744655785744246, 6.748931157148849, -10.385537157943077, -7.011071579368652, -3.636606000794228, -20.771074315886153, -17.39660873731173, -14.022143158737304, -13.649999999999999], "data_imag": [-7.621343735107144e-19, 1.5224224140594205e-17, 0.0, 0.0, 0.0, 0.0, 0.0, 0.0, 0.0, 0.0, 0.0, 0.0, 0.0, 0.0, 0.0, 0.0, 0.0, 0.0, 0.0, 0.0, 0.0, 0.0, 0.0, 0.0, 0.0, 0.0, 0.0, 0.0, 0.0, 0.0, 0.0, 0.0, 0.0, 0.0, 0.0, 0.0, 0.0, 0.0, 0.0, 0.0, 0.0, 0.0, 0.0, 0.0, 0.0, 0.0, 0.0, 0.0]}, {"time": 14.0, "step_sample_count": 262144, "data": [0.5888560893738831, 0.4581781193726439, -7.885588616606827, -0.6564843224083855, 1.9140452165125112, 7.885588616606827, -1.9140452165125112, 0.6564843224083855, 1.7572718600790127, -8.273885325997814, 0.06441500442888258, -1.7572718600790127, -0.06441500442888258, 8.273885325997814, -1.2701354984750208, -0.7885111900057469, -1.1923333498968864, -1.2701354984750208, -1.1923333498968864, -0.7885111900057469, -1.2374401222885234, -0.8576383013833648, -0.2627059955763849, -1.2374401222885234, -0.2627059955763849, -0.8576383013833648, 0.0, -14.0, 0.0, 0.0, 0.0, 0.0, 0.0, 0.0, 0.0, 0.0, 0.0, 0.0, 0.0, 3.4609903369994104, 6.921980673998821, -10.651832982505722, -7.190842645506311, -3.7298523085069006, -21.303665965011444, -17.84267562801203, -14.381685291012621, -14.0], "data_imag": [8.599583297243062e-18, -4.941492623852362e-17, 0.0, 0.0, 0.0, 0.0, 0.0, 0.0, 0.0, 0.0, 0.0, 0.0, 0.0, 0.0, 0.0, 0.0, 0.0, 0.0, 0.0, 0.0, 0.0, 0.0, 0.0, 0.0, 0.0, 0.0, 0.0, 0.0, 0.0, 0.0, 0.0, 0.0, 0.0, 0.0, 0.0, 0.0, 0.0, 0.0, 0.0, 0.0, 0.0, 0.0, 0.0, 0.0, 0.0, 0.0, 0.0, 0.0]}, {"time": 14.35, "step_sample_count": 262144, "data": [0.5960228311856283, 0.47354711314146225, -7.761460460607486, -0.3367331480745094, 1.583306724116413, 7.761460460607486, -1.583306724116413, 0.3367331480745094, 1.4160148058165434, -8.187852788799258, 0.005196883543293935, -1.4160148058165434, -0.005196883543293935, 8.187852788799258, -1.5972681855071424, -0.6531366616097108, -1.3037112339698291, -1.5972681855071424, -1.3037112339698291, -0.6531366616097108, -1.3103882107619056, -1.196794453754102, 0.07665316167064448, -1.3103882107619056, 0.07665316167064448, -1.196794453754102, 0.0, -14.35, 0.0, 0.0, 0.0, 0.0, 0.0, 0.0, 0.0, 0.0, 0.0, 0.0, 0.0, 3.5475150954243957, 7.095030190848791, -10.918128807068364, -7.370613711643968, -3.823098616219573, -21.836257614136727, -18.288742518712333, -14.741227423287937, -14.35], "data_imag": [7.085204524268575e-19, -3.817541068715737e-17, 0.0, 0.0, 0.0, 0.0, 0.0, 0.0, 0.0, 0.0, 0.0, 0.0, 0.0, 0.0, 0.0, 0.0, 0.0, 0.0, 0.0, 0.0, 0.0, 0.0, 0.0, 0.0, 0.0, 0.0, 0.0, 0.0, 0.0, 0.0, 0.0, 0.0, 0.0, 0.0, 0.0, 0.0, 0.0, 0.0, 0.0, 0.0, 0.0, 0.0, 0.0, 0.0, 0.0, 0.0, 0.0, 0.0]}, {"time": 14.7, "step_sample_count": 262144, "data": [0.6021945869126912, 0.4863891606233158, -7.60952688750047, -0.10420153802986981, 1.234974806535565, 7.60952688750047, -1.234974806535565, 0.10420153802986981, 1.0675892844709973, -8.073765817171429, 0.15302857855400115, -1.0675892844709973, -0.15302857855400115, 8.073765817171429, -1.912450328718949, -0.3952682324517588, -1.3251088648540859, -1.912450328718949, -1.3251088648540859, -0.3952682324517588, -1.2909599640344163, -1.5275702933381525, 0.3878078071427861, -1.2909599640344163, 0.3878078071427861, -1.5275702933381525, 0.0, -14.7, 0.0, 0.0, 0.0, 0.0, 0.0, 0.0, 0.0, 0.0, 0.0, 0.0, 0.0, 3.634039853849381, 7.268079707698762, -11.184424631631007, -7.550384777781626, -3.9163449239322454, -22.368849263262014, -18.734809409412634, -15.100769555563252, -14.7], "data_imag": [1.1470157685102136e-18, 8.796192910731068e-18, 0.0, 0.0, 0.0, 0.0, 0.0, 0.0, 0.0, 0.0, 0.0, 0.0, 0.0, 0.0, 0.0, 0.0, 0.0, 0.0, 0.0, 0.0, 0.0, 0.0, 0.0, 0.0, 0.0, 0.0, 0.0, 0.0, 0.0, 0.0, 0.0, 0.0, 0.0, 0.0, 0.0, 0.0, 0.0, 0.0, 0.0, 0.0, 0.0, 0.0, 0.0, 0.0, 0.0, 0.0, 0.0, 0.0]}, {"time": 15.049999999999999, "step_sample_count": 262144, "data": [0.6073208521000859, 0.4976905915302029, -7.430924643662917, -0.0025001263714964327, 0.8930908260908098, 7.430924643662917, -0.8930908260908098, 0.0025001263714964327, 0.736557690978485, -7.932423282218827, 0.4535154540440583, -0.736557690978485, -0.4535154540440583, 7.932423282218827, -2.2133237780840314, -0.06326838411890484, -1.2550494091877613, -2.2133237780840314, -1.2550494091877613, -0.06326838411890484, -1.1805249840433463, -1.847649628755039, 0.5562686664153655, -1.1805249840433463, 0.5562686664153655, -1.847649628755039, 0.0, -15.049999999999999, 0.0, 0.0, 0.0, 0.0, 0.0, 0.0, 0.0, 0.0, 0.0, 0.0, 0.0, 3.720564612274366, 7.441129224548732, -11.45072045619365, -7.730155843919284, -4.009591231644918, -22.9014409123873, -19.18087630011293, -15.460311687838567, -15.049999999999999], "data_imag": [-4.107480251977451e-19, 1.4341596805489517e-17, 0.0, 0.0, 0.0, 0.0, 0.0, 0.0, 0.0, 0.0, 0.0, 0.0, 0.0, 0.0, 0.0, 0.0, 0.0, 0.0, 0.0, 0.0, 0.0, 0.0, 0.0, 0.0, 0.0, 0.0, 0.0, 0.0, 0.0, 0.0, 0.0, 0.0, 0.0, 0.0, 0.0, 0.0, 0.0, 0.0, 0.0, 0.0, 0.0, 0.0, 0.0, 0.0, 0.0, 0.0, 0.0, 0.0]}, {"time": 15.399999999999999, "step_sample_count": 262144, "data": [0.6113123518770941, 0.5072193902188892, -7.226990006847525, -0.050702720097644864, 0.5812511178600526, 7.226990006847525, -0.5812511178600526, 0.050702720097644864, 0.44625622845149204, -7.764814906653858, 0.7960934389008769, -0.44625622845149204, -0.7960934389008769, 7.764814906653858, -2.497637439281707, 0.2805972675307095, -1.098368268703126, -2.497637439281707, -1.098368268703126, 0.2805972675307095, -0.9868684283822818, -2.1547911687463186, 0.520050608211266, -0.9868684283822818, 0.520050608211266, -2.1547911687463186, 0.0, -15.399999999999999, 0.0, 0.0, 0.0, 0.0, 0.0, 0.0, 0.0, 0.0, 0.0, 0.0, 0.0, 3.807089370699351, 7.614178741398702, -11.717016280756292, -7.9099269100569405, -4.10283753935759, -23.434032561512584, -19.626943190813233, -15.819853820113881, -15.399999999999999], "data_imag": [-1.2084841188074808e-18, -6.901460111806523e-18, 0.0, 0.0, 0.0, 0.0, 0.0, 0.0, 0.0, 0.0, 0.0, 0.0, 0.0, 0.0, 0.0, 0.0, 0.0, 0.0, 0.0, 0.0, 0.0, 0.0, 0.0, 0.0, 0.0, 0.0, 0.0, 0.0, 0.0, 0.0, 0.0, 0.0, 0.0, 0.0, 0.0, 0.0, 0.0, 0.0, 0.0, 0.0, 0.0, 0.0, 0.0, 0.0, 0.0, 0.0, 0.0, 0.0]}, {"time": 15.749999999999998, "step_sample_count": 262144, "data": [0.6137429961120408, 0.5140114765832331, -6.9992487883337375, -0.23976906151124067, 0.32097840495080626, 6.9992487883337375, -0.32097840495080626, 0.23976906151124067, 0.21714981331054892, -7.572114334462337, 1.054711048787426, -0.21714981331054892, -1.054711048787426, 7.572114334462337, -2.7632641160792533, 0.5718377093838624, -0.8658793478318924, -2.7632641160792533, -0.8658793478318924, 0.5718377093838624, -0.7236421925373612, -2.446844216367472, 0.2924800580401124, -0.7236421925373612, 0.2924800580401124, -2.446844216367472, 0.0, -15.749999999999998, 0.0, 0.0, 0.0, 0.0, 0.0, 0.0, 0.0, 0.0, 0.0, 0.0, 0.0, 3.8936141291243365, 7.787228258248673, -11.983312105318936, -8.089697976194598, -4.196083847070263, -23.96662421063787, -20.073010081513534, -16.179395952389196, -15.749999999999998], "data_imag": [-1.884646057307506e-18, 1.1652563794361542e-17, 0.0, 0.0, 0.0, 0.0, 0.0, 0.0, 0.0, 0.0, 0.0, 0.0, 0.0, 0.0, 0.0, 0.0, 0.0, 0.0, 0.0, 0.0, 0.0, 0.0, 0.0, 0.0, 0.0, 0.0, 0.0, 0.0, 0.0, 0.0, 0.0, 0.0, 0.0, 0.0, 0.0, 0.0, 0.0, 0.0, 0.0, 0.0, 0.0, 0.0, 0.0, 0.0, 0.0, 0.0, 0.0, 0.0]}, {"time": 16.099999999999998, "step_sample_count": 262144, "data": [0.6143975183645316, 0.5180445113497663, -6.749404917014798, -0.5342403025276345, 0.1302363314549959, 6.749404917014798, -0.1302363314549959, 0.5342403025276345, 0.065389392906921, -7.355670912697194, 1.1342099984580325, -0.065389392906921, -1.1342099984580325, 7.355670912697194, -3.0082164257254704, 0.7558316349374221, -0.5736286937495955, -3.0082164257254704, -0.5736286937495955, 0.7558316349374221, -0.40940251411540834, -2.7217637288112764, -0.04270845675403039, -0.40940251411540834, -0.04270845675403039, -2.7217637288112764, 0.0, -16.099999999999998, 0.0, 0.0, 0.0, 0.0, 0.0, 0.0, 0.0, 0.0, 0.0, 0.0, 0.0, 3.9801388875493213, 7.960277775098643, -12.249607929881577, -8.269469042332256, -4.2893301547829354, -24.499215859763154, -20.519076972213835, -16.53893808466451, -16.099999999999998], "data_imag": [-1.0514871772504733e-18, -3.850852120345573e-18, 0.0, 0.0, 0.0, 0.0, 0.0, 0.0, 0.0, 0.0, 0.0, 0.0, 0.0, 0.0, 0.0, 0.0, 0.0, 0.0, 0.0, 0.0, 0.0, 0.0, 0.0, 0.0, 0.0, 0.0, 0.0, 0.0, 0.0, 0.0, 0.0, 0.0, 0.0, 0.0, 0.0, 0.0, 0.0, 0.0, 0.0, 0.0, 0.0, 0.0, 0.0, 0.0, 0.0, 0.0, 0.0, 0.0]}, {"time": 16.45, "step_sample_count": 262144, "data": [0.6136223838800654, 0.5206194501104153, -6.479327690832977, -0.8788892095608234, 0.022189637860919115, 6.479327690832977, -0.022189637860919115, 0.8788892095608234, 0.0016733781010636812, -7.117000242946757, 1.0053386691509032, -0.0016733781010636812, -1.0053386691509032, 7.117000242946757, -3.2306616682787523, 0.7980715130997976, -0.24178702153768195, -3.2306616682787523, -0.24178702153768195, 0.7980715130997976, -0.0663018435344821, -2.977624637409332, -0.3621824055061119, -0.0663018435344821, -0.3621824055061119, -2.977624637409332, 0.0, -16.45, 0.0, 0.0, 0.0, 0.0, 0.0, 0.0, 0.0, 0.0, 0.0, 0.0, 0.0, 4.066663645974307, 8.133327291948614, -12.515903754444222, -8.449240108469915, -4.382576462495608, -25.031807508888445, -20.965143862914136, -16.89848021693983, -16.45], "data_imag": [1.0812885508996298e-18, 2.6151722413576878e-17, 0.0, 0.0, 0.0, 0.0, 0.0, 0.0, 0.0, 0.0, 0.0, 0.0, 0.0, 0.0, 0.0, 0.0, 0.0, 0.0, 0.0, 0.0, 0.0, 0.0, 0.0, 0.0, 0.0, 0.0, 0.0, 0.0, 0.0, 0.0, 0.0, 0.0, 0.0, 0.0, 0.0, 0.0, 0.0, 0.0, 0.0, 0.0, 0.0, 0.0, 0.0, 0.0, 0.0, 0.0, 0.0, 0.0]}, {"time": 16.799999999999997, "step_sample_count": 262144, "data": [0.6120118155951251, 0.5231596010560504, -6.1910377909460514, -1.209077872205071, 0.004295549812164916, 6.1910377909460514, -0.004295549812164916, 1.209077872205071, 0.030493454557601146, -6.857773568639041, 0.7155152344373471, -0.030493454557601146, -0.7155152344373471, 6.857773568639041, -3.4289355386193443, 0.6906353763135967, 0.10674243923416091, -3.4289355386193443, 0.10674243923416091, 0.6906353763135967, 0.28147280173003053, -3.212635327538745, -0.5483914282184124, 0.28147280173003053, -0.5483914282184124, -3.212635327538745, 0.0, -16.799999999999997, 0.0, 0.0, 0.0, 0.0, 0.0, 0.0, 0.0, 0.0, 0.0, 0.0, 0.0, 4.153188404399292, 8.306376808798584, -12.782199579006864, -8.629011174607571, -4.47582277020828, -25.564399158013728, -21.411210753614434, -17.258022349215143, -16.799999999999997], "data_imag": [9.523291201142362e-19, -2.0762181890939282e-17, 0.0, 0.0, 0.0, 0.0, 0.0, 0.0, 0.0, 0.0, 0.0, 0.0, 0.0, 0.0, 0.0, 0.0, 0.0, 0.0, 0.0, 0.0, 0.0, 0.0, 0.0, 0.0, 0.0, 0.0, 0.0, 0.0, 0.0, 0.0, 0.0, 0.0, 0.0, 0.0, 0.0, 0.0, 0.0, 0.0, 0.0, 0.0, 0.0, 0.0, 0.0, 0.0, 0.0, 0.0, 0.0, 0.0]}, {"time": 17.15, "step_sample_count": 262144, "data": [0.6099798543998867, 0.5260753739064008, -5.886692163265047, -1.4628803572644595, 0.07778909123984123, 5.886692163265047, -0.07778909123984123, 1.4628803572644595, 0.1498179395878465, -6.579806072495298, 0.37138015504798455, -0.1498179395878465, -0.37138015504798455, 6.579806072495298, -3.6015545785544263, 0.453672562766781, 0.44790469210137046, -3.6015545785544263, 0.44790469210137046, 0.453672562766781, 0.6094049105087938, -3.4251501840437, -0.5328199612897203, 0.6094049105087938, -0.5328199612897203, -3.4251501840437, 0.0, -17.15, 0.0, 0.0, 0.0, 0.0, 0.0, 0.0, 0.0, 0.0, 0.0, 0.0, 0.0, 4.239713162824278, 8.479426325648555, -13.048495403569508, -8.808782240745229, -4.569069077920953, -26.096990807139015, -21.85727764431474, -17.617564481490458, -17.15], "data_imag": [-2.559281380034628e-18, -1.3400477797582135e-17, 0.0, 0.0, 0.0, 0.0, 0.0, 0.0, 0.0, 0.0, 0.0, 0.0, 0.0, 0.0, 0.0, 0.0, 0.0, 0.0, 0.0, 0.0, 0.0, 0.0, 0.0, 0.0, 0.0, 0.0, 0.0, 0.0, 0.0, 0.0, 0.0, 0.0, 0.0, 0.0, 0.0, 0.0, 0.0, 0.0, 0.0, 0.0, 0.0, 0.0, 0.0, 0.0, 0.0, 0.0, 0.0, 0.0]}, {"time": 17.5, "step_sample_count": 262144, "data": [0.6075441969216593, 0.5284016659332453, -5.56856788047765, -1.5926967392634004, 0.23759784480712884, 5.56856788047765, -0.23759784480712884, 1.5926967392634004, 0.35123500642451205, -6.285044166077606, 0.09955784786588234, -0.35123500642451205, -0.09955784786588234, 6.285044166077606, -3.7472272758509946, 0.13162476601752662, 0.7581532145737285, -3.7472272758509946, 0.7581532145737285, 0.13162476601752662, 0.8943767790901225, -3.613681114325051, -0.32119752210419095, 0.8943767790901225, -0.32119752210419095, -3.613681114325051, 0.0, -17.5, 0.0, 0.0, 0.0, 0.0, 0.0, 0.0, 0.0, 0.0, 0.0, 0.0, 0.0, 4.326237921249263, 8.652475842498527, -13.314791228132151, -8.988553306882888, -4.662315385633626, -26.629582456264302, -22.30334453501504, -17.977106613765777, -17.5], "data_imag": [-2.9052567738765772e-18, -3.3434925063763506e-17, 0.0, 0.0, 0.0, 0.0, 0.0, 0.0, 0.0, 0.0, 0.0, 0.0, 0.0, 0.0, 0.0, 0.0, 0.0, 0.0, 0.0, 0.0, 0.0, 0.0, 0.0, 0.0, 0.0, 0.0, 0.0, 0.0, 0.0, 0.0, 0.0, 0.0, 0.0, 0.0, 0.0, 0.0, 0.0, 0.0, 0.0, 0.0, 0.0, 0.0, 0.0, 0.0, 0.0, 0.0, 0.0, 0.0]}, {"time": 17.849999999999998, "step_sample_count": 262144, "data": [0.6044472849992626, 0.5285031153745962, -5.239045105299339, -1.5741803294481835, 0.4726920427762988, 5.239045105299339, -0.4726920427762988, 1.5741803294481835, 0.6205456792767025, -5.975551860432836, 6.526322291967362e-05, -0.6205456792767025, -6.526322291967362e-05, 5.975551860432836, -3.864863727155145, -0.215108876702497, 1.0160751048704666, -3.864863727155145, 1.0160751048704666, -0.215108876702497, 1.1162992028866345, -3.776907968409868, 0.008609465465350736, 1.1162992028866345, 0.008609465465350736, -3.776907968409868, 0.0, -17.849999999999998, 0.0, 0.0, 0.0, 0.0, 0.0, 0.0, 0.0, 0.0, 0.0, 0.0, 0.0, 4.412762679674247, 8.825525359348495, -13.581087052694793, -9.168324373020544, -4.755561693346298, -27.162174105389585, -22.749411425715337, -18.33664874604109, -17.849999999999998], "data_imag": [7.831983743916073e-18, -2.7543396713707285e-17, 0.0, 0.0, 0.0, 0.0, 0.0, 0.0, 0.0, 0.0, 0.0, 0.0, 0.0, 0.0, 0.0, 0.0, 0.0, 0.0, 0.0, 0.0, 0.0, 0.0, 0.0, 0.0, 0.0, 0.0, 0.0, 0.0, 0.0, 0.0, 0.0, 0.0, 0.0, 0.0, 0.0, 0.0, 0.0, 0.0, 0.0, 0.0, 0.0, 0.0, 0.0, 0.0, 0.0, 0.0, 0.0, 0.0]}, {"time": 18.2, "step_sample_count": 262144, "data": [0.6006508980754759, 0.5258271972132148, -4.900589282418911, -1.4108038271782082, 0.7668458255357563, 4.900589282418911, -0.7668458255357563, 1.4108038271782082, 0.9387647957442661, -5.653496313269843, 0.10951067289702107, -0.9387647957442661, -0.10951067289702107, 5.653496313269843, -3.953583792501076, -0.5214994688106306, 1.2038689692572275, -3.953583792501076, 1.2038689692572275, -0.5214994688106306, 1.2595276728583011, -3.9136877830364822, 0.33524860235788695, 1.2595276728583011, 0.33524860235788695, -3.9136877830364822, 0.0, -18.2, 0.0, 0.0, 0.0, 0.0, 0.0, 0.0, 0.0, 0.0, 0.0, 0.0, 0.0, 4.499287438099233, 8.998574876198466, -13.847382877257438, -9.348095439158204, -4.848808001058971, -27.694765754514876, -23.19547831641564, -18.696190878316408, -18.2], "data_imag": [3.0205185701487404e-18, -2.2473627150205884e-17, 0.0, 0.0, 0.0, 0.0, 0.0, 0.0, 0.0, 0.0, 0.0, 0.0, 0.0, 0.0, 0.0, 0.0, 0.0, 0.0, 0.0, 0.0, 0.0, 0.0, 0.0, 0.0, 0.0, 0.0, 0.0, 0.0, 0.0, 0.0, 0.0, 0.0, 0.0, 0.0, 0.0, 0.0, 0.0, 0.0, 0.0, 0.0, 0.0, 0.0, 0.0, 0.0, 0.0, 0.0, 0.0, 0.0]}, {"time": 18.549999999999997, "step_sample_count": 262144, "data": [0.5966457219289859, 0.5219893829824576, -4.555732692375906, -1.1332080251576626, 1.0997571268307564, 4.555732692375906, -1.0997571268307564, 1.1332080251576626, 1.2834593733501616, -5.321132653872908, 0.3876236656150847, -1.2834593733501616, -0.3876236656150847, 5.321132653872908, -4.012723680398865, -0.7300843367347255, 1.3085735483504046, -4.012723680398865, 1.3085735483504046, -0.7300843367347255, 1.3139652413649092, -4.023062785025141, 0.538533099381234, 1.3139652413649092, 0.538533099381234, -4.023062785025141, 0.0, -18.549999999999997, 0.0, 0.0, 0.0, 0.0, 0.0, 0.0, 0.0, 0.0, 0.0, 0.0, 0.0, 4.585812196524218, 9.171624393048436, -14.11367870182008, -9.52786650529586, -4.942054308771643, -28.22735740364016, -23.64154520711594, -19.05573301059172, -18.549999999999997], "data_imag": [1.4928044739837163e-18, 2.3412039166643735e-17, 0.0, 0.0, 0.0, 0.0, 0.0, 0.0, 0.0, 0.0, 0.0, 0.0, 0.0, 0.0, 0.0, 0.0, 0.0, 0.0, 0.0, 0.0, 0.0, 0.0, 0.0, 0.0, 0.0, 0.0, 0.0, 0.0, 0.0, 0.0, 0.0, 0.0, 0.0, 0.0, 0.0, 0.0, 0.0, 0.0, 0.0, 0.0, 0.0, 0.0, 0.0, 0.0, 0.0, 0.0, 0.0, 0.0]}, {"time": 18.9, "step_sample_count": 262144, "data": [0.5931067198371176, 0.5199051915069495, -4.2070555053812, -0.7934552169666098, 1.4484488928480261, 4.2070555053812, -1.4484488928480261, 0.7934552169666098, 1.6303300315128715, -4.980788192011829, 0.7320726348666241, -1.6303300315128715, -0.7320726348666241, 4.980788192011829, -4.041840914232336, -0.8017439889292322, 1.3229622843883304, -4.041840914232336, 1.3229622843883304, -0.8017439889292322, 1.2757743104835038, -4.10426709789235, 0.5436644764076946, 1.2757743104835038, 0.5436644764076946, -4.10426709789235, 0.0, -18.9, 0.0, 0.0, 0.0, 0.0, 0.0, 0.0, 0.0, 0.0, 0.0, 0.0, 0.0, 4.672336954949204, 9.344673909898408, -14.379974526382723, -9.70763757143352, -5.0353006164843155, -28.759949052765446, -24.08761209781624, -19.41527514286704, -18.9], "data_imag": [5.565120157246172e-18, 1.8322309470492353e-17, 0.0, 0.0, 0.0, 0.0, 0.0, 0.0, 0.0, 0.0, 0.0, 0.0, 0.0, 0.0, 0.0, 0.0, 0.0, 0.0, 0.0, 0.0, 0.0, 0.0, 0.0, 0.0, 0.0, 0.0, 0.0, 0.0, 0.0, 0.0, 0.0, 0.0, 0.0, 0.0, 0.0, 0.0, 0.0, 0.0, 0.0, 0.0, 0.0, 0.0, 0.0, 0.0, 0.0, 0.0, 0.0, 0.0]}, {"time": 19.25, "step_sample_count": 262144, "data": [0.5904790116180016, 0.5223454539901943, -3.8571664768336285, -0.45526506376687875, 1.7888549250510164, 3.8571664768336285, -1.7888549250510164, 0.45526506376687875, 1.9549239859913368, -4.63484612142273, 1.016117668071836, -1.9549239859913368, -1.016117668071836, 4.63484612142273, -4.040717642809051, -0.7230388639049592, 1.2460420877373315, -4.040717642809051, 1.2460420877373315, -0.7230388639049592, 1.1476471649918012, -4.156732104747115, 0.34875464453643445, 1.1476471649918012, 0.34875464453643445, -4.156732104747115, 0.0, -19.25, 0.0, 0.0, 0.0, 0.0, 0.0, 0.0, 0.0, 0.0, 0.0, 0.0, 0.0, 4.7588617133741895, 9.517723426748379, -14.646270350945366, -9.887408637571177, -5.128546924196988, -29.292540701890733, -24.533678988516545, -19.774817275142354, -19.25], "data_imag": [5.975362705236698e-18, -1.5480986165604357e-16, 0.0, 0.0, 0.0, 0.0, 0.0, 0.0, 0.0, 0.0, 0.0, 0.0, 0.0, 0.0, 0.0, 0.0, 0.0, 0.0, 0.0, 0.0, 0.0, 0.0, 0.0, 0.0, 0.0, 0.0, 0.0, 0.0, 0.0, 0.0, 0.0, 0.0, 0.0, 0.0, 0.0, 0.0, 0.0, 0.0, 0.0, 0.0, 0.0, 0.0, 0.0, 0.0, 0.0, 0.0, 0.0, 0.0]}, {"time": 19.599999999999998, "step_sample_count": 262144, "data": [0.5890074626374757, 0.5310885239806693, -3.5086834289660813, -0.18206415527494563, 2.0974808941998706, 3.5086834289660813, -2.0974808941998706, 0.18206415527494563, 2.234358857581575, -4.285728831972573, 1.1352444658981462, -2.234358857581575, -1.1352444658981462, 4.285728831972573, -4.009362270293377, -0.5087298812991837, 1.0831218784938534, -4.009362270293377, 1.0831218784938534, -0.5087298812991837, 0.9386161786879393, -4.180090429916509, 0.025520627935021776, 0.9386161786879393, 0.025520627935021776, -4.180090429916509, 0.0, -19.599999999999998, 0.0, 0.0, 0.0, 0.0, 0.0, 0.0, 0.0, 0.0, 0.0, 0.0, 0.0, 4.845386471799174, 9.690772943598349, -14.912566175508008, -10.067179703708833, -5.22179323190966, -29.825132351016016, -24.979745879216843, -20.134359407417666, -19.599999999999998], "data_imag": [-1.1692127368713817e-17, -1.1551431275771715e-16, 0.0, 0.0, 0.0, 0.0, 0.0, 0.0, 0.0, 0.0, 0.0, 0.0, 0.0, 0.0, 0.0, 0.0, 0.0, 0.0, 0.0, 0.0, 0.0, 0.0, 0.0, 0.0, 0.0, 0.0, 0.0, 0.0, 0.0, 0.0, 0.0, 0.0, 0.0, 0.0, 0.0, 0.0, 0.0, 0.0, 0.0, 0.0, 0.0, 0.0, 0.0, 0.0, 0.0, 0.0, 0.0, 0.0]}, {"time": 19.95, "step_sample_count": 262144, "data": [0.5888834028829895, 0.5462390377132783, -3.16421366465478, -0.025090535440743703, 2.353025884784298, 3.16421366465478, -2.353025884784298, 0.025090535440743703, 2.4489357744890845, -3.935880947360654, 1.045620352709377, -2.4489357744890845, -1.045620352709377, 3.935880947360654, -3.948009393327662, -0.19901007388853162, 0.8454461725409399, -3.948009393327662, 0.8454461725409399, -0.19901007388853162, 0.6634170736270955, -4.174178511420048, -0.3071036973687093, 0.6634170736270955, -0.3071036973687093, -4.174178511420048, 0.0, -19.95, 0.0, 0.0, 0.0, 0.0, 0.0, 0.0, 0.0, 0.0, 0.0, 0.0, 0.0, 4.93191123022416, 9.86382246044832, -15.178862000070653, -10.246950769846492, -5.315039539622333, -30.357724000141307, -25.425812769917144, -20.493901539692985, -19.95], "data_imag": [-1.5976403929433055e-18, -4.475270496422689e-18, 0.0, 0.0, 0.0, 0.0, 0.0, 0.0, 0.0, 0.0, 0.0, 0.0, 0.0, 0.0, 0.0, 0.0, 0.0, 0.0, 0.0, 0.0, 0.0, 0.0, 0.0, 0.0, 0.0, 0.0, 0.0, 0.0, 0.0, 0.0, 0.0, 0.0, 0.0, 0.0, 0.0, 0.0, 0.0, 0.0, 0.0, 0.0, 0.0, 0.0, 0.0, 0.0, 0.0, 0.0, 0.0, 0.0]}, {"time": 20.299999999999997, "step_sample_count": 262144, "data": [0.5901848714589989, 0.5656280076665854, -2.8263344599329803, -0.013784154799009334, 2.5378525532310023, 2.8263344599329803, -2.5378525532310023, 0.013784154799009334, 2.5835280520872517, -3.587752207132151, 0.7802224986659463, -2.5835280520872517, -0.7802224986659463, 3.587752207132151, -3.8571180458119967, 0.14803350000835855, 0.5494190014165617, -3.8571180458119967, 0.5494190014165617, 0.14803350000835855, 0.3414501195669709, -4.1390377462795955, -0.5267292935950414, 0.3414501195669709, -0.5267292935950414, -4.1390377462795955, 0.0, -20.299999999999997, 0.0, 0.0, 0.0, 0.0, 0.0, 0.0, 0.0, 0.0, 0.0, 0.0, 0.0, 5.018435988649144, 10.036871977298288, -15.445157824633293, -10.426721835984148, -5.408285847335005, -30.890315649266586, -25.87187966061744, -20.853443671968297, -20.299999999999997], "data_imag": [1.8218282686909197e-18, 3.277232515100473e-17, 0.0, 0.0, 0.0, 0.0, 0.0, 0.0, 0.0, 0.0, 0.0, 0.0, 0.0, 0.0, 0.0, 0.0, 0.0, 0.0, 0.0, 0.0, 0.0, 0.0, 0.0, 0.0, 0.0, 0.0, 0.0, 0.0, 0.0, 0.0, 0.0, 0.0, 0.0, 0.0, 0.0, 0.0, 0.0, 0.0, 0.0, 0.0, 0.0, 0.0, 0.0, 0.0, 0.0, 0.0, 0.0, 0.0]}, {"time": 20.65, "step_sample_count": 262144, "data": [0.5926440306714579, 0.5849185152188368, -2.497573781161384, -0.15026549249248672, 2.639204431704531, 2.497573781161384, -2.639204431704531, 0.15026549249248672, 2.628647554533021, -3.2437803128689735, 0.436703978164957, -2.628647554533021, -0.436703978164957, 3.2437803128689735, -3.737368264474855, 0.46731381710877573, 0.21547172991565786, -3.737368264474855, 0.21547172991565786, 0.46731381710877573, -0.00458749572198548, -4.074914200645035, -0.5525449772281932, -0.00458749572198548, -0.5525449772281932, -4.074914200645035, 0.0, -20.65, 0.0, 0.0, 0.0, 0.0, 0.0, 0.0, 0.0, 0.0, 0.0, 0.0, 0.0, 5.10496074707413, 10.20992149414826, -15.711453649195938, -10.606492902121808, -5.501532155047678, -31.422907298391877, -26.317946551317746, -21.212985804243615, -20.65], "data_imag": [2.257613100024197e-18, 3.3099094939852377e-17, 0.0, 0.0, 0.0, 0.0, 0.0, 0.0, 0.0, 0.0, 0.0, 0.0, 0.0, 0.0, 0.0, 0.0, 0.0, 0.0, 0.0, 0.0, 0.0, 0.0, 0.0, 0.0, 0.0, 0.0, 0.0, 0.0, 0.0, 0.0, 0.0, 0.0, 0.0, 0.0, 0.0, 0.0, 0.0, 0.0, 0.0, 0.0, 0.0, 0.0, 0.0, 0.0, 0.0, 0.0, 0.0, 0.0]}, {"time": 21.0, "step_sample_count": 262144, "data": [0.595602738189783, 0.5992877365629335, -2.1803913711269045, -0.40893786651273534, 2.6500863609636554, 2.1803913711269045, -2.6500863609636554, 0.40893786651273534, 2.58111356465586, -2.906373858674081, 0.14146234539982752, -2.58111356465586, -0.14146234539982752, 2.906373858674081, -3.5896560009305807, 0.6989507730227071, -0.13334708699164552, -3.5896560009305807, -0.13334708699164552, 0.6989507730227071, -0.3503017136855773, -3.9822568867654864, -0.3750518738950891, -0.3503017136855773, -0.3750518738950891, -3.9822568867654864, 0.0, -21.0, 0.0, 0.0, 0.0, 0.0, 0.0, 0.0, 0.0, 0.0, 0.0, 0.0, 0.0, 5.191485505499116, 10.382971010998231, -15.977749473758582, -10.786263968259465, -5.594778462760351, -31.955498947517164, -26.764013442018047, -21.57252793651893, -21.0], "data_imag": [-4.803171553755028e-18, 3.341798593649149e-17, 0.0, 0.0, 0.0, 0.0, 0.0, 0.0, 0.0, 0.0, 0.0, 0.0, 0.0, 0.0, 0.0, 0.0, 0.0, 0.0, 0.0, 0.0, 0.0, 0.0, 0.0, 0.0, 0.0, 0.0, 0.0, 0.0, 0.0, 0.0, 0.0, 0.0, 0.0, 0.0, 0.0, 0.0, 0.0, 0.0, 0.0, 0.0, 0.0, 0.0, 0.0, 0.0, 0.0, 0.0, 0.0, 0.0]}, {"time": 21.349999999999998, "step_sample_count": 262144, "data": [0.5986062751542965, 0.6067912484440283, -1.87716034558089, -0.7412880177280514, 2.569747286078108, 1.87716034558089, -2.569747286078108, 0.7412880177280514, 2.4442770098727515, -2.5778954654750095, 0.003131685726882047, -2.4442770098727515, -0.003131685726882047, 2.5778954654750095, -3.415086418290982, 0.7995015234599797, -0.4729624819011558, -3.415086418290982, -0.4729624819011558, 0.7995015234599797, -0.6713212737919764, -3.861714618871202, -0.05955852682881894, -0.6713212737919764, -0.05955852682881894, -3.861714618871202, 0.0, -21.349999999999998, 0.0, 0.0, 0.0, 0.0, 0.0, 0.0, 0.0, 0.0, 0.0, 0.0, 0.0, 5.2780102639241, 10.5560205278482, -16.244045298321222, -10.966035034397123, -5.688024770473023, -32.488090596642444, -27.210080332718345, -21.932070068794246, -21.349999999999998], "data_imag": [6.464965869066656e-19, 1.881400380877852e-17, 0.0, 0.0, 0.0, 0.0, 0.0, 0.0, 0.0, 0.0, 0.0, 0.0, 0.0, 0.0, 0.0, 0.0, 0.0, 0.0, 0.0, 0.0, 0.0, 0.0, 0.0, 0.0, 0.0, 0.0, 0.0, 0.0, 0.0, 0.0, 0.0, 0.0, 0.0, 0.0, 0.0, 0.0, 0.0, 0.0, 0.0, 0.0, 0.0, 0.0, 0.0, 0.0, 0.0, 0.0, 0.0, 0.0]}, {"time": 21.7, "step_sample_count": 262144, "data": [0.6020632117911832, 0.610472170783121, -1.5901494379090906, -1.0849846319830807, 2.4037320931474997, 1.5901494379090906, -2.4037320931474997, 1.0849846319830807, 2.227784237234557, -2.2606452372453654, 0.0726107309732137, -2.227784237234557, -0.0726107309732137, 2.2606452372453654, -3.2149656224848893, 0.7501080646220581, -0.7799346942090849, -3.2149656224848893, -0.7799346942090849, 0.7501080646220581, -0.9450157751822131, -3.7141314699822394, 0.2778493653733252, -0.9450157751822131, 0.2778493653733252, -3.7141314699822394, 0.0, -21.7, 0.0, 0.0, 0.0, 0.0, 0.0, 0.0, 0.0, 0.0, 0.0, 0.0, 0.0, 5.364535022349086, 10.729070044698172, -16.51034112288387, -11.14580610053478, -5.7812710781856955, -33.02068224576774, -27.65614722341865, -22.29161220106956, -21.7], "data_imag": [1.819523768841335e-19, -9.303054076274701e-18, 0.0, 0.0, 0.0, 0.0, 0.0, 0.0, 0.0, 0.0, 0.0, 0.0, 0.0, 0.0, 0.0, 0.0, 0.0, 0.0, 0.0, 0.0, 0.0, 0.0, 0.0, 0.0, 0.0, 0.0, 0.0, 0.0, 0.0, 0.0, 0.0, 0.0, 0.0, 0.0, 0.0, 0.0, 0.0, 0.0, 0.0, 0.0, 0.0, 0.0, 0.0, 0.0, 0.0, 0.0, 0.0, 0.0]}, {"time": 22.049999999999997, "step_sample_count": 262144, "data": [0.6067990950096538, 0.6161290030057323, -1.321506024776347, -1.3755683986413543, 2.163498909327472, 1.321506024776347, -2.163498909327472, 1.3755683986413543, 1.9468969903753865, -1.9568446549887353, 0.32433468371823043, -1.9468969903753865, -0.32433468371823043, 1.9568446549887353, -2.9907908901508424, 0.5600339975297002, -1.0330769482969877, -2.9907908901508424, -1.0330769482969877, 0.5600339975297002, -1.15209101572944, -3.540540861456673, 0.5130226526809135, -1.15209101572944, 0.5130226526809135, -3.540540861456673, 0.0, -22.049999999999997, 0.0, 0.0, 0.0, 0.0, 0.0, 0.0, 0.0, 0.0, 0.0, 0.0, 0.0, 5.451059780774071, 10.902119561548142, -16.77663694744651, -11.325577166672439, -5.8745173858983675, -33.55327389489302, -28.102214114118947, -22.651154333344877, -22.049999999999997], "data_imag": [-1.3906165921581235e-19, 9.22581879325471e-18, 0.0, 0.0, 0.0, 0.0, 0.0, 0.0, 0.0, 0.0, 0.0, 0.0, 0.0, 0.0, 0.0, 0.0, 0.0, 0.0, 0.0, 0.0, 0.0, 0.0, 0.0, 0.0, 0.0, 0.0, 0.0, 0.0, 0.0, 0.0, 0.0, 0.0, 0.0, 0.0, 0.0, 0.0, 0.0, 0.0, 0.0, 0.0, 0.0, 0.0, 0.0, 0.0, 0.0, 0.0, 0.0, 0.0]}, {"time": 22.4, "step_sample_count": 262144, "data": [0.6131213206700104, 0.6288730204590657, -1.0732400597457505, -1.5585411687422386, 1.8656282795586634, 1.0732400597457505, -1.8656282795586634, 1.5585411687422386, 1.621416526858761, -1.6686210212641368, 0.6656817781471941, -1.621416526858761, -0.6656817781471941, 1.6686210212641368, -2.7442394662164413, 0.2649271663177593, -1.2149177339699067, -2.7442394662164413, -1.2149177339699067, 0.2649271663177593, -1.2779491444491324, -3.3421583266650936, 0.5594293825111549, -1.2779491444491324, 0.5594293825111549, -3.3421583266650936, 0.0, -22.4, 0.0, 0.0, 0.0, 0.0, 0.0, 0.0, 0.0, 0.0, 0.0, 0.0, 0.0, 5.537584539199057, 11.075169078398114, -17.042932772009152, -11.505348232810096, -5.96776369361104, -34.085865544018304, -28.54828100481925, -23.010696465620192, -22.4], "data_imag": [-2.7610577685468937e-19, 1.0157180312985953e-18, 0.0, 0.0, 0.0, 0.0, 0.0, 0.0, 0.0, 0.0, 0.0, 0.0, 0.0, 0.0, 0.0, 0.0, 0.0, 0.0, 0.0, 0.0, 0.0, 0.0, 0.0, 0.0, 0.0, 0.0, 0.0, 0.0, 0.0, 0.0, 0.0, 0.0, 0.0, 0.0, 0.0, 0.0, 0.0, 0.0, 0.0, 0.0, 0.0, 0.0, 0.0, 0.0, 0.0, 0.0, 0.0, 0.0]}, {"time": 22.75, "step_sample_count": 262144, "data": [0.6207088406716554, 0.6522104018351121, -0.8472090350788511, -1.5995869259597844, 1.5306788014704396, 0.8472090350788511, -1.5306788014704396, 1.5995869259597844, 1.2742877206939416, -1.3979925641771156, 0.9710534357499163, -1.2742877206939416, -0.9710534357499163, 1.3979925641771156, -2.4771560149794114, -0.07986599231619942, -1.3129066646786243, -2.4771560149794114, -1.3129066646786243, -0.07986599231619942, -1.3137177427779332, -3.120372999462319, 0.39999421016326503, -1.3137177427779332, 0.39999421016326503, -3.120372999462319, 0.0, -22.75, 0.0, 0.0, 0.0, 0.0, 0.0, 0.0, 0.0, 0.0, 0.0, 0.0, 0.0, 5.624109297624042, 11.248218595248083, -17.309228596571796, -11.685119298947754, -6.061010001323713, -34.61845719314359, -28.994347895519553, -23.370238597895508, -22.75], "data_imag": [-1.5751481506691935e-18, 1.0629444978843607e-17, 0.0, 0.0, 0.0, 0.0, 0.0, 0.0, 0.0, 0.0, 0.0, 0.0, 0.0, 0.0, 0.0, 0.0, 0.0, 0.0, 0.0, 0.0, 0.0, 0.0, 0.0, 0.0, 0.0, 0.0, 0.0, 0.0, 0.0, 0.0, 0.0, 0.0, 0.0, 0.0, 0.0, 0.0, 0.0, 0.0, 0.0, 0.0, 0.0, 0.0, 0.0, 0.0, 0.0, 0.0, 0.0, 0.0]}, {"time": 23.099999999999998, "step_sample_count": 262144, "data": [0.628646083009192, 0.6868319331374102, -0.6451040842305924, -1.4910076566823982, 1.18176820087393, 0.6451040842305924, -1.18176820087393, 1.4910076566823982, 0.9299815543674962, -1.1468543051427986, 1.128088231050174, -0.9299815543674962, -1.128088231050174, 1.1468543051427986, -2.1915388185796245, -0.4096805139939614, -1.3202806869454078, -2.1915388185796245, -1.3202806869454078, -0.4096805139939614, -1.256875289229499, -2.876737887056588, 0.09338126765490248, -1.256875289229499, 0.09338126765490248, -2.876737887056588, 0.0, -23.099999999999998, 0.0, 0.0, 0.0, 0.0, 0.0, 0.0, 0.0, 0.0, 0.0, 0.0, 0.0, 5.7106340560490265, 11.421268112098053, -17.57552442113444, -11.864890365085412, -6.154256309036385, -35.15104884226888, -29.44041478621985, -23.729780730170823, -23.099999999999998], "data_imag": [-2.7664623480578486e-18, 1.8213389347014753e-17, 0.0, 0.0, 0.0, 0.0, 0.0, 0.0, 0.0, 0.0, 0.0, 0.0, 0.0, 0.0, 0.0, 0.0, 0.0, 0.0, 0.0, 0.0, 0.0, 0.0, 0.0, 0.0, 0.0, 0.0, 0.0, 0.0, 0.0, 0.0, 0.0, 0.0, 0.0, 0.0, 0.0, 0.0, 0.0, 0.0, 0.0, 0.0, 0.0, 0.0, 0.0, 0.0, 0.0, 0.0, 0.0, 0.0]}, {"time": 23.45, "step_sample_count": 262144, "data": [0.6350745748546982, 0.7277912464946977, -0.4684373290182913, -1.2531670903061372, 0.8429777799500474, 0.4684373290182913, -0.8429777799500474, 1.2531670903061372, 0.6127700272541795, -0.9169647893790388, 1.079005250168081, -0.6127700272541795, -1.079005250168081, 0.9169647893790388, -1.8895248261232964, -0.662660634580863, -1.2365308564785344, -1.8895248261232964, -1.2365308564785344, -0.662660634580863, -1.1114289150489878, -2.6129589953884897, -0.24759128906537614, -1.1114289150489878, -0.24759128906537614, -2.6129589953884897, 0.0, -23.45, 0.0, 0.0, 0.0, 0.0, 0.0, 0.0, 0.0, 0.0, 0.0, 0.0, 0.0, 5.797158814474012, 11.594317628948025, -17.841820245697082, -12.04466143122307, -6.247502616749058, -35.683640491394165, -29.886481676920152, -24.08932286244614, -23.45], "data_imag": [-7.41494696279862e-18, -7.864930112370055e-17, 0.0, 0.0, 0.0, 0.0, 0.0, 0.0, 0.0, 0.0, 0.0, 0.0, 0.0, 0.0, 0.0, 0.0, 0.0, 0.0, 0.0, 0.0, 0.0, 0.0, 0.0, 0.0, 0.0, 0.0, 0.0, 0.0, 0.0, 0.0, 0.0, 0.0, 0.0, 0.0, 0.0, 0.0, 0.0, 0.0, 0.0, 0.0, 0.0, 0.0, 0.0, 0.0, 0.0, 0.0, 0.0, 0.0]}, {"time": 23.799999999999997, "step_sample_count": 262144, "data": [0.6378962155927629, 0.7645640686592439, -0.31853056613139585, -0.9306715404056378, 0.5376903607979917, 0.31853056613139585, -0.5376903607979917, 0.9306715404056378, 0.3450150914209767, -0.7099337720467568, 0.8418645637134257, -0.3450150914209767, -0.8418645637134257, 0.7099337720467568, -1.5733736653197599, -0.7913606606908703, -1.067437464767075, -1.5733736653197599, -1.067437464767075, -0.7913606606908703, -0.887631919911034, -2.330883383167048, -0.49746269254414105, -0.887631919911034, -0.49746269254414105, -2.330883383167048, 0.0, -23.799999999999997, 0.0, 0.0, 0.0, 0.0, 0.0, 0.0, 0.0, 0.0, 0.0, 0.0, 0.0, 5.883683572898997, 11.767367145797994, -18.108116070259726, -12.224432497360727, -6.34074892446173, -36.21623214051945, -30.33254856762045, -24.448864994721454, -23.799999999999997], "data_imag": [-5.7752791886040845e-18, 4.968175898645226e-17, 0.0, 0.0, 0.0, 0.0, 0.0, 0.0, 0.0, 0.0, 0.0, 0.0, 0.0, 0.0, 0.0, 0.0, 0.0, 0.0, 0.0, 0.0, 0.0, 0.0, 0.0, 0.0, 0.0, 0.0, 0.0, 0.0, 0.0, 0.0, 0.0, 0.0, 0.0, 0.0, 0.0, 0.0, 0.0, 0.0, 0.0, 0.0, 0.0, 0.0, 0.0, 0.0, 0.0, 0.0, 0.0, 0.0]}, {"time": 24.15, "step_sample_count": 262144, "data": [0.6369232299377441, 0.7874658431463031, -0.19650537762800444, -0.5840041190271729, 0.28697643706301995, 0.19650537762800444, -0.28697643706301995, 0.5840041190271729, 0.14559223697156842, -0.5272109462627103, 0.5039220282959213, -0.14559223697156842, -0.5039220282959213, 0.5272109462627103, -1.2454507362535452, -0.7716432729036956, -0.8246710917694414, -1.2454507362535452, -0.8246710917694414, -0.7716432729036956, -0.6012609615038135, -2.032486228212051, -0.5642928220084907, -0.6012609615038135, -0.5642928220084907, -2.032486228212051, 0.0, -24.15, 0.0, 0.0, 0.0, 0.0, 0.0, 0.0, 0.0, 0.0, 0.0, 0.0, 0.0, 5.970208331323983, 11.940416662647966, -18.37441189482237, -12.404203563498385, -6.433995232174403, -36.74882378964474, -30.778615458320754, -24.80840712699677, -24.15], "data_imag": [2.5321156442724078e-18, -3.4736439763326517e-17, 0.0, 0.0, 0.0, 0.0, 0.0, 0.0, 0.0, 0.0, 0.0, 0.0, 0.0, 0.0, 0.0, 0.0, 0.0, 0.0, 0.0, 0.0, 0.0, 0.0, 0.0, 0.0, 0.0, 0.0, 0.0, 0.0, 0.0, 0.0, 0.0, 0.0, 0.0, 0.0, 0.0, 0.0, 0.0, 0.0, 0.0, 0.0, 0.0, 0.0, 0.0, 0.0, 0.0, 0.0, 0.0, 0.0]}, {"time": 24.5, "step_sample_count": 262144, "data": [0.6344130589271729, 0.7954533205764426, -0.10327473941011416, -0.2781813031314254, 0.10813991911101452, 0.10327473941011416, -0.10813991911101452, 0.2781813031314254, 0.028559856905859857, -0.37007579191464207, 0.18952351578412296, -0.028559856905859857, -0.18952351578412296, 0.37007579191464207, -0.9082095137819456, -0.6072064105402347, -0.52498711945892, -0.9082095137819456, -0.52498711945892, -0.6072064105402347, -0.27250387380534963, -1.719856996668114, -0.4234915479410868, -0.27250387380534963, -0.4234915479410868, -1.719856996668114, 0.0, -24.5, 0.0, 0.0, 0.0, 0.0, 0.0, 0.0, 0.0, 0.0, 0.0, 0.0, 0.0, 6.056733089748969, 12.113466179497937, -18.640707719385013, -12.583974629636044, -6.527241539887076, -37.281415438770026, -31.224682349021055, -25.16794925927209, -24.5], "data_imag": [-4.590843645384655e-18, -1.9282700094619585e-17, 0.0, 0.0, 0.0, 0.0, 0.0, 0.0, 0.0, 0.0, 0.0, 0.0, 0.0, 0.0, 0.0, 0.0, 0.0, 0.0, 0.0, 0.0, 0.0, 0.0, 0.0, 0.0, 0.0, 0.0, 0.0, 0.0, 0.0, 0.0, 0.0, 0.0, 0.0, 0.0, 0.0, 0.0, 0.0, 0.0, 0.0, 0.0, 0.0, 0.0, 0.0, 0.0, 0.0, 0.0, 0.0, 0.0]}, {"time": 24.849999999999998, "step_sample_count": 262144, "data": [0.6324338767577203, 0.7953336944465396, -0.03953619046180407, -0.0705592814963133, 0.013523843302646244, 0.03953619046180407, -0.013523843302646244, 0.0705592814963133, 0.00216819514509283, -0.23962861636033606, 0.01435188067328274, -0.00216819514509283, -0.01435188067328274, 0.23962861636033606, -0.5641731909690587, -0.328889733787854, -0.18906929972969433, -0.5641731909690587, -0.18906929972969433, -0.328889733787854, 0.07546348225743094, -1.3951848119376578, -0.12686666412108843, 0.07546348225743094, -0.12686666412108843, -1.3951848119376578, 0.0, -24.849999999999998, 0.0, 0.0, 0.0, 0.0, 0.0, 0.0, 0.0, 0.0, 0.0, 0.0, 0.0, 6.143257848173953, 12.286515696347905, -18.907003543947653, -12.7637456957737, -6.6204878475997475, -37.814007087895305, -31.670749239721353, -25.5274913915474, -24.849999999999998], "data_imag": [-2.7701167637690613e-18, -7.44297430661299e-18, 0.0, 0.0, 0.0, 0.0, 0.0, 0.0, 0.0, 0.0, 0.0, 0.0, 0.0, 0.0, 0.0, 0.0, 0.0, 0.0, 0.0, 0.0, 0.0, 0.0, 0.0, 0.0, 0.0, 0.0, 0.0, 0.0, 0.0, 0.0, 0.0, 0.0, 0.0, 0.0, 0.0, 0.0, 0.0, 0.0, 0.0, 0.0, 0.0, 0.0, 0.0, 0.0, 0.0, 0.0, 0.0, 0.0]}, {"time": 25.2, "step_sample_count": 262144, "data": [0.6312720122868088, 0.79381218694055, -0.005766613957206975, -7.696661753903425e-05, 0.009658473576067306, 0.005766613957206975, -0.009658473576067306, 7.696661753903425e-05, 0.06827774232349257, -0.13678284974634383, 0.04286148254138922, -0.06827774232349257, -0.04286148254138922, 0.13678284974634383, -0.21591580089764303, 0.011109265792546652, 0.15989780807545143, -0.21591580089764303, 0.15989780807545143, 0.011109265792546652, 0.4181110102912547, -1.060743125783967, 0.21643877721352683, 0.4181110102912547, 0.21643877721352683, -1.060743125783967, 0.0, -25.2, 0.0, 0.0, 0.0, 0.0, 0.0, 0.0, 0.0, 0.0, 0.0, 0.0, 0.0, 6.229782606598938, 12.459565213197877, -19.1732993685103, -12.943516761911358, -6.71373415531242, -38.3465987370206, -32.116816130421654, -25.887033523822716, -25.2], "data_imag": [-4.275388199676433e-18, -4.482278456579163e-17, 0.0, 0.0, 0.0, 0.0, 0.0, 0.0, 0.0, 0.0, 0.0, 0.0, 0.0, 0.0, 0.0, 0.0, 0.0, 0.0, 0.0, 0.0, 0.0, 0.0, 0.0, 0.0, 0.0, 0.0, 0.0, 0.0, 0.0, 0.0, 0.0, 0.0, 0.0, 0.0, 0.0, 0.0, 0.0, 0.0, 0.0, 0.0, 0.0, 0.0, 0.0, 0.0, 0.0, 0.0, 0.0, 0.0]}, {"time": 25.549999999999997, "step_sample_count": 262144, "data": [0.6308825482723103, 0.7928198697610604, -0.0022186692853195114, -0.0799531137598193, 0.09681059212782597, 0.0022186692853195114, -0.09681059212782597, 0.0799531137598193, 0.2222280797651437, -0.062258648896845854, 0.2645622204707361, -0.2222280797651437, -0.2645622204707361, 0.062258648896845854, 0.13395704189707394, 0.3490247545527496, 0.4978290017302372, 0.13395704189707394, 0.4978290017302372, 0.3490247545527496, 0.7312836372838103, -0.7188737989418464, 0.48010562429562775, 0.7312836372838103, 0.48010562429562775, -0.7188737989418464, 0.0, -25.549999999999997, 0.0, 0.0, 0.0, 0.0, 0.0, 0.0, 0.0, 0.0, 0.0, 0.0, 0.0, 6.316307365023923, 12.632614730047846, -19.43959519307294, -13.123287828049016, -6.806980463025092, -38.87919038614588, -32.562883021121955, -26.24657565609803, -25.549999999999997], "data_imag": [-9.772747246515724e-18, -6.612620604425223e-17, 0.0, 0.0, 0.0, 0.0, 0.0, 0.0, 0.0, 0.0, 0.0, 0.0, 0.0, 0.0, 0.0, 0.0, 0.0, 0.0, 0.0, 0.0, 0.0, 0.0, 0.0, 0.0, 0.0, 0.0, 0.0, 0.0, 0.0, 0.0, 0.0, 0.0, 0.0, 0.0, 0.0, 0.0, 0.0, 0.0, 0.0, 0.0, 0.0, 0.0, 0.0, 0.0, 0.0, 0.0, 0.0, 0.0]}, {"time": 25.9, "step_sample_count": 262144, "data": [0.6315312218215869, 0.7895622786850492, -0.028918901686733122, -0.29520718145856134, 0.2689650864936876, 0.028918901686733122, -0.2689650864936876, 0.29520718145856134, 0.4531664175418439, -0.016577854560130723, 0.597879363071952, -0.4531664175418439, -0.597879363071952, 0.016577854560130723, 0.48282763628181785, 0.6214816553012705, 0.8014007617518932, 0.48282763628181785, 0.8014007617518932, 0.6214816553012705, 0.9929041350295996, -0.3719707027081717, 0.5671177263090614, 0.9929041350295996, 0.5671177263090614, -0.3719707027081717, 0.0, -25.9, 0.0, 0.0, 0.0, 0.0, 0.0, 0.0, 0.0, 0.0, 0.0, 0.0, 0.0, 6.402832123448909, 12.805664246897818, -19.705891017635583, -13.303058894186673, -6.900226770737766, -39.411782035271166, -33.008949911822256, -26.606117788373346, -25.9], "data_imag": [3.1997342794941983e-18, 6.466342716906847e-17, 0.0, 0.0, 0.0, 0.0, 0.0, 0.0, 0.0, 0.0, 0.0, 0.0, 0.0, 0.0, 0.0, 0.0, 0.0, 0.0, 0.0, 0.0, 0.0, 0.0, 0.0, 0.0, 0.0, 0.0, 0.0, 0.0, 0.0, 0.0, 0.0, 0.0, 0.0, 0.0, 0.0, 0.0, 0.0, 0.0, 0.0, 0.0, 0.0, 0.0, 0.0, 0.0, 0.0, 0.0, 0.0, 0.0]}, {"time": 26.25, "step_sample_count": 262144, "data": [0.6325160496349069, 0.7791856754485985, -0.08566754364574782, -0.605468888948474, 0.5142401038622421, 0.08566754364574782, -0.5142401038622421, 0.605468888948474, 0.7448126661915624, -6.033732357137567e-05, 0.9201689506129994, -0.7448126661915624, -0.9201689506129994, 6.033732357137567e-05, 0.8280857798099055, 0.7773814605987366, 1.0496610067929926, 0.8280857798099055, 1.0496610067929926, 0.7773814605987366, 1.1845294630641956, -0.022462956338958687, 0.44545900195583393, 1.1845294630641956, 0.44545900195583393, -0.022462956338958687, 0.0, -26.25, 0.0, 0.0, 0.0, 0.0, 0.0, 0.0, 0.0, 0.0, 0.0, 0.0, 0.0, 6.489356881873895, 12.97871376374779, -19.972186842198226, -13.482829960324333, -6.993473078450439, -39.94437368439645, -33.45501680252256, -26.965659920648665, -26.25], "data_imag": [-1.5943888776886874e-18, 5.1254337828577826e-17, 0.0, 0.0, 0.0, 0.0, 0.0, 0.0, 0.0, 0.0, 0.0, 0.0, 0.0, 0.0, 0.0, 0.0, 0.0, 0.0, 0.0, 0.0, 0.0, 0.0, 0.0, 0.0, 0.0, 0.0, 0.0, 0.0, 0.0, 0.0, 0.0, 0.0, 0.0, 0.0, 0.0, 0.0, 0.0, 0.0, 0.0, 0.0, 0.0, 0.0, 0.0, 0.0, 0.0, 0.0, 0.0, 0.0]}, {"time": 26.599999999999998, "step_sample_count": 262144, "data": [0.6322702148295576, 0.7599078817190524, -0.1720400095238154, -0.95254954611097, 0.8157071192744119, 0.1720400095238154, -0.8157071192744119, 0.95254954611097, 1.076607108064154, -0.012821757784079577, 1.1128446095039475, -1.076607108064154, -1.1128446095039475, 0.012821757784079577, 1.1671482979017664, 0.7874856107356931, 1.2254751758223592, 1.1671482979017664, 1.2254751758223592, 0.7874856107356931, 1.292650918096374, 0.3272020823703339, 0.1598937486080714, 1.292650918096374, 0.1598937486080714, 0.3272020823703339, 0.0, -26.599999999999998, 0.0, 0.0, 0.0, 0.0, 0.0, 0.0, 0.0, 0.0, 0.0, 0.0, 0.0, 6.57588164029888, 13.15176328059776, -20.23848266676087, -13.662601026461989, -7.086719386163111, -40.47696533352174, -33.90108369322286, -27.325202052923977, -26.599999999999998], "data_imag": [-2.6623713056042048e-18, -2.366875357244221e-17, 0.0, 0.0, 0.0, 0.0, 0.0, 0.0, 0.0, 0.0, 0.0, 0.0, 0.0, 0.0, 0.0, 0.0, 0.0, 0.0, 0.0, 0.0, 0.0, 0.0, 0.0, 0.0, 0.0, 0.0, 0.0, 0.0, 0.0, 0.0, 0.0, 0.0, 0.0, 0.0, 0.0, 0.0, 0.0, 0.0, 0.0, 0.0, 0.0, 0.0, 0.0, 0.0, 0.0, 0.0, 0.0, 0.0]}, {"time": 26.95, "step_sample_count": 262144, "data": [0.630146173397143, 0.7356095152141027, -0.28739007225167645, -1.2713551748036271, 1.1525593177944886, 0.28739007225167645, -1.1525593177944886, 1.2713551748036271, 1.4251597627488608, -0.054772756658007175, 1.1050113789697502, -1.4251597627488608, -1.1050113789697502, 0.054772756658007175, 1.4974783708066302, 0.6498991014398194, 1.3167088306061188, 1.4974783708066302, 1.3167088306061188, 0.6498991014398194, 1.3096464353895696, 0.6745759542162505, -0.18450436977823892, 1.3096464353895696, -0.18450436977823892, 0.6745759542162505, 0.0, -26.95, 0.0, 0.0, 0.0, 0.0, 0.0, 0.0, 0.0, 0.0, 0.0, 0.0, 0.0, 6.662406398723865, 13.32481279744773, -20.504778491323513, -13.842372092599648, -7.179965693875784, -41.00955698264703, -34.34715058392316, -27.684744185199296, -26.95], "data_imag": [-3.989978368183722e-18, -6.613807491874978e-17, 0.0, 0.0, 0.0, 0.0, 0.0, 0.0, 0.0, 0.0, 0.0, 0.0, 0.0, 0.0, 0.0, 0.0, 0.0, 0.0, 0.0, 0.0, 0.0, 0.0, 0.0, 0.0, 0.0, 0.0, 0.0, 0.0, 0.0, 0.0, 0.0, 0.0, 0.0, 0.0, 0.0, 0.0, 0.0, 0.0, 0.0, 0.0, 0.0, 0.0, 0.0, 0.0, 0.0, 0.0, 0.0, 0.0]}, {"time": 27.299999999999997, "step_sample_count": 262144, "data": [0.6269005053913127, 0.7125317492172871, -0.4308546983125931, -1.5020946970808648, 1.501547650614545, 0.4308546983125931, -1.501547650614545, 1.5020946970808648, 1.7658992729945422, -0.12561958050158234, 0.8995514942375258, -1.7658992729945422, -0.8995514942375258, 0.12561958050158234, 1.8166045137436362, 0.3904258864722313, 1.31706515698568, 1.8166045137436362, 1.31706515698568, 0.3904258864722313, 1.2343179092301537, 1.0172262434311015, -0.4610141511865175, 1.2343179092301537, -0.4610141511865175, 1.0172262434311015, 0.0, -27.299999999999997, 0.0, 0.0, 0.0, 0.0, 0.0, 0.0, 0.0, 0.0, 0.0, 0.0, 0.0, 6.748931157148849, 13.497862314297699, -20.771074315886153, -14.022143158737304, -7.273212001588456, -41.54214863177231, -34.79321747462346, -28.044286317474608, -27.299999999999997], "data_imag": [1.373501365411391e-18, 1.0906616868339395e-17, 0.0, 0.0, 0.0, 0.0, 0.0, 0.0, 0.0, 0.0, 0.0, 0.0, 0.0, 0.0, 0.0, 0.0, 0.0, 0.0, 0.0, 0.0, 0.0, 0.0, 0.0, 0.0, 0.0, 0.0, 0.0, 0.0, 0.0, 0.0, 0.0, 0.0, 0.0, 0.0, 0.0, 0.0, 0.0, 0.0, 0.0, 0.0, 0.0, 0.0, 0.0, 0.0, 0.0, 0.0, 0.0, 0.0]}, {"time": 27.65, "step_sample_count": 262144, "data": [0.6235899256479025, 0.6949589739170136, -0.6013605048420261, -1.6014935797477141, 1.8385854505886474, 0.6013605048420261, -1.8385854505886474, 1.6014935797477141, 2.0748050722575493, -0.22486613866039898, 0.5720638688014805, -2.0748050722575493, -0.5720638688014805, 0.22486613866039898, 2.1221390682156334, 0.05772942037899809, 1.2265195618325835, 2.1221390682156334, 1.2265195618325835, 0.05772942037899809, 1.0719756538635798, 1.3527536101858448, -0.5678938903090285, 1.0719756538635798, -0.5678938903090285, 1.3527536101858448, 0.0, -27.65, 0.0, 0.0, 0.0, 0.0, 0.0, 0.0, 0.0, 0.0, 0.0, 0.0, 0.0, 6.835455915573835, 13.67091183114767, -21.0373701404488, -14.201914224874963, -7.366458309301128, -42.0747402808976, -35.23928436532376, -28.403828449749927, -27.65], "data_imag": [4.24544226568616e-19, 2.242516257996724e-17, 0.0, 0.0, 0.0, 0.0, 0.0, 0.0, 0.0, 0.0, 0.0, 0.0, 0.0, 0.0, 0.0, 0.0, 0.0, 0.0, 0.0, 0.0, 0.0, 0.0, 0.0, 0.0, 0.0, 0.0, 0.0, 0.0, 0.0, 0.0, 0.0, 0.0, 0.0, 0.0, 0.0, 0.0, 0.0, 0.0, 0.0, 0.0, 0.0, 0.0, 0.0, 0.0, 0.0, 0.0, 0.0, 0.0]}, {"time": 28.0, "step_sample_count": 262144, "data": [0.6207283807997891, 0.684207230393273, -0.7976317905325554, -1.5509098484902082, 2.1404108589664625, 0.7976317905325554, -2.1404108589664625, 1.5509098484902082, 2.330100724040763, -0.351817477044585, 0.24304749300239054, -2.330100724040763, -0.24304749300239054, 0.351817477044585, 2.411796066146014, -0.28579403232607176, 1.0513213704304563, 2.411796066146014, 1.0513213704304563, -0.28579403232607176, 0.8340640507913379, 1.67880859148533, -0.46581721371410406, 0.8340640507913379, -0.46581721371410406, 1.67880859148533, 0.0, -28.0, 0.0, 0.0, 0.0, 0.0, 0.0, 0.0, 0.0, 0.0, 0.0, 0.0, 0.0, 6.921980673998821, 13.843961347997642, -21.303665965011444, -14.381685291012621, -7.459704617013801, -42.60733193002289, -35.68535125602406, -28.763370582025242, -28.0], "data_imag": [-8.064087424185193e-19, 1.2881564461781887e-17, 0.0, 0.0, 0.0, 0.0, 0.0, 0.0, 0.0, 0.0, 0.0, 0.0, 0.0, 0.0, 0.0, 0.0, 0.0, 0.0, 0.0, 0.0, 0.0, 0.0, 0.0, 0.0, 0.0, 0.0, 0.0, 0.0, 0.0, 0.0, 0.0, 0.0, 0.0, 0.0, 0.0, 0.0, 0.0, 0.0, 0.0, 0.0, 0.0, 0.0, 0.0, 0.0, 0.0, 0.0, 0.0, 0.0]}], "random_generator": {"seed": "very_nice_seed"}, "realworld_total_calculation_time": 3969.666}