{"hamiltonian": {"U": 1.0, "E": 0.8, "J": 0.1, "phi": 2.5132741228718345, "type": "FirstOrderVariationalClassicalNetworkAnalyticalParamsHamiltonian", "eta_calculation_sampler": {}, "psi_selection": {"type": "ChainDirectionDependentAllSameFirstOrder", "number_of_psis": 6, "J": 0.1}, "random_generator": {"seed": "46954944"}, "init_sigma": 0, "pseudo_inverse_cutoff": 0, "effective_time_step_size": 0.0, "number_workers": 1, "variational_step_fraction_multiplier": 1, "ue_might_change": false, "ue_variational": false}, "start_time": 0.0, "time_step": 0.3225806451612903, "number_of_time_steps": 31, "sampler": {"system_geometry": {"type": "LinearChainNonPeriodicState", "size": 4}, "initial_system_state": {"type": "HomogenousInitialSystemState"}, "type": "ExactSampler"}, "observables": [{"type": "Energy", "label": "Energy per site"}, {"type": "EnergyVariance", "label": "Energy Variance per site"}, {"type": "VCNFactor", "label": "Re-Part of VCN Parameter 0", "param_real_part": true, "param_index": 0, "can_return_value": true}, {"type": "VCNFactor", "label": "Re-Part of VCN Parameter 1", "param_real_part": true, "param_index": 1, "can_return_value": true}, {"type": "VCNFactor", "label": "Re-Part of VCN Parameter 2", "param_real_part": true, "param_index": 2, "can_return_value": true}, {"type": "VCNFactor", "label": "Re-Part of VCN Parameter 3", "param_real_part": true, "param_index": 3, "can_return_value": true}, {"type": "VCNFactor", "label": "Re-Part of VCN Parameter 4", "param_real_part": true, "param_index": 4, "can_return_value": true}, {"type": "VCNFactor", "label": "Re-Part of VCN Parameter 5", "param_real_part": true, "param_index": 5, "can_return_value": true}, {"type": "VCNFactor", "label": "Im-Part of VCN Parameter 0", "param_real_part": false, "param_index": 0, "can_return_value": true}, {"type": "VCNFactor", "label": "Im-Part of VCN Parameter 1", "param_real_part": false, "param_index": 1, "can_return_value": true}, {"type": "VCNFactor", "label": "Im-Part of VCN Parameter 2", "param_real_part": false, "param_index": 2, "can_return_value": true}, {"type": "VCNFactor", "label": "Im-Part of VCN Parameter 3", "param_real_part": false, "param_index": 3, "can_return_value": true}, {"type": "VCNFactor", "label": "Im-Part of VCN Parameter 4", "param_real_part": false, "param_index": 4, "can_return_value": true}, {"type": "VCNFactor", "label": "Im-Part of VCN Parameter 5", "param_real_part": false, "param_index": 5, "can_return_value": true}, {"type": "BaseEnergyFactor", "label": "Re-Part of BE-Factor U", "param_real_part": true, "param_index": -1, "can_return_value": true, "kind": "U"}, {"type": "BaseEnergyFactor", "label": "Im-Part of BE-Factor U", "param_real_part": false, "param_index": -1, "can_return_value": true, "kind": "U"}, {"type": "BaseEnergyFactor", "label": "Re-Part of BE-Factor eps-0", "param_real_part": true, "param_index": 0, "can_return_value": true, "kind": "eps"}, {"type": "BaseEnergyFactor", "label": "Re-Part of BE-Factor eps-1", "param_real_part": true, "param_index": 1, "can_return_value": true, "kind": "eps"}, {"type": "BaseEnergyFactor", "label": "Re-Part of BE-Factor eps-2", "param_real_part": true, "param_index": 2, "can_return_value": true, "kind": "eps"}, {"type": "BaseEnergyFactor", "label": "Re-Part of BE-Factor eps-3", "param_real_part": true, "param_index": 3, "can_return_value": true, "kind": "eps"}, {"type": "BaseEnergyFactor", "label": "Re-Part of BE-Factor eps-4", "param_real_part": true, "param_index": 4, "can_return_value": true, "kind": "eps"}, {"type": "BaseEnergyFactor", "label": "Im-Part of BE-Factor eps-0", "param_real_part": false, "param_index": 0, "can_return_value": true, "kind": "eps"}, {"type": "BaseEnergyFactor", "label": "Im-Part of BE-Factor eps-1", "param_real_part": false, "param_index": 1, "can_return_value": true, "kind": "eps"}, {"type": "BaseEnergyFactor", "label": "Im-Part of BE-Factor eps-2", "param_real_part": false, "param_index": 2, "can_return_value": true, "kind": "eps"}, {"type": "BaseEnergyFactor", "label": "Im-Part of BE-Factor eps-3", "param_real_part": false, "param_index": 3, "can_return_value": true, "kind": "eps"}, {"type": "BaseEnergyFactor", "label": "Im-Part of BE-Factor eps-4", "param_real_part": false, "param_index": 4, "can_return_value": true, "kind": "eps"}], "measurements": [{"time": 0.0, "step_sample_count": 256, "data": [0.175, 0.4530533988749894, 0.0, 0.0, -0.0, -0.0, 0.0, -0.0, 0.0, 0.0, -0.0, -0.0, 0.0, -0.0, 0.0, 0.0, 0.0, 0.0, 0.0, 0.0, 0.0, 0.0, 0.0, 0.0, 0.0, 0.0], "data_imag": [0.0, 0.0, 0.0, 0.0, 0.0, 0.0, 0.0, 0.0, 0.0, 0.0, 0.0, 0.0, 0.0, 0.0, 0.0, 0.0, 0.0, 0.0, 0.0, 0.0, 0.0, 0.0, 0.0, 0.0, 0.0, 0.0]}, {"time": 0.3225806451612903, "step_sample_count": 256, "data": [0.17506211965468937, 0.4532661839921155, -0.03355182551473918, -0.08370551329459655, 0.018335370798109887, 0.03355182551473918, -0.018335370798109887, 0.08370551329459655, 0.32024227979484887, 0.3076137931521058, 0.32188481040321243, 0.32024227979484887, 0.32188481040321243, 0.3076137931521058, 0.0, -0.3225806451612903, 0.0, 0.0, 0.0, 0.0, 0.0, -0.31316786879030223, -0.10438928959676741, 0.10438928959676741, 0.31316786879030223, -0.3225806451612903], "data_imag": [-1.6936761440649705e-19, 2.3719882863087573e-19, 0.0, 0.0, 0.0, 0.0, 0.0, 0.0, 0.0, 0.0, 0.0, 0.0, 0.0, 0.0, 0.0, 0.0, 0.0, 0.0, 0.0, 0.0, 0.0, 0.0, 0.0, 0.0, 0.0, 0.0]}, {"time": 0.6451612903225806, "step_sample_count": 256, "data": [0.17531302896650225, 0.45367431529083935, -0.1327501330153596, -0.3117392769396178, 0.07310427961745039, 0.1327501330153596, -0.07310427961745039, 0.3117392769396178, 0.6265763108011773, 0.530399477905918, 0.639605416624079, 0.6265763108011773, 0.639605416624079, 0.530399477905918, 0.0, -0.6451612903225806, 0.0, 0.0, 0.0, 0.0, 0.0, -0.6263357375806045, -0.20877857919353482, 0.20877857919353482, 0.6263357375806045, -0.6451612903225806], "data_imag": [1.5399307208421057e-18, -2.1597593525551896e-18, 0.0, 0.0, 0.0, 0.0, 0.0, 0.0, 0.0, 0.0, 0.0, 0.0, 0.0, 0.0, 0.0, 0.0, 0.0, 0.0, 0.0, 0.0, 0.0, 0.0, 0.0, 0.0, 0.0, 0.0]}, {"time": 0.967741935483871, "step_sample_count": 256, "data": [0.17565376687179773, 0.453578522309519, -0.2932867007985851, -0.6212183082744462, 0.16359818442125282, 0.2932867007985851, -0.16359818442125282, 0.6212183082744462, 0.9056978849726404, 0.6069212908574864, 0.9490514865360697, 0.9056978849726404, 0.9490514865360697, 0.6069212908574864, 0.0, -0.967741935483871, 0.0, 0.0, 0.0, 0.0, 0.0, -0.9395036063709067, -0.31316786879030223, 0.31316786879030223, 0.9395036063709067, -0.967741935483871], "data_imag": [2.7403760363985695e-19, -3.850858987508923e-19, 0.0, 0.0, 0.0, 0.0, 0.0, 0.0, 0.0, 0.0, 0.0, 0.0, 0.0, 0.0, 0.0, 0.0, 0.0, 0.0, 0.0, 0.0, 0.0, 0.0, 0.0, 0.0, 0.0, 0.0]}, {"time": 1.2903225806451613, "step_sample_count": 256, "data": [0.17549463361193163, 0.4520647869961289, -0.5081893622728756, -0.9268001376131118, 0.28864637107613256, 0.5081893622728756, -0.28864637107613256, 0.9268001376131118, 1.1454846420190632, 0.5160774453236634, 1.2462197351847812, 1.1454846420190632, 1.2462197351847812, 0.5160774453236634, 0.0, -1.2903225806451613, 0.0, 0.0, 0.0, 0.0, 0.0, -1.252671475161209, -0.41755715838706964, 0.41755715838706964, 1.252671475161209, -1.2903225806451613], "data_imag": [3.4074502367917966e-19, -4.783913846853327e-19, 0.0, 0.0, 0.0, 0.0, 0.0, 0.0, 0.0, 0.0, 0.0, 0.0, 0.0, 0.0, 0.0, 0.0, 0.0, 0.0, 0.0, 0.0, 0.0, 0.0, 0.0, 0.0, 0.0, 0.0]}, {"time": 1.6129032258064515, "step_sample_count": 256, "data": [0.1740710225351297, 0.4486111106242452, -0.7681248099092739, -1.1442169943915308, 0.4466310988095111, 0.7681248099092739, -0.4466310988095111, 1.1442169943915308, 1.3355225483052537, 0.2829191963125447, 1.5272657150415054, 1.3355225483052537, 1.5272657150415054, 0.2829191963125447, 0.0, -1.6129032258064515, 0.0, 0.0, 0.0, 0.0, 0.0, -1.565839343951511, -0.521946447983837, 0.521946447983837, 1.565839343951511, -1.6129032258064515], "data_imag": [3.192029564522861e-19, -4.445118802070874e-19, 0.0, 0.0, 0.0, 0.0, 0.0, 0.0, 0.0, 0.0, 0.0, 0.0, 0.0, 0.0, 0.0, 0.0, 0.0, 0.0, 0.0, 0.0, 0.0, 0.0, 0.0, 0.0, 0.0, 0.0]}, {"time": 1.935483870967742, "step_sample_count": 256, "data": [0.17106853989872045, 0.4434449423461955, -1.0618039444764158, -1.2135136324374471, 0.6355085288234351, 1.0618039444764158, -0.6355085288234351, 1.2135136324374471, 1.467558182447967, -0.028257336621530918, 1.7885535513866972, 1.467558182447967, 1.7885535513866972, -0.028257336621530918, 0.0, -1.935483870967742, 0.0, 0.0, 0.0, 0.0, 0.0, -1.8790072127418134, -0.6263357375806045, 0.6263357375806045, 1.8790072127418134, -1.935483870967742], "data_imag": [2.1134487989042691e-19, -2.892356801434063e-19, 0.0, 0.0, 0.0, 0.0, 0.0, 0.0, 0.0, 0.0, 0.0, 0.0, 0.0, 0.0, 0.0, 0.0, 0.0, 0.0, 0.0, 0.0, 0.0, 0.0, 0.0, 0.0, 0.0, 0.0]}, {"time": 2.258064516129032, "step_sample_count": 256, "data": [0.1668916227920561, 0.43737055590612844, -1.3764721650822076, -1.1155806917200197, 0.8528351653125887, 1.3764721650822076, -0.8528351653125887, 1.1155806917200197, 1.5358571846687776, -0.3316415778335211, 2.0267029793997144, 1.5358571846687776, 2.0267029793997144, -0.3316415778335211, 0.0, -2.258064516129032, 0.0, 0.0, 0.0, 0.0, 0.0, -2.192175081532115, -0.7307250271773718, 0.7307250271773718, 2.192175081532115, -2.258064516129032], "data_imag": [8.497125350181945e-20, -1.1344792310075064e-19, 0.0, 0.0, 0.0, 0.0, 0.0, 0.0, 0.0, 0.0, 0.0, 0.0, 0.0, 0.0, 0.0, 0.0, 0.0, 0.0, 0.0, 0.0, 0.0, 0.0, 0.0, 0.0, 0.0, 0.0]}, {"time": 2.5806451612903225, "step_sample_count": 256, "data": [0.1625446921516305, 0.43149730646309925, -1.6984633065318795, -0.8774243283215725, 1.0957994668206692, 1.6984633065318795, -1.0957994668206692, 0.8774243283215725, 1.537453302305784, -0.5435717674388844, 2.2386330744388734, 1.537453302305784, 2.2386330744388734, -0.5435717674388844, 0.0, -2.5806451612903225, 0.0, 0.0, 0.0, 0.0, 0.0, -2.505342950322418, -0.8351143167741393, 0.8351143167741393, 2.505342950322418, -2.5806451612903225], "data_imag": [4.389043287390131e-19, -5.707325519912072e-19, 0.0, 0.0, 0.0, 0.0, 0.0, 0.0, 0.0, 0.0, 0.0, 0.0, 0.0, 0.0, 0.0, 0.0, 0.0, 0.0, 0.0, 0.0, 0.0, 0.0, 0.0, 0.0, 0.0, 0.0]}, {"time": 2.903225806451613, "step_sample_count": 256, "data": [0.1592800201372142, 0.427020503380911, -2.0137931662839974, -0.5647189504118243, 1.3612582189809168, 2.0137931662839974, -1.3612582189809168, 0.5647189504118243, 1.472277215339139, -0.6056056720367751, 2.4216021097758405, 1.472277215339139, 2.4216021097758405, -0.6056056720367751, 0.0, -2.903225806451613, 0.0, 0.0, 0.0, 0.0, 0.0, -2.81851081911272, -0.9395036063709067, 0.9395036063709067, 2.81851081911272, -2.903225806451613], "data_imag": [4.1533964659040213e-19, -5.292424581816215e-19, 0.0, 0.0, 0.0, 0.0, 0.0, 0.0, 0.0, 0.0, 0.0, 0.0, 0.0, 0.0, 0.0, 0.0, 0.0, 0.0, 0.0, 0.0, 0.0, 0.0, 0.0, 0.0, 0.0, 0.0]}, {"time": 3.225806451612903, "step_sample_count": 256, "data": [0.15789199193541573, 0.42461722826952664, -2.308766843894149, -0.26369673055444603, 1.6457771980888918, 2.308766843894149, -1.6457771980888918, 0.26369673055444603, 1.3431595469869115, -0.5006367154568677, 2.5732430261472863, 1.3431595469869115, 2.5732430261472863, -0.5006367154568677, 0.0, -3.225806451612903, 0.0, 0.0, 0.0, 0.0, 0.0, -3.131678687903022, -1.043892895967674, 1.043892895967674, 3.131678687903022, -3.225806451612903], "data_imag": [-1.8904277457642298e-19, 2.3878672191095353e-19, 0.0, 0.0, 0.0, 0.0, 0.0, 0.0, 0.0, 0.0, 0.0, 0.0, 0.0, 0.0, 0.0, 0.0, 0.0, 0.0, 0.0, 0.0, 0.0, 0.0, 0.0, 0.0, 0.0, 0.0]}, {"time": 3.5483870967741935, "step_sample_count": 256, "data": [0.1579971328859005, 0.4236826912655991, -2.5705735159542122, -0.05736807356483552, 1.945675599445317, 2.5705735159542122, -1.945675599445317, 0.05736807356483552, 1.155707928619908, -0.2576113176108766, 2.691594054256369, 1.155707928619908, 2.691594054256369, -0.2576113176108766, 0.0, -3.5483870967741935, 0.0, 0.0, 0.0, 0.0, 0.0, -3.4448465566933244, -1.1482821855644414, 1.1482821855644414, 3.4448465566933244, -3.5483870967741935], "data_imag": [-1.6997572986815078e-19, 2.1484542383484918e-19, 0.0, 0.0, 0.0, 0.0, 0.0, 0.0, 0.0, 0.0, 0.0, 0.0, 0.0, 0.0, 0.0, 0.0, 0.0, 0.0, 0.0, 0.0, 0.0, 0.0, 0.0, 0.0, 0.0, 0.0]}, {"time": 3.870967741935484, "step_sample_count": 256, "data": [0.15820649281925578, 0.42254287389951395, -2.787842815216491, -0.002630524580491836, 2.25707365570223, 2.787842815216491, -2.25707365570223, 0.002630524580491836, 0.918063458114803, 0.056453420022187124, 2.7751240940626136, 0.918063458114803, 2.7751240940626136, 0.056453420022187124, 0.0, -3.870967741935484, 0.0, 0.0, 0.0, 0.0, 0.0, -3.7580144254836267, -1.252671475161209, 1.252671475161209, 3.7580144254836267, -3.870967741935484], "data_imag": [-1.079011791908186e-18, 1.3656533704673173e-18, 0.0, 0.0, 0.0, 0.0, 0.0, 0.0, 0.0, 0.0, 0.0, 0.0, 0.0, 0.0, 0.0, 0.0, 0.0, 0.0, 0.0, 0.0, 0.0, 0.0, 0.0, 0.0, 0.0, 0.0]}, {"time": 4.193548387096774, "step_sample_count": 256, "data": [0.15713690204561914, 0.4195809173979105, -2.9511386501374757, -0.11457860420506276, 2.575942829176802, 2.9511386501374757, -2.575942829176802, 0.11457860420506276, 0.6405471287555523, 0.3549504655045654, 2.8227525225298566, 0.6405471287555523, 2.8227525225298566, 0.3549504655045654, 0.0, -4.193548387096774, 0.0, 0.0, 0.0, 0.0, 0.0, -4.071182294273928, -1.3570607647579762, 1.3570607647579762, 4.071182294273928, -4.193548387096774], "data_imag": [-1.854415405342664e-18, 2.3311767352097383e-18, 0.0, 0.0, 0.0, 0.0, 0.0, 0.0, 0.0, 0.0, 0.0, 0.0, 0.0, 0.0, 0.0, 0.0, 0.0, 0.0, 0.0, 0.0, 0.0, 0.0, 0.0, 0.0, 0.0, 0.0]}, {"time": 4.516129032258064, "step_sample_count": 256, "data": [0.15405393821850422, 0.4138950496082504, -3.053369018063221, -0.36234131755868504, 2.898157928797915, 3.053369018063221, -2.898157928797915, 0.36234131755868504, 0.3352115844156566, 0.5555657604473713, 2.8338631735806326, 0.3352115844156566, 2.8338631735806326, 0.5555657604473713, 0.0, -4.516129032258064, 0.0, 0.0, 0.0, 0.0, 0.0, -4.38435016306423, -1.4614500543547435, 1.4614500543547435, 4.38435016306423, -4.516129032258064], "data_imag": [-5.057905925933909e-19, 6.23352261623063e-19, 0.0, 0.0, 0.0, 0.0, 0.0, 0.0, 0.0, 0.0, 0.0, 0.0, 0.0, 0.0, 0.0, 0.0, 0.0, 0.0, 0.0, 0.0, 0.0, 0.0, 0.0, 0.0, 0.0, 0.0]}, {"time": 4.838709677419355, "step_sample_count": 256, "data": [0.1487362515088943, 0.40514345076105596, -3.0900940137077533, -0.6775951928943561, 3.219550477451734, 3.0900940137077533, -3.219550477451734, 0.6775951928943561, 0.015317668470881151, 0.602977286252599, 2.8083123093991804, 0.015317668470881151, 2.8083123093991804, 0.602977286252599, 0.0, -4.838709677419355, 0.0, 0.0, 0.0, 0.0, 0.0, -4.697518031854533, -1.5658393439515113, 1.5658393439515113, 4.697518031854533, -4.838709677419355], "data_imag": [7.189158885913421e-19, -8.554308353540964e-19, 0.0, 0.0, 0.0, 0.0, 0.0, 0.0, 0.0, 0.0, 0.0, 0.0, 0.0, 0.0, 0.0, 0.0, 0.0, 0.0, 0.0, 0.0, 0.0, 0.0, 0.0, 0.0, 0.0, 0.0]}, {"time": 5.161290322580645, "step_sample_count": 256, "data": [0.14140502342101796, 0.3934873958359053, -3.0597186559945313, -0.9734052796172779, 3.5359626393161747, 3.0597186559945313, -3.5359626393161747, 0.9734052796172779, -0.30524149986995386, 0.4841107590621584, 2.746430479958807, -0.30524149986995386, 2.746430479958807, 0.4841107590621584, 0.0, -5.161290322580645, 0.0, 0.0, 0.0, 0.0, 0.0, -5.010685900644836, -1.6702286335482786, 1.6702286335482786, 5.010685900644836, -5.161290322580645], "data_imag": [2.857015196457006e-19, -3.2319704061536567e-19, 0.0, 0.0, 0.0, 0.0, 0.0, 0.0, 0.0, 0.0, 0.0, 0.0, 0.0, 0.0, 0.0, 0.0, 0.0, 0.0, 0.0, 0.0, 0.0, 0.0, 0.0, 0.0, 0.0, 0.0]}, {"time": 5.483870967741935, "step_sample_count": 256, "data": [0.1329763100384726, 0.3799657703126391, -2.96356215871502, -1.1681984797050458, 3.8433010095296316, 2.96356215871502, -3.8433010095296316, 1.1681984797050458, -0.6125439092235235, 0.23174501674972584, 2.6490182467170236, -0.6125439092235235, 2.6490182467170236, 0.23174501674972584, 0.0, -5.483870967741935, 0.0, 0.0, 0.0, 0.0, 0.0, -5.3238537694351376, -1.7746179231450459, 1.7746179231450459, 5.3238537694351376, -5.483870967741935], "data_imag": [9.362904334085155e-19, -9.960355756718933e-19, 0.0, 0.0, 0.0, 0.0, 0.0, 0.0, 0.0, 0.0, 0.0, 0.0, 0.0, 0.0, 0.0, 0.0, 0.0, 0.0, 0.0, 0.0, 0.0, 0.0, 0.0, 0.0, 0.0, 0.0]}, {"time": 5.806451612903226, "step_sample_count": 256, "data": [0.12489125179407295, 0.36646738942476137, -2.805800636552305, -1.2082582854452597, 4.1375895703203, 2.805800636552305, -4.1375895703203, 1.2082582854452597, -0.8932432944891086, -0.08452712975925024, 2.517335825800738, -0.8932432944891086, 2.517335825800738, -0.08452712975925024, 0.0, -5.806451612903226, 0.0, 0.0, 0.0, 0.0, 0.0, -5.63702163822544, -1.8790072127418134, 1.8790072127418134, 5.63702163822544, -5.806451612903226], "data_imag": [-1.7649079854281237e-18, 1.7633725408117907e-18, 0.0, 0.0, 0.0, 0.0, 0.0, 0.0, 0.0, 0.0, 0.0, 0.0, 0.0, 0.0, 0.0, 0.0, 0.0, 0.0, 0.0, 0.0, 0.0, 0.0, 0.0, 0.0, 0.0, 0.0]}, {"time": 6.129032258064516, "step_sample_count": 256, "data": [0.11847699656667716, 0.3549155851672724, -2.5932857347697817, -1.082537735942817, 4.415021128505852, 2.5932857347697817, -4.415021128505852, 1.082537735942817, -1.1351487704170788, -0.3774899296607772, 2.353086784666999, -1.1351487704170788, 2.353086784666999, -0.3774899296607772, 0.0, -6.129032258064516, 0.0, 0.0, 0.0, 0.0, 0.0, -5.950189507015742, -1.9833965023385807, 1.9833965023385807, 5.950189507015742, -6.129032258064516], "data_imag": [-4.1500364154637566e-19, 3.9334708011718782e-19, 0.0, 0.0, 0.0, 0.0, 0.0, 0.0, 0.0, 0.0, 0.0, 0.0, 0.0, 0.0, 0.0, 0.0, 0.0, 0.0, 0.0, 0.0, 0.0, 0.0, 0.0, 0.0, 0.0, 0.0]}, {"time": 6.451612903225806, "step_sample_count": 256, "data": [0.114535050458167, 0.3464518436392407, -2.3352470595492205, -0.8257057460464515, 4.672006568919706, 2.3352470595492205, -4.672006568919706, 0.8257057460464515, -1.327754286573785, -0.5663554576409023, 2.1583960031545866, -1.327754286573785, 2.1583960031545866, -0.5663554576409023, 0.0, -6.451612903225806, 0.0, 0.0, 0.0, 0.0, 0.0, -6.263357375806044, -2.087785791935348, 2.087785791935348, 6.263357375806044, -6.451612903225806], "data_imag": [-2.778861670539922e-19, 2.5462164932124506e-19, 0.0, 0.0, 0.0, 0.0, 0.0, 0.0, 0.0, 0.0, 0.0, 0.0, 0.0, 0.0, 0.0, 0.0, 0.0, 0.0, 0.0, 0.0, 0.0, 0.0, 0.0, 0.0, 0.0, 0.0]}, {"time": 6.774193548387097, "step_sample_count": 256, "data": [0.11329707546814781, 0.3411984924460397, -2.0428913325462585, -0.5085867467929898, 4.905221286575273, 2.0428913325462585, -4.905221286575273, 0.5085867467929898, -1.4626949092644488, -0.5990418310375012, 1.9357821840429903, -1.4626949092644488, 1.9357821840429903, -0.5990418310375012, 0.0, -6.774193548387097, 0.0, 0.0, 0.0, 0.0, 0.0, -6.576525244596347, -2.1921750815321155, 2.1921750815321155, 6.576525244596347, -6.774193548387097], "data_imag": [6.655662594219363e-21, -6.032536857822396e-21, 0.0, 0.0, 0.0, 0.0, 0.0, 0.0, 0.0, 0.0, 0.0, 0.0, 0.0, 0.0, 0.0, 0.0, 0.0, 0.0, 0.0, 0.0, 0.0, 0.0, 0.0, 0.0, 0.0, 0.0]}, {"time": 7.096774193548387, "step_sample_count": 256, "data": [0.11441112681661922, 0.33837552429805007, -1.7289156785393964, -0.21863001855501288, 5.111648196878131, 1.7289156785393964, -5.111648196878131, 0.21863001855501288, -1.534110113909797, -0.46653539933372956, 1.6881252687479968, -1.534110113909797, 1.6881252687479968, -0.46653539933372956, 0.0, -7.096774193548387, 0.0, 0.0, 0.0, 0.0, 0.0, -6.889693113386649, -2.296564371128883, 2.296564371128883, 6.889693113386649, -7.096774193548387], "data_imag": [-1.1920180501253811e-18, 1.0910410264047534e-18, 0.0, 0.0, 0.0, 0.0, 0.0, 0.0, 0.0, 0.0, 0.0, 0.0, 0.0, 0.0, 0.0, 0.0, 0.0, 0.0, 0.0, 0.0, 0.0, 0.0, 0.0, 0.0, 0.0, 0.0]}, {"time": 7.419354838709677, "step_sample_count": 256, "data": [0.11699526551479494, 0.3366555391592858, -1.4069561842822733, -0.035794527156992516, 5.2886167674656175, 1.4069561842822733, -5.2886167674656175, 0.035794527156992516, -1.5388983099449405, -0.2053763639193241, 1.4186291796950423, -1.5388983099449405, 1.4186291796950423, -0.2053763639193241, 0.0, -7.419354838709677, 0.0, 0.0, 0.0, 0.0, 0.0, -7.202860982176951, -2.40095366072565, 2.40095366072565, 7.202860982176951, -7.419354838709677], "data_imag": [3.8882420585611995e-19, -3.639247296217283e-19, 0.0, 0.0, 0.0, 0.0, 0.0, 0.0, 0.0, 0.0, 0.0, 0.0, 0.0, 0.0, 0.0, 0.0, 0.0, 0.0, 0.0, 0.0, 0.0, 0.0, 0.0, 0.0, 0.0, 0.0]}, {"time": 7.741935483870968, "step_sample_count": 256, "data": [0.12003737587985985, 0.3348410320216089, -1.0909956778662413, -0.01049930200733218, 5.433837566721307, 1.0909956778662413, -5.433837566721307, 0.01049930200733218, -1.4768515441235195, 0.112417610658494, 1.1307803713699844, -1.4768515441235195, 1.1307803713699844, 0.112417610658494, 0.0, -7.741935483870968, 0.0, 0.0, 0.0, 0.0, 0.0, -7.5160288509672535, -2.505342950322418, 2.505342950322418, 7.5160288509672535, -7.741935483870968], "data_imag": [8.64508492984458e-19, -8.301866473896528e-19, 0.0, 0.0, 0.0, 0.0, 0.0, 0.0, 0.0, 0.0, 0.0, 0.0, 0.0, 0.0, 0.0, 0.0, 0.0, 0.0, 0.0, 0.0, 0.0, 0.0, 0.0, 0.0, 0.0, 0.0]}, {"time": 8.064516129032258, "step_sample_count": 256, "data": [0.12285008643919802, 0.33235245010682707, -0.7947564489695913, -0.14971979787666262, 5.5454318820123545, 0.7947564489695913, -5.5454318820123545, 0.14971979787666262, -1.3506645320093884, 0.3992111116713935, 0.8283027262698252, -1.3506645320093884, 0.8283027262698252, 0.3992111116713935, 0.0, -8.064516129032258, 0.0, 0.0, 0.0, 0.0, 0.0, -7.829196719757555, -2.609732239919185, 2.609732239919185, 7.829196719757555, -8.064516129032258], "data_imag": [-1.1249892039125344e-18, 1.1056401675505555e-18, 0.0, 0.0, 0.0, 0.0, 0.0, 0.0, 0.0, 0.0, 0.0, 0.0, 0.0, 0.0, 0.0, 0.0, 0.0, 0.0, 0.0, 0.0, 0.0, 0.0, 0.0, 0.0, 0.0, 0.0]}, {"time": 8.387096774193548, "step_sample_count": 256, "data": [0.12509857976836725, 0.32912772458545986, -0.5311042843930344, -0.415064331499246, 5.621956024480385, 0.5311042843930344, -5.621956024480385, 0.415064331499246, -1.1658176254145804, 0.5759174702721863, 0.5151093792617051, -1.1658176254145804, 0.5151093792617051, 0.5759174702721863, 0.0, -8.387096774193548, 0.0, 0.0, 0.0, 0.0, 0.0, -8.142364588547856, -2.7141215295159524, 2.7141215295159524, 8.142364588547856, -8.387096774193548], "data_imag": [1.5281446658176429e-18, -1.5293498189951468e-18, 0.0, 0.0, 0.0, 0.0, 0.0, 0.0, 0.0, 0.0, 0.0, 0.0, 0.0, 0.0, 0.0, 0.0, 0.0, 0.0, 0.0, 0.0, 0.0, 0.0, 0.0, 0.0, 0.0, 0.0]}, {"time": 8.709677419354838, "step_sample_count": 256, "data": [0.12668567756721807, 0.32555154071500314, -0.3114897018536928, -0.7333610381469579, 5.6624200059562835, 0.3114897018536928, -5.6624200059562835, 0.7333610381469579, -0.9303387985539807, 0.5938078372488221, 0.19525209359552848, -0.9303387985539807, 0.19525209359552848, 0.5938078372488221, 0.0, -8.709677419354838, 0.0, 0.0, 0.0, 0.0, 0.0, -8.455532457338158, -2.8185108191127197, 2.8185108191127197, 8.455532457338158, -8.709677419354838], "data_imag": [2.1710717491547346e-18, -2.2003495647097037e-18, 0.0, 0.0, 0.0, 0.0, 0.0, 0.0, 0.0, 0.0, 0.0, 0.0, 0.0, 0.0, 0.0, 0.0, 0.0, 0.0, 0.0, 0.0, 0.0, 0.0, 0.0, 0.0, 0.0, 0.0]}, {"time": 9.032258064516128, "step_sample_count": 256, "data": [0.127881609034458, 0.3227194470742715, -0.14545064947478453, -1.0168358708316614, 5.6663003463768415, 0.14545064947478453, -5.6663003463768415, 1.0168358708316614, -0.6544549899520844, 0.447948734249669, -0.12713115651036117, -0.6544549899520844, -0.12713115651036117, 0.447948734249669, 0.0, -9.032258064516128, 0.0, 0.0, 0.0, 0.0, 0.0, -8.76870032612846, -2.922900108709487, 2.922900108709487, 8.76870032612846, -9.032258064516128], "data_imag": [7.846596070568442e-19, -8.027482647581979e-19, 0.0, 0.0, 0.0, 0.0, 0.0, 0.0, 0.0, 0.0, 0.0, 0.0, 0.0, 0.0, 0.0, 0.0, 0.0, 0.0, 0.0, 0.0, 0.0, 0.0, 0.0, 0.0, 0.0, 0.0]}, {"time": 9.35483870967742, "step_sample_count": 256, "data": [0.12931183703501828, 0.3222505944248657, -0.04019826892871866, -1.187317322389256, 5.633546846014436, 0.04019826892871866, -5.633546846014436, 1.187317322389256, -0.35014794246063935, 0.17856251825457684, -0.44786971858955155, -0.35014794246063935, -0.44786971858955155, 0.17856251825457684, 0.0, -9.35483870967742, 0.0, 0.0, 0.0, 0.0, 0.0, -9.081868194918764, -3.027289398306255, 3.027289398306255, 9.081868194918764, -9.35483870967742], "data_imag": [-1.41708537890495e-19, 1.4659673086533122e-19, 0.0, 0.0, 0.0, 0.0, 0.0, 0.0, 0.0, 0.0, 0.0, 0.0, 0.0, 0.0, 0.0, 0.0, 0.0, 0.0, 0.0, 0.0, 0.0, 0.0, 0.0, 0.0, 0.0, 0.0]}, {"time": 9.67741935483871, "step_sample_count": 256, "data": [0.13149099324246705, 0.3253432339690513, -0.00030371270403223934, -1.1977931346747515, 5.564583234907849, 0.00030371270403223934, -5.564583234907849, 1.1977931346747515, -0.0306338314307681, -0.1400644047294945, -0.7628142174044307, -0.0306338314307681, -0.7628142174044307, -0.1400644047294945, 0.0, -9.67741935483871, 0.0, 0.0, 0.0, 0.0, 0.0, -9.395036063709066, -3.1316786879030225, 3.1316786879030225, 9.395036063709066, -9.67741935483871], "data_imag": [-5.149906156701353e-19, 5.417330205201259e-19, 0.0, 0.0, 0.0, 0.0, 0.0, 0.0, 0.0, 0.0, 0.0, 0.0, 0.0, 0.0, 0.0, 0.0, 0.0, 0.0, 0.0, 0.0, 0.0, 0.0, 0.0, 0.0, 0.0, 0.0]}], "random_generator": {"seed": "very_nice_seed"}, "realworld_total_calculation_time": 1.737}