{"hamiltonian": {"U": 1.0, "E": 0.8, "J": 0.1, "phi": 1.8849555921538759, "type": "FirstOrderVariationalClassicalNetworkHamiltonian", "eta_calculation_sampler": {"system_geometry": {"type": "SquareSystemNonPeriodicState", "size": 2}, "initial_system_state": {"type": "HomogenousInitialSystemState"}, "type": "ExactSampler"}, "psi_selection": {"type": "SquareDirectionDependentAllSameFirstOrder", "number_of_psis": 12, "J": 0.1}, "random_generator": {"seed": "46954944"}, "init_sigma": 1e-05, "pseudo_inverse_cutoff": 1e-10, "effective_time_step_size": 0.49019607843137253, "number_workers": 16, "variational_step_fraction_multiplier": 1, "ue_might_change": true, "ue_variational": true}, "start_time": 0.0, "time_step": 0.49019607843137253, "number_of_time_steps": 51, "sampler": {"system_geometry": {"type": "SquareSystemNonPeriodicState", "size": 2}, "initial_system_state": {"type": "HomogenousInitialSystemState"}, "type": "ExactSampler"}, "observables": [{"type": "Energy", "label": "Energy per site"}, {"type": "EnergyVariance", "label": "Energy Variance per site"}, {"type": "VCNFactor", "label": "Re-Part of VCN Parameter 0", "param_real_part": true, "param_index": 0, "can_return_value": true}, {"type": "VCNFactor", "label": "Re-Part of VCN Parameter 1", "param_real_part": true, "param_index": 1, "can_return_value": true}, {"type": "VCNFactor", "label": "Re-Part of VCN Parameter 2", "param_real_part": true, "param_index": 2, "can_return_value": true}, {"type": "VCNFactor", "label": "Re-Part of VCN Parameter 3", "param_real_part": true, "param_index": 3, "can_return_value": true}, {"type": "VCNFactor", "label": "Re-Part of VCN Parameter 4", "param_real_part": true, "param_index": 4, "can_return_value": true}, {"type": "VCNFactor", "label": "Re-Part of VCN Parameter 5", "param_real_part": true, "param_index": 5, "can_return_value": true}, {"type": "VCNFactor", "label": "Re-Part of VCN Parameter 6", "param_real_part": true, "param_index": 6, "can_return_value": true}, {"type": "VCNFactor", "label": "Re-Part of VCN Parameter 7", "param_real_part": true, "param_index": 7, "can_return_value": true}, {"type": "VCNFactor", "label": "Re-Part of VCN Parameter 8", "param_real_part": true, "param_index": 8, "can_return_value": true}, {"type": "VCNFactor", "label": "Re-Part of VCN Parameter 9", "param_real_part": true, "param_index": 9, "can_return_value": true}, {"type": "VCNFactor", "label": "Re-Part of VCN Parameter 10", "param_real_part": true, "param_index": 10, "can_return_value": true}, {"type": "VCNFactor", "label": "Re-Part of VCN Parameter 11", "param_real_part": true, "param_index": 11, "can_return_value": true}, {"type": "VCNFactor", "label": "Im-Part of VCN Parameter 0", "param_real_part": false, "param_index": 0, "can_return_value": true}, {"type": "VCNFactor", "label": "Im-Part of VCN Parameter 1", "param_real_part": false, "param_index": 1, "can_return_value": true}, {"type": "VCNFactor", "label": "Im-Part of VCN Parameter 2", "param_real_part": false, "param_index": 2, "can_return_value": true}, {"type": "VCNFactor", "label": "Im-Part of VCN Parameter 3", "param_real_part": false, "param_index": 3, "can_return_value": true}, {"type": "VCNFactor", "label": "Im-Part of VCN Parameter 4", "param_real_part": false, "param_index": 4, "can_return_value": true}, {"type": "VCNFactor", "label": "Im-Part of VCN Parameter 5", "param_real_part": false, "param_index": 5, "can_return_value": true}, {"type": "VCNFactor", "label": "Im-Part of VCN Parameter 6", "param_real_part": false, "param_index": 6, "can_return_value": true}, {"type": "VCNFactor", "label": "Im-Part of VCN Parameter 7", "param_real_part": false, "param_index": 7, "can_return_value": true}, {"type": "VCNFactor", "label": "Im-Part of VCN Parameter 8", "param_real_part": false, "param_index": 8, "can_return_value": true}, {"type": "VCNFactor", "label": "Im-Part of VCN Parameter 9", "param_real_part": false, "param_index": 9, "can_return_value": true}, {"type": "VCNFactor", "label": "Im-Part of VCN Parameter 10", "param_real_part": false, "param_index": 10, "can_return_value": true}, {"type": "VCNFactor", "label": "Im-Part of VCN Parameter 11", "param_real_part": false, "param_index": 11, "can_return_value": true}, {"type": "BaseEnergyFactor", "label": "Re-Part of BE-Factor U", "param_real_part": true, "param_index": -1, "can_return_value": true, "kind": "U"}, {"type": "BaseEnergyFactor", "label": "Im-Part of BE-Factor U", "param_real_part": false, "param_index": -1, "can_return_value": true, "kind": "U"}, {"type": "BaseEnergyFactor", "label": "Re-Part of BE-Factor eps-0", "param_real_part": true, "param_index": 0, "can_return_value": true, "kind": "eps"}, {"type": "BaseEnergyFactor", "label": "Re-Part of BE-Factor eps-1", "param_real_part": true, "param_index": 1, "can_return_value": true, "kind": "eps"}, {"type": "BaseEnergyFactor", "label": "Re-Part of BE-Factor eps-2", "param_real_part": true, "param_index": 2, "can_return_value": true, "kind": "eps"}, {"type": "BaseEnergyFactor", "label": "Re-Part of BE-Factor eps-3", "param_real_part": true, "param_index": 3, "can_return_value": true, "kind": "eps"}, {"type": "BaseEnergyFactor", "label": "Re-Part of BE-Factor eps-4", "param_real_part": true, "param_index": 4, "can_return_value": true, "kind": "eps"}, {"type": "BaseEnergyFactor", "label": "Im-Part of BE-Factor eps-0", "param_real_part": false, "param_index": 0, "can_return_value": true, "kind": "eps"}, {"type": "BaseEnergyFactor", "label": "Im-Part of BE-Factor eps-1", "param_real_part": false, "param_index": 1, "can_return_value": true, "kind": "eps"}, {"type": "BaseEnergyFactor", "label": "Im-Part of BE-Factor eps-2", "param_real_part": false, "param_index": 2, "can_return_value": true, "kind": "eps"}, {"type": "BaseEnergyFactor", "label": "Im-Part of BE-Factor eps-3", "param_real_part": false, "param_index": 3, "can_return_value": true, "kind": "eps"}, {"type": "BaseEnergyFactor", "label": "Im-Part of BE-Factor eps-4", "param_real_part": false, "param_index": 4, "can_return_value": true, "kind": "eps"}], "measurements": [{"time": 0.0, "step_sample_count": 256, "data": [0.4068200343803896, 0.4338893723952918, -2.409211346512654e-05, 1.3364613742072939e-05, 1.5426940819682473e-06, -2.3095526437844924e-06, 2.9577584621232426e-06, -1.5668367408516222e-05, 1.0073359691169309e-05, -1.2604172898632618e-05, -1.1358230129747497e-05, 3.80637423358691e-06, 2.8480717089983352e-06, -1.895923534861108e-05, -1.1357545410297846e-05, 4.318272037258513e-06, -1.4618044943022195e-05, 1.2968369814907847e-06, -2.4229613465669603e-06, 1.2658790972584678e-05, -4.320935634434884e-06, -4.807979398987998e-06, -1.0283182688040512e-05, 1.5791125000597532e-06, 1.6795899010380995e-05, -6.0341603244068835e-06, 7.2706396032623796e-06, -2.5990623020784137e-06, 2.105483127674879e-05, 1.1085069673905734e-05, -9.132533945527703e-06, -1.2101228867378676e-06, 7.2706396032623796e-06, -5.612770751019133e-06, -2.3901402852107364e-06, -7.7877375531777e-06, 4.464171819755137e-06, -2.5990623020784137e-06], "data_imag": [-8.271351266177394e-25, 2.691961125182853e-24, 0.0, 0.0, 0.0, 0.0, 0.0, 0.0, 0.0, 0.0, 0.0, 0.0, 0.0, 0.0, 0.0, 0.0, 0.0, 0.0, 0.0, 0.0, 0.0, 0.0, 0.0, 0.0, 0.0, 0.0, 0.0, 0.0, 0.0, 0.0, 0.0, 0.0, 0.0, 0.0, 0.0, 0.0, 0.0, 0.0]}, {"time": 0.49019607843137253, "step_sample_count": 256, "data": [0.4165054278207246, 0.44074876045179345, -2.6344549234982605e-05, 1.4175461430079407e-05, 1.8380079076861052e-06, -2.1070646296448043e-06, 1.4696306883270723e-06, -1.5373053582798365e-05, 1.0814716056603851e-05, -1.2828987430520936e-05, -1.2366022939806996e-05, 2.659323018079535e-06, 4.583784255067488e-06, -1.9967028158670586e-05, 0.48419032730286754, 0.4841930555546324, 0.49018771334172817, 0.4961973715229397, 0.49618859368618956, 0.49021499017764375, 0.5086516737092344, 0.5086513513526687, 0.4901925997715033, 0.4717333738842104, 0.4717434318810168, 0.4901968487929753, 7.125047733002794e-06, -0.49019847519106774, 2.099805959800545e-05, 1.0922820377431077e-05, -9.713927367527514e-06, -1.2655546979999373e-07, 7.125047733002794e-06, -0.0012540503975830583, 0.11873427254200979, -0.3705230873587832, -0.2505292433921544, -0.49019847519106774], "data_imag": [1.3212987366724597e-19, -4.402624764773964e-19, 0.0, 0.0, 0.0, 0.0, 0.0, 0.0, 0.0, 0.0, 0.0, 0.0, 0.0, 0.0, 0.0, 0.0, 0.0, 0.0, 0.0, 0.0, 0.0, 0.0, 0.0, 0.0, 0.0, 0.0, 0.0, 0.0, 0.0, 0.0, 0.0, 0.0, 0.0, 0.0, 0.0, 0.0, 0.0, 0.0]}, {"time": 0.9803921568627451, "step_sample_count": 256, "data": [0.42232310211012847, 0.44257822814412906, 0.016270413388945113, -0.20526527573469225, 0.2705997557931588, 0.024360813109608574, -0.21114065215599687, 0.27058254473174087, 0.03526103638200806, -0.20014483154062454, 0.2592160444203009, 0.010950326303467747, -0.18246614985354975, 0.25920844341515475, 0.971379813231573, 0.8968903093963982, 0.9068423460142684, 0.967877444980534, 0.9490511688932579, 0.9068696228510756, 0.9351331620253687, 0.9766049101638543, 0.8797294378663244, 0.9441862270452139, 0.8178848990416216, 0.8797336868877964, 0.006523871484224688, -0.9832702335197047, 0.006771608759923951, 0.01777792873043783, -0.026466595249774644, -0.015438486327613873, 0.006523871484224688, 0.0020099354341416645, 0.24527939097446855, -0.7464611476424006, -0.5031893469106079, -0.9832702335197047], "data_imag": [-5.112653871578068e-19, 1.7273534744481674e-18, 0.0, 0.0, 0.0, 0.0, 0.0, 0.0, 0.0, 0.0, 0.0, 0.0, 0.0, 0.0, 0.0, 0.0, 0.0, 0.0, 0.0, 0.0, 0.0, 0.0, 0.0, 0.0, 0.0, 0.0, 0.0, 0.0, 0.0, 0.0, 0.0, 0.0, 0.0, 0.0, 0.0, 0.0, 0.0, 0.0]}, {"time": 1.4705882352941175, "step_sample_count": 256, "data": [0.4217764296266243, 0.4371637727264862, 0.023990653771199796, -0.6197183365782328, 0.6567959616240076, 0.06739066738479836, -0.6570823247579486, 0.6567787505625841, 0.11182807677727981, -0.5571979798470652, 0.5668804648329744, -0.014359399638043235, -0.44832444747669487, 0.5668728638282443, 1.465704621428611, 1.1421105552079651, 1.084770096005707, 1.3591576305584543, 1.3236894362334253, 1.0847973728425142, 1.120304580426861, 1.3943647597925293, 0.9963194688301144, 1.4155424857349996, 0.8688106111316062, 0.9963237178524781, 0.015430472766265049, -1.48729900612326, 0.018223794658592446, 0.04833341845506228, -0.06842569440748515, -0.038290868063695575, 0.015430472766265049, 0.01780232139941283, 0.3929385928464547, -1.1339154263728666, -0.7587764528553254, -1.48729900612326], "data_imag": [-1.5207034625625008e-19, 5.131175015683654e-19, 0.0, 0.0, 0.0, 0.0, 0.0, 0.0, 0.0, 0.0, 0.0, 0.0, 0.0, 0.0, 0.0, 0.0, 0.0, 0.0, 0.0, 0.0, 0.0, 0.0, 0.0, 0.0, 0.0, 0.0, 0.0, 0.0, 0.0, 0.0, 0.0, 0.0, 0.0, 0.0, 0.0, 0.0, 0.0, 0.0]}, {"time": 1.9607843137254901, "step_sample_count": 256, "data": [0.4156999128416535, 0.4266819143749158, -0.020001093365047958, -1.1893828708557204, 0.9761568671655905, 0.13825988926016214, -1.3373541601127807, 0.9761396561041764, 0.24673085093332248, -0.9447970017915592, 0.7092325263418499, -0.18923534832646374, -0.5361342827060238, 0.7092249253371213, 2.0034502013282527, 1.0710447409907107, 1.074707466796903, 1.6389419255869493, 1.5397940485589072, 1.074734743634156, 0.9868922005610611, 1.746330916381709, 0.952070371999521, 1.886266922917115, 0.529768809963215, 0.9520746210218848, 0.017902740640867394, -1.995852584899005, 0.03034329075753091, 0.08172042185117578, -0.10625471118697324, -0.05485071308349926, 0.017902740640867394, 0.044279616020359555, 0.5654623924266265, -1.5417930390174126, -1.0206091530937893, -1.995852584899005], "data_imag": [6.76618144616003e-19, -2.2501608299516306e-18, 0.0, 0.0, 0.0, 0.0, 0.0, 0.0, 0.0, 0.0, 0.0, 0.0, 0.0, 0.0, 0.0, 0.0, 0.0, 0.0, 0.0, 0.0, 0.0, 0.0, 0.0, 0.0, 0.0, 0.0, 0.0, 0.0, 0.0, 0.0, 0.0, 0.0, 0.0, 0.0, 0.0, 0.0, 0.0, 0.0]}, {"time": 2.4509803921568625, "step_sample_count": 256, "data": [0.4079265558618598, 0.4157668211073773, -0.1885033263554865, -1.694241295758007, 1.1930381350961459, 0.3099621228940514, -2.1806423020194887, 1.1930209240330776, 0.5076004481558323, -1.1769958457555147, 0.6798265457062113, -0.6306632155098612, -0.06976698668821674, 0.6798189447014847, 2.6121490142220667, 0.5470955194794549, 0.9857415956096666, 1.8032152536454868, 1.4928024820961496, 0.9857688724455822, 0.6580813059654493, 2.112902936226129, 0.9354660650572701, 2.2484722547151574, 0.11603403442239363, 0.9354703140800796, 0.015928283533588373, -2.496912485807251, 0.035438727669536346, 0.0956683350014619, -0.1198371688886426, -0.05953814962074577, 0.015928283533588373, 0.06533408273404608, 0.7492164506094474, -1.967152677112705, -1.2833466800333544, -2.496912485807251], "data_imag": [1.048458917563307e-18, -3.421553881634028e-18, 0.0, 0.0, 0.0, 0.0, 0.0, 0.0, 0.0, 0.0, 0.0, 0.0, 0.0, 0.0, 0.0, 0.0, 0.0, 0.0, 0.0, 0.0, 0.0, 0.0, 0.0, 0.0, 0.0, 0.0, 0.0, 0.0, 0.0, 0.0, 0.0, 0.0, 0.0, 0.0, 0.0, 0.0, 0.0, 0.0]}, {"time": 2.941176470588235, "step_sample_count": 256, "data": [0.40425839536363006, 0.41142278072649324, -0.5942171244299796, -1.7281628620282832, 1.3164590468258761, 0.6958804060983015, -3.0117679480516895, 1.3164418357628167, 0.8132188864687242, -1.2620697361288307, 0.5775207038546495, -1.215239366304771, 0.7357238487027333, 0.5775131028499266, 3.1742613931515127, -0.306401664449356, 0.8596159479288978, 1.9220127932564477, 1.1145599993926334, 0.8596432247643676, 0.3884848362293239, 2.6628015756554455, 1.0382416913961134, 2.293321988148619, 0.26809962251253483, 1.0382459404180313, 0.016812428648984516, -2.9908172507276904, 0.04764270573858286, 0.07989758586125309, -0.10589724269871058, -0.07334348028615043, 0.016812428648984516, 0.07016719519425209, 0.9138693219630016, -2.3791333559271677, -1.5357484989986379, -2.9908172507276904], "data_imag": [-1.7363442696859724e-18, 5.6154539860966825e-18, 0.0, 0.0, 0.0, 0.0, 0.0, 0.0, 0.0, 0.0, 0.0, 0.0, 0.0, 0.0, 0.0, 0.0, 0.0, 0.0, 0.0, 0.0, 0.0, 0.0, 0.0, 0.0, 0.0, 0.0, 0.0, 0.0, 0.0, 0.0, 0.0, 0.0, 0.0, 0.0, 0.0, 0.0, 0.0, 0.0]}, {"time": 3.4313725490196076, "step_sample_count": 256, "data": [0.4057957114204503, 0.41638007226324814, -1.1627210941354011, -1.3015404344682608, 1.3397560980417365, 1.2130029419888184, -3.6818145071693187, 1.339738886978513, 0.976300101231641, -1.3616828572952124, 0.5095037734619678, -1.6644781938233049, 1.2461364961929204, 0.5094961724570766, 3.4311491937609886, -0.9301966736669895, 0.7252503538879258, 2.198125482036753, 0.4936420405510221, 0.7252776307271851, 0.18103657046309346, 3.3185561026005495, 1.2635173540963667, 2.0451925021606376, 0.886166459108529, 1.2635216031205136, 0.021158830316524452, -3.483996675093069, 0.07906216795457208, 0.055812548779868826, -0.086241243248925, -0.10860779083812788, 0.021158830316524452, 0.08668052595749799, 1.041139511509874, -2.7542174133270163, -1.8005700271640204, -3.483996675093069], "data_imag": [6.51778061307685e-19, -2.1159099366127508e-18, 0.0, 0.0, 0.0, 0.0, 0.0, 0.0, 0.0, 0.0, 0.0, 0.0, 0.0, 0.0, 0.0, 0.0, 0.0, 0.0, 0.0, 0.0, 0.0, 0.0, 0.0, 0.0, 0.0, 0.0, 0.0, 0.0, 0.0, 0.0, 0.0, 0.0, 0.0, 0.0, 0.0, 0.0, 0.0, 0.0]}, {"time": 3.9215686274509802, "step_sample_count": 256, "data": [0.4090032093298216, 0.4251176784364847, -1.6945097977401815, -0.8755843261109431, 1.2679698979080698, 1.6079294482585849, -4.191401761621716, 1.2679526868457218, 0.982662124504133, -1.4795728340680037, 0.5559188246793678, -1.835153272966666, 1.300508779184475, 0.5559112236744777, 3.386883662822569, -1.2794274907817047, 0.6256828111546562, 2.6698758026192397, -0.3598310425810527, 0.6257100879970363, -0.08572869610404088, 3.923359466835715, 1.544848344461361, 1.6783154172716541, 1.5129176620143312, 1.544852593485062, 0.024863083653705834, -3.9810268618979747, 0.11227411238099433, 0.044511881433337785, -0.07727535919721935, -0.1434108243000165, 0.024863083653705834, 0.12958443533155511, 1.1432303748713533, -3.1018143757505356, -2.089618088422017, -3.9810268618979747], "data_imag": [-1.628484085754804e-19, 5.328441739330043e-19, 0.0, 0.0, 0.0, 0.0, 0.0, 0.0, 0.0, 0.0, 0.0, 0.0, 0.0, 0.0, 0.0, 0.0, 0.0, 0.0, 0.0, 0.0, 0.0, 0.0, 0.0, 0.0, 0.0, 0.0, 0.0, 0.0, 0.0, 0.0, 0.0, 0.0, 0.0, 0.0, 0.0, 0.0, 0.0, 0.0]}, {"time": 4.411764705882352, "step_sample_count": 256, "data": [0.411398331167189, 0.4300918195474321, -2.146637582588177, -0.41950360863480785, 1.1413240603078805, 1.7206222901974715, -4.301751844619123, 1.1413068492455407, 0.8839427419517152, -1.5635868316950254, 0.7250578573722046, -1.7328111764219074, 1.010535629789813, 0.7250502563673027, 3.0946340669591135, -1.5272480897066354, 0.6016693813418522, 3.3279802993599543, -1.5542588600834224, 0.6016966581766533, -0.4623937832838811, 4.424923683690845, 1.771389358735423, 1.3648134135127679, 1.8706821450473945, 1.7713936077524366, 0.025297835300704372, -4.481956037982272, 0.13007082748459436, 0.05410450979137668, -0.0841202256097647, -0.15815334112812346, 0.025297835300704372, 0.19960970044215887, 1.232229615370435, -3.4347327573524113, -2.4040417052884546, -4.481956037982272], "data_imag": [-1.9337573235423053e-18, 6.3643562863010754e-18, 0.0, 0.0, 0.0, 0.0, 0.0, 0.0, 0.0, 0.0, 0.0, 0.0, 0.0, 0.0, 0.0, 0.0, 0.0, 0.0, 0.0, 0.0, 0.0, 0.0, 0.0, 0.0, 0.0, 0.0, 0.0, 0.0, 0.0, 0.0, 0.0, 0.0, 0.0, 0.0, 0.0, 0.0, 0.0, 0.0]}, {"time": 4.901960784313725, "step_sample_count": 256, "data": [0.41119721259863246, 0.42682043081944243, -2.368840963252751, 0.2195063633850164, 1.019447747621155, 1.387961890323993, -3.5383955969094094, 1.0194305365589893, 0.733249922943911, -1.5579019247949113, 0.9336868404876821, -1.4694826097408975, 0.5998337201607982, 0.9336792394896472, 2.730142264503999, -1.5313143720305247, 0.6636374624774523, 4.002002224211509, -2.592530022141319, 0.6636647393124763, -0.9508381346250112, 4.800906959344623, 1.8683773210276537, 1.1853943879413176, 1.8523816989718453, 1.8683815700366422, 0.022958586290989454, -4.983950297619705, 0.10445265552023777, 0.0978975969649093, -0.12160057769311047, -0.12615238251407446, 0.022958586290989454, 0.2791154589118927, 1.3335222442567523, -3.7812763421953526, -2.729283692365571, -4.983950297619705], "data_imag": [-1.7604459853871727e-18, 5.791123856973266e-18, 0.0, 0.0, 0.0, 0.0, 0.0, 0.0, 0.0, 0.0, 0.0, 0.0, 0.0, 0.0, 0.0, 0.0, 0.0, 0.0, 0.0, 0.0, 0.0, 0.0, 0.0, 0.0, 0.0, 0.0, 0.0, 0.0, 0.0, 0.0, 0.0, 0.0, 0.0, 0.0, 0.0, 0.0, 0.0, 0.0]}, {"time": 5.3921568627450975, "step_sample_count": 256, "data": [0.4090688183509732, 0.4177928575888091, -2.482534244464841, 0.7398351550775225, 0.949106859002746, 0.8859895808294219, -2.6078141013220346, 0.9490896479440653, 0.6030112534325628, -1.3812009836534846, 1.0758997701357234, -1.1832877750074502, 0.36408045580243, 1.0758921691412138, 2.6343822585415446, -1.1015934049557008, 0.7843343207913891, 4.373074023664416, -2.6109989691252506, 0.7843615976268589, -1.4817535031164561, 5.0839462076817625, 1.8589893969357243, 1.1379934206660287, 1.5623169901900982, 1.8589936459453815, 0.02063549131592716, -5.484323718671803, 0.042876114553395184, 0.14598797760157178, -0.16348208198283937, -0.05796405112947338, 0.02063549131592716, 0.33159576774039456, 1.4796543367618122, -4.176301485968223, -3.0315417062903776, -5.484323718671803], "data_imag": [-2.4552417491751475e-20, 8.034902728808431e-20, 0.0, 0.0, 0.0, 0.0, 0.0, 0.0, 0.0, 0.0, 0.0, 0.0, 0.0, 0.0, 0.0, 0.0, 0.0, 0.0, 0.0, 0.0, 0.0, 0.0, 0.0, 0.0, 0.0, 0.0, 0.0, 0.0, 0.0, 0.0, 0.0, 0.0, 0.0, 0.0, 0.0, 0.0, 0.0, 0.0]}, {"time": 5.88235294117647, "step_sample_count": 256, "data": [0.40812296413825044, 0.41295522803264073, -2.6065181024402984, 0.8833173708303188, 0.9470551656501486, 0.5517051739588533, -2.2338429112853717, 0.9470379545918256, 0.5408972910100267, -1.0316819471830896, 1.1086560975252964, -0.9768243362692373, 0.45679165435092195, 1.1086484965307877, 2.750259636298042, -0.609363111728576, 0.9191991781669173, 4.556774400540608, -2.1590854284007506, 0.9192264550035016, -1.8831690972075552, 5.412588802457685, 1.8347651935380864, 1.1844708225078695, 1.3541574579182427, 1.8347694425479666, 0.022076389838426174, -5.981609632821459, -0.03594915485143427, 0.16792203948771897, -0.183642330796265, 0.02300062253814869, 0.022076389838426174, 0.3579472030051912, 1.6442373592308408, -4.593795352109135, -3.31220469360384, -5.981609632821459], "data_imag": [-7.531640579023564e-19, 2.4590683823480207e-18, 0.0, 0.0, 0.0, 0.0, 0.0, 0.0, 0.0, 0.0, 0.0, 0.0, 0.0, 0.0, 0.0, 0.0, 0.0, 0.0, 0.0, 0.0, 0.0, 0.0, 0.0, 0.0, 0.0, 0.0, 0.0, 0.0, 0.0, 0.0, 0.0, 0.0, 0.0, 0.0, 0.0, 0.0, 0.0, 0.0]}, {"time": 6.372549019607843, "step_sample_count": 256, "data": [0.41063541255003083, 0.4180505560761422, -2.6271443144499815, 0.7514833508115959, 1.009836914744702, 0.4609623043950984, -2.2778127524820717, 1.0098197036860495, 0.4938638930147834, -0.6858733865388491, 1.0732751901968929, -0.853359081944913, 0.6468759775032645, 1.0732675892026537, 3.033366507600863, -0.4009787875061522, 1.0292964399327165, 4.582452359048618, -1.661262774165842, 1.0293237167699694, -1.9866733287644571, 5.923668193951353, 1.8790185926036298, 1.2936090539895528, 1.569631933553255, 1.879022841613064, 0.030891247606037897, -6.4773986875458185, -0.12138296291206795, 0.17137099661848126, -0.19505890572067147, 0.10017649481540893, 0.030891247606037897, 0.35717425540942216, 1.8044292290185273, -5.008462832789822, -3.5677428189445073, -6.4773986875458185], "data_imag": [1.6824792593854906e-18, -5.52708451827705e-18, 0.0, 0.0, 0.0, 0.0, 0.0, 0.0, 0.0, 0.0, 0.0, 0.0, 0.0, 0.0, 0.0, 0.0, 0.0, 0.0, 0.0, 0.0, 0.0, 0.0, 0.0, 0.0, 0.0, 0.0, 0.0, 0.0, 0.0, 0.0, 0.0, 0.0, 0.0, 0.0, 0.0, 0.0, 0.0, 0.0]}, {"time": 6.862745098039215, "step_sample_count": 256, "data": [0.41408381405113304, 0.42740240139763275, -2.4903174113691593, 0.5286838371234077, 1.11377668078848, 0.6338310907147846, -2.523196821211312, 1.1137594697302393, 0.39602246020040943, -0.5458585413947626, 1.0552018381615271, -0.748427767974613, 0.5957884517524795, 1.0551942371668754, 3.4493103511816097, -0.5948477753443476, 1.0843379175228673, 4.397579416549922, -1.2190736428160627, 1.0843651943603432, -1.8179518349179686, 6.561362269153414, 2.010299061354237, 1.481350559581893, 2.1100269748573757, 2.010303310363671, 0.048600609867960554, -6.9782224840552525, -0.1947362112564199, 0.16561464780203913, -0.2097500160585238, 0.15246176688722302, 0.048600609867960554, 0.3390091814519408, 1.963360692999725, -5.417133145106712, -3.8010963381137275, -6.9782224840552525], "data_imag": [-1.7880609290559303e-18, 5.9232567140743336e-18, 0.0, 0.0, 0.0, 0.0, 0.0, 0.0, 0.0, 0.0, 0.0, 0.0, 0.0, 0.0, 0.0, 0.0, 0.0, 0.0, 0.0, 0.0, 0.0, 0.0, 0.0, 0.0, 0.0, 0.0, 0.0, 0.0, 0.0, 0.0, 0.0, 0.0, 0.0, 0.0, 0.0, 0.0, 0.0, 0.0]}, {"time": 7.352941176470588, "step_sample_count": 256, "data": [0.4163302537050009, 0.4342705936375536, -2.358118956654169, 0.38034364124520026, 1.215156782209903, 0.9539077201922782, -2.8512658232300234, 1.2151395711516546, 0.2845533329610047, -0.644864780634403, 1.1161826580039806, -0.6098990207014677, 0.2535509213796405, 1.116175057009904, 3.9232142936154557, -1.0990046772037094, 1.0767835956738196, 3.9876009487071813, -0.8018976170402385, 1.0768108725119643, -1.526889392731509, 7.193099892977833, 2.171746671433303, 1.7730165330302623, 2.6636041578444845, 2.171750920445189, 0.07116695839668571, -7.490813266467166, -0.2460204157191313, 0.15559734519286475, -0.22668124476175075, 0.1757573223048134, 0.07116695839668571, 0.3198622642780842, 2.132105532420339, -5.823425440206924, -4.020775216550104, -7.490813266467166], "data_imag": [-1.847785321192664e-18, 6.154311452516145e-18, 0.0, 0.0, 0.0, 0.0, 0.0, 0.0, 0.0, 0.0, 0.0, 0.0, 0.0, 0.0, 0.0, 0.0, 0.0, 0.0, 0.0, 0.0, 0.0, 0.0, 0.0, 0.0, 0.0, 0.0, 0.0, 0.0, 0.0, 0.0, 0.0, 0.0, 0.0, 0.0, 0.0, 0.0, 0.0, 0.0]}, {"time": 7.8431372549019605, "step_sample_count": 256, "data": [0.41618545920784417, 0.4347958518699957, -2.540354703329189, 0.5126216142752882, 1.2739275766585578, 1.2720934496503604, -3.2162903932037086, 1.2739103656003052, 0.20154792497197527, -0.9301403378870573, 1.2460673727935376, -0.44214611348030375, -0.2804359517684676, 1.2460597717990627, 4.344891479982053, -1.7197108120984934, 1.0388503218182379, 3.3948806902731015, -0.36871189501820295, 1.0388775986568284, -1.2568865040602066, 7.753774394407438, 2.279076059237812, 2.1707679525891095, 3.016952224232429, 2.2790803082508124, 0.08877545901908421, -8.01370194167924, -0.2703122472047978, 0.14759604184081626, -0.2400422171968764, 0.1772951530706162, 0.08877545901908421, 0.3072786914446231, 2.317312896761592, -6.2335796571615, -4.233776249711017, -8.01370194167924], "data_imag": [2.059948258162043e-18, -6.858564094140549e-18, 0.0, 0.0, 0.0, 0.0, 0.0, 0.0, 0.0, 0.0, 0.0, 0.0, 0.0, 0.0, 0.0, 0.0, 0.0, 0.0, 0.0, 0.0, 0.0, 0.0, 0.0, 0.0, 0.0, 0.0, 0.0, 0.0, 0.0, 0.0, 0.0, 0.0, 0.0, 0.0, 0.0, 0.0, 0.0, 0.0]}, {"time": 8.333333333333332, "step_sample_count": 256, "data": [0.4134988957789239, 0.42783546996371735, -3.1772329228433933, 1.0311727510564714, 1.292638554225698, 1.5414239754908603, -3.6049461267416008, 1.29262134316565, 0.17320728913369227, -1.3264840484154787, 1.3778004216575557, -0.33162170956208126, -0.8164570291117345, 1.377792820660838, 4.595336021835486, -2.0425523004226602, 1.0266530278010828, 2.8071879753295272, 0.18502981020990278, 1.0266803046412336, -1.1134033331756907, 8.178088986210605, 2.292537666138791, 2.670129316403033, 3.0017294184391523, 2.2925419151529063, 0.09665733548585496, -8.536492960954442, -0.27157748195405235, 0.1419558754577155, -0.24475339273899818, 0.1669776568896554, 0.09665733548585496, 0.3091860965054517, 2.5114618934570907, -6.649956368065117, -4.457935183708014, -8.536492960954442], "data_imag": [1.9872991315587197e-19, -6.573967971855561e-19, 0.0, 0.0, 0.0, 0.0, 0.0, 0.0, 0.0, 0.0, 0.0, 0.0, 0.0, 0.0, 0.0, 0.0, 0.0, 0.0, 0.0, 0.0, 0.0, 0.0, 0.0, 0.0, 0.0, 0.0, 0.0, 0.0, 0.0, 0.0, 0.0, 0.0, 0.0, 0.0, 0.0, 0.0, 0.0, 0.0]}, {"time": 8.823529411764705, "step_sample_count": 256, "data": [0.41027325892424055, 0.41826241110294143, -4.0467873100812035, 1.5808592861729855, 1.3143492508522832, 1.7236404996693488, -4.107675290521011, 1.314332039792279, 0.26825625850170787, -1.6673970868415873, 1.447828466611637, -0.4346453554831999, -0.9583822232046808, 1.4478208656149227, 4.596523490711914, -1.742300761773776, 1.0708331555938297, 2.392969363903035, 0.9343893647242147, 1.0708604324344264, -1.0848145395946687, 8.377229424015903, 2.2385797951171935, 3.189836995341886, 2.6236115337078165, 2.2385840441315317, 0.09948683241628022, -9.051878190283455, -0.27476628576116185, 0.13584900055528576, -0.24306018575531715, 0.1651410617005839, 0.09948683241628022, 0.3264955812650604, 2.6972877317606114, -7.0633373935252415, -4.702813206916725, -9.051878190283455], "data_imag": [-1.2785671649787548e-18, 4.196495340234886e-18, 0.0, 0.0, 0.0, 0.0, 0.0, 0.0, 0.0, 0.0, 0.0, 0.0, 0.0, 0.0, 0.0, 0.0, 0.0, 0.0, 0.0, 0.0, 0.0, 0.0, 0.0, 0.0, 0.0, 0.0, 0.0, 0.0, 0.0, 0.0, 0.0, 0.0, 0.0, 0.0, 0.0, 0.0, 0.0, 0.0]}, {"time": 9.313725490196077, "step_sample_count": 256, "data": [0.4092452102784432, 0.4137934193156735, -4.843313282450453, 1.7887477981077702, 1.3767805321718778, 1.8179036205089885, -4.788390221589907, 1.3767633211118677, 0.4710491608095041, -1.7643610629226072, 1.4403993959003834, -0.7512810523919464, -0.5322424427664536, 1.4403917949036777, 4.385609666994691, -1.0409174088064859, 1.1560853435895209, 2.0910298157656375, 1.757842200781044, 1.1561126204301175, -1.024861421457063, 8.493707383184265, 2.1781323955424745, 3.5403808892989925, 2.367729754412622, 2.178136644556367, 0.10267943372288059, -9.561408825625607, -0.2913702415170291, 0.13002824636145302, -0.24143340399196894, 0.17784114303146736, 0.10267943372288059, 0.336809871668399, 2.8630750961058884, -7.461613636080995, -4.946124936008697, -9.561408825625607], "data_imag": [1.8961197215950172e-18, -6.207823313418048e-18, 0.0, 0.0, 0.0, 0.0, 0.0, 0.0, 0.0, 0.0, 0.0, 0.0, 0.0, 0.0, 0.0, 0.0, 0.0, 0.0, 0.0, 0.0, 0.0, 0.0, 0.0, 0.0, 0.0, 0.0, 0.0, 0.0, 0.0, 0.0, 0.0, 0.0, 0.0, 0.0, 0.0, 0.0, 0.0, 0.0]}, {"time": 9.80392156862745, "step_sample_count": 256, "data": [0.410250624542082, 0.41532112224415296, -5.401143901084152, 1.5797087829673804, 1.4872695869332795, 1.897257534756345, -5.632230161476209, 1.4872523758733054, 0.6359895304555976, -1.7285200219711583, 1.3902882373188468, -1.086366392772398, 0.005511933599916308, 1.390280636322143, 4.10058498807663, -0.33674309274890746, 1.2419222840561586, 1.7936847381857626, 2.5051638695516134, 1.2419495608960864, -0.9298254791809676, 8.830280535638746, 2.161656418627877, 3.721803686783568, 2.5409156175578, 2.1616606676417693, 0.10643294365689931, -10.069266143229841, -0.3038667778182279, 0.1290486751639637, -0.24489288817439267, 0.18670077359315632, 0.10643294365689931, 0.33485299545604474, 3.01557031957815, -7.848255352372577, -5.178949213445921, -10.069266143229841], "data_imag": [2.3009130594814744e-20, -7.551608157354462e-20, 0.0, 0.0, 0.0, 0.0, 0.0, 0.0, 0.0, 0.0, 0.0, 0.0, 0.0, 0.0, 0.0, 0.0, 0.0, 0.0, 0.0, 0.0, 0.0, 0.0, 0.0, 0.0, 0.0, 0.0, 0.0, 0.0, 0.0, 0.0, 0.0, 0.0, 0.0, 0.0, 0.0, 0.0, 0.0, 0.0]}, {"time": 10.294117647058822, "step_sample_count": 256, "data": [0.41253689402683313, 0.41957844343011086, -5.838817800545802, 1.059894214280157, 1.6214680878458823, 2.015555770371939, -6.708630279105589, 1.6214508767834803, 0.7315143667301536, -1.8020819863838868, 1.3474738886921367, -1.357760383270084, 0.2986946095238206, 1.3474662876954633, 3.9200743968689102, 0.09584371140418713, 1.2894772328203403, 1.488666717520928, 3.0928819279689748, 1.2895045096624973, -0.891293024312836, 9.47239522026231, 2.1992620112945116, 3.829284505520791, 3.0373108456135833, 2.1992662603080695, 0.10574919459111139, -10.576435024721365, -0.30174561419507195, 0.12785425338635253, -0.24389117194335044, 0.18488393484766627, 0.10574919459111139, 0.3321079331165784, 3.1662349822785214, -8.234565277960629, -5.412430614502544, -10.576435024721365], "data_imag": [-1.1678504602496856e-18, 3.8542512124737025e-18, 0.0, 0.0, 0.0, 0.0, 0.0, 0.0, 0.0, 0.0, 0.0, 0.0, 0.0, 0.0, 0.0, 0.0, 0.0, 0.0, 0.0, 0.0, 0.0, 0.0, 0.0, 0.0, 0.0, 0.0, 0.0, 0.0, 0.0, 0.0, 0.0, 0.0, 0.0, 0.0, 0.0, 0.0, 0.0, 0.0]}, {"time": 10.784313725490195, "step_sample_count": 256, "data": [0.41498980423483467, 0.4232355503130654, -6.499752316341592, 0.3385019954580418, 1.7291772619321621, 2.1892735690876015, -8.270491235724872, 1.7291600508694775, 0.7758366428772532, -2.0976872867320093, 1.3344630587262845, -1.5401665851204938, 0.22869411226303493, 1.3344554577199237, 3.7288072482062313, 0.23210312145613726, 1.2863066845475102, 1.1888349356620467, 3.3689013440319533, 1.2863339613885525, -0.9573108699246692, 10.301410376636953, 2.259644721602818, 3.8888409478727954, 3.6609688613676163, 2.259648970619051, 0.0945646584223376, -11.079072272064062, -0.27914273751656393, 0.12130298858966776, -0.22697869368510787, 0.17278631977408035, 0.0945646584223376, 0.3325559649224297, 3.323059863552941, -8.632631522885733, -5.65491998316188, -11.079072272064062], "data_imag": [-7.503427453832988e-19, 2.4910767121251497e-18, 0.0, 0.0, 0.0, 0.0, 0.0, 0.0, 0.0, 0.0, 0.0, 0.0, 0.0, 0.0, 0.0, 0.0, 0.0, 0.0, 0.0, 0.0, 0.0, 0.0, 0.0, 0.0, 0.0, 0.0, 0.0, 0.0, 0.0, 0.0, 0.0, 0.0, 0.0, 0.0, 0.0, 0.0, 0.0, 0.0]}, {"time": 11.274509803921568, "step_sample_count": 256, "data": [0.4155004396335141, 0.4237746469001049, -7.718391643739012, -0.618034891032869, 1.7676144317208857, 2.5174982036917073, -10.78917465621505, 1.7675972206599015, 0.7856820295832005, -2.581010587008625, 1.3366041232824586, -1.6292210180880715, -0.1572663579275856, 1.3365965222197316, 3.083684913858405, 0.05488372062933705, 1.2561295458230184, 0.9042992530628036, 2.863771880194917, 1.2561568226638378, -1.165120579375447, 11.225579921941307, 2.3077549767129173, 3.9312430481833496, 4.24957478354197, 2.3077592257195643, 0.07244573062977026, -11.570558230072972, -0.22602861211079897, 0.09778346603763634, -0.18177029325226887, 0.14180262411358677, 0.07244573062977026, 0.33740863586682746, 3.49177155366845, -9.054061839674457, -5.913443439420778, -11.570558230072972], "data_imag": [1.4296545844078463e-18, -4.7521768667642324e-18, 0.0, 0.0, 0.0, 0.0, 0.0, 0.0, 0.0, 0.0, 0.0, 0.0, 0.0, 0.0, 0.0, 0.0, 0.0, 0.0, 0.0, 0.0, 0.0, 0.0, 0.0, 0.0, 0.0, 0.0, 0.0, 0.0, 0.0, 0.0, 0.0, 0.0, 0.0, 0.0, 0.0, 0.0, 0.0, 0.0]}, {"time": 11.76470588235294, "step_sample_count": 256, "data": [0.41141977917288747, 0.41899335808908184, -9.630527672169377, -1.9396625270014303, 1.7356671657111147, 3.3692703277673623, -14.912506286176047, 1.7356499546810094, 0.7916517714530249, -3.1739415357430687, 1.3275100026249191, -1.663125132765937, -0.7113833702189386, 1.3275024015556496, 1.1823576763149273, -0.8523655246848694, 1.2386191518572474, 0.9967002831709857, -0.017008124007629633, 1.238646428718798, -1.553396242778073, 12.217572581805278, 2.339598112715334, 4.033533576968976, 4.658019994413236, 2.3396023617173, 0.04749766780910482, -12.046508956794426, -0.11596136403904024, 0.0182043078361874, -0.07766977261943861, 0.05759100977438775, 0.04749766780910482, 0.38502503314415937, 3.640703383282174, -9.471023782746173, -6.229745825307629, -12.046508956794426], "data_imag": [-2.346178664986129e-19, 7.722114465989864e-19, 0.0, 0.0, 0.0, 0.0, 0.0, 0.0, 0.0, 0.0, 0.0, 0.0, 0.0, 0.0, 0.0, 0.0, 0.0, 0.0, 0.0, 0.0, 0.0, 0.0, 0.0, 0.0, 0.0, 0.0, 0.0, 0.0, 0.0, 0.0, 0.0, 0.0, 0.0, 0.0, 0.0, 0.0, 0.0, 0.0]}, {"time": 12.254901960784313, "step_sample_count": 256, "data": [0.40452977635795584, 0.4099754272364261, -9.941190970615663, -1.701799674116428, 1.6680897792256282, 3.298163101455838, -14.914289549809567, 1.668072568195528, 0.8692225926347594, -3.719380274644408, 1.2975973410814299, -1.736107264306332, -1.1041166430528868, 1.297589740012176, -0.3133514060165479, -0.6260039791825448, 1.2626167923236389, -0.19419012145789827, -0.021818616119414262, 1.2626440691847436, -2.130650051585458, 13.261674229023441, 2.3795006178676297, 4.271508448150627, 4.786122620000834, 2.379504866869428, 0.031068749063032888, -12.509070072815526, -0.11243623375167683, 0.02038860088475783, -0.06427268948854438, 0.07142848373365189, 0.031068749063032888, 0.31201186191172503, 3.936152623629557, -10.047659441082244, -6.4383775131696614, -12.509070072815526], "data_imag": [-5.301848790545442e-19, 1.7158045644184369e-18, 0.0, 0.0, 0.0, 0.0, 0.0, 0.0, 0.0, 0.0, 0.0, 0.0, 0.0, 0.0, 0.0, 0.0, 0.0, 0.0, 0.0, 0.0, 0.0, 0.0, 0.0, 0.0, 0.0, 0.0, 0.0, 0.0, 0.0, 0.0, 0.0, 0.0, 0.0, 0.0, 0.0, 0.0, 0.0, 0.0]}, {"time": 12.745098039215685, "step_sample_count": 256, "data": [0.3986742167812043, 0.4028407697457689, -9.583821498508128, -1.4686341459466645, 1.611359509689238, 3.863897400584197, -14.912942532757675, 1.6113422986561963, 1.098563553594691, -4.010282678743172, 1.255450672843618, -1.9207088833008323, -0.972797851939918, 1.2554430717793927, -1.8224382618486081, -0.10890687589089543, 1.3192645886284262, -1.1185957433540947, -0.026356254635145283, 1.3192918655111536, -2.775401013532705, 14.45770134301625, 2.4491655475809138, 4.592257654321172, 4.913862294986021, 2.4491697965425314, 0.028938412978958855, -12.968757978478454, -0.07341212935222705, -0.058573522316845414, 0.015426684593352766, 0.03457724333075822, 0.028938412978958855, 0.2692953535560697, 4.208965235086596, -10.604015648179546, -6.679797911122787, -12.968757978478454], "data_imag": [1.2230577940795819e-18, -3.900812865062597e-18, 0.0, 0.0, 0.0, 0.0, 0.0, 0.0, 0.0, 0.0, 0.0, 0.0, 0.0, 0.0, 0.0, 0.0, 0.0, 0.0, 0.0, 0.0, 0.0, 0.0, 0.0, 0.0, 0.0, 0.0, 0.0, 0.0, 0.0, 0.0, 0.0, 0.0, 0.0, 0.0, 0.0, 0.0, 0.0, 0.0]}, {"time": 13.235294117647058, "step_sample_count": 256, "data": [0.39722169347292624, 0.4019009906143127, -8.832266296499977, -1.49134174919116, 1.5872498615259316, 4.5627889997409525, -14.910818018144715, 1.587232650493025, 1.3417273904979274, -4.038359247279624, 1.2292703114298387, -2.06480379411022, -0.6044682154404888, 1.2292627103595553, -2.652003122575618, 0.35360377285675215, 1.3926566064945793, -1.4482298226172086, -0.02651252656274311, 1.392683883377084, -3.2606722252084577, 15.828715536544967, 2.5606726620125233, 4.878447076429663, 5.417640187711241, 2.5606769109827234, 0.0397685953241095, -13.435458519985495, -0.032451613815306216, -0.15709981507623513, 0.10179511086419185, -0.01788238697816312, 0.0397685953241095, 0.27713357281710155, 4.403611007642343, -11.074567526340681, -6.964518711253596, -13.435458519985495], "data_imag": [1.7206226501168627e-18, -5.467749143258357e-18, 0.0, 0.0, 0.0, 0.0, 0.0, 0.0, 0.0, 0.0, 0.0, 0.0, 0.0, 0.0, 0.0, 0.0, 0.0, 0.0, 0.0, 0.0, 0.0, 0.0, 0.0, 0.0, 0.0, 0.0, 0.0, 0.0, 0.0, 0.0, 0.0, 0.0, 0.0, 0.0, 0.0, 0.0, 0.0, 0.0]}, {"time": 13.72549019607843, "step_sample_count": 256, "data": [0.398563640033553, 0.40343947809847286, -8.316125528185633, -1.5393198931461214, 1.603935586954823, 5.010973843781589, -14.909801058076209, 1.6039183759218492, 1.441846344485349, -3.856126076820008, 1.2476101378068307, -1.9999745925695556, -0.38280999351868483, 1.247602536736574, -2.9243033342665083, 0.6080324094453725, 1.458743609726202, -1.4461398572663646, -0.025236757765650746, 1.4587708866084839, -3.53836747284839, 17.122913759736566, 2.6957218971055026, 5.1485878093823425, 6.076702879250887, 2.69572614607626, 0.05662772528601795, -13.915239608294618, -0.004364744944131423, -0.22347274208878642, 0.15090278004590457, -0.0639231241417795, 0.05662772528601795, 0.3105873295882994, 4.543856794235437, -11.477006040975525, -7.261376163712222, -13.915239608294618], "data_imag": [9.222289961524864e-19, -2.9405355652081964e-18, 0.0, 0.0, 0.0, 0.0, 0.0, 0.0, 0.0, 0.0, 0.0, 0.0, 0.0, 0.0, 0.0, 0.0, 0.0, 0.0, 0.0, 0.0, 0.0, 0.0, 0.0, 0.0, 0.0, 0.0, 0.0, 0.0, 0.0, 0.0, 0.0, 0.0, 0.0, 0.0, 0.0, 0.0, 0.0, 0.0]}, {"time": 14.215686274509803, "step_sample_count": 256, "data": [0.4012704010472139, 0.4056592246074908, -8.02669461594633, -1.5920595666659059, 1.657552263452874, 5.234646696251629, -14.909218471944156, 1.6575350524198749, 1.3983869463384924, -3.567746393931707, 1.3196240523907867, -1.7433399514962988, -0.39497470461565737, 1.3196164513205206, -3.1024375776938395, 0.8568630072650076, 1.4927163578665728, -1.3603546082512088, -0.02435284227204597, 1.492743634747963, -3.642576640922476, 18.135851553753078, 2.807241068348031, 5.411402417412615, 6.641865856381557, 2.807245317319123, 0.0720212552529513, -14.409002400145612, 0.019316711661216124, -0.2607951657446814, 0.17350758330580918, -0.10467244210916166, 0.0720212552529513, 0.3482050018717109, 4.662029169200038, -11.842452920873619, -7.547649644397115, -14.409002400145612], "data_imag": [-1.161394573730424e-18, 3.728266130998922e-18, 0.0, 0.0, 0.0, 0.0, 0.0, 0.0, 0.0, 0.0, 0.0, 0.0, 0.0, 0.0, 0.0, 0.0, 0.0, 0.0, 0.0, 0.0, 0.0, 0.0, 0.0, 0.0, 0.0, 0.0, 0.0, 0.0, 0.0, 0.0, 0.0, 0.0, 0.0, 0.0, 0.0, 0.0, 0.0, 0.0]}, {"time": 14.705882352941176, "step_sample_count": 256, "data": [0.4035076991958729, 0.40797290115336976, -7.667575565595949, -1.8071782168787753, 1.7364582050967905, 5.367428117858995, -14.908735723782236, 1.7364409940632874, 1.2539288916868505, -3.2936430401368506, 1.4208568703703113, -1.3783288804903562, -0.6333707024755368, 1.4208492693000394, -3.403806518032102, 1.224657521465986, 1.4833774212850017, -1.2780613243143297, -0.024031454331024972, 1.4834046981672837, -3.648501247200468, 18.80037247111045, 2.849522181369086, 5.651269386999255, 6.982743919088087, 2.8495264303400663, 0.08265134813810755, -14.913093496530928, 0.04707720830108324, -0.2848933349101221, 0.1879394357986515, -0.14574422708326942, 0.08265134813810755, 0.3835937703030271, 4.779176797731062, -12.195507176041344, -7.820571780148206, -14.913093496530928], "data_imag": [3.615069069018504e-18, -1.166966561979059e-17, 0.0, 0.0, 0.0, 0.0, 0.0, 0.0, 0.0, 0.0, 0.0, 0.0, 0.0, 0.0, 0.0, 0.0, 0.0, 0.0, 0.0, 0.0, 0.0, 0.0, 0.0, 0.0, 0.0, 0.0, 0.0, 0.0, 0.0, 0.0, 0.0, 0.0, 0.0, 0.0, 0.0, 0.0, 0.0, 0.0]}, {"time": 15.196078431372548, "step_sample_count": 256, "data": [0.40343466777982795, 0.4096765967470093, -7.025604112133887, -2.334079113706142, 1.8307178754391988, 5.471872077047475, -14.908193924773864, 1.8307006644057104, 1.035687936215385, -2.9818892221217186, 1.498994692118973, -0.9651700682101471, -0.9580262634237602, 1.498987091047498, -3.7672709325345037, 1.6575120754378136, 1.4406721610584674, -1.1907403914040613, -0.02399002646545904, 1.4406994379400806, -3.648579424107626, 19.171431533533884, 2.8161751136397957, 5.892940003949798, 7.032593532744996, 2.8161793626118907, 0.09017308968186395, -15.421637345521653, 0.07951069975568048, -0.3007776428831627, 0.19743106385739473, -0.18878278379361219, 0.09017308968186395, 0.4208226938417733, 4.907252368478368, -12.554595986260905, -8.090785024729545, -15.421637345521653], "data_imag": [4.722600210504441e-19, -1.5242085175854435e-18, 0.0, 0.0, 0.0, 0.0, 0.0, 0.0, 0.0, 0.0, 0.0, 0.0, 0.0, 0.0, 0.0, 0.0, 0.0, 0.0, 0.0, 0.0, 0.0, 0.0, 0.0, 0.0, 0.0, 0.0, 0.0, 0.0, 0.0, 0.0, 0.0, 0.0, 0.0, 0.0, 0.0, 0.0, 0.0, 0.0]}, {"time": 15.686274509803921, "step_sample_count": 256, "data": [0.4006782303488257, 0.40984442172054536, -6.141680349598895, -3.1780748925360722, 1.9427892581962296, 5.504880039865025, -14.907664362044665, 1.9427720471646461, 0.8157861746670565, -2.516745879946187, 1.5087275291251099, -0.5997174915656274, -1.0840243402685983, 1.5087199280518426, -3.929492622814153, 1.8854799329320928, 1.3775384381555738, -1.1051883322929976, -0.02389885839511154, 1.3775657150374099, -3.737513025785083, 19.47445969202673, 2.7530537216270585, 6.2468845161845215, 6.807310805744908, 2.753057970599711, 0.09930799267351051, -15.930215373818198, 0.10449278039674428, -0.30598550619498244, 0.19524008732357231, -0.2246883981726954, 0.09930799267351051, 0.4681614497054757, 5.055039929711219, -12.933457582824786, -8.371124826908154, -15.930215373818198], "data_imag": [-3.4480663035174763e-19, 1.1052520836950397e-18, 0.0, 0.0, 0.0, 0.0, 0.0, 0.0, 0.0, 0.0, 0.0, 0.0, 0.0, 0.0, 0.0, 0.0, 0.0, 0.0, 0.0, 0.0, 0.0, 0.0, 0.0, 0.0, 0.0, 0.0, 0.0, 0.0, 0.0, 0.0, 0.0, 0.0, 0.0, 0.0, 0.0, 0.0, 0.0, 0.0]}, {"time": 16.176470588235293, "step_sample_count": 256, "data": [0.3980824184622548, 0.40928208233086105, -5.278156258078336, -4.113303479801202, 2.0788806299695306, 5.432065829892375, -14.907297831198424, 2.0788634189380035, 0.7603688585932016, -1.9119709701604157, 1.4456811825239917, -0.46735470830563125, -0.6690007647379295, 1.4456735814507267, -3.7229854066729433, 1.5798286228563159, 1.2855586235046137, -1.1786178662579763, -0.02369427258834918, 1.2855859003864498, -3.896845285242885, 19.9941871161925, 2.7307990062873557, 6.743505586656696, 6.580847098012194, 2.730803255259785, 0.11411632788996973, -16.439414412764066, 0.10388616493816843, -0.3090607064045536, 0.18602462916452217, -0.23886710494927926, 0.11411632788996973, 0.512962989490559, 5.22984239157343, -13.339439859711433, -8.647916568066988, -16.439414412764066], "data_imag": [-2.1400074716997812e-20, 6.815194798892355e-20, 0.0, 0.0, 0.0, 0.0, 0.0, 0.0, 0.0, 0.0, 0.0, 0.0, 0.0, 0.0, 0.0, 0.0, 0.0, 0.0, 0.0, 0.0, 0.0, 0.0, 0.0, 0.0, 0.0, 0.0, 0.0, 0.0, 0.0, 0.0, 0.0, 0.0, 0.0, 0.0, 0.0, 0.0, 0.0, 0.0]}, {"time": 16.666666666666664, "step_sample_count": 256, "data": [0.39848796945935255, 0.4086580761281738, -4.7304497810845225, -4.675578245345799, 2.218569725604448, 5.4145237238401425, -14.907134396639547, 2.2185525145755163, 0.8502667388792633, -1.342065516373451, 1.3517368493449247, -0.528859711307919, 0.05216488418754095, 1.3517292482689975, -3.200353912372981, 0.6627863387101758, 1.144718426101768, -1.5379285028432168, -0.02353939374517767, 1.1447457029869479, -3.9232434901554685, 20.76921415306706, 2.804666534499156, 7.18048561336348, 6.806988505180953, 2.804670783467907, 0.13419202941789934, -16.952636663837712, 0.10195848820580136, -0.3239518550812762, 0.18447195520056678, -0.2555601378318012, 0.13419202941789934, 0.5244392324652934, 5.417397906808412, -13.755696494479968, -8.88770215584045, -16.952636663837712], "data_imag": [6.377508800544816e-20, -2.0330884257106035e-19, 0.0, 0.0, 0.0, 0.0, 0.0, 0.0, 0.0, 0.0, 0.0, 0.0, 0.0, 0.0, 0.0, 0.0, 0.0, 0.0, 0.0, 0.0, 0.0, 0.0, 0.0, 0.0, 0.0, 0.0, 0.0, 0.0, 0.0, 0.0, 0.0, 0.0, 0.0, 0.0, 0.0, 0.0, 0.0, 0.0]}, {"time": 17.15686274509804, "step_sample_count": 256, "data": [0.40149158635666354, 0.407033697367328, -4.711339808010092, -4.499096540394427, 2.3026147796026426, 5.595887222135786, -14.907022409591981, 2.3025975685747335, 0.9324699437659852, -0.9288530121073252, 1.2971214270791163, -0.5586796661392356, 0.5725010979577938, 1.297113826002766, -2.6656010892695767, -0.288319766174725, 0.9602019620594533, -1.9199866373353789, -0.023480707444406897, 0.9602292389368311, -3.809950336672421, 21.592773506728506, 2.9811092094699587, 7.5216015039211985, 7.323409045433096, 2.981113458442611, 0.15328810505631077, -17.469527380273096, 0.14162000100441463, -0.35401125512870035, 0.20049626757221314, -0.31097683958770805, 0.15328810505631077, 0.524090216678042, 5.588272587433475, -14.153171363788626, -9.112862385059145, -17.469527380273096], "data_imag": [-1.838051443768731e-18, 5.9036975197109085e-18, 0.0, 0.0, 0.0, 0.0, 0.0, 0.0, 0.0, 0.0, 0.0, 0.0, 0.0, 0.0, 0.0, 0.0, 0.0, 0.0, 0.0, 0.0, 0.0, 0.0, 0.0, 0.0, 0.0, 0.0, 0.0, 0.0, 0.0, 0.0, 0.0, 0.0, 0.0, 0.0, 0.0, 0.0, 0.0, 0.0]}, {"time": 17.64705882352941, "step_sample_count": 256, "data": [0.4064498752639973, 0.4070704690392658, -4.946367553037278, -4.069738934004887, 2.2839632689717053, 5.770860281597509, -14.906966853617025, 2.2839460579437993, 0.9887748800303018, -0.6952182718895199, 1.341657409533682, -0.5056090928539239, 0.7995719423576912, 1.3416498084573316, -2.383905257647316, -0.7199879643530138, 0.7891832529098726, -2.045529718209431, -0.023382701752074457, 0.7892105297868045, -3.6577279359672312, 22.37138525196872, 3.2104905596665874, 7.832650962109463, 7.866375802446763, 3.210494808639574, 0.16562979814397907, -17.98153131186322, 0.21050682353605255, -0.3811157828732923, 0.2209066757341723, -0.38758754095031867, 0.16562979814397907, 0.539713692743996, 5.72573599327297, -14.522434068717528, -9.358692105644552, -17.98153131186322], "data_imag": [-8.171730220764994e-19, 2.6571189831367757e-18, 0.0, 0.0, 0.0, 0.0, 0.0, 0.0, 0.0, 0.0, 0.0, 0.0, 0.0, 0.0, 0.0, 0.0, 0.0, 0.0, 0.0, 0.0, 0.0, 0.0, 0.0, 0.0, 0.0, 0.0, 0.0, 0.0, 0.0, 0.0, 0.0, 0.0, 0.0, 0.0, 0.0, 0.0, 0.0, 0.0]}, {"time": 18.137254901960784, "step_sample_count": 256, "data": [0.4103900364174541, 0.40860898450202554, -5.095047905931246, -3.7895663416528858, 2.1913527944316433, 5.882951641774901, -14.906958192010574, 2.1913355834040735, 1.021829030929149, -0.6688413940981796, 1.4962135391646554, -0.42579736642313326, 0.7661308162127728, 1.4962059380883053, -2.278167701924541, -0.733533028049963, 0.7095702437561413, -1.9345971627028147, -0.023312203033423958, 0.709597520633519, -3.5918971980991943, 23.05328592646125, 3.409949081162152, 8.140584087384699, 8.228052503587028, 3.4099533301355844, 0.17545801857401175, -18.47990551398305, 0.2883724377205774, -0.39983914292440403, 0.23384226192166951, -0.47198515705678457, 0.17545801857401175, 0.566513237593299, 5.845703004014801, -14.88712779875245, -9.628447679456704, -18.47990551398305], "data_imag": [-1.3698455393715098e-18, 4.497367686311688e-18, 0.0, 0.0, 0.0, 0.0, 0.0, 0.0, 0.0, 0.0, 0.0, 0.0, 0.0, 0.0, 0.0, 0.0, 0.0, 0.0, 0.0, 0.0, 0.0, 0.0, 0.0, 0.0, 0.0, 0.0, 0.0, 0.0, 0.0, 0.0, 0.0, 0.0, 0.0, 0.0, 0.0, 0.0, 0.0, 0.0]}, {"time": 18.627450980392155, "step_sample_count": 256, "data": [0.41134327935190246, 0.41030732222954475, -5.031988282258643, -3.73388731650412, 2.1045878417071835, 5.984749847488366, -14.906960226714439, 2.104570630679613, 1.0591469186855889, -0.7608865369414669, 1.7098143785736521, -0.399302464849741, 0.6710552021129734, 1.709806777497302, -2.2598328248580675, -0.42052500962496986, 0.7518655686040451, -1.5873954947145907, -0.023282642436689916, 0.7518928454816456, -3.758021465476068, 23.54184000136101, 3.5088470275973127, 8.412720028562301, 8.19547824042691, 3.5088512765709683, 0.19290063982494685, -18.967580023333575, 0.35694311480256513, -0.41560831393100073, 0.23351819277332406, -0.557394156227468, 0.19290063982494685, 0.6067923878868697, 5.964804984247041, -15.261808131471346, -9.923067511262046, -18.967580023333575], "data_imag": [-7.612655247031613e-19, 2.505131659111561e-18, 0.0, 0.0, 0.0, 0.0, 0.0, 0.0, 0.0, 0.0, 0.0, 0.0, 0.0, 0.0, 0.0, 0.0, 0.0, 0.0, 0.0, 0.0, 0.0, 0.0, 0.0, 0.0, 0.0, 0.0, 0.0, 0.0, 0.0, 0.0, 0.0, 0.0, 0.0, 0.0, 0.0, 0.0, 0.0, 0.0]}, {"time": 19.11764705882353, "step_sample_count": 256, "data": [0.40948915048014256, 0.4110635087883055, -4.762312712500404, -3.9254978595832317, 2.091964530046031, 6.051979338692711, -14.906959490010774, 2.0919473190184563, 1.1705507907919612, -0.7629219770366814, 1.8934996990702353, -0.4720918354343636, 0.8431534847823634, 1.8934920979938845, -2.250340665693166, 0.07816399656004852, 0.8813440378364326, -1.0639524316569706, -0.02327885026444202, 0.8813713147142559, -4.208973907595514, 23.835147359413074, 3.4960902903217983, 8.562660310299142, 7.7995804126957085, 3.496094539295454, 0.22361572018603673, -19.45674415089058, 0.3934405374972132, -0.43286968684198807, 0.22013321409105147, -0.6253683270286939, 0.22361572018603673, 0.661730108145677, 6.09580315332454, -15.648700721505637, -10.233363651150363, -19.45674415089058], "data_imag": [-9.206165631274466e-19, 3.0158599548240542e-18, 0.0, 0.0, 0.0, 0.0, 0.0, 0.0, 0.0, 0.0, 0.0, 0.0, 0.0, 0.0, 0.0, 0.0, 0.0, 0.0, 0.0, 0.0, 0.0, 0.0, 0.0, 0.0, 0.0, 0.0, 0.0, 0.0, 0.0, 0.0, 0.0, 0.0, 0.0, 0.0, 0.0, 0.0, 0.0, 0.0]}, {"time": 19.6078431372549, "step_sample_count": 256, "data": [0.4077646866716411, 0.41092503775360784, -4.344125191778297, -4.317179879170443, 2.1853586963052916, 6.0751782197078885, -14.906956376971404, 2.1853414852777187, 1.3625727761258293, -0.5490389799759773, 1.9801709237205904, -0.6324836245449503, 1.40627113132944, 1.980163322644576, -2.1729609402379206, 0.5411734887417003, 1.0328675335449167, -0.50677562578343, -0.023280866535287253, 1.03289481042274, -4.808257950813975, 24.094733932782372, 3.4311520578263823, 8.489826690353247, 7.444167815864127, 3.431156306799815, 0.2652209122838146, -19.956428683688497, 0.3887342969987995, -0.4537406857449133, 0.19988412559378585, -0.6624877275040798, 0.2652209122838146, 0.7180422026168858, 6.235791942148665, -16.035383527126992, -10.535867431526139, -19.956428683688497], "data_imag": [-2.4918449367943428e-18, 8.128690959090085e-18, 0.0, 0.0, 0.0, 0.0, 0.0, 0.0, 0.0, 0.0, 0.0, 0.0, 0.0, 0.0, 0.0, 0.0, 0.0, 0.0, 0.0, 0.0, 0.0, 0.0, 0.0, 0.0, 0.0, 0.0, 0.0, 0.0, 0.0, 0.0, 0.0, 0.0, 0.0, 0.0, 0.0, 0.0, 0.0, 0.0]}, {"time": 20.098039215686274, "step_sample_count": 256, "data": [0.40858984530631864, 0.4105010833456712, -3.895710586421948, -4.804595872125787, 2.37663349116226, 6.039163887431453, -14.906965117372604, 2.3766162801346895, 1.5245709612056169, -0.18199413682629773, 1.9728532184602405, -0.7471311866270386, 2.0508541079087586, 1.9728456173847269, -1.972606341840662, 0.7744227707499002, 1.1354586268262858, -0.0532469501467297, -0.0232888713904504, 1.135485903704555, -5.355099453712117, 24.45537268558307, 3.399998254222194, 8.15573236636591, 7.509135492032391, 3.4000025031958496, 0.30956338851144066, -20.46853237119451, 0.3571843380601927, -0.4700070111175023, 0.17318815722530934, -0.67468418075133, 0.30956338851144066, 0.7591029420222355, 6.37577339846634, -16.409605511223166, -10.80984222892459, -20.46853237119451], "data_imag": [1.012771299110862e-18, -3.310464547475092e-18, 0.0, 0.0, 0.0, 0.0, 0.0, 0.0, 0.0, 0.0, 0.0, 0.0, 0.0, 0.0, 0.0, 0.0, 0.0, 0.0, 0.0, 0.0, 0.0, 0.0, 0.0, 0.0, 0.0, 0.0, 0.0, 0.0, 0.0, 0.0, 0.0, 0.0, 0.0, 0.0, 0.0, 0.0, 0.0, 0.0]}, {"time": 20.588235294117645, "step_sample_count": 256, "data": [0.4114464487225586, 0.41130979974371906, -3.552425632625839, -5.25947607132324, 2.610642046590641, 5.932957860368039, -14.906979637600763, 2.6106248355630624, 1.5648747967551997, 0.22763317629763086, 1.933162756957545, -0.6587114608883173, 2.413608421489003, 1.9331551558820306, -1.6725236721186372, 0.7284102022954364, 1.1311420994127077, 0.22460924871939175, -0.023319914352206785, 1.1311693762923143, -5.7530351174327965, 24.882121155094772, 3.4543255302395868, 7.675248614306231, 7.940513402784354, 3.4543297792125736, 0.3474319545364994, -20.988963694957288, 0.32228816010867634, -0.4774080189791017, 0.14512811233736184, -0.6764924152269396, 0.3474319545364994, 0.7828067495497074, 6.517279050341965, -16.77646836779146, -11.056956383928712, -20.988963694957288], "data_imag": [-9.857004057434349e-19, 3.244503451580171e-18, 0.0, 0.0, 0.0, 0.0, 0.0, 0.0, 0.0, 0.0, 0.0, 0.0, 0.0, 0.0, 0.0, 0.0, 0.0, 0.0, 0.0, 0.0, 0.0, 0.0, 0.0, 0.0, 0.0, 0.0, 0.0, 0.0, 0.0, 0.0, 0.0, 0.0, 0.0, 0.0, 0.0, 0.0, 0.0, 0.0]}, {"time": 21.07843137254902, "step_sample_count": 256, "data": [0.41440423944755184, 0.41572151526304707, -3.3089760542994844, -5.656630595291947, 2.7985756037753444, 5.783973617733137, -14.906981676653832, 2.798558392747781, 1.4767774906704607, 0.6209277183976369, 1.926532433519358, -0.33634020311948926, 2.3974233760310932, 1.9265248324441877, -1.3222798589305902, 0.4753752655497357, 1.013517206786132, 0.34884492606442385, -0.023365943457983294, 1.0135444836648468, -6.006389031818197, 25.292740786167204, 3.580665923253394, 7.215300232126537, 8.481221544827243, 3.5806701722263807, 0.3729048254049855, -21.509659995051592, 0.2959930219648453, -0.4793666632680964, 0.12452102983052292, -0.6742493522066737, 0.3729048254049855, 0.7956539773881132, 6.663900658079773, -17.14728040310242, -11.291735081283127, -21.509659995051592], "data_imag": [-1.00210372681331e-19, 3.322208262061015e-19, 0.0, 0.0, 0.0, 0.0, 0.0, 0.0, 0.0, 0.0, 0.0, 0.0, 0.0, 0.0, 0.0, 0.0, 0.0, 0.0, 0.0, 0.0, 0.0, 0.0, 0.0, 0.0, 0.0, 0.0, 0.0, 0.0, 0.0, 0.0, 0.0, 0.0, 0.0, 0.0, 0.0, 0.0, 0.0, 0.0]}, {"time": 21.56862745098039, "step_sample_count": 256, "data": [0.4149818604800835, 0.4219448715366274, -3.133946887379418, -5.94234864841138, 2.8794147649863935, 5.675477668350707, -14.906968713240037, 2.879397553958507, 1.2830302421899134, 0.9628267804520622, 1.9785796130785864, 0.15424053763595685, 2.055606480997469, 1.9785720120034143, -0.9101823357063474, 0.05301870636612366, 0.8412879937998936, 0.3688993542187843, -0.02341011558292572, 0.8413152706790542, -6.17973170214893, 25.638706968285423, 3.7249488793990637, 6.928332992024845, 8.862768713055086, 3.724953128371605, 0.38813752612468017, -22.02401254831038, 0.2820034736594658, -0.48171257144366775, 0.11420578136508376, -0.6741492387578168, 0.38813752612468017, 0.8016400301218023, 6.819966058679185, -17.532779380585122, -11.524620487101508, -22.02401254831038], "data_imag": [1.2561412752846913e-18, -4.170206747547727e-18, 0.0, 0.0, 0.0, 0.0, 0.0, 0.0, 0.0, 0.0, 0.0, 0.0, 0.0, 0.0, 0.0, 0.0, 0.0, 0.0, 0.0, 0.0, 0.0, 0.0, 0.0, 0.0, 0.0, 0.0, 0.0, 0.0, 0.0, 0.0, 0.0, 0.0, 0.0, 0.0, 0.0, 0.0, 0.0, 0.0]}, {"time": 22.058823529411764, "step_sample_count": 256, "data": [0.41219852500064147, 0.42468599820852854, -3.1049143263801744, -5.889748573966226, 2.873548328044736, 5.753745399429163, -14.90693819003455, 2.8735311170168996, 1.0304998632760292, 1.263593486205778, 2.0766898351070338, 0.6791291634299621, 1.5795242784300274, 2.0766822340318614, -0.4371416970201329, -0.4311603533716963, 0.688777569691957, 0.3894436227982311, -0.023452250572842667, 0.6888048465711176, -6.360780983495623, 25.864745657123677, 3.844697410368331, 6.911525644021491, 8.84234479155443, 3.844701659340204, 0.40536991883488926, -22.530156350664576, 0.28109155294137983, -0.4990156073878274, 0.11642513315805689, -0.6888825833458062, 0.40536991883488926, 0.8108749255374581, 6.9860748578642635, -17.93597673996959, -11.768286203065385, -22.530156350664576], "data_imag": [-3.4791717497633936e-18, 1.1472875707810972e-17, 0.0, 0.0, 0.0, 0.0, 0.0, 0.0, 0.0, 0.0, 0.0, 0.0, 0.0, 0.0, 0.0, 0.0, 0.0, 0.0, 0.0, 0.0, 0.0, 0.0, 0.0, 0.0, 0.0, 0.0, 0.0, 0.0, 0.0, 0.0, 0.0, 0.0, 0.0, 0.0, 0.0, 0.0, 0.0, 0.0]}, {"time": 22.549019607843135, "step_sample_count": 256, "data": [0.4073382050714487, 0.41993303837620644, -3.2029770636507484, -5.43457266240244, 2.8580751861312024, 6.102173425228312, -14.90690466503558, 2.85805797510405, 0.8137684719351979, 1.5905144765915755, 2.1906569386266974, 1.0548022425505172, 1.3169806421293822, 2.19064933755089, -0.05116183690466242, -0.6588499820315499, 0.5847654441752701, 0.57394886534311, -0.02347405257017466, 0.5847927210544307, -6.564707603730692, 25.949976123475395, 3.9332131350398933, 7.164082598725759, 8.384109008347984, 3.933217384012212, 0.4404178264944603, -23.03421154973522, 0.2788758919384382, -0.5446327457967359, 0.12876533089376807, -0.71965714273865, 0.4404178264944603, 0.8443606369317743, 7.149181807666538, -18.338749208454818, -12.038747819579857, -23.03421154973522], "data_imag": [-4.034141950095781e-19, 1.3146081127643596e-18, 0.0, 0.0, 0.0, 0.0, 0.0, 0.0, 0.0, 0.0, 0.0, 0.0, 0.0, 0.0, 0.0, 0.0, 0.0, 0.0, 0.0, 0.0, 0.0, 0.0, 0.0, 0.0, 0.0, 0.0, 0.0, 0.0, 0.0, 0.0, 0.0, 0.0, 0.0, 0.0, 0.0, 0.0, 0.0, 0.0]}, {"time": 23.03921568627451, "step_sample_count": 256, "data": [0.4049311057677317, 0.41344887441561307, -3.1959635532091224, -4.924620329763199, 2.903562084924473, 6.612266032189572, -14.906916452868295, 2.9035448738968705, 0.7106310262070973, 1.99031665172622, 2.297581151209889, 1.162071161873213, 1.51377452797754, 2.2975735501348833, 0.1268999722224031, -0.5970372526131622, 0.48545277640842766, 0.8326059516454456, -0.0234766905386682, 0.4854800532866966, -6.609396068173083, 26.043341095453393, 4.016857861391279, 7.566120895680716, 7.945092163081154, 4.016862110363598, 0.5021218976292612, -23.55308606274827, 0.2478063924170632, -0.6106362912944372, 0.13417728393577072, -0.7481613831867896, 0.5021218976292612, 0.9004371166606261, 7.297631246908583, -18.712474597390063, -12.3170470701629, -23.55308606274827], "data_imag": [-1.2060890492310194e-18, 3.907063778875753e-18, 0.0, 0.0, 0.0, 0.0, 0.0, 0.0, 0.0, 0.0, 0.0, 0.0, 0.0, 0.0, 0.0, 0.0, 0.0, 0.0, 0.0, 0.0, 0.0, 0.0, 0.0, 0.0, 0.0, 0.0, 0.0, 0.0, 0.0, 0.0, 0.0, 0.0, 0.0, 0.0, 0.0, 0.0, 0.0, 0.0]}, {"time": 23.52941176470588, "step_sample_count": 256, "data": [0.408807503122821, 0.41310811289465793, -3.0162145209571616, -4.5467310864042565, 3.027828698176722, 7.167631220723412, -14.906988335448489, 3.0278114871491804, 0.6479832476219805, 2.34903588383849, 2.416791525511903, 1.1231438270405414, 1.8564300917610177, 2.4167839244371034, 0.06092254795034066, -0.47944462708676255, 0.30190120072923177, 0.8988013733133641, -0.02344317229208906, 0.30192847760750063, -6.333170825775869, 26.295258688193037, 4.126547848307249, 7.977707640252901, 7.9833655884416, 4.126552097279568, 0.5854619116485847, -24.109295004983647, 0.19380224711529398, -0.6770188229461511, 0.11780347762021307, -0.7756064995818664, 0.5854619116485847, 0.9681487530555513, 7.43655634184451, -19.038031521767852, -12.567680066498086, -24.109295004983647], "data_imag": [2.676338904833332e-18, -8.752859401563038e-18, 0.0, 0.0, 0.0, 0.0, 0.0, 0.0, 0.0, 0.0, 0.0, 0.0, 0.0, 0.0, 0.0, 0.0, 0.0, 0.0, 0.0, 0.0, 0.0, 0.0, 0.0, 0.0, 0.0, 0.0, 0.0, 0.0, 0.0, 0.0, 0.0, 0.0, 0.0, 0.0, 0.0, 0.0, 0.0, 0.0]}, {"time": 24.019607843137255, "step_sample_count": 256, "data": [0.41707720542188903, 0.41793035739168144, -2.806526518306489, -4.324689424682378, 3.167489550492765, 7.600678366858719, -14.90710479477372, 3.1674723394651414, 0.5702254569621568, 2.5564060735372736, 2.6003522424140706, 1.0987833410222623, 2.0141435212655647, 2.6003446413392037, -0.2739388421243818, -0.40877933221315615, -0.03871144209160143, 0.6470277285558494, -0.02331605394300375, -0.03868416521154927, -5.853335465988391, 26.64343530683286, 4.253450373448785, 8.379413335285655, 8.336032913764479, 4.2534546224215495, 0.6640980431069026, -24.71753497980933, 0.14267712694994855, -0.7226867962220817, 0.0848331144769516, -0.802023785414779, 0.6640980431069026, 1.0571135815534785, 7.5861888737619285, -19.319341624291436, -12.7841621842872, -24.71753497980933], "data_imag": [3.1074061263993837e-19, -1.0368226106476098e-18, 0.0, 0.0, 0.0, 0.0, 0.0, 0.0, 0.0, 0.0, 0.0, 0.0, 0.0, 0.0, 0.0, 0.0, 0.0, 0.0, 0.0, 0.0, 0.0, 0.0, 0.0, 0.0, 0.0, 0.0, 0.0, 0.0, 0.0, 0.0, 0.0, 0.0, 0.0, 0.0, 0.0, 0.0, 0.0, 0.0]}, {"time": 24.509803921568626, "step_sample_count": 256, "data": [0.4256663704489277, 0.42317288262546826, -2.760334677666812, -4.248783328167324, 3.2040571400714226, 7.7262456552814776, -14.907175211841118, 3.2040399290437938, 0.5049773239913089, 2.5891298099666455, 2.8719872912876605, 1.130269141516035, 1.9491256889807713, 2.8719796902128043, -0.7520204648525923, -0.3871773331046005, -0.4999910447978123, 0.20288609883554015, -0.023070495168753327, -0.49996376791597685, -5.366671021955582, 26.99156123460202, 4.335381012820919, 8.757235124816832, 8.71942995337741, 4.335385261792792, 0.6991397481417471, -25.36028749507258, 0.11865928611676124, -0.730011728107468, 0.05547533525173663, -0.8140851314022393, 0.6991397481417471, 1.1641946963427134, 7.754131831409875, -19.5821741424681, -12.982021020261985, -25.36028749507258], "data_imag": [4.688858149136e-19, -1.5967113839140787e-18, 0.0, 0.0, 0.0, 0.0, 0.0, 0.0, 0.0, 0.0, 0.0, 0.0, 0.0, 0.0, 0.0, 0.0, 0.0, 0.0, 0.0, 0.0, 0.0, 0.0, 0.0, 0.0, 0.0, 0.0, 0.0, 0.0, 0.0, 0.0, 0.0, 0.0, 0.0, 0.0, 0.0, 0.0, 0.0, 0.0]}], "random_generator": {"seed": "very_nice_seed"}, "realworld_total_calculation_time": 5.768}