{"hamiltonian": {"U": 1.0, "E": 0.8, "J": 0.1, "phi": 2.5132741228718345, "type": "FirstOrderVariationalClassicalNetworkHamiltonian", "eta_calculation_sampler": {"system_geometry": {"type": "SquareSystemNonPeriodicState", "size": 2}, "initial_system_state": {"type": "HomogenousInitialSystemState"}, "type": "ExactSampler"}, "psi_selection": {"type": "SquareDirectionDependentAllSameFirstOrder", "number_of_psis": 12, "J": 0.1}, "random_generator": {"seed": "46954944"}, "init_sigma": 1e-05, "pseudo_inverse_cutoff": 1e-10, "effective_time_step_size": 0.020161290322580645, "number_workers": 16, "variational_step_fraction_multiplier": 16, "ue_might_change": true, "ue_variational": true}, "start_time": 0.0, "time_step": 0.3225806451612903, "number_of_time_steps": 31, "sampler": {"system_geometry": {"type": "SquareSystemNonPeriodicState", "size": 2}, "initial_system_state": {"type": "HomogenousInitialSystemState"}, "type": "ExactSampler"}, "observables": [{"type": "Energy", "label": "Energy per site"}, {"type": "EnergyVariance", "label": "Energy Variance per site"}, {"type": "VCNFactor", "label": "Re-Part of VCN Parameter 0", "param_real_part": true, "param_index": 0, "can_return_value": true}, {"type": "VCNFactor", "label": "Re-Part of VCN Parameter 1", "param_real_part": true, "param_index": 1, "can_return_value": true}, {"type": "VCNFactor", "label": "Re-Part of VCN Parameter 2", "param_real_part": true, "param_index": 2, "can_return_value": true}, {"type": "VCNFactor", "label": "Re-Part of VCN Parameter 3", "param_real_part": true, "param_index": 3, "can_return_value": true}, {"type": "VCNFactor", "label": "Re-Part of VCN Parameter 4", "param_real_part": true, "param_index": 4, "can_return_value": true}, {"type": "VCNFactor", "label": "Re-Part of VCN Parameter 5", "param_real_part": true, "param_index": 5, "can_return_value": true}, {"type": "VCNFactor", "label": "Re-Part of VCN Parameter 6", "param_real_part": true, "param_index": 6, "can_return_value": true}, {"type": "VCNFactor", "label": "Re-Part of VCN Parameter 7", "param_real_part": true, "param_index": 7, "can_return_value": true}, {"type": "VCNFactor", "label": "Re-Part of VCN Parameter 8", "param_real_part": true, "param_index": 8, "can_return_value": true}, {"type": "VCNFactor", "label": "Re-Part of VCN Parameter 9", "param_real_part": true, "param_index": 9, "can_return_value": true}, {"type": "VCNFactor", "label": "Re-Part of VCN Parameter 10", "param_real_part": true, "param_index": 10, "can_return_value": true}, {"type": "VCNFactor", "label": "Re-Part of VCN Parameter 11", "param_real_part": true, "param_index": 11, "can_return_value": true}, {"type": "VCNFactor", "label": "Im-Part of VCN Parameter 0", "param_real_part": false, "param_index": 0, "can_return_value": true}, {"type": "VCNFactor", "label": "Im-Part of VCN Parameter 1", "param_real_part": false, "param_index": 1, "can_return_value": true}, {"type": "VCNFactor", "label": "Im-Part of VCN Parameter 2", "param_real_part": false, "param_index": 2, "can_return_value": true}, {"type": "VCNFactor", "label": "Im-Part of VCN Parameter 3", "param_real_part": false, "param_index": 3, "can_return_value": true}, {"type": "VCNFactor", "label": "Im-Part of VCN Parameter 4", "param_real_part": false, "param_index": 4, "can_return_value": true}, {"type": "VCNFactor", "label": "Im-Part of VCN Parameter 5", "param_real_part": false, "param_index": 5, "can_return_value": true}, {"type": "VCNFactor", "label": "Im-Part of VCN Parameter 6", "param_real_part": false, "param_index": 6, "can_return_value": true}, {"type": "VCNFactor", "label": "Im-Part of VCN Parameter 7", "param_real_part": false, "param_index": 7, "can_return_value": true}, {"type": "VCNFactor", "label": "Im-Part of VCN Parameter 8", "param_real_part": false, "param_index": 8, "can_return_value": true}, {"type": "VCNFactor", "label": "Im-Part of VCN Parameter 9", "param_real_part": false, "param_index": 9, "can_return_value": true}, {"type": "VCNFactor", "label": "Im-Part of VCN Parameter 10", "param_real_part": false, "param_index": 10, "can_return_value": true}, {"type": "VCNFactor", "label": "Im-Part of VCN Parameter 11", "param_real_part": false, "param_index": 11, "can_return_value": true}, {"type": "BaseEnergyFactor", "label": "Re-Part of BE-Factor U", "param_real_part": true, "param_index": -1, "can_return_value": true, "kind": "U"}, {"type": "BaseEnergyFactor", "label": "Im-Part of BE-Factor U", "param_real_part": false, "param_index": -1, "can_return_value": true, "kind": "U"}, {"type": "BaseEnergyFactor", "label": "Re-Part of BE-Factor eps-0", "param_real_part": true, "param_index": 0, "can_return_value": true, "kind": "eps"}, {"type": "BaseEnergyFactor", "label": "Re-Part of BE-Factor eps-1", "param_real_part": true, "param_index": 1, "can_return_value": true, "kind": "eps"}, {"type": "BaseEnergyFactor", "label": "Re-Part of BE-Factor eps-2", "param_real_part": true, "param_index": 2, "can_return_value": true, "kind": "eps"}, {"type": "BaseEnergyFactor", "label": "Re-Part of BE-Factor eps-3", "param_real_part": true, "param_index": 3, "can_return_value": true, "kind": "eps"}, {"type": "BaseEnergyFactor", "label": "Re-Part of BE-Factor eps-4", "param_real_part": true, "param_index": 4, "can_return_value": true, "kind": "eps"}, {"type": "BaseEnergyFactor", "label": "Im-Part of BE-Factor eps-0", "param_real_part": false, "param_index": 0, "can_return_value": true, "kind": "eps"}, {"type": "BaseEnergyFactor", "label": "Im-Part of BE-Factor eps-1", "param_real_part": false, "param_index": 1, "can_return_value": true, "kind": "eps"}, {"type": "BaseEnergyFactor", "label": "Im-Part of BE-Factor eps-2", "param_real_part": false, "param_index": 2, "can_return_value": true, "kind": "eps"}, {"type": "BaseEnergyFactor", "label": "Im-Part of BE-Factor eps-3", "param_real_part": false, "param_index": 3, "can_return_value": true, "kind": "eps"}, {"type": "BaseEnergyFactor", "label": "Im-Part of BE-Factor eps-4", "param_real_part": false, "param_index": 4, "can_return_value": true, "kind": "eps"}], "measurements": [{"time": 0.0, "step_sample_count": 256, "data": [0.06150994716214185, 0.23217153648874098, -2.409211346512654e-05, 1.3364613742072939e-05, 1.5426940819682473e-06, -2.3095526437844924e-06, 2.9577584621232426e-06, -1.5668367408516222e-05, 1.0073359691169309e-05, -1.2604172898632618e-05, -1.1358230129747497e-05, 3.80637423358691e-06, 2.8480717089983352e-06, -1.895923534861108e-05, -1.1357545410297846e-05, 4.318272037258513e-06, -1.4618044943022195e-05, 1.2968369814907847e-06, -2.4229613465669603e-06, 1.2658790972584678e-05, -4.320935634434884e-06, -4.807979398987998e-06, -1.0283182688040512e-05, 1.5791125000597532e-06, 1.6795899010380995e-05, -6.0341603244068835e-06, 7.2706396032623796e-06, -2.5990623020784137e-06, 2.105483127674879e-05, 1.1085069673905734e-05, -9.132533945527703e-06, -1.2101228867378676e-06, 7.2706396032623796e-06, -5.612770751019133e-06, -2.3901402852107364e-06, -7.7877375531777e-06, 4.464171819755137e-06, -2.5990623020784137e-06], "data_imag": [-8.271351266177394e-25, 4.0701630347366896e-25, 0.0, 0.0, 0.0, 0.0, 0.0, 0.0, 0.0, 0.0, 0.0, 0.0, 0.0, 0.0, 0.0, 0.0, 0.0, 0.0, 0.0, 0.0, 0.0, 0.0, 0.0, 0.0, 0.0, 0.0, 0.0, 0.0, 0.0, 0.0, 0.0, 0.0, 0.0, 0.0, 0.0, 0.0, 0.0, 0.0]}, {"time": 0.3225806451612903, "step_sample_count": 256, "data": [0.061761112509901045, 0.23247771130843398, 0.004381493141443464, -0.04410363420222446, 0.05644042312251259, 0.0050172133479558225, -0.04348928539566191, 0.05642321206102098, 0.004956638041504125, -0.043814692014048556, 0.056662430548603815, 0.004505072730591075, -0.0442552605767421, 0.056654829543388664, 0.31225205025058006, 0.3051362106652459, 0.31064178281642, 0.32640105000226227, 0.33246810747108246, 0.31066905965233105, 0.32545454168018323, 0.32973251386556784, 0.31160364313435285, 0.31519845258812995, 0.3098829723325434, 0.3116078921566936, 0.0014355301577140425, -0.323095781242289, -0.0017696322999782013, 0.004413230065592722, -0.006307049736047413, -0.0001050263834217109, 0.0014355301577140425, 0.00039885002061186076, 0.20777813139601273, -0.1502678560253414, 0.057118171269402926, -0.323095781242289], "data_imag": [1.9734232108192342e-19, -9.750465036244552e-20, 0.0, 0.0, 0.0, 0.0, 0.0, 0.0, 0.0, 0.0, 0.0, 0.0, 0.0, 0.0, 0.0, 0.0, 0.0, 0.0, 0.0, 0.0, 0.0, 0.0, 0.0, 0.0, 0.0, 0.0, 0.0, 0.0, 0.0, 0.0, 0.0, 0.0, 0.0, 0.0, 0.0, 0.0, 0.0, 0.0]}, {"time": 0.6451612903225806, "step_sample_count": 256, "data": [0.06195299661037587, 0.23283140176500655, 0.016004455240119793, -0.1809447257732076, 0.20779321180012156, 0.018247072353437834, -0.17819718462649883, 0.20777600073863853, 0.018265530810822456, -0.18238558190579174, 0.21143189086562592, 0.016683629539809362, -0.18443780518056213, 0.21142428986040496, 0.625293880509059, 0.5641389882021458, 0.5523336522286141, 0.6112045479729645, 0.6620242442953339, 0.552360929064461, 0.6212170708294554, 0.6571191771759668, 0.5592443103318556, 0.6317990405594768, 0.5856853608435907, 0.5592485593542146, 0.005365804137942338, -0.6492510951064908, -0.006841861873612502, 0.018040396978784626, -0.025090282410044785, -0.00018676309152835982, 0.005365804137942338, 0.0015350266481356546, 0.42049022174236245, -0.3028619805147322, 0.11609840296027481, -0.6492510951064908], "data_imag": [-1.0568192604950458e-18, 5.237849605058358e-19, 0.0, 0.0, 0.0, 0.0, 0.0, 0.0, 0.0, 0.0, 0.0, 0.0, 0.0, 0.0, 0.0, 0.0, 0.0, 0.0, 0.0, 0.0, 0.0, 0.0, 0.0, 0.0, 0.0, 0.0, 0.0, 0.0, 0.0, 0.0, 0.0, 0.0, 0.0, 0.0, 0.0, 0.0, 0.0, 0.0]}, {"time": 0.967741935483871, "step_sample_count": 256, "data": [0.06206506348606458, 0.2328246583582999, 0.025633337713806794, -0.39923514495431434, 0.39287801050159993, 0.03381522961439855, -0.39661478644242915, 0.39286079944013025, 0.03475867719021228, -0.416864202804041, 0.40902844043667236, 0.029361571352082796, -0.4194411096751846, 0.40902083943139905, 0.9446424581319802, 0.7208313382829794, 0.691602705783558, 0.8139635516747118, 0.9793432126873116, 0.691629982619368, 0.8581433424626804, 0.9734140446282828, 0.7102192513553611, 0.9559248317888417, 0.7827591971532786, 0.7102235003777204, 0.009959921757497261, -0.9798908404112918, -0.013563010502862152, 0.040377301295458363, -0.05351327967143457, 0.0004531082242882202, 0.009959921757497261, 0.003525546822689079, 0.6426639765105028, -0.4609810054479037, 0.17816658737113364, -0.9798908404112918], "data_imag": [2.0654573295740013e-19, -1.0255419223021422e-19, 0.0, 0.0, 0.0, 0.0, 0.0, 0.0, 0.0, 0.0, 0.0, 0.0, 0.0, 0.0, 0.0, 0.0, 0.0, 0.0, 0.0, 0.0, 0.0, 0.0, 0.0, 0.0, 0.0, 0.0, 0.0, 0.0, 0.0, 0.0, 0.0, 0.0, 0.0, 0.0, 0.0, 0.0, 0.0, 0.0]}, {"time": 1.2903225806451613, "step_sample_count": 256, "data": [0.06199953757477454, 0.2320042390899897, 0.010989444443946447, -0.6540309603229338, 0.5531221842146979, 0.05210470817806785, -0.6772879574933655, 0.5531049731533714, 0.053819008181765944, -0.7403156073702132, 0.595959915978666, 0.02692584520781565, -0.7268600903409739, 0.5959523149733278, 1.2829172367439705, 0.7109383912726993, 0.7421475080784153, 0.9022510403380317, 1.2660845484436256, 0.7421747849142688, 1.0118283453994943, 1.260215144466346, 0.774040383216019, 1.3025254249554834, 0.8426053389376442, 0.7740446322383463, 0.012891915123345988, -1.3134413044082995, -0.01973066409192615, 0.06948661056058429, -0.08700221736448428, 0.002247369240416468, 0.012891915123345988, 0.00538271507618654, 0.8777491590631117, -0.6293276261448038, 0.24306188063470344, -1.3134413044082995], "data_imag": [5.8212697503594235e-19, -2.887328260962461e-19, 0.0, 0.0, 0.0, 0.0, 0.0, 0.0, 0.0, 0.0, 0.0, 0.0, 0.0, 0.0, 0.0, 0.0, 0.0, 0.0, 0.0, 0.0, 0.0, 0.0, 0.0, 0.0, 0.0, 0.0, 0.0, 0.0, 0.0, 0.0, 0.0, 0.0, 0.0, 0.0, 0.0, 0.0, 0.0, 0.0]}, {"time": 1.6129032258064515, "step_sample_count": 256, "data": [0.06159559979263927, 0.23010210078189064, -0.06873978567032302, -0.8362062358104734, 0.6574463697261427, 0.09519067919105093, -0.975519553369603, 0.6574291586647227, 0.09243487349449563, -1.1284068808259722, 0.7429506728105288, -0.020236384786822666, -1.0347460269866466, 0.7429430718052095, 1.6477298254820731, 0.49794287916918833, 0.7425226342263367, 0.8627580295814705, 1.5071429192389723, 0.7425499110620477, 1.065955750483721, 1.495845381643518, 0.7817509859026728, 1.6893790455070177, 0.7087774438448284, 0.781755234925023, 0.013315686045773514, -1.646625735600444, -0.02357203913324733, 0.0994353463916803, -0.11871167771420067, 0.004336605408410186, 0.013315686045773514, 0.006111019942735913, 1.127216283826316, -0.812261502440643, 0.308872018533903, -1.646625735600444], "data_imag": [-2.8375977165488805e-19, 1.3982682665684155e-19, 0.0, 0.0, 0.0, 0.0, 0.0, 0.0, 0.0, 0.0, 0.0, 0.0, 0.0, 0.0, 0.0, 0.0, 0.0, 0.0, 0.0, 0.0, 0.0, 0.0, 0.0, 0.0, 0.0, 0.0, 0.0, 0.0, 0.0, 0.0, 0.0, 0.0, 0.0, 0.0, 0.0, 0.0, 0.0, 0.0]}, {"time": 1.935483870967742, "step_sample_count": 256, "data": [0.0608502225429878, 0.2273144610181071, -0.2632731675700145, -0.7946552285705013, 0.70153475643251, 0.20358572924344318, -1.2324923150804894, 0.7015175453711113, 0.19179051494247687, -1.5364417321239165, 0.8428952687675805, -0.16024326561325297, -1.207256934012099, 0.8428876677621426, 2.0117014175747254, 0.1547391496158199, 0.7314226962773825, 0.7233015195202562, 1.7192417492857797, 0.7314499731130936, 1.024755366931785, 1.6736077892287307, 0.763161205539588, 2.1135344371001143, 0.3818896971065038, 0.7631654545622154, 0.012340562383307436, -1.9770644001036102, -0.025066828662260926, 0.11994704586815236, -0.13941618326559438, 0.005672240892855134, 0.012340562383307436, 0.006732709445270199, 1.3872359599578474, -1.0080860094064386, 0.37239409933872264, -1.9770644001036102], "data_imag": [-1.1905288609500419e-18, 5.795515690612788e-19, 0.0, 0.0, 0.0, 0.0, 0.0, 0.0, 0.0, 0.0, 0.0, 0.0, 0.0, 0.0, 0.0, 0.0, 0.0, 0.0, 0.0, 0.0, 0.0, 0.0, 0.0, 0.0, 0.0, 0.0, 0.0, 0.0, 0.0, 0.0, 0.0, 0.0, 0.0, 0.0, 0.0, 0.0, 0.0, 0.0]}, {"time": 2.258064516129032, "step_sample_count": 256, "data": [0.06013744002130004, 0.2245227229283702, -0.587375570871835, -0.4752857965057281, 0.6967345017895759, 0.3907302082664718, -1.4231922261415515, 0.6967172907283435, 0.3912431377362191, -1.9236645450265184, 0.8994256175457652, -0.43731200958172, -1.1182533047374859, 0.8994180165405506, 2.3029327393589414, -0.11611671998166066, 0.7374188041031834, 0.5560691511542434, 1.9581140209102326, 0.7374460809387366, 0.9352237626559671, 1.8233987045798246, 0.7390025784446619, 2.5216031429596235, -0.005796941484871334, 0.7390068274671745, 0.01165514520062213, -2.3043236785508854, -0.027313252331578105, 0.12353108199484958, -0.1431944660081686, 0.007838890245514034, 0.01165514520062213, 0.008933820603972825, 1.6458467154230398, -1.2051837284394729, 0.4315312469215636, -2.3043236785508854], "data_imag": [-1.0042376957952438e-18, 4.831382735841201e-19, 0.0, 0.0, 0.0, 0.0, 0.0, 0.0, 0.0, 0.0, 0.0, 0.0, 0.0, 0.0, 0.0, 0.0, 0.0, 0.0, 0.0, 0.0, 0.0, 0.0, 0.0, 0.0, 0.0, 0.0, 0.0, 0.0, 0.0, 0.0, 0.0, 0.0, 0.0, 0.0, 0.0, 0.0, 0.0, 0.0]}, {"time": 2.5806451612903225, "step_sample_count": 256, "data": [0.059909446382278804, 0.22292733552416932, -0.9906306117783912, -0.011125259911265131, 0.6621160866863125, 0.6116840475686446, -1.5838751767146557, 0.6620988756251813, 0.6734344355137898, -2.2989685006226868, 0.9199774217200166, -0.8372142731563931, -0.8084995222172334, 0.9199698207146583, 2.4562286574283214, -0.14667475905283553, 0.7781963379280774, 0.4218742944094541, 2.2634168634483975, 0.77822361476358, 0.86736187285844, 1.9897634161848652, 0.722943496691243, 2.830040439846403, -0.2532229464164036, 0.7229477457137372, 0.01210629730017699, -2.6293377755111886, -0.03346659308302559, 0.11406021266478203, -0.13467141669860655, 0.013333398495951802, 0.01210629730017699, 0.011374951230265454, 1.8903240616541754, -1.39001456543041, 0.4883652622481556, -2.6293377755111886], "data_imag": [-8.112021883137405e-20, 3.887893920477543e-20, 0.0, 0.0, 0.0, 0.0, 0.0, 0.0, 0.0, 0.0, 0.0, 0.0, 0.0, 0.0, 0.0, 0.0, 0.0, 0.0, 0.0, 0.0, 0.0, 0.0, 0.0, 0.0, 0.0, 0.0, 0.0, 0.0, 0.0, 0.0, 0.0, 0.0, 0.0, 0.0, 0.0, 0.0, 0.0, 0.0]}, {"time": 2.903225806451613, "step_sample_count": 256, "data": [0.060023275561549315, 0.22291955470784267, -1.3931542169724147, 0.407862978700176, 0.6209787500093726, 0.80567005813121, -1.7619026053138858, 0.6209615389480382, 0.9741285170751982, -2.7067600313423608, 0.914521124488887, -1.2912422018326457, -0.45735806472792906, 0.9145135234834819, 2.463139293455579, 0.06206758456592794, 0.8602231865671759, 0.32468414406698615, 2.621720004846537, 0.860250463402548, 0.8476579310210743, 2.179413064988386, 0.7239128236142763, 3.0034039750126773, -0.29061166923475956, 0.7239170726367565, 0.013271263254737455, -2.9536550502815357, -0.0430730890960028, 0.10165993940654552, -0.12348654278162817, 0.022251535020912667, 0.013271263254737455, 0.011854571380880584, 2.1183772903732905, -1.559115866840879, 0.5462904663478402, -2.9536550502815357], "data_imag": [-1.3379336698396092e-18, 6.424572907828622e-19, 0.0, 0.0, 0.0, 0.0, 0.0, 0.0, 0.0, 0.0, 0.0, 0.0, 0.0, 0.0, 0.0, 0.0, 0.0, 0.0, 0.0, 0.0, 0.0, 0.0, 0.0, 0.0, 0.0, 0.0, 0.0, 0.0, 0.0, 0.0, 0.0, 0.0, 0.0, 0.0, 0.0, 0.0, 0.0, 0.0]}, {"time": 3.225806451612903, "step_sample_count": 256, "data": [0.060027065184603774, 0.22393464569068286, -1.7373177304237835, 0.6760253886974436, 0.5975946844350827, 0.943440482592496, -1.975303741300391, 0.5975774733737067, 1.2529651610843664, -3.184139846430759, 0.8961395140056283, -1.7519627405244926, -0.19084488656166873, 0.8961319130001335, 2.364981164086098, 0.40795791861117725, 0.976920717933768, 0.23530355971226138, 3.002689231961403, 0.9769479947690585, 0.8568471256537711, 2.375126322752645, 0.7459923735241653, 3.0688216916812903, -0.18246038331058165, 0.7459966225464872, 0.014075091521062566, -3.2787510297074682, -0.05471978177938119, 0.09156326540309422, -0.11375612367906157, 0.03413585476829119, 0.014075091521062566, 0.009900894717032274, 2.335975935771699, -1.7174666608891072, 0.6069517310882359, -3.2787510297074682], "data_imag": [9.456996778011173e-20, -4.5414060963541165e-20, 0.0, 0.0, 0.0, 0.0, 0.0, 0.0, 0.0, 0.0, 0.0, 0.0, 0.0, 0.0, 0.0, 0.0, 0.0, 0.0, 0.0, 0.0, 0.0, 0.0, 0.0, 0.0, 0.0, 0.0, 0.0, 0.0, 0.0, 0.0, 0.0, 0.0, 0.0, 0.0, 0.0, 0.0, 0.0, 0.0]}, {"time": 3.5483870967741935, "step_sample_count": 256, "data": [0.05991327246243383, 0.22546668904474082, -2.004867023840427, 0.7721804082116801, 0.609837576617549, 1.0250984115840687, -2.227291868823026, 0.6098203655561658, 1.5107971113354803, -3.7770578452856567, 0.8787510733670566, -2.224303219231586, -0.04882249133654472, 0.8787434723615537, 2.2134811404538537, 0.7959510659633696, 1.108841745384641, 0.1280172560139204, 3.3900167026161783, 1.1088690222199211, 0.8769502372161727, 2.5572050023477084, 0.787287413020932, 3.056711628789017, 0.002101771868472444, 0.7872916620432427, 0.013354655046756593, -3.605297875534512, -0.06831174887747021, 0.08307961989950648, -0.10372032041660895, 0.0497040901209094, 0.013354655046756593, 0.005097139697975074, 2.549109542434597, -1.8707217647257788, 0.6712396978628893, -3.605297875534512], "data_imag": [1.3506666535204178e-19, -6.473828737463405e-20, 0.0, 0.0, 0.0, 0.0, 0.0, 0.0, 0.0, 0.0, 0.0, 0.0, 0.0, 0.0, 0.0, 0.0, 0.0, 0.0, 0.0, 0.0, 0.0, 0.0, 0.0, 0.0, 0.0, 0.0, 0.0, 0.0, 0.0, 0.0, 0.0, 0.0, 0.0, 0.0, 0.0, 0.0, 0.0, 0.0]}, {"time": 3.870967741935484, "step_sample_count": 256, "data": [0.06002716854298195, 0.22734552235329292, -2.2018940598767656, 0.7091426612143409, 0.6609395129441528, 1.0616135889975153, -2.5225628006731844, 0.6609223018827302, 1.7694740635201045, -4.563826228548762, 0.8725393156653627, -2.743616907940447, -0.0514329738376002, 0.8725317146598534, 2.043815361058624, 1.1672316421527085, 1.2296633662741436, -0.013701581269557051, 3.7777041094434773, 1.2296906431093193, 0.9109719963793881, 2.67542481242689, 0.8395578357103036, 2.9605357577433655, 0.22209578063330407, 0.8395620847326605, 0.01008347421812046, -3.932973859918109, -0.08477835504224845, 0.07305918098696856, -0.08944960297369109, 0.07061892628400018, 0.01008347421812046, -0.004812873156231728, 2.7611151240322607, -2.022602204525829, 0.7409813911801099, -3.932973859918109], "data_imag": [-5.401434315733621e-19, 2.593862464355106e-19, 0.0, 0.0, 0.0, 0.0, 0.0, 0.0, 0.0, 0.0, 0.0, 0.0, 0.0, 0.0, 0.0, 0.0, 0.0, 0.0, 0.0, 0.0, 0.0, 0.0, 0.0, 0.0, 0.0, 0.0, 0.0, 0.0, 0.0, 0.0, 0.0, 0.0, 0.0, 0.0, 0.0, 0.0, 0.0, 0.0]}, {"time": 4.193548387096774, "step_sample_count": 256, "data": [0.0606335655803355, 0.22942270162034656, -2.3409531778904977, 0.5077424352941856, 0.737857884392767, 1.067886270214588, -2.868312816827321, 0.7378406733315356, 2.0631126372033903, -5.659286035102125, 0.8806519237308839, -3.352333908919373, -0.235648206662176, 0.880644322725435, 1.8711721725786572, 1.4888529162903392, 1.3173089160620453, -0.20417073438139594, 4.163435741588385, 1.3173361928971064, 0.9918429227091315, 2.5911667743782596, 0.8910870659027187, 2.7235946645663978, 0.4294555002015772, 0.8910913149249817, 0.003685836407976718, -4.260635754031882, -0.10576717185906881, 0.0569357088309032, -0.06603812459957434, 0.09898514961814128, 0.003685836407976718, -0.025520895961714567, 2.9720268433649983, -2.1740837615045128, 0.8207240257717862, -4.260635754031882], "data_imag": [8.909957032980598e-19, -4.321939712617604e-19, 0.0, 0.0, 0.0, 0.0, 0.0, 0.0, 0.0, 0.0, 0.0, 0.0, 0.0, 0.0, 0.0, 0.0, 0.0, 0.0, 0.0, 0.0, 0.0, 0.0, 0.0, 0.0, 0.0, 0.0, 0.0, 0.0, 0.0, 0.0, 0.0, 0.0, 0.0, 0.0, 0.0, 0.0, 0.0, 0.0]}, {"time": 4.516129032258064, "step_sample_count": 256, "data": [0.061634170675339044, 0.23133346463984755, -2.430545296059765, 0.19028623604111256, 0.8180469602453875, 1.06382162158864, -3.2714034330794997, 0.8180297491842854, 2.427200473144558, -7.170863399871289, 0.8991008294909708, -4.073841787068221, -0.6487943285970215, 0.8990932284855234, 1.70137444017886, 1.7416005509251342, 1.363106270008273, -0.4579334970816284, 4.549475193772509, 1.3631335468432313, 1.2267340334612689, 1.9292200683004177, 0.9319310756293989, 2.207310101501026, 0.49867477014377987, 0.931935324651946, -0.00562893017439853, -4.586594174759116, -0.1325421167952781, 0.02957117249946744, -0.02869028018755382, 0.13585311139725317, -0.00562893017439853, -0.07049741200593973, 3.174071206379157, -2.3187218237223375, 0.922332957013044, -4.586594174759116], "data_imag": [1.6464742858280292e-18, -8.1183261716225355e-19, 0.0, 0.0, 0.0, 0.0, 0.0, 0.0, 0.0, 0.0, 0.0, 0.0, 0.0, 0.0, 0.0, 0.0, 0.0, 0.0, 0.0, 0.0, 0.0, 0.0, 0.0, 0.0, 0.0, 0.0, 0.0, 0.0, 0.0, 0.0, 0.0, 0.0, 0.0, 0.0, 0.0, 0.0, 0.0, 0.0]}, {"time": 4.838709677419355, "step_sample_count": 256, "data": [0.06251337420295737, 0.23254127887332632, -2.4736503304583675, -0.214011650706171, 0.8793983560753557, 1.0775644669188846, -3.7347248156068216, 0.8793811450134786, 2.710448621549212, -8.613011614142057, 0.9199125009249508, -4.718654093282925, -1.15248822100257, 0.9199048999197678, 1.5501186657695194, 1.909892165610957, 1.3734492976712775, -0.7863539005020547, 4.948176809564327, 1.3734765745053696, 1.876094490827436, -0.1594398578115471, 0.9577328047530347, 1.1328936540924468, 0.13011080193894886, 0.9577370537756928, -0.016729026351373508, -4.9091020722541385, -0.14725130958612626, 0.0038795334058490186, 0.008465496363962655, 0.16223517555057548, -0.016729026351373508, -0.1680962006747106, 3.343377400801129, -2.4340472262440023, 1.072556296695098, -4.9091020722541385], "data_imag": [1.0928425070829039e-18, -5.465381807213733e-19, 0.0, 0.0, 0.0, 0.0, 0.0, 0.0, 0.0, 0.0, 0.0, 0.0, 0.0, 0.0, 0.0, 0.0, 0.0, 0.0, 0.0, 0.0, 0.0, 0.0, 0.0, 0.0, 0.0, 0.0, 0.0, 0.0, 0.0, 0.0, 0.0, 0.0, 0.0, 0.0, 0.0, 0.0, 0.0, 0.0]}, {"time": 5.161290322580645, "step_sample_count": 256, "data": [0.06274710591834957, 0.23264176181849539, -2.481868150126418, -0.6471626252019013, 0.9076486169087887, 1.1470382255095142, -4.250971510550895, 0.9076314058482179, 2.285691105978696, -8.021535311982179, 0.9353271261818165, -4.605741443646078, -1.11622698042026, 0.935319525174465, 1.4581137521175347, 1.983731640301887, 1.36503621646621, -1.1909505280455395, 5.392128568659129, 1.3650634932969041, 2.6314070334253237, -2.8053962646402266, 0.9694268137685548, -0.1806419355433036, -0.4468404190691552, 0.9694310627958544, -0.02772425790830985, -5.227078616486987, -0.0842449817320664, 0.03971566379404813, -0.01640214351082841, 0.11049631003035709, -0.02772425790830985, -0.2884236580975692, 3.511613991052713, -2.552628217660436, 1.24061695684211, -5.227078616486987], "data_imag": [2.0907196630066203e-18, -1.0494928651220204e-18, 0.0, 0.0, 0.0, 0.0, 0.0, 0.0, 0.0, 0.0, 0.0, 0.0, 0.0, 0.0, 0.0, 0.0, 0.0, 0.0, 0.0, 0.0, 0.0, 0.0, 0.0, 0.0, 0.0, 0.0, 0.0, 0.0, 0.0, 0.0, 0.0, 0.0, 0.0, 0.0, 0.0, 0.0, 0.0, 0.0]}, {"time": 5.483870967741935, "step_sample_count": 256, "data": [0.06232232808166979, 0.23180400128976014, -2.496309731153998, -1.000282638865778, 0.8991552828976384, 1.3146693250699582, -4.795983062797207, 0.8991380718376321, 1.584330538490326, -6.596241951496126, 0.9398348834283896, -4.119280421421121, -0.907374823828497, 0.9398272824224626, 1.474534477336783, 2.0023623038162635, 1.3580622664705764, -1.6542045027097219, 5.951715187223827, 1.358089543300774, 2.7814906906251493, -3.9343463871745588, 0.9697862389282469, -0.9839117147143012, -0.6467784804159098, 0.9697904879546322, -0.03639351493425406, -5.540640410713935, 0.01610042199878369, 0.09081403836032599, -0.05930754950834851, 0.01864935241252303, -0.03639351493425406, -0.3591548220422108, 3.748402884904971, -2.7439524759320015, 1.3545851932663044, -5.540640410713935], "data_imag": [4.719574775199331e-19, -2.353079100367564e-19, 0.0, 0.0, 0.0, 0.0, 0.0, 0.0, 0.0, 0.0, 0.0, 0.0, 0.0, 0.0, 0.0, 0.0, 0.0, 0.0, 0.0, 0.0, 0.0, 0.0, 0.0, 0.0, 0.0, 0.0, 0.0, 0.0, 0.0, 0.0, 0.0, 0.0, 0.0, 0.0, 0.0, 0.0, 0.0, 0.0]}, {"time": 5.806451612903226, "step_sample_count": 256, "data": [0.061457269991896823, 0.2307098353134044, -2.5621131990477646, -1.1766015382676434, 0.8598877217484405, 1.5987850210386951, -5.336662251659313, 0.8598705106869708, 1.0585617912446075, -5.506414775966266, 0.9295198994909307, -3.6860953582183353, -0.7983780960649847, 0.9295122984861177, 1.6115891075624713, 2.119279444084855, 1.3710408948728696, -2.133891121238924, 6.748791427399292, 1.3710681717049404, 2.585271187180006, -4.380816913705318, 0.9622624749959502, -1.4843531246770068, -0.8271917256901661, 0.9622667240207357, -0.04075470986149972, -5.85101059478688, 0.10872472530311983, 0.11111355329608869, -0.07618559399268243, -0.07031515808198145, -0.04075470986149972, -0.40216122911236063, 4.0235774791683205, -2.9766902625790133, 1.4378449145458854, -5.85101059478688], "data_imag": [4.246407875477597e-19, -2.0877810823915477e-19, 0.0, 0.0, 0.0, 0.0, 0.0, 0.0, 0.0, 0.0, 0.0, 0.0, 0.0, 0.0, 0.0, 0.0, 0.0, 0.0, 0.0, 0.0, 0.0, 0.0, 0.0, 0.0, 0.0, 0.0, 0.0, 0.0, 0.0, 0.0, 0.0, 0.0, 0.0, 0.0, 0.0, 0.0, 0.0, 0.0]}, {"time": 6.129032258064516, "step_sample_count": 256, "data": [0.06040897973367942, 0.22978153816118724, -2.653805174824438, -1.2188189405714198, 0.8028532354398988, 1.948565683606208, -5.836914157523134, 0.8028360243749925, 0.7577582711806147, -4.671302938477442, 0.9014519862734172, -3.350951398251231, -0.6124400953434185, 0.9014443852681601, 1.853930334588592, 2.5065298199655563, 1.4175367149364888, -2.596694435586989, 7.905304174785296, 1.417563991775721, 2.2474374735318845, -4.621088558745371, 0.9519433156017029, -1.8291671258957813, -1.103934808910505, 0.9519475646285076, -0.0396328284165482, -6.16004720018638, 0.18202174470373628, 0.10152492263871593, -0.06909668172963328, -0.14595924892884946, -0.0396328284165482, -0.43417009158418035, 4.3130998688971065, -3.225015653440866, 1.5091665750884604, -6.16004720018638], "data_imag": [-1.1994443643598838e-18, 5.796576823863379e-19, 0.0, 0.0, 0.0, 0.0, 0.0, 0.0, 0.0, 0.0, 0.0, 0.0, 0.0, 0.0, 0.0, 0.0, 0.0, 0.0, 0.0, 0.0, 0.0, 0.0, 0.0, 0.0, 0.0, 0.0, 0.0, 0.0, 0.0, 0.0, 0.0, 0.0, 0.0, 0.0, 0.0, 0.0, 0.0, 0.0]}, {"time": 6.451612903225806, "step_sample_count": 256, "data": [0.05923960550591736, 0.2288428330565083, -2.6777240238959577, -1.2238293823471873, 0.7454776810085499, 2.263750869281944, -6.195317466994595, 0.7454604699492695, 0.6516978387759924, -3.977111127783563, 0.8543166942915553, -3.104521665172167, -0.2763314730134825, 0.8543090932868517, 2.1991940225465125, 3.16849358243984, 1.503642626165175, -3.04317123691577, 9.423597314544187, 1.5036699029853058, 1.898844584143862, -4.733570622936561, 0.9461554223046104, -2.0882278672538153, -1.3491620545531076, 0.9461596713249926, -0.032876337931969396, -6.469797634713019, 0.22754590965299618, 0.07555991361335125, -0.05158263945739694, -0.19984436416890985, -0.032876337931969396, -0.46737139804983635, 4.603584252474307, -3.4735408806627457, 1.5828445456316365, -6.469797634713019], "data_imag": [-1.2563580982701952e-18, 5.954092649255272e-19, 0.0, 0.0, 0.0, 0.0, 0.0, 0.0, 0.0, 0.0, 0.0, 0.0, 0.0, 0.0, 0.0, 0.0, 0.0, 0.0, 0.0, 0.0, 0.0, 0.0, 0.0, 0.0, 0.0, 0.0, 0.0, 0.0, 0.0, 0.0, 0.0, 0.0, 0.0, 0.0, 0.0, 0.0, 0.0, 0.0]}, {"time": 6.774193548387097, "step_sample_count": 256, "data": [0.05798521433704774, 0.2275150185219871, -2.550764146098585, -1.2170265483824756, 0.7071596797737423, 2.461483777319643, -6.267753244573127, 0.7071424687151144, 0.6633089335134631, -3.3959004031565105, 0.790431089575055, -2.9165797316387514, 0.12788274858733004, 0.7904234885689483, 2.615597582980202, 3.96081391145706, 1.6257831806365501, -3.4458313641890435, 11.098649435658762, 1.625810457443211, 1.611072819678409, -4.7210187168835205, 0.9538139951976324, -2.2938254738996435, -1.4586811471577847, 0.9538182442368914, -0.021149285200518102, -6.782042827498428, 0.24363094353462472, 0.049320187540616976, -0.03882278089058423, -0.22941555723651386, -0.021149285200518102, -0.5050766769506101, 4.8847738713877735, -3.710175979879359, 1.663995576722046, -6.782042827498428], "data_imag": [2.150035832751598e-18, -9.973623087554745e-19, 0.0, 0.0, 0.0, 0.0, 0.0, 0.0, 0.0, 0.0, 0.0, 0.0, 0.0, 0.0, 0.0, 0.0, 0.0, 0.0, 0.0, 0.0, 0.0, 0.0, 0.0, 0.0, 0.0, 0.0, 0.0, 0.0, 0.0, 0.0, 0.0, 0.0, 0.0, 0.0, 0.0, 0.0, 0.0, 0.0]}, {"time": 7.096774193548387, "step_sample_count": 256, "data": [0.05678432117112707, 0.22567822337157672, -2.273484682496284, -1.2162170974715336, 0.705172583879658, 2.5336553963858317, -6.064139473410277, 0.7051553728257484, 0.7217278738089332, -2.9215265687335346, 0.7173934343681051, -2.7608715084053657, 0.5067451917412679, 0.717385833360498, 3.03312190001501, 4.709567576481809, 1.7695645232288977, -3.740222797018003, 12.61922866393792, 1.7695918000733777, 1.3965264407194586, -4.599619826360063, 0.9831646178937121, -2.4600270749538327, -1.4216508471096772, 0.9831688669191029, -0.005609254622056069, -7.097898145049284, 0.23627973081725118, 0.03058757363027357, -0.03714831534613777, -0.23939493273430223, -0.005609254622056069, -0.5410027992640938, 5.148841480767675, -3.9257765038251606, 1.7474994616094564, -7.097898145049284], "data_imag": [-4.679504984954898e-19, 2.125780111900552e-19, 0.0, 0.0, 0.0, 0.0, 0.0, 0.0, 0.0, 0.0, 0.0, 0.0, 0.0, 0.0, 0.0, 0.0, 0.0, 0.0, 0.0, 0.0, 0.0, 0.0, 0.0, 0.0, 0.0, 0.0, 0.0, 0.0, 0.0, 0.0, 0.0, 0.0, 0.0, 0.0, 0.0, 0.0, 0.0, 0.0]}, {"time": 7.419354838709677, "step_sample_count": 256, "data": [0.055816418004894695, 0.22361953783978536, -1.9126179252602769, -1.2638236020810607, 0.7485014595763799, 2.5291269020624667, -5.744624858304062, 0.7484842485217769, 0.7852095836827683, -2.5400353039270214, 0.6476582195322751, -2.613625459337199, 0.8071954899461439, 0.6476506185217951, 3.410890507817639, 5.309282857857796, 1.9117311484467288, -3.9014149190153273, 13.812813085355485, 1.9117584252894577, 1.2431775534808642, -4.3916358037872385, 1.038659744687184, -2.6004899144312588, -1.2594207461277944, 1.0386639937006492, 0.012407399926118232, -7.417687180428302, 0.21520965325905134, 0.018521322593693743, -0.044227046358196256, -0.23821880435854623, 0.012407399926118232, -0.5700841341640627, 5.394756376064459, -4.118743036112213, 1.8286208161292612, -7.417687180428302], "data_imag": [3.9045327331098705e-19, -1.743496249160435e-19, 0.0, 0.0, 0.0, 0.0, 0.0, 0.0, 0.0, 0.0, 0.0, 0.0, 0.0, 0.0, 0.0, 0.0, 0.0, 0.0, 0.0, 0.0, 0.0, 0.0, 0.0, 0.0, 0.0, 0.0, 0.0, 0.0, 0.0, 0.0, 0.0, 0.0, 0.0, 0.0, 0.0, 0.0, 0.0, 0.0]}, {"time": 7.741935483870968, "step_sample_count": 256, "data": [0.055168461028050994, 0.22190067570354047, -1.523084820333922, -1.3770196329169042, 0.8326481397147142, 2.487480834112052, -5.422686512983879, 0.8326309286591714, 0.8324105239514187, -2.235376315108398, 0.5955364596701349, -2.449661061317979, 0.9979511616504722, 0.5955288586572729, 3.7478448022409014, 5.724871123056118, 2.02679088911459, -3.955485696342832, 14.670128459411572, 2.0268181659543516, 1.137424329816008, -4.115410297803618, 1.1184215244326632, -2.7242760910132544, -0.9959806526207327, 1.118425773439002, 0.03164984846897577, -7.741088803130521, 0.18750963682011215, 0.011267392139761296, -0.05695628937243808, -0.23184210184581322, 0.03164984846897577, -0.59175174534298, 5.627163158958414, -4.293938263928752, 1.9063715618089216, -7.741088803130521], "data_imag": [1.3462243762028473e-18, -5.941530162684723e-19, 0.0, 0.0, 0.0, 0.0, 0.0, 0.0, 0.0, 0.0, 0.0, 0.0, 0.0, 0.0, 0.0, 0.0, 0.0, 0.0, 0.0, 0.0, 0.0, 0.0, 0.0, 0.0, 0.0, 0.0, 0.0, 0.0, 0.0, 0.0, 0.0, 0.0, 0.0, 0.0, 0.0, 0.0, 0.0, 0.0]}, {"time": 8.064516129032258, "step_sample_count": 256, "data": [0.05474749769676317, 0.2210548792423827, -1.1250102963763202, -1.5352207693811002, 0.939583627550373, 2.4238934162229606, -5.1137551195613336, 0.9395664164956351, 0.8508066785207093, -1.996756275304228, 0.5725483866977711, -2.2488246915480685, 1.0566706285114933, 0.5725407856834603, 4.059905774183327, 5.952074231360308, 2.0964012442034554, -3.945574525502317, 15.247511357719464, 2.0964285210448628, 1.0682017121528122, -3.7869574258288234, 1.2140191099795576, -2.8284255779221157, -0.6624989632432536, 1.214023358983034, 0.051106617318927496, -8.067412621264038, 0.1566104702335476, 0.008675230327972228, -0.07420318025000164, -0.22269011672349945, 0.051106617318927496, -0.6074443985043254, 5.852323694740927, -4.458417932529362, 1.9813385947479747, -8.067412621264038], "data_imag": [7.538082165917741e-19, -3.301529088132746e-19, 0.0, 0.0, 0.0, 0.0, 0.0, 0.0, 0.0, 0.0, 0.0, 0.0, 0.0, 0.0, 0.0, 0.0, 0.0, 0.0, 0.0, 0.0, 0.0, 0.0, 0.0, 0.0, 0.0, 0.0, 0.0, 0.0, 0.0, 0.0, 0.0, 0.0, 0.0, 0.0, 0.0, 0.0, 0.0, 0.0]}, {"time": 8.387096774193548, "step_sample_count": 256, "data": [0.05433442146072794, 0.221323850360073, -0.7260183564051489, -1.694292701615826, 1.0436678419532215, 2.3465665064401735, -4.789815609871339, 1.043650630897806, 0.8325918301038404, -1.8190066780056613, 0.5835717435530072, -2.0034619634129007, 0.9727760980701085, 0.5835641425378326, 4.376461124281576, 5.996769649494132, 2.1163543955954656, -3.9168346221439676, 15.627110166557138, 2.116381672436367, 1.0234235457341698, -3.423651570289485, 1.3133863092887241, -2.8975193141451925, -0.3048637266255276, 1.313390558291048, 0.07006617371122978, -8.395849606895473, 0.1244007184219459, 0.01108262067730227, -0.09559150629237602, -0.21176966399158312, 0.07006617371122978, -0.6194190916770846, 6.076560952851868, -4.619551337396965, 2.054872677342388, -8.395849606895473], "data_imag": [2.422697988527519e-19, -1.0530871486456967e-19, 0.0, 0.0, 0.0, 0.0, 0.0, 0.0, 0.0, 0.0, 0.0, 0.0, 0.0, 0.0, 0.0, 0.0, 0.0, 0.0, 0.0, 0.0, 0.0, 0.0, 0.0, 0.0, 0.0, 0.0, 0.0, 0.0, 0.0, 0.0, 0.0, 0.0, 0.0, 0.0, 0.0, 0.0, 0.0, 0.0]}, {"time": 8.709677419354838, "step_sample_count": 256, "data": [0.05377287210041607, 0.2226315093578468, -0.3506041000300136, -1.7871186647484514, 1.1202237836656657, 2.276174713929457, -4.429619186422431, 1.1202065726104922, 0.7761235642676858, -1.6991707842219803, 0.626347736016193, -1.7211173217324967, 0.7549384852937862, 0.6263401350013962, 4.735160472841498, 5.872586117590012, 2.097572988517222, -3.9097628780879288, 15.90233717377766, 2.0976002653583024, 0.9865042329960084, -3.0465427932619993, 1.405134622254845, -2.9098151998960935, 0.016657325650073187, 1.4051388712572852, 0.0882033270725833, -8.725630812703344, 0.09337877803895923, 0.01736198205489208, -0.11969682839618424, -0.20101291130493823, 0.0882033270725833, -0.629905052350432, 6.305664256728625, -4.78418419526469, 2.128479900782835, -8.725630812703344], "data_imag": [1.2784988146448276e-18, -5.499884259234391e-19, 0.0, 0.0, 0.0, 0.0, 0.0, 0.0, 0.0, 0.0, 0.0, 0.0, 0.0, 0.0, 0.0, 0.0, 0.0, 0.0, 0.0, 0.0, 0.0, 0.0, 0.0, 0.0, 0.0, 0.0, 0.0, 0.0, 0.0, 0.0, 0.0, 0.0, 0.0, 0.0, 0.0, 0.0, 0.0, 0.0]}, {"time": 9.032258064516128, "step_sample_count": 256, "data": [0.05310006824148247, 0.22467928962921035, -0.05106889070957668, -1.7204549280421202, 1.1530919297857527, 2.254160293841717, -4.035140451799911, 1.1530747187313295, 0.6889360506195393, -1.6309995261927026, 0.6939151683324053, -1.4212222978709057, 0.43634579568319015, 0.693907567317449, 5.1550250248115415, 5.628148258845042, 2.0621040104028774, -3.941382750876367, 16.158561300520635, 2.0621312872442696, 0.9366473347740212, -2.6806805375510505, 1.4811682642970094, -2.8459922789763086, 0.2360741735078521, 1.4811725132993483, 0.10574358375828316, -9.056097533744456, 0.06725522191919676, 0.023729596302436682, -0.14306310755980442, -0.19421667528276343, 0.10574358375828316, -0.6388654728719418, 6.542975192013078, -4.956589007321881, 2.2015793404989905, -9.056097533744456], "data_imag": [-9.419422677173148e-20, 4.00137589562609e-20, 0.0, 0.0, 0.0, 0.0, 0.0, 0.0, 0.0, 0.0, 0.0, 0.0, 0.0, 0.0, 0.0, 0.0, 0.0, 0.0, 0.0, 0.0, 0.0, 0.0, 0.0, 0.0, 0.0, 0.0, 0.0, 0.0, 0.0, 0.0, 0.0, 0.0, 0.0, 0.0, 0.0, 0.0, 0.0, 0.0]}, {"time": 9.35483870967742, "step_sample_count": 256, "data": [0.05240110179407394, 0.22691845040911177, 0.1234133122042358, -1.4288523025284765, 1.1391453279115398, 2.3189057453744075, -3.6297839308432183, 1.1391281168575984, 0.5896024800264182, -1.5989980981894714, 0.7767153643358241, -1.1293970309848618, 0.07699943576166812, 0.7767077633207096, 5.607238963479564, 5.385454134281588, 2.037143579465302, -3.986341117613345, 16.462504980600936, 2.037170856306835, 0.8546402434840856, -2.349970543635299, 1.53688122170267, -2.6937998636358955, 0.29736219054016394, 1.5368854707049582, 0.12348068752116592, -9.386748660807418, 0.04808318202555564, 0.02568436290490929, -0.1621388132307682, -0.19424774735667089, 0.12348068752116592, -0.6421133872400999, 6.787030737404796, -5.1359733091504145, 2.2695465708203453, -9.386748660807418], "data_imag": [2.690916907735939e-20, -1.1280560864133256e-20, 0.0, 0.0, 0.0, 0.0, 0.0, 0.0, 0.0, 0.0, 0.0, 0.0, 0.0, 0.0, 0.0, 0.0, 0.0, 0.0, 0.0, 0.0, 0.0, 0.0, 0.0, 0.0, 0.0, 0.0, 0.0, 0.0, 0.0, 0.0, 0.0, 0.0, 0.0, 0.0, 0.0, 0.0, 0.0, 0.0]}, {"time": 9.67741935483871, "step_sample_count": 256, "data": [0.05156788853667771, 0.2285437989434655, 0.1736934345820587, -0.9642747554189114, 1.0893298504638398, 2.466936355406615, -3.2607542209740514, 1.0893126394097326, 0.5075976529354658, -1.576117350384153, 0.8629407501751889, -0.8770071614381151, -0.2343974152310564, 0.8629331491598357, 6.035100350275036, 5.2848105674530785, 2.0487162639010608, -4.001501508182788, 16.852646836966166, 2.048743540742513, 0.7331511486202146, -2.0657791341625904, 1.5710648615356657, -2.4512012087765287, 0.17966158582147473, 1.5710691105378742, 0.14249542458290926, -9.717427196371517, 0.03215427013336792, 0.021655947732598213, -0.17659499133456744, -0.19857791790266838, 0.14249542458290926, -0.6344396358289336, 7.0330956975600705, -5.3177479003744015, 2.3270172289372586, -9.717427196371517], "data_imag": [5.111895980022352e-19, -2.1088774568710675e-19, 0.0, 0.0, 0.0, 0.0, 0.0, 0.0, 0.0, 0.0, 0.0, 0.0, 0.0, 0.0, 0.0, 0.0, 0.0, 0.0, 0.0, 0.0, 0.0, 0.0, 0.0, 0.0, 0.0, 0.0, 0.0, 0.0, 0.0, 0.0, 0.0, 0.0, 0.0, 0.0, 0.0, 0.0, 0.0, 0.0]}], "random_generator": {"seed": "very_nice_seed"}, "realworld_total_calculation_time": 26.067}