{"hamiltonian": {"U": 1.0, "E": 0.8, "J": 0.1, "phi": 1.8849555921538759, "type": "FirstOrderVariationalClassicalNetworkHamiltonian", "eta_calculation_sampler": {"system_geometry": {"type": "SquareSystemNonPeriodicState", "size": 3}, "initial_system_state": {"type": "HomogenousInitialSystemState"}, "type": "ExactSampler"}, "psi_selection": {"type": "SquareDirectionDependentAllSameFirstOrder", "number_of_psis": 12, "J": 0.1}, "random_generator": {"seed": "46954944"}, "init_sigma": 1e-05, "pseudo_inverse_cutoff": 1e-10, "effective_time_step_size": 0.0034999999999999996, "number_workers": 16, "variational_step_fraction_multiplier": 100, "ue_might_change": true, "ue_variational": true}, "start_time": 0.0, "time_step": 0.35, "number_of_time_steps": 41, "sampler": {"system_geometry": {"type": "SquareSystemNonPeriodicState", "size": 3}, "initial_system_state": {"type": "HomogenousInitialSystemState"}, "type": "ExactSampler"}, "observables": [{"type": "Energy", "label": "Energy per site"}, {"type": "EnergyVariance", "label": "Energy Variance per site"}, {"type": "VCNFactor", "label": "Re-Part of VCN Parameter 0", "param_real_part": true, "param_index": 0, "can_return_value": true}, {"type": "VCNFactor", "label": "Re-Part of VCN Parameter 1", "param_real_part": true, "param_index": 1, "can_return_value": true}, {"type": "VCNFactor", "label": "Re-Part of VCN Parameter 2", "param_real_part": true, "param_index": 2, "can_return_value": true}, {"type": "VCNFactor", "label": "Re-Part of VCN Parameter 3", "param_real_part": true, "param_index": 3, "can_return_value": true}, {"type": "VCNFactor", "label": "Re-Part of VCN Parameter 4", "param_real_part": true, "param_index": 4, "can_return_value": true}, {"type": "VCNFactor", "label": "Re-Part of VCN Parameter 5", "param_real_part": true, "param_index": 5, "can_return_value": true}, {"type": "VCNFactor", "label": "Re-Part of VCN Parameter 6", "param_real_part": true, "param_index": 6, "can_return_value": true}, {"type": "VCNFactor", "label": "Re-Part of VCN Parameter 7", "param_real_part": true, "param_index": 7, "can_return_value": true}, {"type": "VCNFactor", "label": "Re-Part of VCN Parameter 8", "param_real_part": true, "param_index": 8, "can_return_value": true}, {"type": "VCNFactor", "label": "Re-Part of VCN Parameter 9", "param_real_part": true, "param_index": 9, "can_return_value": true}, {"type": "VCNFactor", "label": "Re-Part of VCN Parameter 10", "param_real_part": true, "param_index": 10, "can_return_value": true}, {"type": "VCNFactor", "label": "Re-Part of VCN Parameter 11", "param_real_part": true, "param_index": 11, "can_return_value": true}, {"type": "VCNFactor", "label": "Im-Part of VCN Parameter 0", "param_real_part": false, "param_index": 0, "can_return_value": true}, {"type": "VCNFactor", "label": "Im-Part of VCN Parameter 1", "param_real_part": false, "param_index": 1, "can_return_value": true}, {"type": "VCNFactor", "label": "Im-Part of VCN Parameter 2", "param_real_part": false, "param_index": 2, "can_return_value": true}, {"type": "VCNFactor", "label": "Im-Part of VCN Parameter 3", "param_real_part": false, "param_index": 3, "can_return_value": true}, {"type": "VCNFactor", "label": "Im-Part of VCN Parameter 4", "param_real_part": false, "param_index": 4, "can_return_value": true}, {"type": "VCNFactor", "label": "Im-Part of VCN Parameter 5", "param_real_part": false, "param_index": 5, "can_return_value": true}, {"type": "VCNFactor", "label": "Im-Part of VCN Parameter 6", "param_real_part": false, "param_index": 6, "can_return_value": true}, {"type": "VCNFactor", "label": "Im-Part of VCN Parameter 7", "param_real_part": false, "param_index": 7, "can_return_value": true}, {"type": "VCNFactor", "label": "Im-Part of VCN Parameter 8", "param_real_part": false, "param_index": 8, "can_return_value": true}, {"type": "VCNFactor", "label": "Im-Part of VCN Parameter 9", "param_real_part": false, "param_index": 9, "can_return_value": true}, {"type": "VCNFactor", "label": "Im-Part of VCN Parameter 10", "param_real_part": false, "param_index": 10, "can_return_value": true}, {"type": "VCNFactor", "label": "Im-Part of VCN Parameter 11", "param_real_part": false, "param_index": 11, "can_return_value": true}, {"type": "BaseEnergyFactor", "label": "Re-Part of BE-Factor U", "param_real_part": true, "param_index": -1, "can_return_value": true, "kind": "U"}, {"type": "BaseEnergyFactor", "label": "Im-Part of BE-Factor U", "param_real_part": false, "param_index": -1, "can_return_value": true, "kind": "U"}, {"type": "BaseEnergyFactor", "label": "Re-Part of BE-Factor eps-0", "param_real_part": true, "param_index": 0, "can_return_value": true, "kind": "eps"}, {"type": "BaseEnergyFactor", "label": "Re-Part of BE-Factor eps-1", "param_real_part": true, "param_index": 1, "can_return_value": true, "kind": "eps"}, {"type": "BaseEnergyFactor", "label": "Re-Part of BE-Factor eps-2", "param_real_part": true, "param_index": 2, "can_return_value": true, "kind": "eps"}, {"type": "BaseEnergyFactor", "label": "Re-Part of BE-Factor eps-3", "param_real_part": true, "param_index": 3, "can_return_value": true, "kind": "eps"}, {"type": "BaseEnergyFactor", "label": "Re-Part of BE-Factor eps-4", "param_real_part": true, "param_index": 4, "can_return_value": true, "kind": "eps"}, {"type": "BaseEnergyFactor", "label": "Re-Part of BE-Factor eps-5", "param_real_part": true, "param_index": 5, "can_return_value": true, "kind": "eps"}, {"type": "BaseEnergyFactor", "label": "Re-Part of BE-Factor eps-6", "param_real_part": true, "param_index": 6, "can_return_value": true, "kind": "eps"}, {"type": "BaseEnergyFactor", "label": "Re-Part of BE-Factor eps-7", "param_real_part": true, "param_index": 7, "can_return_value": true, "kind": "eps"}, {"type": "BaseEnergyFactor", "label": "Re-Part of BE-Factor eps-8", "param_real_part": true, "param_index": 8, "can_return_value": true, "kind": "eps"}, {"type": "BaseEnergyFactor", "label": "Re-Part of BE-Factor eps-9", "param_real_part": true, "param_index": 9, "can_return_value": true, "kind": "eps"}, {"type": "BaseEnergyFactor", "label": "Im-Part of BE-Factor eps-0", "param_real_part": false, "param_index": 0, "can_return_value": true, "kind": "eps"}, {"type": "BaseEnergyFactor", "label": "Im-Part of BE-Factor eps-1", "param_real_part": false, "param_index": 1, "can_return_value": true, "kind": "eps"}, {"type": "BaseEnergyFactor", "label": "Im-Part of BE-Factor eps-2", "param_real_part": false, "param_index": 2, "can_return_value": true, "kind": "eps"}, {"type": "BaseEnergyFactor", "label": "Im-Part of BE-Factor eps-3", "param_real_part": false, "param_index": 3, "can_return_value": true, "kind": "eps"}, {"type": "BaseEnergyFactor", "label": "Im-Part of BE-Factor eps-4", "param_real_part": false, "param_index": 4, "can_return_value": true, "kind": "eps"}, {"type": "BaseEnergyFactor", "label": "Im-Part of BE-Factor eps-5", "param_real_part": false, "param_index": 5, "can_return_value": true, "kind": "eps"}, {"type": "BaseEnergyFactor", "label": "Im-Part of BE-Factor eps-6", "param_real_part": false, "param_index": 6, "can_return_value": true, "kind": "eps"}, {"type": "BaseEnergyFactor", "label": "Im-Part of BE-Factor eps-7", "param_real_part": false, "param_index": 7, "can_return_value": true, "kind": "eps"}, {"type": "BaseEnergyFactor", "label": "Im-Part of BE-Factor eps-8", "param_real_part": false, "param_index": 8, "can_return_value": true, "kind": "eps"}, {"type": "BaseEnergyFactor", "label": "Im-Part of BE-Factor eps-9", "param_real_part": false, "param_index": 9, "can_return_value": true, "kind": "eps"}], "measurements": [{"time": 0.0, "step_sample_count": 262144, "data": [0.6302975318978664, 0.7962238358819762, -2.409211346512654e-05, 1.3364613742072939e-05, 1.5426940819682473e-06, -2.3095526437844924e-06, 2.9577584621232426e-06, -1.5668367408516222e-05, 1.0073359691169309e-05, -1.2604172898632618e-05, -1.1358230129747497e-05, 3.80637423358691e-06, 2.8480717089983352e-06, -1.895923534861108e-05, -1.1357545410297846e-05, 4.318272037258513e-06, -1.4618044943022195e-05, 1.2968369814907847e-06, -2.4229613465669603e-06, 1.2658790972584678e-05, -4.320935634434884e-06, -4.807979398987998e-06, -1.0283182688040512e-05, 1.5791125000597532e-06, 1.6795899010380995e-05, -6.0341603244068835e-06, -2.5990623020784137e-06, -7.778776741911498e-06, 2.105483127674879e-05, 1.1085069673905734e-05, -9.132533945527703e-06, -1.2101228867378676e-06, 7.2706396032623796e-06, -5.612770751019133e-06, -2.3901402852107364e-06, -7.7877375531777e-06, 4.464171819755137e-06, -2.5990623020784137e-06, 8.1977527658682e-06, 7.306985025359501e-06, -2.4020509079370578e-05, 3.2547815350467166e-06, -3.2636991717419135e-06, 9.407228796969372e-06, -2.352694576968018e-05, -1.1297768656752587e-05, 5.246858986378391e-06, -7.778776741911498e-06], "data_imag": [5.624747451204452e-23, 2.5776157899700788e-21, 0.0, 0.0, 0.0, 0.0, 0.0, 0.0, 0.0, 0.0, 0.0, 0.0, 0.0, 0.0, 0.0, 0.0, 0.0, 0.0, 0.0, 0.0, 0.0, 0.0, 0.0, 0.0, 0.0, 0.0, 0.0, 0.0, 0.0, 0.0, 0.0, 0.0, 0.0, 0.0, 0.0, 0.0, 0.0, 0.0, 0.0, 0.0, 0.0, 0.0, 0.0, 0.0, 0.0, 0.0, 0.0, 0.0]}, {"time": 0.35, "step_sample_count": 262144, "data": [0.629986696108449, 0.7954848369042526, 0.008906133056574714, -0.051258683888580625, 0.07808244451120601, 0.009255962877510265, -0.05072124932224199, 0.07806523344749786, 0.009551330545824474, -0.049263324891403996, 0.07712522942463271, 0.008543901360344499, -0.050928268020465975, 0.07711762841580884, 0.3353216073396382, 0.3347661147125008, 0.33150504587009505, 0.35746439434504707, 0.363917911148224, 0.3315323230058965, 0.376877612173269, 0.39052236669830054, 0.3281240393041297, 0.3086960541691036, 0.3008836308682702, 0.3281282883004163, 0.003989987535960353, -0.3518455960246987, 0.00042959162007696406, 0.00187896326371149, 0.003316724827424931, -0.004062000745069236, -0.0025966367618659885, -0.0011463281244943494, -0.008534230694755856, -0.007078900058719304, -0.005605886224452826, 0.003989987535960353, -0.0013941765900165547, 0.08418056085326622, 0.1695144678948146, -0.26447595882479813, -0.1789806881584708, -0.0934625246054425, -0.5275143227697479, -0.4421368614479198, -0.3565470029132548, -0.3518455960246987], "data_imag": [-3.360899486458642e-18, -5.354775546214539e-17, 0.0, 0.0, 0.0, 0.0, 0.0, 0.0, 0.0, 0.0, 0.0, 0.0, 0.0, 0.0, 0.0, 0.0, 0.0, 0.0, 0.0, 0.0, 0.0, 0.0, 0.0, 0.0, 0.0, 0.0, 0.0, 0.0, 0.0, 0.0, 0.0, 0.0, 0.0, 0.0, 0.0, 0.0, 0.0, 0.0, 0.0, 0.0, 0.0, 0.0, 0.0, 0.0, 0.0, 0.0, 0.0, 0.0]}, {"time": 0.7, "step_sample_count": 262144, "data": [0.6291440740015867, 0.7934854853331867, 0.03194832583316589, -0.2146327833508287, 0.27274848477593316, 0.03217918728396119, -0.21144408680851054, 0.27273127372513684, 0.031424418545600456, -0.19347513765854035, 0.2597551845630356, 0.03059186191914616, -0.20289603073514453, 0.25974758354963406, 0.6611448543309001, 0.6517252340114619, 0.5680621659511322, 0.683874879005464, 0.732438155562211, 0.5680894433151077, 0.6804287493058399, 0.785601564131612, 0.5458692901755349, 0.6081836581110357, 0.5395996239518183, 0.545873539113148, 0.013479569946383748, -0.7132377524561505, 0.0026259484354399236, 0.008262810195927894, 0.013952363619804746, -0.014519472809227307, -0.008859074211565338, -0.0031650451970867814, -0.031623875907450465, -0.025939455580588824, -0.02025061668208675, 0.013479569946383748, 0.004126790497459029, 0.17725029676284554, 0.3487117885130158, -0.5263226388075268, -0.35376509517436083, -0.18117755597666166, -1.0562750743379938, -0.8847703842769609, -0.7116320816075596, -0.7132377524561505], "data_imag": [1.4092220167269647e-18, 1.0039081677713555e-16, 0.0, 0.0, 0.0, 0.0, 0.0, 0.0, 0.0, 0.0, 0.0, 0.0, 0.0, 0.0, 0.0, 0.0, 0.0, 0.0, 0.0, 0.0, 0.0, 0.0, 0.0, 0.0, 0.0, 0.0, 0.0, 0.0, 0.0, 0.0, 0.0, 0.0, 0.0, 0.0, 0.0, 0.0, 0.0, 0.0, 0.0, 0.0, 0.0, 0.0, 0.0, 0.0, 0.0, 0.0, 0.0, 0.0]}, {"time": 1.0499999999999998, "step_sample_count": 262144, "data": [0.6281434106870364, 0.7907480306456234, 0.05777843073666211, -0.5077438500003576, 0.49871992661635356, 0.057161958608539086, -0.49980316499488275, 0.49870271555649015, 0.05145151813614295, -0.41500356517568265, 0.4458424894313841, 0.05040095364471232, -0.43529899859583215, 0.4458348884032323, 0.9799920309530338, 0.9182796025921531, 0.6811402252835765, 0.9566225071382763, 1.0990022139098163, 0.6811675028235732, 0.8505249944563875, 1.1770361792793775, 0.6261358611925171, 0.9025512531405648, 0.6413649312509124, 0.6261401101692459, 0.021736563678589227, -1.0859270906852816, 0.008853077680572332, 0.020773497700053344, 0.033191389041343305, -0.026889031261393276, -0.01484250624284286, -0.002527953129706045, -0.06249095584817496, -0.050181938917201234, -0.03808969330637899, 0.021736563678589227, 0.019842484088621593, 0.284418744954913, 0.5437614775179122, -0.7862189524475832, -0.5234779081075004, -0.260649047731648, -1.5906923701760016, -1.3313241249425098, -1.0667067919768296, -1.0859270906852816], "data_imag": [-1.2029698324143218e-17, 5.663878028294045e-17, 0.0, 0.0, 0.0, 0.0, 0.0, 0.0, 0.0, 0.0, 0.0, 0.0, 0.0, 0.0, 0.0, 0.0, 0.0, 0.0, 0.0, 0.0, 0.0, 0.0, 0.0, 0.0, 0.0, 0.0, 0.0, 0.0, 0.0, 0.0, 0.0, 0.0, 0.0, 0.0, 0.0, 0.0, 0.0, 0.0, 0.0, 0.0, 0.0, 0.0, 0.0, 0.0, 0.0, 0.0, 0.0, 0.0]}, {"time": 1.4, "step_sample_count": 262144, "data": [0.6268827523871474, 0.7867673593737953, 0.07230071518329008, -0.9352178361127744, 0.6961507981952457, 0.08016733734720007, -0.9309395039221591, 0.696133587230702, 0.0726708961744438, -0.6705976384499581, 0.5654874762365798, 0.033868362262857686, -0.6655143788049176, 0.5654798752177869, 1.3150315880286276, 1.0790455243431907, 0.7046643593886479, 1.1668469815585814, 1.4412420859318826, 0.7046916368993088, 0.8558659650694502, 1.5433421573214503, 0.6183968874897477, 1.2095845246001946, 0.533944212753549, 0.6184011364273606, 0.023775854225153957, -1.462029571369689, 0.019162904511926523, 0.03831073853620782, 0.05957426946882995, -0.037512294409354933, -0.017748258943509728, 0.0028611605553768744, -0.09390342868984485, -0.07298176670134517, -0.05338020712301252, 0.023775854225153957, 0.04328424376017182, 0.405206424938798, 0.7554788152822461, -1.0492898362931442, -0.6916426321736553, -0.33370090149237536, -2.138530850219807, -1.788338371603143, -1.4262512430378267, -1.462029571369689], "data_imag": [6.121619793432009e-18, -2.3908200505156695e-17, 0.0, 0.0, 0.0, 0.0, 0.0, 0.0, 0.0, 0.0, 0.0, 0.0, 0.0, 0.0, 0.0, 0.0, 0.0, 0.0, 0.0, 0.0, 0.0, 0.0, 0.0, 0.0, 0.0, 0.0, 0.0, 0.0, 0.0, 0.0, 0.0, 0.0, 0.0, 0.0, 0.0, 0.0, 0.0, 0.0, 0.0, 0.0, 0.0, 0.0, 0.0, 0.0, 0.0, 0.0, 0.0, 0.0]}, {"time": 1.75, "step_sample_count": 262144, "data": [0.6249791821891638, 0.7803451162433284, 0.05721054683075492, -1.4552402868985541, 0.8505953410529634, 0.12147706056281539, -1.5027287899546233, 0.8505781301475155, 0.13405985718909924, -0.8851443549043043, 0.6047835697827415, -0.0687689556599129, -0.7263783294468212, 0.6047759688426375, 1.698467814376089, 1.0561969314038697, 0.6811324165456536, 1.3082905432550294, 1.7207981759700355, 0.6811596941117277, 0.7119577372420505, 1.8782596179108866, 0.5862466183874429, 1.5248931454486558, 0.23166766215883167, 0.5862508672533435, 0.021175799104542408, -1.832732026090313, 0.02926012863664273, 0.05432838635413087, 0.08521542151206839, -0.04512800481635426, -0.018253675651665944, 0.01035520878000858, -0.11944176806650837, -0.08926106203566715, -0.06324168133442534, 0.021175799104542408, 0.06743306960073066, 0.5346070061349818, 0.9802274062050443, -1.3212294780851224, -0.8623173965492071, -0.40270849398662567, -2.704234020963694, -2.25899403613617, -1.7913660360198844, -1.832732026090313], "data_imag": [-2.816442704260861e-18, 1.0290505569796964e-17, 0.0, 0.0, 0.0, 0.0, 0.0, 0.0, 0.0, 0.0, 0.0, 0.0, 0.0, 0.0, 0.0, 0.0, 0.0, 0.0, 0.0, 0.0, 0.0, 0.0, 0.0, 0.0, 0.0, 0.0, 0.0, 0.0, 0.0, 0.0, 0.0, 0.0, 0.0, 0.0, 0.0, 0.0, 0.0, 0.0, 0.0, 0.0, 0.0, 0.0, 0.0, 0.0, 0.0, 0.0, 0.0, 0.0]}, {"time": 2.0999999999999996, "step_sample_count": 262144, "data": [0.6224669651929893, 0.7711839879758554, -0.028531079831761848, -1.9346191012574259, 0.9673532674605957, 0.2351842740134511, -2.1798730637863146, 0.9673360565694575, 0.27061878446861354, -0.9964145144646714, 0.5799590612087229, -0.28472782613899605, -0.4909950575775131, 0.5799514600479848, 2.1428561604521006, 0.7807462999935203, 0.632505657793728, 1.3757681407268219, 1.886601892678826, 0.6325329353337251, 0.4961930524981035, 2.2228763267341334, 0.5728327833795128, 1.786698552277765, -0.08065163561376767, 0.5728370322062979, 0.018700197892394396, -2.195136257060271, 0.037202252684937695, 0.06227050527027472, 0.0991784306485496, -0.04724411292840989, -0.018584450554558426, 0.012749914964859924, -0.13299896887543639, -0.09724525131737836, -0.07049669918418874, 0.018700197892394396, 0.08305899428833038, 0.6637796699097882, 1.209344272866455, -1.6037119170238139, -1.0368074259548934, -0.46862601172015284, -3.2817423391213296, -2.7371012187542836, -2.1554942296975197, -2.195136257060271], "data_imag": [-4.95512382957681e-18, -2.1573951596779937e-17, 0.0, 0.0, 0.0, 0.0, 0.0, 0.0, 0.0, 0.0, 0.0, 0.0, 0.0, 0.0, 0.0, 0.0, 0.0, 0.0, 0.0, 0.0, 0.0, 0.0, 0.0, 0.0, 0.0, 0.0, 0.0, 0.0, 0.0, 0.0, 0.0, 0.0, 0.0, 0.0, 0.0, 0.0, 0.0, 0.0, 0.0, 0.0, 0.0, 0.0, 0.0, 0.0, 0.0, 0.0, 0.0, 0.0]}, {"time": 2.4499999999999997, "step_sample_count": 262144, "data": [0.6199119400249543, 0.7606343385035734, -0.24528430109020372, -2.1722114893253246, 1.0509531293129177, 0.490880266836071, -2.895127048933471, 1.0509359185398675, 0.45350809857699426, -1.0165762734578647, 0.5158253405742587, -0.5733675884890773, -0.042371787104970735, 0.5158177393316269, 2.5938134435326567, 0.3096071009089182, 0.5645013947903714, 1.4045829027240229, 1.9026992013664592, 0.5645286724411953, 0.29779366314033184, 2.6239143863675913, 0.6013435302210645, 1.9223757567243989, -0.1891234389590195, 0.6013477789256133, 0.01965193774476858, -2.5513561886261926, 0.04991442806702695, 0.0629742023102918, 0.0954631997464957, -0.03872699031938661, -0.020276453595589956, 0.0015544638514553904, -0.1319514739141507, -0.10109624693899145, -0.08543303013836011, 0.01965193774476858, 0.08802136503917389, 0.7845169085705925, 1.4298612812732625, -1.8906607612014623, -1.2140560204574047, -0.5354594913903497, -3.8558892437108203, -3.2121933916506547, -2.5143712302564083, -2.5513561886261926], "data_imag": [-1.1912406720013822e-18, -1.2621026491926977e-17, 0.0, 0.0, 0.0, 0.0, 0.0, 0.0, 0.0, 0.0, 0.0, 0.0, 0.0, 0.0, 0.0, 0.0, 0.0, 0.0, 0.0, 0.0, 0.0, 0.0, 0.0, 0.0, 0.0, 0.0, 0.0, 0.0, 0.0, 0.0, 0.0, 0.0, 0.0, 0.0, 0.0, 0.0, 0.0, 0.0, 0.0, 0.0, 0.0, 0.0, 0.0, 0.0, 0.0, 0.0, 0.0, 0.0]}, {"time": 2.8, "step_sample_count": 262144, "data": [0.6179239775220904, 0.7514858383977938, -0.5920483851766615, -2.1205020900314118, 1.1006731768280633, 0.8897013300255847, -3.6014752393735314, 1.1006559660033461, 0.6174847913474464, -0.9979846879214234, 0.43962603531070577, -0.862513466400701, 0.42655043249107116, 0.4396184341830384, 2.9285990810463916, -0.14870781886666654, 0.4792392581512751, 1.4835674293219185, 1.7592686672551232, 0.4792665357434258, 0.14969660181523453, 3.0743954909738873, 0.6820482653043374, 1.9124125311869535, -0.04654375412025054, 0.6820525141686082, 0.024472286851638787, -2.9052691195734575, 0.07269462101546716, 0.061937260259343874, 0.07834822862230102, -0.01908313381696373, -0.02354526143852956, -0.024300769348544016, -0.12109698724053766, -0.10676613936893753, -0.11390870396442926, 0.024472286851638787, 0.09333274108602894, 0.8947554119739719, 1.6298094516162702, -2.169498202009882, -1.3922526243925, -0.6122116687814056, -4.410952463596746, -3.6783554096138973, -2.875323770858592, -2.9052691195734575], "data_imag": [-5.684661831376839e-19, 5.2188520052869916e-18, 0.0, 0.0, 0.0, 0.0, 0.0, 0.0, 0.0, 0.0, 0.0, 0.0, 0.0, 0.0, 0.0, 0.0, 0.0, 0.0, 0.0, 0.0, 0.0, 0.0, 0.0, 0.0, 0.0, 0.0, 0.0, 0.0, 0.0, 0.0, 0.0, 0.0, 0.0, 0.0, 0.0, 0.0, 0.0, 0.0, 0.0, 0.0, 0.0, 0.0, 0.0, 0.0, 0.0, 0.0, 0.0, 0.0]}, {"time": 3.15, "step_sample_count": 262144, "data": [0.616601305652871, 0.746340222267417, -0.9799515833712295, -1.9392957168404426, 1.1134070986606357, 1.3391628561735203, -4.272733453123886, 1.1133898877772925, 0.7138115904702726, -0.9735492673258087, 0.3803646150134881, -1.0955145017243606, 0.7756470938904931, 0.380357013868195, 3.0711548245367353, -0.4920943054148258, 0.3846522290066417, 1.6669522150895626, 1.424030620296081, 0.38467950655641725, 0.03341941474000138, 3.5377772254386715, 0.8134469514774763, 1.7825988374886914, 0.2648297680088921, 0.8134512003221896, 0.03149701288083301, -3.2601584663199508, 0.10131993806865243, 0.06364685187529312, 0.05929324619459463, 0.005048603445569198, -0.027508971478384287, -0.05647598856030343, -0.11020817197953527, -0.11691854827389683, -0.15003112409488148, 0.03149701288083301, 0.11030882435886417, 0.9973633911762652, 1.8065260205539126, -2.432256851838611, -1.5699223936771065, -0.7039731928375624, -4.941469543500023, -4.13550509057994, -3.2468035725311015, -3.2601584663199508], "data_imag": [-8.79655165395638e-19, 1.2817247078571153e-17, 0.0, 0.0, 0.0, 0.0, 0.0, 0.0, 0.0, 0.0, 0.0, 0.0, 0.0, 0.0, 0.0, 0.0, 0.0, 0.0, 0.0, 0.0, 0.0, 0.0, 0.0, 0.0, 0.0, 0.0, 0.0, 0.0, 0.0, 0.0, 0.0, 0.0, 0.0, 0.0, 0.0, 0.0, 0.0, 0.0, 0.0, 0.0, 0.0, 0.0, 0.0, 0.0, 0.0, 0.0, 0.0, 0.0]}, {"time": 3.5, "step_sample_count": 262144, "data": [0.6157060441064321, 0.7453708310664443, -1.3350779406894637, -1.738694117567865, 1.0887441955366577, 1.745255242162422, -4.846887089191663, 1.0887269850212082, 0.7261449315592188, -0.9541638027413719, 0.3644121628003108, -1.2396541950337399, 0.9447912329372674, 0.36440456157757695, 3.031737267459249, -0.7771951189945714, 0.29714101088583234, 1.9527206278956566, 0.8530227742163138, 0.2971682888723979, -0.08785369662084466, 3.9891947263406387, 0.9798212980236066, 1.5812195067139219, 0.6325562812733599, 0.9798255467314151, 0.03834477998495335, -3.61738324674771, 0.13016053407869105, 0.07008143969576025, 0.04671402874674111, 0.02802142234708102, -0.030892214675885103, -0.08672812577306156, -0.10510432480527662, -0.13085349929654674, -0.18564765475611772, 0.03834477998495335, 0.14276646760910056, 1.096879822881593, 1.965230451266765, -2.6788742118460958, -1.7464558569643907, -0.8097327842471496, -5.45205393359243, -4.587314492497446, -3.6317033468762028, -3.61738324674771], "data_imag": [-4.600867464064172e-19, -2.0262722337649715e-17, 0.0, 0.0, 0.0, 0.0, 0.0, 0.0, 0.0, 0.0, 0.0, 0.0, 0.0, 0.0, 0.0, 0.0, 0.0, 0.0, 0.0, 0.0, 0.0, 0.0, 0.0, 0.0, 0.0, 0.0, 0.0, 0.0, 0.0, 0.0, 0.0, 0.0, 0.0, 0.0, 0.0, 0.0, 0.0, 0.0, 0.0, 0.0, 0.0, 0.0, 0.0, 0.0, 0.0, 0.0, 0.0, 0.0]}, {"time": 3.8499999999999996, "step_sample_count": 262144, "data": [0.6149350696819368, 0.7453090936773645, -1.565778377477665, -1.4446067794072361, 1.0356137656830393, 1.9793789852033752, -5.023076157250242, 1.0355965554173518, 0.6648981269531858, -0.9523441508710537, 0.40433077455369987, -1.2921658487175187, 0.92963276874297, 0.4043231731077817, 3.0130675190947662, -0.8863033022329931, 0.2396680637903115, 2.1623953741447615, 0.55722845743114, 0.23969534211913815, -0.2459824019310143, 4.408161076146575, 1.1537269874554277, 1.3462278459096662, 0.9637853256395221, 1.1537312357476333, 0.043335358571884974, -3.975686048766297, 0.14851371646365255, 0.08098183271757635, 0.05132951114544482, 0.039318783436348655, -0.0330741230070765, -0.10301827082659647, -0.11483980529936454, -0.14674589808947758, -0.20858037320478284, 0.043335358571884974, 0.17331560264656573, 1.1970476648054815, 2.1291690422728613, -2.9298534083266867, -1.9228199970861228, -0.9108338625147084, -5.968229420979887, -5.0396262461716255, -4.014563152736468, -3.975686048766297], "data_imag": [-2.6250596073544695e-18, -6.124131610566337e-17, 0.0, 0.0, 0.0, 0.0, 0.0, 0.0, 0.0, 0.0, 0.0, 0.0, 0.0, 0.0, 0.0, 0.0, 0.0, 0.0, 0.0, 0.0, 0.0, 0.0, 0.0, 0.0, 0.0, 0.0, 0.0, 0.0, 0.0, 0.0, 0.0, 0.0, 0.0, 0.0, 0.0, 0.0, 0.0, 0.0, 0.0, 0.0, 0.0, 0.0, 0.0, 0.0, 0.0, 0.0, 0.0, 0.0]}, {"time": 4.199999999999999, "step_sample_count": 262144, "data": [0.6142730949408955, 0.7430888167494019, -1.7644203638618672, -1.1235011067495728, 0.9690161748157778, 2.101792798428552, -5.024571813226932, 0.968998964556651, 0.5590723630629413, -0.9706777876490227, 0.4890055022796012, -1.2559643360884372, 0.760664450949806, 0.4889979008162352, 3.030268281464901, -0.8221490451641167, 0.21925048108422893, 2.2926917264662747, 0.553731567482881, 0.2192777595108444, -0.4528860634044358, 4.785784706886786, 1.3054789781928207, 1.1228165375754566, 1.1910433477513631, 1.305483226427983, 0.04540139988359579, -4.333913828519573, 0.16261094357870823, 0.09442153140634317, 0.06457698222499217, 0.04541953137549081, -0.03364009429186084, -0.11087609825782103, -0.1297095297140995, -0.16164914400495833, -0.22409705187362897, 0.04540139988359579, 0.20107153251826076, 1.2998200319556557, 2.3030687042554105, -3.187127723095357, -2.099446945969937, -1.0063528110607372, -6.495758582211537, -5.495417850962055, -4.395546983756717, -4.333913828519573], "data_imag": [3.3826420158750664e-18, -6.037447391978135e-17, 0.0, 0.0, 0.0, 0.0, 0.0, 0.0, 0.0, 0.0, 0.0, 0.0, 0.0, 0.0, 0.0, 0.0, 0.0, 0.0, 0.0, 0.0, 0.0, 0.0, 0.0, 0.0, 0.0, 0.0, 0.0, 0.0, 0.0, 0.0, 0.0, 0.0, 0.0, 0.0, 0.0, 0.0, 0.0, 0.0, 0.0, 0.0, 0.0, 0.0, 0.0, 0.0, 0.0, 0.0, 0.0, 0.0]}, {"time": 4.55, "step_sample_count": 262144, "data": [0.6137233854096091, 0.7373868493501945, -1.9814160238551406, -0.8459884131518126, 0.9046685710673089, 2.1639656947278274, -5.02643163878282, 0.9046513608220004, 0.44411564163354195, -1.0009143161684355, 0.5932626761023041, -1.1502849169531122, 0.5022801364079142, 0.5932550746654517, 2.9870715433363517, -0.6771418458462015, 0.22958477238356836, 2.4434759945856457, 0.5489497912078156, 0.22961205078410687, -0.7028645957895168, 5.107405302275131, 1.415068886855306, 0.9488918553105411, 1.267007199392296, 1.415073135134473, 0.04539571188893382, -4.691636441955281, 0.1744391329106981, 0.10721267277555127, 0.07892223998093184, 0.049098458315921675, -0.03314344099185253, -0.11409293247831805, -0.14308945684191868, -0.17338021619407515, -0.23513791861412167, 0.04539571188893382, 0.23493421575602388, 1.4056650503435453, 2.4797321542485347, -3.4419221574366703, -2.2765294052978184, -1.105377642201385, -7.027320693040764, -5.955301351832431, -4.783759158358574, -4.691636441955281], "data_imag": [-3.382469986321062e-19, -1.3950054256665102e-17, 0.0, 0.0, 0.0, 0.0, 0.0, 0.0, 0.0, 0.0, 0.0, 0.0, 0.0, 0.0, 0.0, 0.0, 0.0, 0.0, 0.0, 0.0, 0.0, 0.0, 0.0, 0.0, 0.0, 0.0, 0.0, 0.0, 0.0, 0.0, 0.0, 0.0, 0.0, 0.0, 0.0, 0.0, 0.0, 0.0, 0.0, 0.0, 0.0, 0.0, 0.0, 0.0, 0.0, 0.0, 0.0, 0.0]}, {"time": 4.8999999999999995, "step_sample_count": 262144, "data": [0.6130911138174021, 0.728835656461881, -2.1856573186772246, -0.6435238980216205, 0.8573509284449965, 2.16633621995426, -5.02831858181147, 0.8573337181861284, 0.35479701849931566, -1.0161534608556195, 0.6889594739435324, -1.009092892547233, 0.25184141751184286, 0.6889518725108257, 2.897665326874209, -0.4663095376914154, 0.2590607461619727, 2.6153166496484577, 0.5424041442470681, 0.25908802448591, -0.9814826953705014, 5.360950209605666, 1.4790295971589313, 0.8338223030119057, 1.1851146513429605, 1.4790338454364689, 0.045300826243848936, -5.0491254646602854, 0.17845264730652172, 0.11538481999736384, 0.09214589474329551, 0.04718156688442252, -0.032566893057888874, -0.11143641463398274, -0.15487736978719865, -0.18010441785171658, -0.23810575479630744, 0.045300826243848936, 0.2725807524231565, 1.5145357503326882, 2.659877741438006, -3.6959759815316073, -2.4542736002626944, -1.2061554553794063, -7.563046141430477, -6.418990820012374, -5.176570499681939, -5.0491254646602854], "data_imag": [-3.3282221456645526e-18, -5.4678855934614487e-17, 0.0, 0.0, 0.0, 0.0, 0.0, 0.0, 0.0, 0.0, 0.0, 0.0, 0.0, 0.0, 0.0, 0.0, 0.0, 0.0, 0.0, 0.0, 0.0, 0.0, 0.0, 0.0, 0.0, 0.0, 0.0, 0.0, 0.0, 0.0, 0.0, 0.0, 0.0, 0.0, 0.0, 0.0, 0.0, 0.0, 0.0, 0.0, 0.0, 0.0, 0.0, 0.0, 0.0, 0.0, 0.0, 0.0]}, {"time": 5.25, "step_sample_count": 262144, "data": [0.6122321150392046, 0.7196265933845699, -2.3430186853269075, -0.5391936577133383, 0.8348351644932739, 2.118887720647702, -5.028591063420309, 0.8348179542316647, 0.3161321122732643, -0.9831171055248061, 0.7562594916095542, -0.8676018063988045, 0.10443088618408575, 0.7562518901831767, 2.79326045707331, -0.23109056198538955, 0.29367824012577304, 2.7986124934885677, 0.5345079896953698, 0.2937055184871959, -1.2625393947419337, 5.56489788289023, 1.5085945598931667, 0.7681554178955348, 1.0013662617488193, 1.508598808146257, 0.046806105314092065, -5.407471557836218, 0.1699821817487251, 0.11553328439714346, 0.10194227767344086, 0.038521212814976294, -0.032561234108318585, -0.10318554726028918, -0.16453487564039712, -0.18014734059847887, -0.2298398872408427, 0.046806105314092065, 0.30963143054664344, 1.6249717953771383, 2.8420419369870973, -3.9509987326534484, -2.6322647792437825, -1.305825983717639, -8.10004323049236, -6.88379829938532, -5.568177499393598, -5.407471557836218], "data_imag": [3.5716745899406936e-18, 4.02881783080654e-17, 0.0, 0.0, 0.0, 0.0, 0.0, 0.0, 0.0, 0.0, 0.0, 0.0, 0.0, 0.0, 0.0, 0.0, 0.0, 0.0, 0.0, 0.0, 0.0, 0.0, 0.0, 0.0, 0.0, 0.0, 0.0, 0.0, 0.0, 0.0, 0.0, 0.0, 0.0, 0.0, 0.0, 0.0, 0.0, 0.0, 0.0, 0.0, 0.0, 0.0, 0.0, 0.0, 0.0, 0.0, 0.0, 0.0]}, {"time": 5.6, "step_sample_count": 262144, "data": [0.611208148996375, 0.7120019368640546, -2.407193608305592, -0.5083006545300691, 0.838040662013862, 2.014814597230288, -4.948029509690563, 0.838023451920593, 0.3301908150437386, -0.8918210435486403, 0.7893893675705271, -0.7515980017912693, 0.09829920665237814, 0.7893817659377536, 2.7038239467697864, -0.026958587810515744, 0.32010797984409844, 2.9758471789181717, 0.5180327941645859, 0.32013525822670924, -1.5078975618926902, 5.7633704624706095, 1.5227831618158765, 0.7323890021486523, 0.8203769825739918, 1.522787410117861, 0.050620692422688025, -5.768142368392488, 0.14520040567762219, 0.10673384071342219, 0.10965476295776813, 0.020903168715172636, -0.03350695041766311, -0.0879356462337159, -0.17437105108323056, -0.17351116949334158, -0.2073350198371248, 0.050620692422688025, 0.3410128055922756, 1.7336741392332393, 3.023110521539831, -4.207764834246602, -2.809528020210437, -1.4016767129600136, -8.633409061342505, -7.344653116821276, -5.951505620220693, -5.768142368392488], "data_imag": [-9.253703326688221e-18, -7.303107047204733e-17, 0.0, 0.0, 0.0, 0.0, 0.0, 0.0, 0.0, 0.0, 0.0, 0.0, 0.0, 0.0, 0.0, 0.0, 0.0, 0.0, 0.0, 0.0, 0.0, 0.0, 0.0, 0.0, 0.0, 0.0, 0.0, 0.0, 0.0, 0.0, 0.0, 0.0, 0.0, 0.0, 0.0, 0.0, 0.0, 0.0, 0.0, 0.0, 0.0, 0.0, 0.0, 0.0, 0.0, 0.0, 0.0, 0.0]}, {"time": 5.949999999999999, "step_sample_count": 262144, "data": [0.6102703914341855, 0.706883894152564, -2.2716571495755966, -0.42786263173312145, 0.8630711675840553, 1.7751073909921096, -4.472409309170314, 0.8630539575964312, 0.36963664810488706, -0.7694246569942597, 0.7973567527169236, -0.6736244148399055, 0.19015756149642463, 0.797349150988894, 2.6916033295481165, 0.13997657429042518, 0.32827482148493425, 3.0783779180337234, 0.621181238493043, 0.32830209998978116, -1.6803953786916657, 5.99480226279415, 1.5420959499437987, 0.7078718798960408, 0.7387261546853598, 1.5421001982050382, 0.057010197596107745, -6.132202828610714, 0.09601581242137128, 0.09113869411489346, 0.12656768774836175, -0.015348114606350933, -0.036031403169532836, -0.05701245112525215, -0.1965585217360764, -0.16321920621931085, -0.16340911677436057, 0.057010197596107745, 0.358141660090077, 1.8369972908292465, 3.2054114162428493, -4.471672440844829, -2.985295846146986, -1.4868998932761108, -9.164386914819282, -7.796753768177961, -6.316693550090089, -6.132202828610714], "data_imag": [1.948064257631636e-18, -7.185913219464783e-17, 0.0, 0.0, 0.0, 0.0, 0.0, 0.0, 0.0, 0.0, 0.0, 0.0, 0.0, 0.0, 0.0, 0.0, 0.0, 0.0, 0.0, 0.0, 0.0, 0.0, 0.0, 0.0, 0.0, 0.0, 0.0, 0.0, 0.0, 0.0, 0.0, 0.0, 0.0, 0.0, 0.0, 0.0, 0.0, 0.0, 0.0, 0.0, 0.0, 0.0, 0.0, 0.0, 0.0, 0.0, 0.0, 0.0]}, {"time": 6.3, "step_sample_count": 262144, "data": [0.6097499834642289, 0.7060911196357006, -2.117026942928028, -0.4533123223060045, 0.8970315450011039, 1.600106965936529, -4.150099333553449, 0.8970143349738705, 0.3978753824467608, -0.6408203279160047, 0.7931232687869872, -0.6171818166186003, 0.30043932910731186, 0.793115667081651, 2.7908958117295692, 0.2632082170484333, 0.31204826674843905, 3.0483323094629236, 0.9322865389865816, 0.31207554520439174, -1.7574428719215185, 6.27402739642646, 1.5819147228781758, 0.6909921223088242, 0.7980884561805193, 1.5819189712583912, 0.06414115956071907, -6.50005601001873, 0.04570923325260184, 0.07271012493158716, 0.13616981049783408, -0.04928274139727479, -0.039218520912290576, -0.02956197007010168, -0.21267150783119274, -0.15130975144699865, -0.11952558898799213, 0.06414115956071907, 0.35601231640415004, 1.9331084447964602, 3.3928309970087316, -4.746952558242029, -3.1593395145482397, -1.5568577203950051, -9.696734502267127, -8.238092603147877, -6.658556703557856, -6.50005601001873], "data_imag": [1.9479683629449425e-18, 1.9743438010371136e-16, 0.0, 0.0, 0.0, 0.0, 0.0, 0.0, 0.0, 0.0, 0.0, 0.0, 0.0, 0.0, 0.0, 0.0, 0.0, 0.0, 0.0, 0.0, 0.0, 0.0, 0.0, 0.0, 0.0, 0.0, 0.0, 0.0, 0.0, 0.0, 0.0, 0.0, 0.0, 0.0, 0.0, 0.0, 0.0, 0.0, 0.0, 0.0, 0.0, 0.0, 0.0, 0.0, 0.0, 0.0, 0.0, 0.0]}, {"time": 6.6499999999999995, "step_sample_count": 262144, "data": [0.6096059978317651, 0.7087217805883292, -1.9501587402686387, -0.5314127714488814, 0.9267552041320579, 1.4956453600972728, -3.941085955928949, 0.9267379941408368, 0.37516396533595264, -0.5366475611413275, 0.7938265424026992, -0.5729712610531432, 0.3472207418897047, 0.7938189406559545, 2.966386655408396, 0.2961857584965159, 0.27049848793959935, 2.8934463524742515, 1.3605872816872777, 0.2705257664900816, -1.7389166184890184, 6.599684981093431, 1.6474019620704168, 0.6963989560909181, 0.9813620409854823, 1.647406210429444, 0.06997437307453828, -6.871420000170753, -0.0007031123915984376, 0.05650210939222515, 0.14220099192976615, -0.07866461770545433, -0.042362708950497215, -0.00614406236797618, -0.224711023396426, -0.14111060588249327, -0.07896821176043281, 0.06997437307453828, 0.3383419899696084, 2.0229511620095493, 3.585948120595438, -5.031147759231866, -3.331840875400455, -1.6143541939035069, -10.231564166305969, -8.670155830190787, -6.981408493063077, -6.871420000170753], "data_imag": [6.060067405654487e-18, -2.216552062651053e-17, 0.0, 0.0, 0.0, 0.0, 0.0, 0.0, 0.0, 0.0, 0.0, 0.0, 0.0, 0.0, 0.0, 0.0, 0.0, 0.0, 0.0, 0.0, 0.0, 0.0, 0.0, 0.0, 0.0, 0.0, 0.0, 0.0, 0.0, 0.0, 0.0, 0.0, 0.0, 0.0, 0.0, 0.0, 0.0, 0.0, 0.0, 0.0, 0.0, 0.0, 0.0, 0.0, 0.0, 0.0, 0.0, 0.0]}], "random_generator": {"seed": "very_nice_seed"}, "realworld_total_calculation_time": 49614.873}