{"hamiltonian": {"U": 1.0, "E": 0.8, "J": 0.1, "phi": 1.8849555921538759, "type": "FirstOrderVariationalClassicalNetworkHamiltonian", "eta_calculation_sampler": {"system_geometry": {"type": "SquareSystemNonPeriodicState", "size": 3}, "initial_system_state": {"type": "HomogenousInitialSystemState"}, "type": "ExactSampler"}, "psi_selection": {"type": "SquareDirectionDependentAllSameFirstOrder", "number_of_psis": 12, "J": 0.1}, "random_generator": {"seed": "46954944"}, "init_sigma": 1e-05, "pseudo_inverse_cutoff": 1e-10, "effective_time_step_size": 0.017499999999999998, "number_workers": 12, "variational_step_fraction_multiplier": 20, "ue_might_change": true, "ue_variational": true}, "start_time": 0.0, "time_step": 0.35, "number_of_time_steps": 81, "sampler": {"system_geometry": {"type": "SquareSystemNonPeriodicState", "size": 3}, "initial_system_state": {"type": "HomogenousInitialSystemState"}, "type": "ExactSampler"}, "observables": [{"type": "Energy", "label": "Energy per site"}, {"type": "EnergyVariance", "label": "Energy Variance per site"}, {"type": "VCNFactor", "label": "Re-Part of VCN Parameter 0", "param_real_part": true, "param_index": 0, "can_return_value": true}, {"type": "VCNFactor", "label": "Re-Part of VCN Parameter 1", "param_real_part": true, "param_index": 1, "can_return_value": true}, {"type": "VCNFactor", "label": "Re-Part of VCN Parameter 2", "param_real_part": true, "param_index": 2, "can_return_value": true}, {"type": "VCNFactor", "label": "Re-Part of VCN Parameter 3", "param_real_part": true, "param_index": 3, "can_return_value": true}, {"type": "VCNFactor", "label": "Re-Part of VCN Parameter 4", "param_real_part": true, "param_index": 4, "can_return_value": true}, {"type": "VCNFactor", "label": "Re-Part of VCN Parameter 5", "param_real_part": true, "param_index": 5, "can_return_value": true}, {"type": "VCNFactor", "label": "Re-Part of VCN Parameter 6", "param_real_part": true, "param_index": 6, "can_return_value": true}, {"type": "VCNFactor", "label": "Re-Part of VCN Parameter 7", "param_real_part": true, "param_index": 7, "can_return_value": true}, {"type": "VCNFactor", "label": "Re-Part of VCN Parameter 8", "param_real_part": true, "param_index": 8, "can_return_value": true}, {"type": "VCNFactor", "label": "Re-Part of VCN Parameter 9", "param_real_part": true, "param_index": 9, "can_return_value": true}, {"type": "VCNFactor", "label": "Re-Part of VCN Parameter 10", "param_real_part": true, "param_index": 10, "can_return_value": true}, {"type": "VCNFactor", "label": "Re-Part of VCN Parameter 11", "param_real_part": true, "param_index": 11, "can_return_value": true}, {"type": "VCNFactor", "label": "Im-Part of VCN Parameter 0", "param_real_part": false, "param_index": 0, "can_return_value": true}, {"type": "VCNFactor", "label": "Im-Part of VCN Parameter 1", "param_real_part": false, "param_index": 1, "can_return_value": true}, {"type": "VCNFactor", "label": "Im-Part of VCN Parameter 2", "param_real_part": false, "param_index": 2, "can_return_value": true}, {"type": "VCNFactor", "label": "Im-Part of VCN Parameter 3", "param_real_part": false, "param_index": 3, "can_return_value": true}, {"type": "VCNFactor", "label": "Im-Part of VCN Parameter 4", "param_real_part": false, "param_index": 4, "can_return_value": true}, {"type": "VCNFactor", "label": "Im-Part of VCN Parameter 5", "param_real_part": false, "param_index": 5, "can_return_value": true}, {"type": "VCNFactor", "label": "Im-Part of VCN Parameter 6", "param_real_part": false, "param_index": 6, "can_return_value": true}, {"type": "VCNFactor", "label": "Im-Part of VCN Parameter 7", "param_real_part": false, "param_index": 7, "can_return_value": true}, {"type": "VCNFactor", "label": "Im-Part of VCN Parameter 8", "param_real_part": false, "param_index": 8, "can_return_value": true}, {"type": "VCNFactor", "label": "Im-Part of VCN Parameter 9", "param_real_part": false, "param_index": 9, "can_return_value": true}, {"type": "VCNFactor", "label": "Im-Part of VCN Parameter 10", "param_real_part": false, "param_index": 10, "can_return_value": true}, {"type": "VCNFactor", "label": "Im-Part of VCN Parameter 11", "param_real_part": false, "param_index": 11, "can_return_value": true}, {"type": "BaseEnergyFactor", "label": "Re-Part of BE-Factor U", "param_real_part": true, "param_index": -1, "can_return_value": true, "kind": "U"}, {"type": "BaseEnergyFactor", "label": "Im-Part of BE-Factor U", "param_real_part": false, "param_index": -1, "can_return_value": true, "kind": "U"}, {"type": "BaseEnergyFactor", "label": "Re-Part of BE-Factor eps-0", "param_real_part": true, "param_index": 0, "can_return_value": true, "kind": "eps"}, {"type": "BaseEnergyFactor", "label": "Re-Part of BE-Factor eps-1", "param_real_part": true, "param_index": 1, "can_return_value": true, "kind": "eps"}, {"type": "BaseEnergyFactor", "label": "Re-Part of BE-Factor eps-2", "param_real_part": true, "param_index": 2, "can_return_value": true, "kind": "eps"}, {"type": "BaseEnergyFactor", "label": "Re-Part of BE-Factor eps-3", "param_real_part": true, "param_index": 3, "can_return_value": true, "kind": "eps"}, {"type": "BaseEnergyFactor", "label": "Re-Part of BE-Factor eps-4", "param_real_part": true, "param_index": 4, "can_return_value": true, "kind": "eps"}, {"type": "BaseEnergyFactor", "label": "Re-Part of BE-Factor eps-5", "param_real_part": true, "param_index": 5, "can_return_value": true, "kind": "eps"}, {"type": "BaseEnergyFactor", "label": "Re-Part of BE-Factor eps-6", "param_real_part": true, "param_index": 6, "can_return_value": true, "kind": "eps"}, {"type": "BaseEnergyFactor", "label": "Re-Part of BE-Factor eps-7", "param_real_part": true, "param_index": 7, "can_return_value": true, "kind": "eps"}, {"type": "BaseEnergyFactor", "label": "Re-Part of BE-Factor eps-8", "param_real_part": true, "param_index": 8, "can_return_value": true, "kind": "eps"}, {"type": "BaseEnergyFactor", "label": "Re-Part of BE-Factor eps-9", "param_real_part": true, "param_index": 9, "can_return_value": true, "kind": "eps"}, {"type": "BaseEnergyFactor", "label": "Im-Part of BE-Factor eps-0", "param_real_part": false, "param_index": 0, "can_return_value": true, "kind": "eps"}, {"type": "BaseEnergyFactor", "label": "Im-Part of BE-Factor eps-1", "param_real_part": false, "param_index": 1, "can_return_value": true, "kind": "eps"}, {"type": "BaseEnergyFactor", "label": "Im-Part of BE-Factor eps-2", "param_real_part": false, "param_index": 2, "can_return_value": true, "kind": "eps"}, {"type": "BaseEnergyFactor", "label": "Im-Part of BE-Factor eps-3", "param_real_part": false, "param_index": 3, "can_return_value": true, "kind": "eps"}, {"type": "BaseEnergyFactor", "label": "Im-Part of BE-Factor eps-4", "param_real_part": false, "param_index": 4, "can_return_value": true, "kind": "eps"}, {"type": "BaseEnergyFactor", "label": "Im-Part of BE-Factor eps-5", "param_real_part": false, "param_index": 5, "can_return_value": true, "kind": "eps"}, {"type": "BaseEnergyFactor", "label": "Im-Part of BE-Factor eps-6", "param_real_part": false, "param_index": 6, "can_return_value": true, "kind": "eps"}, {"type": "BaseEnergyFactor", "label": "Im-Part of BE-Factor eps-7", "param_real_part": false, "param_index": 7, "can_return_value": true, "kind": "eps"}, {"type": "BaseEnergyFactor", "label": "Im-Part of BE-Factor eps-8", "param_real_part": false, "param_index": 8, "can_return_value": true, "kind": "eps"}, {"type": "BaseEnergyFactor", "label": "Im-Part of BE-Factor eps-9", "param_real_part": false, "param_index": 9, "can_return_value": true, "kind": "eps"}], "measurements": [{"time": 0.0, "step_sample_count": 262144, "data": [0.6302975318978641, 0.7962238358819975, -2.409211346512654e-05, 1.3364613742072939e-05, 1.5426940819682473e-06, -2.3095526437844924e-06, 2.9577584621232426e-06, -1.5668367408516222e-05, 1.0073359691169309e-05, -1.2604172898632618e-05, -1.1358230129747497e-05, 3.80637423358691e-06, 2.8480717089983352e-06, -1.895923534861108e-05, -1.1357545410297846e-05, 4.318272037258513e-06, -1.4618044943022195e-05, 1.2968369814907847e-06, -2.4229613465669603e-06, 1.2658790972584678e-05, -4.320935634434884e-06, -4.807979398987998e-06, -1.0283182688040512e-05, 1.5791125000597532e-06, 1.6795899010380995e-05, -6.0341603244068835e-06, -2.5990623020784137e-06, -7.778776741911498e-06, 2.105483127674879e-05, 1.1085069673905734e-05, -9.132533945527703e-06, -1.2101228867378676e-06, 7.2706396032623796e-06, -5.612770751019133e-06, -2.3901402852107364e-06, -7.7877375531777e-06, 4.464171819755137e-06, -2.5990623020784137e-06, 8.1977527658682e-06, 7.306985025359501e-06, -2.4020509079370578e-05, 3.2547815350467166e-06, -3.2636991717419135e-06, 9.407228796969372e-06, -2.352694576968018e-05, -1.1297768656752587e-05, 5.246858986378391e-06, -7.778776741911498e-06], "data_imag": [-5.624747451204437e-23, -3.995721564387246e-21, 0.0, 0.0, 0.0, 0.0, 0.0, 0.0, 0.0, 0.0, 0.0, 0.0, 0.0, 0.0, 0.0, 0.0, 0.0, 0.0, 0.0, 0.0, 0.0, 0.0, 0.0, 0.0, 0.0, 0.0, 0.0, 0.0, 0.0, 0.0, 0.0, 0.0, 0.0, 0.0, 0.0, 0.0, 0.0, 0.0, 0.0, 0.0, 0.0, 0.0, 0.0, 0.0, 0.0, 0.0, 0.0, 0.0]}, {"time": 0.35, "step_sample_count": 262144, "data": [0.6302685085956637, 0.7957401935759848, 0.008554446604601156, -0.04912332041042719, 0.07526734942354421, 0.008932319539404014, -0.048649210086902345, 0.07525013834854391, 0.009273824030822653, -0.04731451687891507, 0.07439271419362403, 0.008181038575915935, -0.048786652346203274, 0.0743851131854131, 0.3355256561455082, 0.3345477409747371, 0.3330476773472126, 0.35787417284967926, 0.36348588084808015, 0.33307495431351336, 0.37770973250334183, 0.39009994242706364, 0.3298522122545764, 0.3089017057410777, 0.3011118819534211, 0.32985646121174744, 0.0038516836766398646, -0.35167829151072283, 0.00040129121072389083, 0.001791868215966462, 0.0031708549326201216, -0.003911090542853904, -0.0025044155295957517, -0.0011130893278769826, -0.008204441645658752, -0.00680765694466903, -0.005393669747372617, 0.0038516836766398646, -0.00149251386522546, 0.08406341906676912, 0.16939108661121474, -0.26453402336564646, -0.17905330494307137, -0.09354968288679862, -0.5275361561560201, -0.4421649362675144, -0.3565938912081176, -0.35167829151072283], "data_imag": [2.7101653047699875e-18, 1.749127008957541e-17, 0.0, 0.0, 0.0, 0.0, 0.0, 0.0, 0.0, 0.0, 0.0, 0.0, 0.0, 0.0, 0.0, 0.0, 0.0, 0.0, 0.0, 0.0, 0.0, 0.0, 0.0, 0.0, 0.0, 0.0, 0.0, 0.0, 0.0, 0.0, 0.0, 0.0, 0.0, 0.0, 0.0, 0.0, 0.0, 0.0, 0.0, 0.0, 0.0, 0.0, 0.0, 0.0, 0.0, 0.0, 0.0, 0.0]}, {"time": 0.7, "step_sample_count": 262144, "data": [0.6296299390178784, 0.7938387961742565, 0.031388645588091825, -0.20985315112035532, 0.269489833601398, 0.03194100342560877, -0.20705472861896967, 0.26947262251850773, 0.03164285302972885, -0.1899501399689788, 0.25699275601445837, 0.029871927221339547, -0.19823060841306864, 0.25698515501338987, 0.6618247834625419, 0.6509710927301027, 0.5728259993705521, 0.6854088105523084, 0.7307965534460396, 0.5728532764346419, 0.6835929364903738, 0.7841663013365402, 0.5511086722665132, 0.6088377749446182, 0.5407744368344909, 0.5511129214518582, 0.013391647200745769, -0.7127092684786089, 0.0024796392407581925, 0.008002446809877412, 0.013577228769607697, -0.014327732020798331, -0.008780599229410714, -0.003203279816405487, -0.031096949615646574, -0.025525542570480952, -0.019952709463688528, 0.013391647200745769, 0.003789417310624871, 0.1768352229501391, 0.34826783736331174, -0.5264941196934672, -0.35399703844129254, -0.1814703783730443, -1.0562953422678765, -0.884819466098421, -0.7117590784592315, -0.7127092684786089], "data_imag": [2.166712297062777e-18, 1.7462104722802183e-17, 0.0, 0.0, 0.0, 0.0, 0.0, 0.0, 0.0, 0.0, 0.0, 0.0, 0.0, 0.0, 0.0, 0.0, 0.0, 0.0, 0.0, 0.0, 0.0, 0.0, 0.0, 0.0, 0.0, 0.0, 0.0, 0.0, 0.0, 0.0, 0.0, 0.0, 0.0, 0.0, 0.0, 0.0, 0.0, 0.0, 0.0, 0.0, 0.0, 0.0, 0.0, 0.0, 0.0, 0.0, 0.0, 0.0]}, {"time": 1.0499999999999998, "step_sample_count": 262144, "data": [0.6287227215279786, 0.7910181446184376, 0.05715769633503406, -0.49963121699038554, 0.49716116326092435, 0.05754917560333951, -0.4928018664674929, 0.4971439521853371, 0.05315955423966276, -0.4107741349900296, 0.4454238112788739, 0.04946908150253884, -0.4281493299137419, 0.4454162102287503, 0.9808437871872211, 0.9171187456318117, 0.6881732788996392, 0.9595337890792696, 1.095700498806605, 0.6882005561593069, 0.8568762564246454, 1.1748155636097588, 0.6336850851463752, 0.9033105306226161, 0.6449672793496761, 0.6336893343317199, 0.021920206349138188, -1.085218054021641, 0.008494457031829031, 0.020247899491315655, 0.03248980123969428, -0.026775680762020138, -0.014896182101467861, -0.002761420395962234, -0.06191342613898169, -0.049775409414687305, -0.03785625629671839, 0.021920206349138188, 0.01929476920283169, 0.2836855251590526, 0.5429518868748727, -0.7863868039647933, -0.5237887321310597, -0.26110571101074365, -1.5905065800174267, -1.3312138110031133, -1.066783635764091, -1.085218054021641], "data_imag": [5.410288498815787e-19, 9.034573397306823e-17, 0.0, 0.0, 0.0, 0.0, 0.0, 0.0, 0.0, 0.0, 0.0, 0.0, 0.0, 0.0, 0.0, 0.0, 0.0, 0.0, 0.0, 0.0, 0.0, 0.0, 0.0, 0.0, 0.0, 0.0, 0.0, 0.0, 0.0, 0.0, 0.0, 0.0, 0.0, 0.0, 0.0, 0.0, 0.0, 0.0, 0.0, 0.0, 0.0, 0.0, 0.0, 0.0, 0.0, 0.0, 0.0, 0.0]}, {"time": 1.4, "step_sample_count": 262144, "data": [0.6274499776699748, 0.7868560717504188, 0.0714994995309848, -0.923497851811318, 0.6966011215298542, 0.08126707226463895, -0.921260956943797, 0.6965839104264584, 0.07589968666452766, -0.6673760808887685, 0.5677387801588203, 0.03319839895909331, -0.6580702981985472, 0.567731178989134, 1.3151720689479025, 1.078346359433414, 0.7123001635808122, 1.171153541175282, 1.436217072296481, 0.7123274410686534, 0.8654985361250029, 1.5413009392378663, 0.6262342697444039, 1.2098502909512128, 0.5416689368772682, 0.6262385192068171, 0.024211214976781054, -1.4614814045167779, 0.018661003989631077, 0.037592283018335594, 0.05860656701311559, -0.037466496893339835, -0.017924362300938326, 0.0024375912094946085, -0.09331699501194453, -0.0726353180325742, -0.05326345825910343, 0.024211214976781054, 0.04267950988724597, 0.4042397803281706, 0.7543538845031451, -1.0492471154510856, -0.6918749280672536, -0.3342144215089434, -2.13787387402499, -1.7878360120869234, -1.426115521509287, -1.4614814045167779], "data_imag": [4.646720645162433e-18, -4.447961874116357e-17, 0.0, 0.0, 0.0, 0.0, 0.0, 0.0, 0.0, 0.0, 0.0, 0.0, 0.0, 0.0, 0.0, 0.0, 0.0, 0.0, 0.0, 0.0, 0.0, 0.0, 0.0, 0.0, 0.0, 0.0, 0.0, 0.0, 0.0, 0.0, 0.0, 0.0, 0.0, 0.0, 0.0, 0.0, 0.0, 0.0, 0.0, 0.0, 0.0, 0.0, 0.0, 0.0, 0.0, 0.0, 0.0, 0.0]}, {"time": 1.75, "step_sample_count": 262144, "data": [0.625442808935923, 0.7802244494861816, 0.0562725332797601, -1.441107775298163, 0.8524514775127027, 0.12261544857270476, -1.4908300218201977, 0.8524342668186251, 0.1376211666323255, -0.8852758137898433, 0.6089600452618368, -0.06827105874231745, -0.7231493626711804, 0.6089524439347064, 1.6969306454211237, 1.0579063883044693, 0.688593145372588, 1.3144405613542596, 1.7145427107148001, 0.6886204227137458, 0.7237282330758782, 1.8769258978987855, 0.5932340660287664, 1.5252560639047397, 0.24225893682030863, 0.593238315083726, 0.021670859566844832, -1.8324898925287902, 0.02879736892692265, 0.053633642235513, 0.0842270390812246, -0.045093832285316084, -0.018459195485137216, 0.009876836829050375, -0.11889508807985491, -0.08899488674886233, -0.06323029635610707, 0.021670859566844832, 0.0669948062877008, 0.533547944432175, 0.9788786170844848, -1.3208414305565528, -0.8624038948086572, -0.4032775806129143, -2.703060971811683, -2.258102400869689, -1.7911026692466978, -1.8324898925287902], "data_imag": [-1.0794980376524115e-17, 2.376578282883694e-17, 0.0, 0.0, 0.0, 0.0, 0.0, 0.0, 0.0, 0.0, 0.0, 0.0, 0.0, 0.0, 0.0, 0.0, 0.0, 0.0, 0.0, 0.0, 0.0, 0.0, 0.0, 0.0, 0.0, 0.0, 0.0, 0.0, 0.0, 0.0, 0.0, 0.0, 0.0, 0.0, 0.0, 0.0, 0.0, 0.0, 0.0, 0.0, 0.0, 0.0, 0.0, 0.0, 0.0, 0.0, 0.0, 0.0]}, {"time": 2.0999999999999996, "step_sample_count": 262144, "data": [0.6227782165835536, 0.7708728911387579, -0.02840960027027739, -1.9224128052925948, 0.9701450106376693, 0.2346750474080283, -2.167124857166248, 0.9701277994301558, 0.2740449745696672, -1.0006819907882587, 0.5853176772300289, -0.2830924980026693, -0.49322017428882176, 0.5853100757267717, 2.139441619364987, 0.7864016531377963, 0.6398025912733374, 1.384234210246342, 1.8799713543267584, 0.6398298686633898, 0.507599825621062, 2.221723591775102, 0.5786198129520416, 1.7892066097589074, -0.07242076815409682, 0.5786240619662558, 0.019111214619765605, -2.195139637975188, 0.03674487646023524, 0.06169677285136736, 0.09841441545806397, -0.04729999232916343, -0.018754489856433333, 0.012436972487275585, -0.1325925751355213, -0.09701392182438709, -0.07041458059268471, 0.019111214619765605, 0.08302016792470357, 0.66285238940949, 1.207977354584511, -1.6029852548363268, -1.0367774975529653, -0.46930183368297773, -3.280320607346985, -2.7361067042504206, -2.15539464754585, -2.195139637975188], "data_imag": [4.638381861466006e-18, 1.6122882884747705e-17, 0.0, 0.0, 0.0, 0.0, 0.0, 0.0, 0.0, 0.0, 0.0, 0.0, 0.0, 0.0, 0.0, 0.0, 0.0, 0.0, 0.0, 0.0, 0.0, 0.0, 0.0, 0.0, 0.0, 0.0, 0.0, 0.0, 0.0, 0.0, 0.0, 0.0, 0.0, 0.0, 0.0, 0.0, 0.0, 0.0, 0.0, 0.0, 0.0, 0.0, 0.0, 0.0, 0.0, 0.0, 0.0, 0.0]}, {"time": 2.4499999999999997, "step_sample_count": 262144, "data": [0.6200866512416016, 0.7601844888470988, -0.24256990909811108, -2.1664981448403187, 1.0545454151591909, 0.4871838144954616, -2.8829286783296397, 1.0545282039101773, 0.4578601485497189, -1.0234111321314538, 0.5218325726288057, -0.5718838774857177, -0.04606828310735016, 0.5218249715942572, 2.5906397846583045, 0.31566618481817926, 0.5719014048029295, 1.414086382114894, 1.8956635877583767, 0.5719286823070688, 0.30723803061939875, 2.6232039635548645, 0.6058551586434842, 1.928192994413325, -0.18585346338584652, 0.6058594081955372, 0.01995300217097903, -2.551477748903378, 0.04921542341056798, 0.062418134788038475, 0.09499004016034897, -0.03901681887843606, -0.02040186718123219, 0.0015792503487636904, -0.1317273219285139, -0.10077376588145515, -0.08500765660682726, 0.01995300217097903, 0.08827123419906246, 0.7838501684080615, 1.4287632539147326, -1.889831921177043, -1.2139694025667163, -0.5361247401479272, -3.854633129820613, -3.2113540648382393, -2.514448886494588, -2.551477748903378], "data_imag": [-3.018369946549727e-18, -2.5935734071334108e-17, 0.0, 0.0, 0.0, 0.0, 0.0, 0.0, 0.0, 0.0, 0.0, 0.0, 0.0, 0.0, 0.0, 0.0, 0.0, 0.0, 0.0, 0.0, 0.0, 0.0, 0.0, 0.0, 0.0, 0.0, 0.0, 0.0, 0.0, 0.0, 0.0, 0.0, 0.0, 0.0, 0.0, 0.0, 0.0, 0.0, 0.0, 0.0, 0.0, 0.0, 0.0, 0.0, 0.0, 0.0, 0.0, 0.0]}, {"time": 2.8, "step_sample_count": 262144, "data": [0.618031159452762, 0.7509696574880794, -0.5877157311661277, -2.11837534574435, 1.1051371635786844, 0.8841186774637502, -3.5892542690088907, 1.1051199522084405, 0.6236615736166157, -1.005712364647, 0.44580635696257254, -0.8620485581624734, 0.4248626394778586, 0.4457987558873337, 2.928378159367456, -0.14691367600819277, 0.4868844917591288, 1.4921831444749678, 1.7519427764602595, 0.48691176901879596, 0.1572736236261587, 3.075324693408497, 0.6852736631959342, 1.9212449477063582, -0.0466401169851991, 0.6852779126420494, 0.024722426559151103, -2.9054020902227395, 0.0717576807186681, 0.06129572595837492, 0.077975250993406, -0.01953739959430021, -0.023657332277149452, -0.024064991402275634, -0.12092597316509614, -0.10631437214280139, -0.11320285267187169, 0.024722426559151103, 0.0935360260418453, 0.8943213832172838, 1.6291520146374403, -2.1688390483706605, -1.3921569856867317, -0.612689070958288, -4.410133965389139, -3.6777453913771083, -2.875342200459067, -2.9054020902227395], "data_imag": [3.3393996902902035e-18, -2.6364058475375278e-17, 0.0, 0.0, 0.0, 0.0, 0.0, 0.0, 0.0, 0.0, 0.0, 0.0, 0.0, 0.0, 0.0, 0.0, 0.0, 0.0, 0.0, 0.0, 0.0, 0.0, 0.0, 0.0, 0.0, 0.0, 0.0, 0.0, 0.0, 0.0, 0.0, 0.0, 0.0, 0.0, 0.0, 0.0, 0.0, 0.0, 0.0, 0.0, 0.0, 0.0, 0.0, 0.0, 0.0, 0.0, 0.0, 0.0]}, {"time": 3.15, "step_sample_count": 262144, "data": [0.6167183726394233, 0.745857234433263, -0.9756539684165944, -1.9362338824272098, 1.1188397657307427, 1.3339158817665564, -4.259943155728496, 1.1188225539618015, 0.7219567012907919, -0.9812724574615683, 0.38615980283208606, -1.096297132063459, 0.7772271716997065, 0.38615220207274326, 3.074008454201719, -0.493120323244806, 0.3923792952846362, 1.6745709365472263, 1.4180968356133092, 0.3924065724139183, 0.039941455880823686, 3.540996608648151, 0.8155042624978013, 1.7935712190761786, 0.2637543039889903, 0.8155085122128362, 0.031780443618134466, -3.260250707318007, 0.10028606882299995, 0.06288923013073391, 0.05882705728621265, 0.004550756447331453, -0.02765237931791356, -0.056239429148748604, -0.10998664533962892, -0.11640039581478318, -0.14927322812871016, 0.031780443618134466, 0.11034247900651069, 0.9970718381918774, 1.8062194630469475, -2.4317906580928828, -1.5698405381280354, -0.704281746677218, -4.941033928227298, -4.135073884653836, -3.246679941152775, -3.260250707318007], "data_imag": [-6.459142561688645e-19, 1.5933887557162556e-18, 0.0, 0.0, 0.0, 0.0, 0.0, 0.0, 0.0, 0.0, 0.0, 0.0, 0.0, 0.0, 0.0, 0.0, 0.0, 0.0, 0.0, 0.0, 0.0, 0.0, 0.0, 0.0, 0.0, 0.0, 0.0, 0.0, 0.0, 0.0, 0.0, 0.0, 0.0, 0.0, 0.0, 0.0, 0.0, 0.0, 0.0, 0.0, 0.0, 0.0, 0.0, 0.0, 0.0, 0.0, 0.0, 0.0]}, {"time": 3.5, "step_sample_count": 262144, "data": [0.6158712566028204, 0.745007776618514, -1.3309928924559833, -1.7343768396906512, 1.0951274501863941, 1.74137486187882, -4.834446892361419, 1.0951102381567999, 0.7358727270842325, -0.9612630121676986, 0.3693028185088361, -1.2415249194675082, 0.9496863461838441, 0.3692952185785357, 3.037099786974467, -0.7780919915878657, 0.304547658559177, 1.9593376063980226, 0.8508443017490793, 0.30457493537879426, -0.0816996510006104, 3.994549645802638, 0.9810917754731272, 1.5933504095974005, 0.6320567815918372, 0.9810960264023739, 0.03872540220169317, -3.617441199938, 0.1290888141372534, 0.06922637100531462, 0.04611285161030998, 0.02750408068403459, -0.031097301489913475, -0.08658281986090191, -0.10485943687558587, -0.1303554717585539, -0.18496049562700267, 0.03872540220169317, 0.14262081597292095, 1.096655903732571, 1.9651833485539116, -2.6785562201256976, -1.746384408829315, -0.8099060368761207, -5.451884066648238, -4.586968385163204, -3.6314116040676305, -3.617441199938], "data_imag": [-2.152088986764203e-18, 1.0868359938516367e-17, 0.0, 0.0, 0.0, 0.0, 0.0, 0.0, 0.0, 0.0, 0.0, 0.0, 0.0, 0.0, 0.0, 0.0, 0.0, 0.0, 0.0, 0.0, 0.0, 0.0, 0.0, 0.0, 0.0, 0.0, 0.0, 0.0, 0.0, 0.0, 0.0, 0.0, 0.0, 0.0, 0.0, 0.0, 0.0, 0.0, 0.0, 0.0, 0.0, 0.0, 0.0, 0.0, 0.0, 0.0, 0.0, 0.0]}, {"time": 3.8499999999999996, "step_sample_count": 262144, "data": [0.6151751095421665, 0.7451946907537065, -1.5690890426102013, -1.4478852177518473, 1.0422553911574572, 1.984545067670608, -5.035170430613937, 1.0422381793660667, 0.6758277566500206, -0.9577014270263863, 0.40825816953975375, -1.294111792561055, 0.937564092443917, 0.40825056901195467, 3.0039818277102657, -0.9029063737228024, 0.24608092898853126, 2.184113969985029, 0.5088803463816332, 0.24610820632968913, -0.23949423800041786, 4.4163048816241135, 1.1547086449076092, 1.3602740621448122, 0.9645203481886898, 1.154712894940458, 0.04381312712340813, -3.9757977945303327, 0.14819395431084514, 0.08006439485031391, 0.04983694037140786, 0.039604847225316195, -0.0333119236998909, -0.10375159761955656, -0.11378137240695044, -0.14626447696623876, -0.20871970894864694, 0.04381312712340813, 0.17469156550709852, 1.196845081685278, 2.1276266962663084, -2.927933262662205, -1.9226874117363946, -0.9124943778607781, -5.966434736831908, -5.039184500452688, -4.0156758332852895, -3.9757977945303327], "data_imag": [-1.5598390990651831e-18, 1.2970795929142952e-17, 0.0, 0.0, 0.0, 0.0, 0.0, 0.0, 0.0, 0.0, 0.0, 0.0, 0.0, 0.0, 0.0, 0.0, 0.0, 0.0, 0.0, 0.0, 0.0, 0.0, 0.0, 0.0, 0.0, 0.0, 0.0, 0.0, 0.0, 0.0, 0.0, 0.0, 0.0, 0.0, 0.0, 0.0, 0.0, 0.0, 0.0, 0.0, 0.0, 0.0, 0.0, 0.0, 0.0, 0.0, 0.0, 0.0]}, {"time": 4.199999999999999, "step_sample_count": 262144, "data": [0.6145539174369233, 0.7431200159889839, -1.7669134867242267, -1.126705113552703, 0.9756038605557015, 2.1077391784225985, -5.036564760218859, 0.9755866487314104, 0.5706008392069658, -0.9744126768097804, 0.49240715443810557, -1.258370207014199, 0.7712657439919908, 0.4923995538779215, 3.0220251567065475, -0.8395642322870879, 0.2251756892690994, 2.314334353878494, 0.5054903787026562, 0.2252029666591518, -0.44630131251347144, 4.795843226597812, 1.3067322075533816, 1.1370492222262645, 1.1936096292727052, 1.3067364575291869, 0.045986930459856155, -4.334039025783237, 0.1622547321816845, 0.09348186950512928, 0.06305693583367865, 0.04572338652956286, -0.03391958641194852, -0.11171733852290974, -0.12871930926251263, -0.16124257171779205, -0.22429138642927132, 0.045986930459856155, 0.20244824274327375, 1.29964154455909, 2.3015165299189553, -3.185210147861449, -2.099310886915471, -1.0079868657929842, -6.493917219444739, -5.494976760862486, -4.396626409549584, -4.334039025783237], "data_imag": [4.059960783138126e-18, 1.321888637837255e-17, 0.0, 0.0, 0.0, 0.0, 0.0, 0.0, 0.0, 0.0, 0.0, 0.0, 0.0, 0.0, 0.0, 0.0, 0.0, 0.0, 0.0, 0.0, 0.0, 0.0, 0.0, 0.0, 0.0, 0.0, 0.0, 0.0, 0.0, 0.0, 0.0, 0.0, 0.0, 0.0, 0.0, 0.0, 0.0, 0.0, 0.0, 0.0, 0.0, 0.0, 0.0, 0.0, 0.0, 0.0, 0.0, 0.0]}, {"time": 4.55, "step_sample_count": 262144, "data": [0.6140083063478051, 0.7374679985571426, -1.9837572367157048, -0.8486575413565253, 0.9108980515946937, 2.1704447542600365, -5.038300541015777, 0.9108808399030931, 0.4558290654196859, -1.0032551746635532, 0.5966318432628903, -1.1528709149741005, 0.5146115217055363, 0.5966242427443513, 2.9796367568683104, -0.6955288024443179, 0.235215319177378, 2.464823103050568, 0.5008343617853136, 0.2352425966815173, -0.6963210187834303, 5.119933166804427, 1.4168224796819633, 0.9630732331643913, 1.272060510349565, 1.416826729665918, 0.04603053071408031, -4.691784504484781, 0.174137123840262, 0.10629741853345169, 0.07741758962768869, 0.04950140156845969, -0.03343157317432631, -0.11506070220654051, -0.14214903357610562, -0.17303393763154282, -0.235418289053948, 0.04603053071408031, 0.23633498377400217, 1.405513566408008, 2.478152697339613, -3.4400021581735336, -2.276378058168909, -1.1069756806480948, -7.025411264491307, -5.954851562946717, -4.784816054547931, -4.691784504484781], "data_imag": [-1.3883263422536206e-18, 1.2475518499412962e-17, 0.0, 0.0, 0.0, 0.0, 0.0, 0.0, 0.0, 0.0, 0.0, 0.0, 0.0, 0.0, 0.0, 0.0, 0.0, 0.0, 0.0, 0.0, 0.0, 0.0, 0.0, 0.0, 0.0, 0.0, 0.0, 0.0, 0.0, 0.0, 0.0, 0.0, 0.0, 0.0, 0.0, 0.0, 0.0, 0.0, 0.0, 0.0, 0.0, 0.0, 0.0, 0.0, 0.0, 0.0, 0.0, 0.0]}, {"time": 4.8999999999999995, "step_sample_count": 262144, "data": [0.613340139886579, 0.7288665551135829, -2.188700075202947, -0.6450264400666832, 0.863079984418813, 2.1731405133730606, -5.040093465065753, 0.8630627727175605, 0.36634060363666204, -1.01795247106689, 0.6927090446113309, -1.0114401558116815, 0.2642492411740826, 0.6927014441487468, 2.8905289879997493, -0.48518070209058684, 0.26464134470211337, 2.6363040195085166, 0.4944461687912773, 0.26466862229589255, -0.9751184266903987, 5.376050575198773, 1.4811994784305937, 0.8478680119265436, 1.1926907801068045, 1.4812037285286348, 0.04593610767900688, -5.049286564595927, 0.17831312853249973, 0.1145469012623116, 0.09069881162755807, 0.04771385820091607, -0.0328444188496272, -0.11252154763687323, -0.15398435344945202, -0.17982801352158406, -0.23853981705227303, 0.04593610767900688, 0.27404969007068547, 1.5144013582243863, 2.6582865942607925, -3.6940329740251165, -2.454104869379069, -1.207745234429815, -7.561099882497843, -6.418530893010178, -5.177661231188772, -5.049286564595927], "data_imag": [6.154398183378753e-18, -7.912117609176392e-18, 0.0, 0.0, 0.0, 0.0, 0.0, 0.0, 0.0, 0.0, 0.0, 0.0, 0.0, 0.0, 0.0, 0.0, 0.0, 0.0, 0.0, 0.0, 0.0, 0.0, 0.0, 0.0, 0.0, 0.0, 0.0, 0.0, 0.0, 0.0, 0.0, 0.0, 0.0, 0.0, 0.0, 0.0, 0.0, 0.0, 0.0, 0.0, 0.0, 0.0, 0.0, 0.0, 0.0, 0.0, 0.0, 0.0]}, {"time": 5.25, "step_sample_count": 262144, "data": [0.6124197005843849, 0.7195543328437962, -2.3472595713354028, -0.5393580553360839, 0.8401222296178121, 2.1257641334807644, -5.040344351821974, 0.8401050179369178, 0.3272913535381268, -0.985171473669917, 0.7605721977955295, -0.8691956999816954, 0.1153621248998836, 0.7605645973259252, 2.7857786309006394, -0.24958732241866857, 0.2994280045013968, 2.819447308867802, 0.4867035095259636, 0.29945528219296486, -1.256716057004462, 5.581825027591716, 1.5108731121957897, 0.7820902471230463, 1.010296400845855, 1.5108773622612348, 0.04742882136325303, -5.407627906039521, 0.170076207325624, 0.11480814589103973, 0.10059114847621853, 0.039152996652011815, -0.03282764590230008, -0.10435410254093835, -0.16371856144232946, -0.17996789583189504, -0.23049314429078588, 0.04742882136325303, 0.3112414585874719, 1.6248812128432844, 2.8404847340274895, -3.949018488809174, -2.6320888182675013, -1.307447879009335, -8.098130482794701, -6.883376433273808, -5.56940498700374, -5.407627906039521], "data_imag": [1.5048443208393906e-17, -4.370999634099983e-17, 0.0, 0.0, 0.0, 0.0, 0.0, 0.0, 0.0, 0.0, 0.0, 0.0, 0.0, 0.0, 0.0, 0.0, 0.0, 0.0, 0.0, 0.0, 0.0, 0.0, 0.0, 0.0, 0.0, 0.0, 0.0, 0.0, 0.0, 0.0, 0.0, 0.0, 0.0, 0.0, 0.0, 0.0, 0.0, 0.0, 0.0, 0.0, 0.0, 0.0, 0.0, 0.0, 0.0, 0.0, 0.0, 0.0]}, {"time": 5.6, "step_sample_count": 262144, "data": [0.6113424326291005, 0.7119551908107911, -2.42856129025311, -0.5241367130278164, 0.8428158639473012, 2.03756587814172, -5.009486741072358, 0.8427986522741847, 0.3416165046049409, -0.8932727643427082, 0.7939955474488867, -0.751140647368083, 0.10800481560593793, 0.7939879473841678, 2.697768384408881, -0.042051436215264075, 0.32624916655710895, 2.994831863983399, 0.47700290426848746, 0.3262764442486771, -1.5033889468228996, 5.780849241733252, 1.5248143383026256, 0.7461392980637126, 0.8286322022012796, 1.5248185880828529, 0.05119272969994023, -5.768270940542384, 0.14716625980023984, 0.1060760040913254, 0.1067276340631764, 0.023287281762630466, -0.03370794072650831, -0.0907548691841663, -0.17187816584356824, -0.17330162547526826, -0.20976657445806746, 0.05119272969994023, 0.3426209613576137, 1.7337072497942074, 3.0218645837310065, -4.205963213937298, -2.8093673090491116, -1.4031563822831166, -8.631840542226314, -7.344382145640123, -5.952768546354869, -5.768270940542384], "data_imag": [-3.4393355951903697e-18, 7.254010673400781e-17, 0.0, 0.0, 0.0, 0.0, 0.0, 0.0, 0.0, 0.0, 0.0, 0.0, 0.0, 0.0, 0.0, 0.0, 0.0, 0.0, 0.0, 0.0, 0.0, 0.0, 0.0, 0.0, 0.0, 0.0, 0.0, 0.0, 0.0, 0.0, 0.0, 0.0, 0.0, 0.0, 0.0, 0.0, 0.0, 0.0, 0.0, 0.0, 0.0, 0.0, 0.0, 0.0, 0.0, 0.0, 0.0, 0.0]}, {"time": 5.949999999999999, "step_sample_count": 262144, "data": [0.6103678403247996, 0.706771869727831, -2.290649969375649, -0.4391363548398353, 0.8680792578473462, 1.793857351461038, -4.522745915181818, 0.8680620461422991, 0.3811916037109531, -0.7706811727771286, 0.8021488325270766, -0.6721377468860745, 0.19907830441665658, 0.8021412321822913, 2.685526127735829, 0.12735375672709445, 0.3348467203741986, 3.0973725018621, 0.5825768413604637, 0.33487399791093436, -1.677794035183554, 6.012083973888243, 1.5434173023203985, 0.7215067204336032, 0.7448716891119151, 1.5434215520109862, 0.05757513545861259, -6.132321440765332, 0.09785938780866278, 0.09056910759511169, 0.12408674589317165, -0.013302723965760889, -0.03622777728017007, -0.059483637434523354, -0.19450268007263657, -0.1630903612950123, -0.1657109549771383, 0.05757513545861259, 0.359943856537582, 1.8372502194215135, 3.2043411612197117, -4.469839319203688, -2.9851362557223085, -1.488428004964583, -9.163001191763657, -7.796704206251454, -6.318170740849251, -6.132321440765332], "data_imag": [-2.686405451527376e-18, 1.007428911320392e-16, 0.0, 0.0, 0.0, 0.0, 0.0, 0.0, 0.0, 0.0, 0.0, 0.0, 0.0, 0.0, 0.0, 0.0, 0.0, 0.0, 0.0, 0.0, 0.0, 0.0, 0.0, 0.0, 0.0, 0.0, 0.0, 0.0, 0.0, 0.0, 0.0, 0.0, 0.0, 0.0, 0.0, 0.0, 0.0, 0.0, 0.0, 0.0, 0.0, 0.0, 0.0, 0.0, 0.0, 0.0, 0.0, 0.0]}, {"time": 6.3, "step_sample_count": 262144, "data": [0.6098472903457115, 0.7059835851646734, -2.135442086218524, -0.46231470065046276, 0.9025885478809154, 1.6167036158908352, -4.195358343088605, 0.9025713360427409, 0.41030066922139374, -0.6412018820058207, 0.7977692177513509, -0.6146200976479105, 0.3099825663573616, 0.7977616167389737, 2.7864134734028263, 0.2548196092074762, 0.31906777945813725, 3.066669830085574, 0.9002175785624822, 0.3190950568726368, -1.7573134992963722, 6.290729963674844, 1.582293410933729, 0.7040256364722831, 0.8016722103742544, 1.5822976602168637, 0.06474923043480851, -6.50017413268953, 0.047535787524106886, 0.07215088973971577, 0.133882711094236, -0.0474206888486237, -0.03942906315201779, -0.031882942344241466, -0.2108424906174274, -0.15122598966785478, -0.1218458164314378, 0.06474923043480851, 0.3578790941927652, 1.933613712173939, 3.3920166394935984, -4.745185828219341, -3.1591712608421125, -1.5583236783500551, -9.695592327907544, -8.238276350968373, -6.660104133227518, -6.50017413268953], "data_imag": [6.982943526658885e-18, 6.079869364319088e-17, 0.0, 0.0, 0.0, 0.0, 0.0, 0.0, 0.0, 0.0, 0.0, 0.0, 0.0, 0.0, 0.0, 0.0, 0.0, 0.0, 0.0, 0.0, 0.0, 0.0, 0.0, 0.0, 0.0, 0.0, 0.0, 0.0, 0.0, 0.0, 0.0, 0.0, 0.0, 0.0, 0.0, 0.0, 0.0, 0.0, 0.0, 0.0, 0.0, 0.0, 0.0, 0.0, 0.0, 0.0, 0.0, 0.0]}, {"time": 6.6499999999999995, "step_sample_count": 262144, "data": [0.6097349082579148, 0.7086727459336527, -1.9689496626957537, -0.5397484723452236, 0.9332352363485067, 1.5115410534740605, -3.9853507679129625, 0.9332180244509807, 0.3888453941282791, -0.5356585207948373, 0.7979533736356239, -0.5693524891318925, 0.358314106011722, 0.7979457724507532, 2.9644609644214865, 0.2928614423413786, 0.2777874637162406, 2.91113219210585, 1.336856906639918, 0.27781474109814386, -1.74148933832935, 6.61566994689538, 1.646782463773073, 0.7082251066642442, 0.9826603665376209, 1.646786712681351, 0.0706731333030963, -6.871574215067477, 0.0011598865407827, 0.05589400344976493, 0.1399108730319056, -0.07689530068452644, -0.04260651112101288, -0.008449616650379126, -0.2229519407178327, -0.14105264017849395, -0.08140371877949071, 0.0706731333030963, 0.34019430181070465, 2.023699696963705, 3.5853530196217647, -5.029469985316913, -3.331638989818447, -1.6156958555105605, -10.230581873298256, -8.670515263854906, -6.98290327554781, -6.871574215067477], "data_imag": [-1.0633127797374344e-17, -2.3052050496095075e-17, 0.0, 0.0, 0.0, 0.0, 0.0, 0.0, 0.0, 0.0, 0.0, 0.0, 0.0, 0.0, 0.0, 0.0, 0.0, 0.0, 0.0, 0.0, 0.0, 0.0, 0.0, 0.0, 0.0, 0.0, 0.0, 0.0, 0.0, 0.0, 0.0, 0.0, 0.0, 0.0, 0.0, 0.0, 0.0, 0.0, 0.0, 0.0, 0.0, 0.0, 0.0, 0.0, 0.0, 0.0, 0.0, 0.0]}, {"time": 7.0, "step_sample_count": 262144, "data": [0.6097729575898994, 0.7129971765384572, -1.806437326351207, -0.6069730119333513, 0.9460370818101238, 1.4647321245233607, -3.829869364572885, 0.9460198699014573, 0.2995142967795133, -0.4754428532659951, 0.8170520666116814, -0.5291325505912283, 0.2965049380584898, 0.8170444652534926, 3.1893511905332326, 0.23015807751929643, 0.21832477408345788, 2.6406586317595604, 1.8401260489342204, 0.21835205148165931, -1.6512134123005053, 6.9801107371437165, 1.732108375915944, 0.7552050636106966, 1.2365463188184553, 1.7321126241315505, 0.07346777856105316, -7.245080253963052, -0.03794833240247304, 0.045429199633795304, 0.1462471697787414, -0.10012163641165453, -0.044925720307325195, 0.011022978429969634, -0.23309756362072057, -0.1344394096442448, -0.045846047821402454, 0.07346777856105316, 0.31127105712309244, 2.1103222604390988, 3.78720566266515, -5.320849585548218, -3.5033398282018506, -1.66388641703775, -10.772439087895078, -9.097879142899622, -7.292638289663388, -7.245080253963052], "data_imag": [-6.711517400950425e-18, 9.795812345565561e-17, 0.0, 0.0, 0.0, 0.0, 0.0, 0.0, 0.0, 0.0, 0.0, 0.0, 0.0, 0.0, 0.0, 0.0, 0.0, 0.0, 0.0, 0.0, 0.0, 0.0, 0.0, 0.0, 0.0, 0.0, 0.0, 0.0, 0.0, 0.0, 0.0, 0.0, 0.0, 0.0, 0.0, 0.0, 0.0, 0.0, 0.0, 0.0, 0.0, 0.0, 0.0, 0.0, 0.0, 0.0, 0.0, 0.0]}, {"time": 7.35, "step_sample_count": 262144, "data": [0.6096943364103757, 0.716971763428651, -1.6745857908862567, -0.5983719931878911, 0.9316185980618207, 1.4534210424085687, -3.666894077564636, 0.9316013862799587, 0.15340960928121672, -0.4789764056407306, 0.8622939254219734, -0.49176144220156026, 0.11413870812030112, 0.8622863240230622, 3.4319922306572326, 0.08184856475985404, 0.15512759127538647, 2.275068451200475, 2.375193531655281, 0.15515486875507872, -1.5160284474182957, 7.378316380312483, 1.8254480491570786, 0.8653108994410238, 1.5050180780944544, 1.8254522972260017, 0.07239700190904141, -7.61826870439264, -0.06803062093106811, 0.04194558158066809, 0.15585685766909824, -0.11653990240276793, -0.04585234586929594, 0.02691198364526729, -0.24331367630509285, -0.1316494773859928, -0.015944900255286228, 0.07239700190904141, 0.27576308363583635, 2.196462759150419, 3.9998448941100695, -5.6176069751963364, -3.6753843066684118, -1.7069039595919029, -11.325763360028258, -9.525659659117087, -7.596391868852457, -7.61826870439264], "data_imag": [-8.589182027689204e-19, 2.461284549239546e-17, 0.0, 0.0, 0.0, 0.0, 0.0, 0.0, 0.0, 0.0, 0.0, 0.0, 0.0, 0.0, 0.0, 0.0, 0.0, 0.0, 0.0, 0.0, 0.0, 0.0, 0.0, 0.0, 0.0, 0.0, 0.0, 0.0, 0.0, 0.0, 0.0, 0.0, 0.0, 0.0, 0.0, 0.0, 0.0, 0.0, 0.0, 0.0, 0.0, 0.0, 0.0, 0.0, 0.0, 0.0, 0.0, 0.0]}, {"time": 7.699999999999999, "step_sample_count": 262144, "data": [0.6092796572433349, 0.7188324406731189, -1.6008800996391332, -0.45840346280723754, 0.8902059086751498, 1.4605335270402608, -3.4511441738613224, 0.8901886970523172, -0.01700115527102313, -0.564761931957936, 0.9316120019473577, -0.4634862082765942, -0.16876618973261942, 0.9316044003347387, 3.6604413687644763, -0.10580368198120003, 0.10476499620476734, 1.850861493567334, 2.918001540259032, 0.10479227396967707, -1.366255365441841, 7.7983212615458095, 1.910987308101415, 1.0530393331670302, 1.7291188000898003, 1.9109915561377415, 0.0685552632804008, -7.988627832839072, -0.08869407349051447, 0.04418254429452288, 0.16952112928634167, -0.12689150076911113, -0.04554798739663452, 0.03917536325920124, -0.2551292239049152, -0.1320533608837748, 0.007178585486756076, 0.0685552632804008, 0.23902115654957704, 2.2848359336917574, 4.2227742059616915, -5.917449034816758, -3.8487527993539614, -1.7493394139366436, -11.892211563940263, -9.958654596523417, -7.901876239444624, -7.988627832839072], "data_imag": [3.367917628650871e-18, -2.8123078575793426e-17, 0.0, 0.0, 0.0, 0.0, 0.0, 0.0, 0.0, 0.0, 0.0, 0.0, 0.0, 0.0, 0.0, 0.0, 0.0, 0.0, 0.0, 0.0, 0.0, 0.0, 0.0, 0.0, 0.0, 0.0, 0.0, 0.0, 0.0, 0.0, 0.0, 0.0, 0.0, 0.0, 0.0, 0.0, 0.0, 0.0, 0.0, 0.0, 0.0, 0.0, 0.0, 0.0, 0.0, 0.0, 0.0, 0.0]}, {"time": 8.049999999999999, "step_sample_count": 262144, "data": [0.6084047007916226, 0.7173240412751366, -1.5982401869723708, -0.1724727119759735, 0.831391826222036, 1.4776211815641689, -3.172255333968188, 0.8313746146782163, -0.16614878716323875, -0.7403706576256038, 1.0147651033361362, -0.46370119998128734, -0.4941373882478545, 1.0147575014434411, 3.842146954743402, -0.2537241264771761, 0.07985449089087539, 1.4213649098010297, 3.4588369029085535, 0.0798817687617231, -1.2311080953495661, 8.211821230640806, 1.9761531289379706, 1.3227078163848593, 1.8456759274423713, 1.9761573767461225, 0.06436260512780971, -8.35470684951792, -0.10153760519003861, 0.04871083723029757, 0.18579290161298775, -0.1333235855203697, -0.04482390403639965, 0.047809878017270144, -0.2691841967425535, -0.1341616045207686, 0.023000011332789578, 0.06436260512780971, 0.20736117743654864, 2.3784164264051295, 4.45184742433347, -6.217137787822226, -4.023906958868166, -1.7957577055558367, -12.46855896146478, -10.40071504363456, -8.216690950233984, -8.35470684951792], "data_imag": [-1.378398250992941e-18, 5.0505159709879604e-17, 0.0, 0.0, 0.0, 0.0, 0.0, 0.0, 0.0, 0.0, 0.0, 0.0, 0.0, 0.0, 0.0, 0.0, 0.0, 0.0, 0.0, 0.0, 0.0, 0.0, 0.0, 0.0, 0.0, 0.0, 0.0, 0.0, 0.0, 0.0, 0.0, 0.0, 0.0, 0.0, 0.0, 0.0, 0.0, 0.0, 0.0, 0.0, 0.0, 0.0, 0.0, 0.0, 0.0, 0.0, 0.0, 0.0]}, {"time": 8.399999999999999, "step_sample_count": 262144, "data": [0.6071100305181835, 0.7120778494310467, -1.6590497488790674, 0.21014726233906286, 0.768678862969802, 1.4957275622318453, -2.86218056760372, 0.7686616508345357, -0.24292900274649162, -0.9831418832403894, 1.0976966757905429, -0.5273757297409424, -0.7514630502994614, 1.0976890742279366, 3.955771740731761, -0.2834440658801793, 0.08534567917057771, 1.0388731795915898, 3.999530874260274, 0.08537295666249356, -1.1315260325086387, 8.580897974268764, 2.016141210816954, 1.6589373853771352, 1.8113255025712895, 2.0161454587554903, 0.062034264668723645, -8.716725508145558, -0.11093210241115235, 0.05054888342281479, 0.20202999288059345, -0.13889528792413663, -0.04465538025178939, 0.05382068763109488, -0.2848714426555325, -0.13508706036688428, 0.03380584964078418, 0.062034264668723645, 0.18573885095713882, 2.4795210054229764, 4.680124752855413, -6.51361757967528, -4.200627051669722, -1.848982742020265, -13.047135329055065, -10.85341873350015, -8.545447932821206, -8.716725508145558], "data_imag": [-5.230674047677272e-19, 3.673918769074526e-17, 0.0, 0.0, 0.0, 0.0, 0.0, 0.0, 0.0, 0.0, 0.0, 0.0, 0.0, 0.0, 0.0, 0.0, 0.0, 0.0, 0.0, 0.0, 0.0, 0.0, 0.0, 0.0, 0.0, 0.0, 0.0, 0.0, 0.0, 0.0, 0.0, 0.0, 0.0, 0.0, 0.0, 0.0, 0.0, 0.0, 0.0, 0.0, 0.0, 0.0, 0.0, 0.0, 0.0, 0.0, 0.0, 0.0]}, {"time": 8.75, "step_sample_count": 262144, "data": [0.6055743447577938, 0.7039370618809249, -1.7634859971134298, 0.6013885515335761, 0.7137411716227792, 1.5021817517613099, -2.575440438143617, 0.7137239594135467, -0.2106708812537116, -1.2425665780607087, 1.168200005283848, -0.6892965526766165, -0.816632370595697, 1.1681924035763525, 3.9984822323031044, -0.1620974398813302, 0.11872452435841312, 0.7310394125204561, 4.540768821204585, 0.11875180174439104, -1.0636846825427457, 8.89022945854452, 2.0343651078913036, 2.0139147475179153, 1.6648350612829557, 2.0343693555201754, 0.06234465858260263, -9.076339065125012, -0.12219441260791929, 0.04532021942974648, 0.21592645337668573, -0.14621209453070388, -0.04559347258750936, 0.059112626944574455, -0.30063824814432455, -0.13150902627864025, 0.04416441204503604, 0.06234465858260263, 0.17380840796075747, 2.5870416346164355, 4.899551083217887, -6.805381662682865, -4.378121920004919, -1.9089117727898284, -13.618018096871868, -11.313774717001216, -8.886051796226036, -9.076339065125012], "data_imag": [2.4135689591009526e-18, -1.0653406769484022e-17, 0.0, 0.0, 0.0, 0.0, 0.0, 0.0, 0.0, 0.0, 0.0, 0.0, 0.0, 0.0, 0.0, 0.0, 0.0, 0.0, 0.0, 0.0, 0.0, 0.0, 0.0, 0.0, 0.0, 0.0, 0.0, 0.0, 0.0, 0.0, 0.0, 0.0, 0.0, 0.0, 0.0, 0.0, 0.0, 0.0, 0.0, 0.0, 0.0, 0.0, 0.0, 0.0, 0.0, 0.0, 0.0, 0.0]}, {"time": 9.1, "step_sample_count": 262144, "data": [0.6039234351482679, 0.694772859420316, -1.8868510974824484, 0.91865957419467, 0.6740322289495395, 1.4847906405888351, -2.356977407836583, 0.6740150167142166, -0.08164380487561022, -1.4780667060016328, 1.2197742178796065, -0.9470722245637171, -0.663209858835321, 1.2197666162247385, 3.9823708509389335, 0.08975641806478625, 0.17286873468955513, 0.49503062682748133, 5.0769297593937175, 0.17289601203478758, -1.0013820203457109, 9.160785735941491, 2.0389840365728964, 2.3202896851456125, 1.5247379039086983, 2.0389882842669618, 0.064378574965507, -9.43580076560882, -0.1371034263829057, 0.03306683347244734, 0.22788057564618308, -0.1563616494604254, -0.04736267026692544, 0.06577101090625144, -0.3159801528785191, -0.1228234521175937, 0.05681137626758076, 0.064378574965507, 0.16624627831421776, 2.696156292305205, 5.103559593711034, -7.092461290041625, -4.555277904599638, -1.9732984892178076, -14.172561819235174, -11.774771029235128, -9.230762320378071, -9.43580076560882], "data_imag": [-4.6916876724679346e-20, 4.012122912292252e-17, 0.0, 0.0, 0.0, 0.0, 0.0, 0.0, 0.0, 0.0, 0.0, 0.0, 0.0, 0.0, 0.0, 0.0, 0.0, 0.0, 0.0, 0.0, 0.0, 0.0, 0.0, 0.0, 0.0, 0.0, 0.0, 0.0, 0.0, 0.0, 0.0, 0.0, 0.0, 0.0, 0.0, 0.0, 0.0, 0.0, 0.0, 0.0, 0.0, 0.0, 0.0, 0.0, 0.0, 0.0, 0.0, 0.0]}, {"time": 9.45, "step_sample_count": 262144, "data": [0.60207717885428, 0.6864320932247246, -2.00459064550243, 1.1071428816087936, 0.6531679273285113, 1.4352122471381414, -2.2285056101200715, 0.653150715022875, 0.08204765587699091, -1.6709883965604364, 1.252326050309255, -1.2551973967594865, -0.38171263745140444, 1.2523184486672145, 3.9335736114546678, 0.4178160976948824, 0.23880287751381746, 0.3080834565049532, 5.603797413944306, 0.23883015482237913, -0.93101001248747, 9.42089988342125, 2.0382944021599037, 2.535150886914703, 1.478495477434935, 2.0382986499436098, 0.06588657541894176, -9.796970281234625, -0.15286854352928803, 0.018924649403558723, 0.2411549061602824, -0.16871796468188774, -0.04891732685164572, 0.07554335527515493, -0.3318853528270152, -0.11195156786794842, 0.07123451147105193, 0.06588657541894176, 0.15817630331643842, 2.802440047327073, 5.291097262096518, -7.375672408483746, -4.730995579980368, -2.0394201069256397, -14.708251030273143, -12.23019824877003, -9.572568242333746, -9.796970281234625], "data_imag": [9.497758836548381e-19, 2.5834589169782093e-17, 0.0, 0.0, 0.0, 0.0, 0.0, 0.0, 0.0, 0.0, 0.0, 0.0, 0.0, 0.0, 0.0, 0.0, 0.0, 0.0, 0.0, 0.0, 0.0, 0.0, 0.0, 0.0, 0.0, 0.0, 0.0, 0.0, 0.0, 0.0, 0.0, 0.0, 0.0, 0.0, 0.0, 0.0, 0.0, 0.0, 0.0, 0.0, 0.0, 0.0, 0.0, 0.0, 0.0, 0.0, 0.0, 0.0]}, {"time": 9.799999999999999, "step_sample_count": 262144, "data": [0.5999202598317142, 0.6795993513354397, -2.1067894980202544, 1.1484566993187397, 0.6515494584557336, 1.351013045803485, -2.196322306264135, 0.6515322461631183, 0.2125251079971983, -1.8036873167886016, 1.2703540115484315, -1.5624206859693839, -0.07546410570407498, 1.2703464099062614, 3.8871239351891935, 0.7584244577416361, 0.3071639097377285, 0.1400160114053667, 6.124791273314662, 0.3071911871155573, -0.8675978002981831, 9.698357105250352, 2.0378564745837724, 2.6546672302255274, 1.542358291750297, 2.0378607221678267, 0.06396321811643665, -10.1605092083783, -0.16555442390269678, 0.009333238946078376, 0.2588817930017977, -0.18136701663781282, -0.04892665967526869, 0.08945322911024978, -0.34855404006054824, -0.10241716727380777, 0.08628550033046792, 0.06396321811643665, 0.14781335904933035, 2.9047113196322987, 5.46766029568207, -7.65638505940203, -4.904802057690974, -2.1051754484844722, -15.230335869362218, -12.678254000185841, -9.908859053331636, -10.1605092083783], "data_imag": [-8.440291770662635e-19, -1.6331803379762494e-17, 0.0, 0.0, 0.0, 0.0, 0.0, 0.0, 0.0, 0.0, 0.0, 0.0, 0.0, 0.0, 0.0, 0.0, 0.0, 0.0, 0.0, 0.0, 0.0, 0.0, 0.0, 0.0, 0.0, 0.0, 0.0, 0.0, 0.0, 0.0, 0.0, 0.0, 0.0, 0.0, 0.0, 0.0, 0.0, 0.0, 0.0, 0.0, 0.0, 0.0, 0.0, 0.0, 0.0, 0.0, 0.0, 0.0]}, {"time": 10.149999999999999, "step_sample_count": 262144, "data": [0.59755114240706, 0.6736968018976697, -2.206922208733859, 1.0577631241394874, 0.6662374888190451, 1.2371667723832804, -2.264331644173868, 0.6662202765277663, 0.26720202643202, -1.8656851774078327, 1.2796018065037367, -1.8344966407136611, 0.18820822979529603, 1.2795942049611355, 3.867570870399977, 1.0626229629914417, 0.3689678977942186, -0.04015423941253378, 6.6488137866376595, 0.3689951750701841, -0.8411177324392447, 10.033633933463017, 2.039551560357016, 2.6942968083025285, 1.7088184225569603, 2.0395558077903133, 0.05608156263164076, -10.525523099574876, -0.17229175541945235, 0.008695111049744679, 0.28236479232034195, -0.19168511037021388, -0.0462308842388426, 0.10729033232164757, -0.36473502316531864, -0.09610565769165594, 0.10143574389015392, 0.05608156263164076, 0.1350550477512366, 3.0045656612240075, 5.642827665960285, -7.9369605431472285, -5.077360355658526, -2.169155132533008, -15.749629037432365, -13.121622849145423, -10.240605511355483, -10.525523099574876], "data_imag": [2.263664657143733e-18, -2.6124658176393363e-17, 0.0, 0.0, 0.0, 0.0, 0.0, 0.0, 0.0, 0.0, 0.0, 0.0, 0.0, 0.0, 0.0, 0.0, 0.0, 0.0, 0.0, 0.0, 0.0, 0.0, 0.0, 0.0, 0.0, 0.0, 0.0, 0.0, 0.0, 0.0, 0.0, 0.0, 0.0, 0.0, 0.0, 0.0, 0.0, 0.0, 0.0, 0.0, 0.0, 0.0, 0.0, 0.0, 0.0, 0.0, 0.0, 0.0]}, {"time": 10.5, "step_sample_count": 262144, "data": [0.595216614603883, 0.6676446741425749, -2.3318437215325636, 0.8670418551694804, 0.6910808461359434, 1.1080956534926207, -2.4427656010362395, 0.6910636339286936, 0.23170896720905546, -1.8692975761056667, 1.2840662175518973, -2.050990876018033, 0.3620240536911942, 1.2840586159846927, 3.8759206338692826, 1.3075362329951856, 0.4168989304773368, -0.2621182950044951, 7.186222362535812, 0.4169262076351408, -0.8837246884143062, 10.475476696872963, 2.0420420319293977, 2.676293023821559, 1.9686101677709849, 2.042046279407516, 0.041215564111686094, -10.889650473969619, -0.1714271937216343, 0.018448438448400578, 0.31095519484866285, -0.19694535089324183, -0.04019185972276711, 0.12719993452293352, -0.3786455215299038, -0.0932872740168616, 0.11600661427190756, 0.041215564111686094, 0.12012600431277638, 3.104693190440706, 5.827690517764203, -8.220524995198009, -5.2503291926833455, -2.230721581929786, -16.27980838087844, -13.565706267504934, -10.570759873397858, -10.889650473969619], "data_imag": [2.4104238384558316e-19, -1.377335344210731e-17, 0.0, 0.0, 0.0, 0.0, 0.0, 0.0, 0.0, 0.0, 0.0, 0.0, 0.0, 0.0, 0.0, 0.0, 0.0, 0.0, 0.0, 0.0, 0.0, 0.0, 0.0, 0.0, 0.0, 0.0, 0.0, 0.0, 0.0, 0.0, 0.0, 0.0, 0.0, 0.0, 0.0, 0.0, 0.0, 0.0, 0.0, 0.0, 0.0, 0.0, 0.0, 0.0, 0.0, 0.0, 0.0, 0.0]}, {"time": 10.85, "step_sample_count": 262144, "data": [0.5931203515872887, 0.6608213427522902, -2.5066231363771787, 0.60910664610928, 0.717961817409996, 0.9910780708881649, -2.7524483563986837, 0.7179446052011889, 0.1152777759399936, -1.8470580507518306, 1.2845079051872905, -2.1988301873979013, 0.40993752672139044, 1.284500303544913, 3.8980949237497775, 1.4920957736599627, 0.4476706489807202, -0.5516620293044454, 7.749883401189623, 0.4476979261263006, -1.0259446883905292, 11.066626649963316, 2.0429796241250937, 2.6319212075058713, 2.2989366168766168, 2.0429838716887776, 0.02053148683048568, -11.24957561163765, -0.16203649667473627, 0.03713992508872497, 0.3419855521247756, -0.1949502660174845, -0.031062293447880463, 0.14564820339768958, -0.3887237933579993, -0.09340998992537455, 0.12797841692918271, 0.02053148683048568, 0.10335439537856252, 3.207782820053221, 6.032735058276811, -8.50982815841149, -5.425696901936132, -2.2904779069518857, -16.834690805042463, -14.01680377037751, -10.903170586461005, -11.24957561163765], "data_imag": [4.765607483235556e-18, -2.5407449761651144e-17, 0.0, 0.0, 0.0, 0.0, 0.0, 0.0, 0.0, 0.0, 0.0, 0.0, 0.0, 0.0, 0.0, 0.0, 0.0, 0.0, 0.0, 0.0, 0.0, 0.0, 0.0, 0.0, 0.0, 0.0, 0.0, 0.0, 0.0, 0.0, 0.0, 0.0, 0.0, 0.0, 0.0, 0.0, 0.0, 0.0, 0.0, 0.0, 0.0, 0.0, 0.0, 0.0, 0.0, 0.0, 0.0, 0.0]}, {"time": 11.2, "step_sample_count": 262144, "data": [0.5914333679191365, 0.6538493252920135, -2.748087671409622, 0.31794188906113074, 0.7394436416713933, 0.9301637860503447, -3.222106660452232, 0.7394264296230151, -0.050322022688886664, -1.8390358922937933, 1.2787790352267359, -2.2759116589137913, 0.32234970542499847, 1.2787714333697453, 3.92631902195837, 1.6269629901587868, 0.4640182944142815, -0.9262417450623092, 8.361450649889344, 0.46404557140604835, -1.2984025944693092, 11.830006909468093, 2.0421865602248928, 2.604512727776671, 2.6454995867859, 2.0421908078802544, -0.0026276569991180556, -11.6021783991498, -0.14339359829385984, 0.060059609855956916, 0.37033507609803784, -0.1840077345221329, -0.020229788085818257, 0.15740921095853172, -0.3934577777698483, -0.09498837577767665, 0.13328636850272002, -0.0026276569991180556, 0.08569127401250402, 3.3169577366119167, 6.265618515781022, -8.806292987438736, -5.604868218564111, -2.350103109359401, -17.424887594647576, -14.4812695400332, -11.241791405163337, -11.6021783991498], "data_imag": [-8.563425071477819e-19, -5.925693537208319e-17, 0.0, 0.0, 0.0, 0.0, 0.0, 0.0, 0.0, 0.0, 0.0, 0.0, 0.0, 0.0, 0.0, 0.0, 0.0, 0.0, 0.0, 0.0, 0.0, 0.0, 0.0, 0.0, 0.0, 0.0, 0.0, 0.0, 0.0, 0.0, 0.0, 0.0, 0.0, 0.0, 0.0, 0.0, 0.0, 0.0, 0.0, 0.0, 0.0, 0.0, 0.0, 0.0, 0.0, 0.0, 0.0, 0.0]}, {"time": 11.549999999999999, "step_sample_count": 262144, "data": [0.5903430616808342, 0.6482385354787537, -3.070839924296303, 0.042566382290171574, 0.7519357380141496, 0.9839382268918089, -3.8784378103879673, 0.751918526024678, -0.20848349571053726, -1.868725614068636, 1.2639866266790167, -2.3021478464743086, 0.15412090450972513, 1.26397902478795, 3.972438717997029, 1.738821127081024, 0.47362430776979614, -1.3905008466990174, 9.064068939085743, 0.47365158469025875, -1.726298294388045, 12.752165644300286, 2.043917340769351, 2.6378596043363345, 2.9238892291770204, 2.0439215884532342, -0.02355978413443762, -11.945961887656102, -0.1153131471830037, 0.0789927129126353, 0.3874568621019268, -0.1624356181365614, -0.01002094313568809, 0.15603436691391004, -0.3894827461234553, -0.09455711920074406, 0.12687747786289277, -0.02355978413443762, 0.0689915091046783, 3.435947253367745, 6.528577231046292, -9.11012124243856, -5.788054172814842, -2.410925550265122, -18.053957260739104, -14.964296170749794, -11.589711794328274, -11.945961887656102], "data_imag": [-6.954689843652949e-19, -3.764567885575748e-17, 0.0, 0.0, 0.0, 0.0, 0.0, 0.0, 0.0, 0.0, 0.0, 0.0, 0.0, 0.0, 0.0, 0.0, 0.0, 0.0, 0.0, 0.0, 0.0, 0.0, 0.0, 0.0, 0.0, 0.0, 0.0, 0.0, 0.0, 0.0, 0.0, 0.0, 0.0, 0.0, 0.0, 0.0, 0.0, 0.0, 0.0, 0.0, 0.0, 0.0, 0.0, 0.0, 0.0, 0.0, 0.0, 0.0]}, {"time": 11.899999999999999, "step_sample_count": 262144, "data": [0.5898095127696615, 0.6447250837364713, -3.4889584809388237, -0.16976129284256414, 0.7568658327812934, 1.2077687952467129, -4.74624748982173, 0.7568486195208303, -0.2849564520356417, -1.9118759866304118, 1.2392749258519131, -2.3199578528053535, 0.04930491301176432, 1.2392673250927324, 4.055971768779308, 1.9084594574148614, 0.4848539836189682, -1.934985124590478, 9.947225695048152, 0.48488126176484736, -2.2947825682575895, 13.781029580174247, 2.0564632916297194, 2.740958087724646, 3.0892114929463608, 2.0564675382134765, -0.03768799601633825, -12.281791948587724, -0.07957637114077298, 0.08413831727792492, 0.3821177633856541, -0.12878292516376716, -0.0029344774704925343, 0.1356423732031065, -0.37045992062362487, -0.08687773457571088, 0.10569186686945406, -0.03768799601633825, 0.05376441227098216, 3.5654624479087635, 6.815264707062234, -9.420948260008238, -5.974374870182398, -2.472459782668332, -18.714530047258, -15.465567981769377, -11.946480777548956, -12.281791948587724], "data_imag": [6.083445716249414e-19, 3.0281768683140858e-18, 0.0, 0.0, 0.0, 0.0, 0.0, 0.0, 0.0, 0.0, 0.0, 0.0, 0.0, 0.0, 0.0, 0.0, 0.0, 0.0, 0.0, 0.0, 0.0, 0.0, 0.0, 0.0, 0.0, 0.0, 0.0, 0.0, 0.0, 0.0, 0.0, 0.0, 0.0, 0.0, 0.0, 0.0, 0.0, 0.0, 0.0, 0.0, 0.0, 0.0, 0.0, 0.0, 0.0, 0.0, 0.0, 0.0]}, {"time": 12.25, "step_sample_count": 262144, "data": [0.589583900939892, 0.6430983731585174, -3.9858106182684954, -0.35060350453770384, 0.7588934210401834, 1.617297411024937, -5.856921117786235, 0.758876207262317, -0.23065482667901224, -1.9246945522305052, 1.2080947300842801, -2.35967102266243, 0.13352801521951807, 1.2080871266894952, 4.20568027680423, 2.2719947943623957, 0.502943461313125, -2.5546718925709353, 11.169422850562883, 0.5029707400518493, -2.9124977877927556, 14.854166393895754, 2.088681087651153, 2.8583037074658924, 3.2322858215256023, 2.088685337072824, -0.04204276262451633, -12.612698164110277, -0.039848127592044834, 0.06968989949527427, 0.3472153767975393, -0.08386314039301297, -0.0006795657854753813, 0.09431434820406935, -0.33228908156695947, -0.0689435093478932, 0.07023297795477007, -0.04204276262451633, 0.03408381361456807, 3.698739984234967, 7.111144489150975, -9.739244531576636, -6.162097811317906, -2.5311377185969053, -19.38882057241512, -15.975015034123148, -12.303282951416431, -12.612698164110277], "data_imag": [-1.082685757105773e-18, -3.908811231044134e-18, 0.0, 0.0, 0.0, 0.0, 0.0, 0.0, 0.0, 0.0, 0.0, 0.0, 0.0, 0.0, 0.0, 0.0, 0.0, 0.0, 0.0, 0.0, 0.0, 0.0, 0.0, 0.0, 0.0, 0.0, 0.0, 0.0, 0.0, 0.0, 0.0, 0.0, 0.0, 0.0, 0.0, 0.0, 0.0, 0.0, 0.0, 0.0, 0.0, 0.0, 0.0, 0.0, 0.0, 0.0, 0.0, 0.0]}, {"time": 12.6, "step_sample_count": 262144, "data": [0.5901550746770821, 0.6427131981996532, -4.199312731054343, -0.27469598201182527, 0.7662156226601449, 1.8466417769235113, -6.235322244340219, 0.7661984150011008, -0.07667554140939012, -1.9336850772471135, 1.1797052258847116, -2.4109799948583146, 0.3376208194362632, 1.1796976196580395, 4.092718882410005, 2.4875974771482254, 0.5266443047847224, -2.856605994705481, 11.642156956072988, 0.526671575917306, -3.45505770294397, 15.918206008854499, 2.1413340954080415, 2.93045848829184, 3.4920172926054693, 2.1413383483399278, -0.03624133554040165, -12.943571245042492, -0.031704061115420255, 0.03947262515882213, 0.31991230590393793, -0.06466713074000625, -0.004700223194335098, 0.06872569870606486, -0.31263608166392476, -0.04528481328819905, 0.05549565248892383, -0.03624133554040165, 0.04156470384915112, 3.825724892440598, 7.360466066218651, -10.025705775996117, -6.347606545080377, -2.6211567556678657, -20.01561357153179, -16.476880800108972, -12.68677120803429, -12.943571245042492], "data_imag": [4.009001109850019e-18, 1.388013644960232e-17, 0.0, 0.0, 0.0, 0.0, 0.0, 0.0, 0.0, 0.0, 0.0, 0.0, 0.0, 0.0, 0.0, 0.0, 0.0, 0.0, 0.0, 0.0, 0.0, 0.0, 0.0, 0.0, 0.0, 0.0, 0.0, 0.0, 0.0, 0.0, 0.0, 0.0, 0.0, 0.0, 0.0, 0.0, 0.0, 0.0, 0.0, 0.0, 0.0, 0.0, 0.0, 0.0, 0.0, 0.0, 0.0, 0.0]}, {"time": 12.95, "step_sample_count": 262144, "data": [0.5915812798758228, 0.643377573103555, -4.217547614003563, -0.12094346581908157, 0.7864310736793457, 1.9770502067403566, -6.235069693733681, 0.7864138660405308, 0.10065155522628806, -1.9644441167514222, 1.1590329256532925, -2.423681516354495, 0.5065015373739798, 1.1590253194499773, 3.8391246459642177, 2.6001501779348444, 0.5514525460561072, -2.9531868891971174, 11.651182573607187, 0.5514798171785044, -3.8621419708575675, 16.8679186642588, 2.209047753999425, 2.924575414127391, 3.860641033612647, 2.209052006976131, -0.023861282197430313, -13.278934741503848, -0.041214391217835315, 0.004371995458083379, 0.29586599551677134, -0.060730785891405875, -0.01339002769629446, 0.052212573114773356, -0.3032429128273301, -0.023035951124299684, 0.0513077441811504, -0.023861282197430313, 0.06142618956685282, 3.9419261341557688, 7.5673734469600475, -10.29148609141566, -6.529858434603045, -2.7270278791834004, -20.594570875021418, -16.96278079068506, -13.077821012613818, -13.278934741503848], "data_imag": [-1.8704581834644023e-19, -1.3657717597923701e-17, 0.0, 0.0, 0.0, 0.0, 0.0, 0.0, 0.0, 0.0, 0.0, 0.0, 0.0, 0.0, 0.0, 0.0, 0.0, 0.0, 0.0, 0.0, 0.0, 0.0, 0.0, 0.0, 0.0, 0.0, 0.0, 0.0, 0.0, 0.0, 0.0, 0.0, 0.0, 0.0, 0.0, 0.0, 0.0, 0.0, 0.0, 0.0, 0.0, 0.0, 0.0, 0.0, 0.0, 0.0, 0.0, 0.0]}, {"time": 13.299999999999999, "step_sample_count": 262144, "data": [0.5933356900746305, 0.6438457015085217, -4.179311713868146, -0.015735852716310676, 0.8175785081312306, 2.11403522015343, -6.234511973837375, 0.8175613004918307, 0.23980606002243474, -2.0225209519898852, 1.1523300057405195, -2.372430623129304, 0.5455062045930603, 1.1523223995545322, 3.612607571463629, 2.7284095033499733, 0.5728423309563458, -3.009047226475691, 11.657891096681196, 0.5728696020777243, -4.132796740361311, 17.642674429037037, 2.284510138956488, 2.8596509222186404, 4.259367354762382, 2.284514391934213, -0.009455066912940471, -13.620857739010761, -0.05138613275354671, -0.025261264139136392, 0.26644310777268, -0.05726213792679279, -0.023712557615729376, 0.03476551544698895, -0.2901754021276565, -0.007779006623165626, 0.045534308800836344, -0.009455066912940471, 0.07770504174638292, 4.048643440192504, 7.749709592744476, -10.553288078366693, -6.708801249300666, -2.830309584897945, -21.141784320067014, -17.43249506447069, -13.458552653082108, -13.620857739010761], "data_imag": [1.2022571523653118e-18, 6.594451202059259e-18, 0.0, 0.0, 0.0, 0.0, 0.0, 0.0, 0.0, 0.0, 0.0, 0.0, 0.0, 0.0, 0.0, 0.0, 0.0, 0.0, 0.0, 0.0, 0.0, 0.0, 0.0, 0.0, 0.0, 0.0, 0.0, 0.0, 0.0, 0.0, 0.0, 0.0, 0.0, 0.0, 0.0, 0.0, 0.0, 0.0, 0.0, 0.0, 0.0, 0.0, 0.0, 0.0, 0.0, 0.0, 0.0, 0.0]}, {"time": 13.649999999999999, "step_sample_count": 262144, "data": [0.5952849169965951, 0.6433086143642996, -4.115361528712828, 0.05391107994837875, 0.8547227724899952, 2.2398188409919233, -6.233637520694222, 0.8547055648409366, 0.30232179486152094, -2.0920161222542824, 1.1620948905921635, -2.2585950306498748, 0.4322733398985579, 1.1620872844009345, 3.3989755745009798, 2.8806291642421242, 0.5866562072468604, -3.028937126505794, 11.662348880908697, 0.5866834783356426, -4.292863226180718, 18.238445349446163, 2.3563305824910135, 2.7741217589524574, 4.617309054757227, 2.3563348354992977, 0.0026859827828008462, -13.969227119767975, -0.05909067361710213, -0.04359942592747069, 0.23534138438378557, -0.051734953476084394, -0.03295295458639397, 0.01827773981247527, -0.27218812555022914, -0.0010980589106877909, 0.03954329053079234, 0.0026859827828008462, 0.09204551653195044, 4.149659454448379, 7.914334564219243, -10.812328731887042, -6.884847660752126, -2.930270082900492, -21.664601716609642, -17.89023532296532, -13.830932515758716, -13.969227119767975], "data_imag": [-1.6830021966496924e-18, 6.869937071572804e-18, 0.0, 0.0, 0.0, 0.0, 0.0, 0.0, 0.0, 0.0, 0.0, 0.0, 0.0, 0.0, 0.0, 0.0, 0.0, 0.0, 0.0, 0.0, 0.0, 0.0, 0.0, 0.0, 0.0, 0.0, 0.0, 0.0, 0.0, 0.0, 0.0, 0.0, 0.0, 0.0, 0.0, 0.0, 0.0, 0.0, 0.0, 0.0, 0.0, 0.0, 0.0, 0.0, 0.0, 0.0, 0.0, 0.0]}, {"time": 14.0, "step_sample_count": 262144, "data": [0.5972969046327622, 0.6420358814691912, -4.034203544337749, 0.07877443967529037, 0.8922043404382045, 2.3369631305634138, -6.23216028445543, 0.8921871327836244, 0.2647710392151127, -2.1395401392139966, 1.1848344258130978, -2.0877425178118165, 0.18144361888965396, 1.1848268195975231, 3.1627852285294256, 3.0843655574481783, 0.5907296330265034, -3.0190349603438746, 11.66454149050157, 0.5907569041050992, -4.374411296417759, 18.679494494835275, 2.4133730140013583, 2.703429098442499, 4.887636069708845, 2.4133772669546363, 0.00959133575724032, -14.322101818556632, -0.06232388728042341, -0.04822889586390507, 0.20713310181531663, -0.04312617308004629, -0.039506220106000384, 0.004663589073101573, -0.250546983976177, -0.0026754759563356544, 0.03438424435533691, 0.00959133575724032, 0.10592393771236636, 4.248958204721828, 8.070223504306995, -11.070731030296388, -7.059194193579308, -3.027074255536531, -22.1743301411276, -18.34225822368711, -14.198782285419394, -14.322101818556632], "data_imag": [4.514142725610154e-18, 6.892274923653553e-18, 0.0, 0.0, 0.0, 0.0, 0.0, 0.0, 0.0, 0.0, 0.0, 0.0, 0.0, 0.0, 0.0, 0.0, 0.0, 0.0, 0.0, 0.0, 0.0, 0.0, 0.0, 0.0, 0.0, 0.0, 0.0, 0.0, 0.0, 0.0, 0.0, 0.0, 0.0, 0.0, 0.0, 0.0, 0.0, 0.0, 0.0, 0.0, 0.0, 0.0, 0.0, 0.0, 0.0, 0.0, 0.0, 0.0]}, {"time": 14.35, "step_sample_count": 262144, "data": [0.599019439214942, 0.6410320800399001, -3.912957061764731, 0.02073255234444288, 0.9261582324074745, 2.3907652527668266, -6.229488423754137, 0.9261410247549606, 0.11470706675188712, -2.123724103623928, 1.2115943343289965, -1.8615127475489806, -0.17739550331296494, 1.2115867281223813, 2.8784157679572275, 3.35282750334212, 0.5854474747930452, -2.99030261227223, 11.66499776852262, 0.5854747459032189, -4.413285220460322, 19.01735913659552, 2.4487576179482367, 2.686388363429938, 5.043154791694709, 2.4487618709830037, 0.010443491427330063, -14.676812936715805, -0.060203131254148466, -0.03907525034893995, 0.18680519125948145, -0.032576887595989014, -0.04299640320651096, -0.004354689899792418, -0.22948191110059885, -0.012183388912419121, 0.030159424787044267, 0.010443491427330063, 0.12075097853565925, 4.350854230040831, 8.227282696787512, -11.33142509547246, -7.233685935448259, -3.1206770471473577, -22.68392285605277, -18.7960558204799, -14.566737021808319, -14.676812936715805], "data_imag": [-2.8573543964187492e-18, 4.811705954363355e-17, 0.0, 0.0, 0.0, 0.0, 0.0, 0.0, 0.0, 0.0, 0.0, 0.0, 0.0, 0.0, 0.0, 0.0, 0.0, 0.0, 0.0, 0.0, 0.0, 0.0, 0.0, 0.0, 0.0, 0.0, 0.0, 0.0, 0.0, 0.0, 0.0, 0.0, 0.0, 0.0, 0.0, 0.0, 0.0, 0.0, 0.0, 0.0, 0.0, 0.0, 0.0, 0.0, 0.0, 0.0, 0.0, 0.0]}, {"time": 14.7, "step_sample_count": 262144, "data": [0.6002029421528973, 0.6419559464557497, -3.7113780039074253, -0.17010760556285076, 0.9559276109315943, 2.393108885320911, -6.225815378480204, 0.955910403234813, -0.13619757541325456, -2.0219628449492593, 1.230282741365724, -1.5910386142927768, -0.5990937494476374, 1.2302751351610102, 2.5584992519228, 3.652755481193013, 0.573442338237228, -2.962767720405849, 11.665143610956939, 0.5734696094482463, -4.4556632934678895, 19.332235667169925, 2.4636168011847857, 2.778303828609128, 5.0582299077981085, 2.463621054307156, 0.006931800994076227, -15.030917510420341, -0.05389885445686076, -0.01984146562034915, 0.177802040520624, -0.022782342376788726, -0.043631310792574554, -0.00813992372171772, -0.214551606822913, -0.02798136748056519, 0.026754715967721415, 0.006931800994076227, 0.13872399607106448, 4.460221278301148, 8.395948386202722, -11.597568924242605, -7.410311546539226, -3.210342281139557, -23.20650836451047, -19.259479273637382, -14.93980106740065, -15.030917510420341], "data_imag": [-9.476295309433813e-19, 3.076164683050487e-17, 0.0, 0.0, 0.0, 0.0, 0.0, 0.0, 0.0, 0.0, 0.0, 0.0, 0.0, 0.0, 0.0, 0.0, 0.0, 0.0, 0.0, 0.0, 0.0, 0.0, 0.0, 0.0, 0.0, 0.0, 0.0, 0.0, 0.0, 0.0, 0.0, 0.0, 0.0, 0.0, 0.0, 0.0, 0.0, 0.0, 0.0, 0.0, 0.0, 0.0, 0.0, 0.0, 0.0, 0.0, 0.0, 0.0]}, {"time": 15.049999999999999, "step_sample_count": 262144, "data": [0.6011848957383312, 0.6463868773389553, -3.4081832698712184, -0.517160628855712, 0.9839775552274878, 2.3441880109261963, -6.222271154563707, 0.9839603474080157, -0.4237058922734453, -1.8442860462654058, 1.2302903711140045, -1.3301956281774203, -0.9733511227765722, 1.230282764745883, 2.2589106475033938, 3.8915616624939102, 0.5574584271143339, -2.9717726319103024, 11.665608758596656, 0.5574856984526819, -4.550047946645001, 19.694931144610358, 2.4681544430909934, 3.0390246539336614, 4.891936610895669, 2.468158696344768, 0.002559058756181941, -15.382848075073348, -0.049035973825026544, 0.0002988602009580026, 0.17838358033762383, -0.017282103058371013, -0.042067393008270185, -0.006981967681485304, -0.20818306098820197, -0.04440240983372731, 0.026563269183683756, 0.002559058756181941, 0.1616803510954265, 4.580182874700083, 8.585797025260613, -11.87193688648878, -7.590054153708327, -3.2946132782325286, -23.753321629505322, -19.737356467605796, -15.321176979974656, -15.382848075073348], "data_imag": [-1.6409646026283838e-18, -1.360279052427859e-17, 0.0, 0.0, 0.0, 0.0, 0.0, 0.0, 0.0, 0.0, 0.0, 0.0, 0.0, 0.0, 0.0, 0.0, 0.0, 0.0, 0.0, 0.0, 0.0, 0.0, 0.0, 0.0, 0.0, 0.0, 0.0, 0.0, 0.0, 0.0, 0.0, 0.0, 0.0, 0.0, 0.0, 0.0, 0.0, 0.0, 0.0, 0.0, 0.0, 0.0, 0.0, 0.0, 0.0, 0.0, 0.0, 0.0]}, {"time": 15.399999999999999, "step_sample_count": 262144, "data": [0.6025730682609636, 0.6542064886309252, -3.025915264397886, -0.9821874270633315, 1.0141276724610855, 2.2589771560169694, -6.217778799959422, 1.0141104645275127, -0.6317987288133101, -1.594373490288172, 1.207685416837697, -1.1800956753487266, -1.0818653446699384, 1.207677810870721, 2.0434620314097582, 3.9517908812206537, 0.5376888018931002, -3.068342356435627, 11.665900452288636, 0.5377160732110758, -4.690613486142185, 20.135952689166196, 2.47875737158402, 3.4618197354127864, 4.588576506267296, 2.4787616247002786, 0.001094853377853702, -15.73240950954402, -0.054960805727616045, 0.009541023866803671, 0.17957219361947446, -0.019325363539131387, -0.040199281188914436, -0.0015409668555777523, -0.20565769329260825, -0.05309228762099468, 0.03489384024262957, 0.001094853377853702, 0.18455349693031853, 4.706818475301522, 8.799685643892074, -12.156937045395118, -7.772436361715729, -3.3710244454186897, -24.327444926817215, -20.22573198321018, -15.705491078299342, -15.73240950954402], "data_imag": [-1.6270805881117846e-18, 3.857448953257859e-18, 0.0, 0.0, 0.0, 0.0, 0.0, 0.0, 0.0, 0.0, 0.0, 0.0, 0.0, 0.0, 0.0, 0.0, 0.0, 0.0, 0.0, 0.0, 0.0, 0.0, 0.0, 0.0, 0.0, 0.0, 0.0, 0.0, 0.0, 0.0, 0.0, 0.0, 0.0, 0.0, 0.0, 0.0, 0.0, 0.0, 0.0, 0.0, 0.0, 0.0, 0.0, 0.0, 0.0, 0.0, 0.0, 0.0]}, {"time": 15.749999999999998, "step_sample_count": 262144, "data": [0.6044079829007044, 0.6633186704087012, -2.6207169492769027, -1.4619904176571208, 1.0484211152918728, 2.1820199962646623, -6.211732316047246, 1.0484039068486135, -0.6936523472617767, -1.2921376878174924, 1.1673206565321919, -1.1904552768270056, -0.8259267038558021, 1.167313050488985, 1.9500282890809786, 3.7505708961290605, 0.5114668275415988, -3.297649931362269, 11.667725687121575, 0.5114940985937106, -4.780835288769387, 20.68096271747212, 2.5128720437614045, 3.9276191067285935, 4.397045519848349, 2.5128762969836003, 0.005399986165425059, -16.080894619269174, -0.07291211285601876, 0.003108663177333514, 0.17267133090826903, -0.028408424532407262, -0.04031286043149864, 0.004873284294627629, -0.20126268425426314, -0.05159056828340903, 0.04968112988240715, 0.005399986165425059, 0.192481222985232, 4.827833717567961, 9.02873581984553, -12.453442323106811, -7.9563141174895575, -3.4372867733890162, -24.918627564897026, -20.710920438424058, -16.07632525108183, -16.080894619269174], "data_imag": [2.319866578417697e-18, 3.790628859793098e-17, 0.0, 0.0, 0.0, 0.0, 0.0, 0.0, 0.0, 0.0, 0.0, 0.0, 0.0, 0.0, 0.0, 0.0, 0.0, 0.0, 0.0, 0.0, 0.0, 0.0, 0.0, 0.0, 0.0, 0.0, 0.0, 0.0, 0.0, 0.0, 0.0, 0.0, 0.0, 0.0, 0.0, 0.0, 0.0, 0.0, 0.0, 0.0, 0.0, 0.0, 0.0, 0.0, 0.0, 0.0, 0.0, 0.0]}, {"time": 16.099999999999998, "step_sample_count": 262144, "data": [0.6062117130946596, 0.6713975705444418, -2.2732513764393016, -1.801216665051375, 1.0845938774457444, 2.1868223344252242, -6.207524410394803, 1.0845766689496332, -0.6569514476211621, -1.0270002604413502, 1.1223078340745292, -1.2974201916105732, -0.41044667817202307, 1.1223002282148231, 1.9736149685783628, 3.300394394987665, 0.4752516355665373, -3.652753568426144, 11.670094438663053, 0.47527890655549393, -4.748126392866771, 21.309307626711217, 2.582755759229427, 4.327414409640254, 4.484884683782462, 2.582760012720542, 0.016811851253842047, -16.430567670696995, -0.08912608975130142, -0.012404669598231164, 0.15548343505120987, -0.038298883511463995, -0.04347107455891022, 0.004873795047451904, -0.194047800543276, -0.04695985495285859, 0.05568816274679201, 0.016811851253842047, 0.17733043539906038, 4.934617480687708, 9.260322202243037, -12.75710150606168, -8.140012245784886, -3.495367274056909, -25.5117608483327, -21.1818614240306, -16.423225011220588, -16.430567670696995], "data_imag": [7.996774956788581e-20, 3.1025527333038656e-18, 0.0, 0.0, 0.0, 0.0, 0.0, 0.0, 0.0, 0.0, 0.0, 0.0, 0.0, 0.0, 0.0, 0.0, 0.0, 0.0, 0.0, 0.0, 0.0, 0.0, 0.0, 0.0, 0.0, 0.0, 0.0, 0.0, 0.0, 0.0, 0.0, 0.0, 0.0, 0.0, 0.0, 0.0, 0.0, 0.0, 0.0, 0.0, 0.0, 0.0, 0.0, 0.0, 0.0, 0.0, 0.0, 0.0]}], "random_generator": {"seed": "very_nice_seed"}, "realworld_total_calculation_time": 35902.944}