{"hamiltonian": {"U": 1.0, "E": 0.8, "J": 0.1, "phi": 1.8849555921538759, "type": "FirstOrderVariationalClassicalNetworkHamiltonian", "eta_calculation_sampler": {"system_geometry": {"type": "SquareSystemNonPeriodicState", "size": 3}, "initial_system_state": {"type": "HomogenousInitialSystemState"}, "type": "ExactSampler"}, "psi_selection": {"type": "SquareDirectionDependentAllSameFirstOrder", "number_of_psis": 12, "J": 0.1}, "random_generator": {"seed": "46954944"}, "init_sigma": 1e-05, "pseudo_inverse_cutoff": 1e-10, "effective_time_step_size": 0.017499999999999998, "number_workers": 16, "variational_step_fraction_multiplier": 20, "ue_might_change": true, "ue_variational": true}, "start_time": 0.0, "time_step": 0.35, "number_of_time_steps": 41, "sampler": {"system_geometry": {"type": "SquareSystemNonPeriodicState", "size": 3}, "initial_system_state": {"type": "HomogenousInitialSystemState"}, "type": "ExactSampler"}, "observables": [{"type": "Energy", "label": "Energy per site"}, {"type": "EnergyVariance", "label": "Energy Variance per site"}, {"type": "VCNFactor", "label": "Re-Part of VCN Parameter 0", "param_real_part": true, "param_index": 0, "can_return_value": true}, {"type": "VCNFactor", "label": "Re-Part of VCN Parameter 1", "param_real_part": true, "param_index": 1, "can_return_value": true}, {"type": "VCNFactor", "label": "Re-Part of VCN Parameter 2", "param_real_part": true, "param_index": 2, "can_return_value": true}, {"type": "VCNFactor", "label": "Re-Part of VCN Parameter 3", "param_real_part": true, "param_index": 3, "can_return_value": true}, {"type": "VCNFactor", "label": "Re-Part of VCN Parameter 4", "param_real_part": true, "param_index": 4, "can_return_value": true}, {"type": "VCNFactor", "label": "Re-Part of VCN Parameter 5", "param_real_part": true, "param_index": 5, "can_return_value": true}, {"type": "VCNFactor", "label": "Re-Part of VCN Parameter 6", "param_real_part": true, "param_index": 6, "can_return_value": true}, {"type": "VCNFactor", "label": "Re-Part of VCN Parameter 7", "param_real_part": true, "param_index": 7, "can_return_value": true}, {"type": "VCNFactor", "label": "Re-Part of VCN Parameter 8", "param_real_part": true, "param_index": 8, "can_return_value": true}, {"type": "VCNFactor", "label": "Re-Part of VCN Parameter 9", "param_real_part": true, "param_index": 9, "can_return_value": true}, {"type": "VCNFactor", "label": "Re-Part of VCN Parameter 10", "param_real_part": true, "param_index": 10, "can_return_value": true}, {"type": "VCNFactor", "label": "Re-Part of VCN Parameter 11", "param_real_part": true, "param_index": 11, "can_return_value": true}, {"type": "VCNFactor", "label": "Im-Part of VCN Parameter 0", "param_real_part": false, "param_index": 0, "can_return_value": true}, {"type": "VCNFactor", "label": "Im-Part of VCN Parameter 1", "param_real_part": false, "param_index": 1, "can_return_value": true}, {"type": "VCNFactor", "label": "Im-Part of VCN Parameter 2", "param_real_part": false, "param_index": 2, "can_return_value": true}, {"type": "VCNFactor", "label": "Im-Part of VCN Parameter 3", "param_real_part": false, "param_index": 3, "can_return_value": true}, {"type": "VCNFactor", "label": "Im-Part of VCN Parameter 4", "param_real_part": false, "param_index": 4, "can_return_value": true}, {"type": "VCNFactor", "label": "Im-Part of VCN Parameter 5", "param_real_part": false, "param_index": 5, "can_return_value": true}, {"type": "VCNFactor", "label": "Im-Part of VCN Parameter 6", "param_real_part": false, "param_index": 6, "can_return_value": true}, {"type": "VCNFactor", "label": "Im-Part of VCN Parameter 7", "param_real_part": false, "param_index": 7, "can_return_value": true}, {"type": "VCNFactor", "label": "Im-Part of VCN Parameter 8", "param_real_part": false, "param_index": 8, "can_return_value": true}, {"type": "VCNFactor", "label": "Im-Part of VCN Parameter 9", "param_real_part": false, "param_index": 9, "can_return_value": true}, {"type": "VCNFactor", "label": "Im-Part of VCN Parameter 10", "param_real_part": false, "param_index": 10, "can_return_value": true}, {"type": "VCNFactor", "label": "Im-Part of VCN Parameter 11", "param_real_part": false, "param_index": 11, "can_return_value": true}, {"type": "BaseEnergyFactor", "label": "Re-Part of BE-Factor U", "param_real_part": true, "param_index": -1, "can_return_value": true, "kind": "U"}, {"type": "BaseEnergyFactor", "label": "Im-Part of BE-Factor U", "param_real_part": false, "param_index": -1, "can_return_value": true, "kind": "U"}, {"type": "BaseEnergyFactor", "label": "Re-Part of BE-Factor eps-0", "param_real_part": true, "param_index": 0, "can_return_value": true, "kind": "eps"}, {"type": "BaseEnergyFactor", "label": "Re-Part of BE-Factor eps-1", "param_real_part": true, "param_index": 1, "can_return_value": true, "kind": "eps"}, {"type": "BaseEnergyFactor", "label": "Re-Part of BE-Factor eps-2", "param_real_part": true, "param_index": 2, "can_return_value": true, "kind": "eps"}, {"type": "BaseEnergyFactor", "label": "Re-Part of BE-Factor eps-3", "param_real_part": true, "param_index": 3, "can_return_value": true, "kind": "eps"}, {"type": "BaseEnergyFactor", "label": "Re-Part of BE-Factor eps-4", "param_real_part": true, "param_index": 4, "can_return_value": true, "kind": "eps"}, {"type": "BaseEnergyFactor", "label": "Re-Part of BE-Factor eps-5", "param_real_part": true, "param_index": 5, "can_return_value": true, "kind": "eps"}, {"type": "BaseEnergyFactor", "label": "Re-Part of BE-Factor eps-6", "param_real_part": true, "param_index": 6, "can_return_value": true, "kind": "eps"}, {"type": "BaseEnergyFactor", "label": "Re-Part of BE-Factor eps-7", "param_real_part": true, "param_index": 7, "can_return_value": true, "kind": "eps"}, {"type": "BaseEnergyFactor", "label": "Re-Part of BE-Factor eps-8", "param_real_part": true, "param_index": 8, "can_return_value": true, "kind": "eps"}, {"type": "BaseEnergyFactor", "label": "Re-Part of BE-Factor eps-9", "param_real_part": true, "param_index": 9, "can_return_value": true, "kind": "eps"}, {"type": "BaseEnergyFactor", "label": "Im-Part of BE-Factor eps-0", "param_real_part": false, "param_index": 0, "can_return_value": true, "kind": "eps"}, {"type": "BaseEnergyFactor", "label": "Im-Part of BE-Factor eps-1", "param_real_part": false, "param_index": 1, "can_return_value": true, "kind": "eps"}, {"type": "BaseEnergyFactor", "label": "Im-Part of BE-Factor eps-2", "param_real_part": false, "param_index": 2, "can_return_value": true, "kind": "eps"}, {"type": "BaseEnergyFactor", "label": "Im-Part of BE-Factor eps-3", "param_real_part": false, "param_index": 3, "can_return_value": true, "kind": "eps"}, {"type": "BaseEnergyFactor", "label": "Im-Part of BE-Factor eps-4", "param_real_part": false, "param_index": 4, "can_return_value": true, "kind": "eps"}, {"type": "BaseEnergyFactor", "label": "Im-Part of BE-Factor eps-5", "param_real_part": false, "param_index": 5, "can_return_value": true, "kind": "eps"}, {"type": "BaseEnergyFactor", "label": "Im-Part of BE-Factor eps-6", "param_real_part": false, "param_index": 6, "can_return_value": true, "kind": "eps"}, {"type": "BaseEnergyFactor", "label": "Im-Part of BE-Factor eps-7", "param_real_part": false, "param_index": 7, "can_return_value": true, "kind": "eps"}, {"type": "BaseEnergyFactor", "label": "Im-Part of BE-Factor eps-8", "param_real_part": false, "param_index": 8, "can_return_value": true, "kind": "eps"}, {"type": "BaseEnergyFactor", "label": "Im-Part of BE-Factor eps-9", "param_real_part": false, "param_index": 9, "can_return_value": true, "kind": "eps"}], "measurements": [{"time": 0.0, "step_sample_count": 262144, "data": [0.6302975318978664, 0.7962238358819762, -2.409211346512654e-05, 1.3364613742072939e-05, 1.5426940819682473e-06, -2.3095526437844924e-06, 2.9577584621232426e-06, -1.5668367408516222e-05, 1.0073359691169309e-05, -1.2604172898632618e-05, -1.1358230129747497e-05, 3.80637423358691e-06, 2.8480717089983352e-06, -1.895923534861108e-05, -1.1357545410297846e-05, 4.318272037258513e-06, -1.4618044943022195e-05, 1.2968369814907847e-06, -2.4229613465669603e-06, 1.2658790972584678e-05, -4.320935634434884e-06, -4.807979398987998e-06, -1.0283182688040512e-05, 1.5791125000597532e-06, 1.6795899010380995e-05, -6.0341603244068835e-06, -2.5990623020784137e-06, -7.778776741911498e-06, 2.105483127674879e-05, 1.1085069673905734e-05, -9.132533945527703e-06, -1.2101228867378676e-06, 7.2706396032623796e-06, -5.612770751019133e-06, -2.3901402852107364e-06, -7.7877375531777e-06, 4.464171819755137e-06, -2.5990623020784137e-06, 8.1977527658682e-06, 7.306985025359501e-06, -2.4020509079370578e-05, 3.2547815350467166e-06, -3.2636991717419135e-06, 9.407228796969372e-06, -2.352694576968018e-05, -1.1297768656752587e-05, 5.246858986378391e-06, -7.778776741911498e-06], "data_imag": [5.624747451204452e-23, 2.5776157899700788e-21, 0.0, 0.0, 0.0, 0.0, 0.0, 0.0, 0.0, 0.0, 0.0, 0.0, 0.0, 0.0, 0.0, 0.0, 0.0, 0.0, 0.0, 0.0, 0.0, 0.0, 0.0, 0.0, 0.0, 0.0, 0.0, 0.0, 0.0, 0.0, 0.0, 0.0, 0.0, 0.0, 0.0, 0.0, 0.0, 0.0, 0.0, 0.0, 0.0, 0.0, 0.0, 0.0, 0.0, 0.0, 0.0, 0.0]}, {"time": 0.35, "step_sample_count": 262144, "data": [0.6302685085952944, 0.7957401936209373, 0.008554447739252083, -0.049123321403030044, 0.07526734973117065, 0.008932320722242195, -0.048649209867692784, 0.075250138662908, 0.009273823696345435, -0.047314517014168715, 0.07439271418464732, 0.008181038276284653, -0.04878665250931216, 0.0743851131927281, 0.3355256602852372, 0.3345477349281253, 0.3330476801504936, 0.35787418611636934, 0.36348589056177466, 0.3330749577035276, 0.377709729928235, 0.3900999401942178, 0.3298522115374579, 0.30890170313337456, 0.301111879459805, 0.32985646101616967, 0.0038516837777898606, -0.3516782908913934, 0.0004012911877395146, 0.0017918681802148203, 0.003170854838606365, -0.003911090550282832, -0.002504415585727038, -0.001113089406319723, -0.008204441663394983, -0.006807657001453445, -0.00539366982608847, 0.0038516837777898606, -0.001492513539262559, 0.08406341875710437, 0.16939108524217056, -0.2645340228441058, -0.1790533052853324, -0.09354968401137062, -0.5275361557730137, -0.4421649366749679, -0.3565938922960187, -0.3516782908913934], "data_imag": [1.8971157133384726e-18, 3.880875551121186e-17, 0.0, 0.0, 0.0, 0.0, 0.0, 0.0, 0.0, 0.0, 0.0, 0.0, 0.0, 0.0, 0.0, 0.0, 0.0, 0.0, 0.0, 0.0, 0.0, 0.0, 0.0, 0.0, 0.0, 0.0, 0.0, 0.0, 0.0, 0.0, 0.0, 0.0, 0.0, 0.0, 0.0, 0.0, 0.0, 0.0, 0.0, 0.0, 0.0, 0.0, 0.0, 0.0, 0.0, 0.0, 0.0, 0.0]}, {"time": 0.7, "step_sample_count": 262144, "data": [0.6296299390134156, 0.79383879621408, 0.031388648361836594, -0.20985315281465666, 0.2694898342431021, 0.03194100683627399, -0.20705472693925286, 0.2694726231791838, 0.031642851346313706, -0.18995014071725896, 0.25699275570499486, 0.029871925438405493, -0.19823060914115082, 0.25698515476849315, 0.6618247913834406, 0.65097108722133, 0.5728260047489399, 0.6854088304686415, 0.7307965667616242, 0.5728532819108186, 0.6835929303296753, 0.7841662973271964, 0.5511086707018911, 0.608837767610453, 0.5407744343571729, 0.5511129197568511, 0.013391647311872631, -0.7127092681200496, 0.002479639255052393, 0.00800244675819725, 0.01357722856837396, -0.014327731968847597, -0.008780599297104766, -0.003203279971807583, -0.03109694957367087, -0.025525542643144605, -0.019952709636242405, 0.013391647311872631, 0.0037894177180784975, 0.1768352224611948, 0.34826783576609344, -0.5264941192126718, -0.3539970387428082, -0.18147037978283384, -1.0562953418115282, -0.8848194663917875, -0.7117590798109587, -0.7127092681200496], "data_imag": [2.437551334194865e-18, -1.8553486267840057e-17, 0.0, 0.0, 0.0, 0.0, 0.0, 0.0, 0.0, 0.0, 0.0, 0.0, 0.0, 0.0, 0.0, 0.0, 0.0, 0.0, 0.0, 0.0, 0.0, 0.0, 0.0, 0.0, 0.0, 0.0, 0.0, 0.0, 0.0, 0.0, 0.0, 0.0, 0.0, 0.0, 0.0, 0.0, 0.0, 0.0, 0.0, 0.0, 0.0, 0.0, 0.0, 0.0, 0.0, 0.0, 0.0, 0.0]}, {"time": 1.0499999999999998, "step_sample_count": 262144, "data": [0.6287227215664795, 0.7910181448089639, 0.057157701682695836, -0.49963122196833926, 0.4971611641934543, 0.057549179207258216, -0.49280186595489633, 0.49714395316318444, 0.05315955219734424, -0.4107741358948448, 0.44542381098152023, 0.04946907942080866, -0.42814933039774344, 0.44541621005538157, 0.9808437919462796, 0.9171187318598796, 0.6881732834957163, 0.9595338093215653, 1.0957005116250964, 0.6882005605924023, 0.8568762539473272, 1.1748155620614351, 0.6336850857331081, 0.903310528324578, 0.6449672770108926, 0.6336893344295091, 0.021920206609096524, -1.0852180535326963, 0.008494456962567037, 0.02024789940933453, 0.03248980098178988, -0.026775680824576237, -0.014896182224817263, -0.002761420551456889, -0.06191342618070235, -0.049775409511356346, -0.037856256480037855, 0.021920206609096524, 0.019294769642881602, 0.28368552446638146, 0.5429518846909215, -0.7863868034025074, -0.5237887325548116, -0.26110571303986263, -1.5905065795121842, -1.3312138115491017, -1.0667836375110484, -1.0852180535326963], "data_imag": [-2.70514424939919e-18, -1.132042931776419e-16, 0.0, 0.0, 0.0, 0.0, 0.0, 0.0, 0.0, 0.0, 0.0, 0.0, 0.0, 0.0, 0.0, 0.0, 0.0, 0.0, 0.0, 0.0, 0.0, 0.0, 0.0, 0.0, 0.0, 0.0, 0.0, 0.0, 0.0, 0.0, 0.0, 0.0, 0.0, 0.0, 0.0, 0.0, 0.0, 0.0, 0.0, 0.0, 0.0, 0.0, 0.0, 0.0, 0.0, 0.0, 0.0, 0.0]}, {"time": 1.4, "step_sample_count": 262144, "data": [0.627449977708842, 0.7868560719592744, 0.0714995056933133, -0.923497858337804, 0.6966011224919196, 0.08126707727411216, -0.9212609559770697, 0.696583911670557, 0.07589968401454654, -0.6673760818059059, 0.567738779769576, 0.033198396553681384, -0.6580702991446862, 0.5677311788427526, 1.315172073821048, 1.0783463432330584, 0.7123001686006408, 1.1711535631940755, 1.4362170844141524, 0.7123274458440103, 0.8654985347233622, 1.541300938105146, 0.6262342708689757, 1.209850289516976, 0.5416689346362735, 0.6262385195653766, 0.024211215308515104, -1.461481403767063, 0.018661003913584374, 0.03759228290142373, 0.05860656664576711, -0.03746649691023227, -0.01792436241990259, 0.0024375909545876666, -0.09331699505839526, -0.07263531817267342, -0.05326345852538874, 0.024211215308515104, 0.04267951027840145, 0.40423977958253027, 0.7543538821276905, -1.0492471147298932, -0.6918749285765705, -0.33421442365214943, -2.1378738735767904, -1.7878360126981045, -1.4261155232705052, -1.461481403767063], "data_imag": [-7.996682040490443e-18, 9.004410623744552e-17, 0.0, 0.0, 0.0, 0.0, 0.0, 0.0, 0.0, 0.0, 0.0, 0.0, 0.0, 0.0, 0.0, 0.0, 0.0, 0.0, 0.0, 0.0, 0.0, 0.0, 0.0, 0.0, 0.0, 0.0, 0.0, 0.0, 0.0, 0.0, 0.0, 0.0, 0.0, 0.0, 0.0, 0.0, 0.0, 0.0, 0.0, 0.0, 0.0, 0.0, 0.0, 0.0, 0.0, 0.0, 0.0, 0.0]}, {"time": 1.75, "step_sample_count": 262144, "data": [0.6254428089416658, 0.7802244497069095, 0.056272540249710755, -1.441107782792841, 0.8524514786583223, 0.12261545329134259, -1.4908300223523385, 0.8524342676726533, 0.13762116423253382, -0.885275814285709, 0.6089600448892728, -0.0682710603249491, -0.7231493640511183, 0.6089524441811491, 1.6969306430415947, 1.057906379487174, 0.6885931494797202, 1.314440583438245, 1.7145427222335141, 0.688620426494916, 0.7237282332877538, 1.8769258966845745, 0.5932340677563697, 1.5252560656893863, 0.24225893316137517, 0.5932383165505596, 0.02167085998095159, -1.8324898916975847, 0.028797368772538478, 0.053633642090454514, 0.08422703870372157, -0.045093832377254194, -0.018459195568320125, 0.009876836541712359, -0.11889508822599291, -0.08899488693002253, -0.06323029665852531, 0.02167085998095159, 0.0669948071311298, 0.5335479435928203, 0.9788786145012289, -1.320841429537919, -0.8624038951998129, -0.40327758295984717, -2.703060971135309, -2.2581024014564224, -1.7911026714031457, -1.8324898916975847], "data_imag": [2.6987450941227033e-18, -1.296315427035378e-17, 0.0, 0.0, 0.0, 0.0, 0.0, 0.0, 0.0, 0.0, 0.0, 0.0, 0.0, 0.0, 0.0, 0.0, 0.0, 0.0, 0.0, 0.0, 0.0, 0.0, 0.0, 0.0, 0.0, 0.0, 0.0, 0.0, 0.0, 0.0, 0.0, 0.0, 0.0, 0.0, 0.0, 0.0, 0.0, 0.0, 0.0, 0.0, 0.0, 0.0, 0.0, 0.0, 0.0, 0.0, 0.0, 0.0]}, {"time": 2.0999999999999996, "step_sample_count": 262144, "data": [0.6227782164950435, 0.7708728910738537, -0.028409600315935642, -1.9224128040870974, 0.9701450124481173, 0.23467506191677176, -2.167124845955369, 0.9701278010304396, 0.27404497003560835, -1.0006819934553752, 0.5853176768540407, -0.2830925013356384, -0.4932201787181215, 0.5853100760459062, 2.1394416158934826, 0.786401675091399, 0.6398025973851412, 1.3842342452058618, 1.87997139117279, 0.6398298742699522, 0.5075998191181014, 2.2217235816702527, 0.5786198142721912, 1.7892066061081224, -0.07242078273278746, 0.5786240630337846, 0.019111215006427026, -2.1951396371276837, 0.03674487709924867, 0.06169677280129755, 0.09841441434349443, -0.047299991669451404, -0.018754490006568085, 0.01243697140838036, -0.1325925746494541, -0.09701392217822426, -0.07041458178928153, 0.019111215006427026, 0.08302016949747457, 0.6628523888960984, 1.207977351526571, -1.6029852533043016, -1.036777498194705, -0.4693018366370165, -3.280320606405765, -2.736106705195713, -2.155394650594621, -2.1951396371276837], "data_imag": [-3.0742763500632702e-18, -5.374294294190311e-19, 0.0, 0.0, 0.0, 0.0, 0.0, 0.0, 0.0, 0.0, 0.0, 0.0, 0.0, 0.0, 0.0, 0.0, 0.0, 0.0, 0.0, 0.0, 0.0, 0.0, 0.0, 0.0, 0.0, 0.0, 0.0, 0.0, 0.0, 0.0, 0.0, 0.0, 0.0, 0.0, 0.0, 0.0, 0.0, 0.0, 0.0, 0.0, 0.0, 0.0, 0.0, 0.0, 0.0, 0.0, 0.0, 0.0]}, {"time": 2.4499999999999997, "step_sample_count": 262144, "data": [0.6200866511275142, 0.7601844887627874, -0.2425699047823104, -2.166498152631261, 1.054545417719548, 0.4871838285974431, -2.882928663692764, 1.0545282063611296, 0.4578601431558597, -1.023411135684132, 0.5218325723311469, -0.5718838811883064, -0.04606828813005222, 0.5218249717626285, 2.59063977548245, 0.3156662108300201, 0.5719014089915522, 1.4140864092757508, 1.8956636085018417, 0.5719286859089594, 0.30723802727827815, 2.623203956432576, 0.6058551600695716, 1.928192993549523, -0.18585347407742955, 0.6058594089859973, 0.01995300261320431, -2.5514777485448197, 0.0492154238413915, 0.0624181347335863, 0.09499003914870449, -0.03901681843432208, -0.0204018673867015, 0.0015792493880432221, -0.131727321670824, -0.10077376632979909, -0.085007657683961, 0.01995300261320431, 0.08827123580035517, 0.7838501679924584, 1.4287632515046438, -1.889831919522782, -1.2139694029782455, -0.5361247425936676, -3.8546331288549465, -3.2113540653883015, -2.514448889042191, -2.5514777485448197], "data_imag": [7.276427549781114e-19, 9.358254560180817e-18, 0.0, 0.0, 0.0, 0.0, 0.0, 0.0, 0.0, 0.0, 0.0, 0.0, 0.0, 0.0, 0.0, 0.0, 0.0, 0.0, 0.0, 0.0, 0.0, 0.0, 0.0, 0.0, 0.0, 0.0, 0.0, 0.0, 0.0, 0.0, 0.0, 0.0, 0.0, 0.0, 0.0, 0.0, 0.0, 0.0, 0.0, 0.0, 0.0, 0.0, 0.0, 0.0, 0.0, 0.0, 0.0, 0.0]}, {"time": 2.8, "step_sample_count": 262144, "data": [0.6180311593241351, 0.7509696573140071, -0.5877157250809922, -2.1183753516378516, 1.1051371663186471, 0.8841186897956232, -3.5892542562232954, 1.105119955100459, 0.6236615682366373, -1.0057123678517914, 0.4458063563956141, -0.8620485620715397, 0.4248626341214463, 0.4457987564075784, 2.9283781561241273, -0.14691367169529487, 0.48688449492096797, 1.4921831633237703, 1.7519427790149948, 0.4869117720991459, 0.15727362258307648, 3.0753246891872776, 0.6852736640026921, 1.9212449491650425, -0.046640126271067124, 0.6852779137910687, 0.024722426973831382, -2.9054020898804787, 0.07175768095993823, 0.061295725919876816, 0.07797525015196134, -0.01953739932557047, -0.023657332491252424, -0.024064992176531706, -0.12092597306872264, -0.10631437259350635, -0.11320285354286733, 0.024722426973831382, 0.09353602701158494, 0.8943213826427736, 1.6291520127611163, -2.1688390472949832, -1.3921569859699137, -0.6126890726976056, -4.410133964847225, -3.677745391707145, -2.875342202134721, -2.9054020898804787], "data_imag": [3.09702390634416e-18, -1.1184752078230631e-17, 0.0, 0.0, 0.0, 0.0, 0.0, 0.0, 0.0, 0.0, 0.0, 0.0, 0.0, 0.0, 0.0, 0.0, 0.0, 0.0, 0.0, 0.0, 0.0, 0.0, 0.0, 0.0, 0.0, 0.0, 0.0, 0.0, 0.0, 0.0, 0.0, 0.0, 0.0, 0.0, 0.0, 0.0, 0.0, 0.0, 0.0, 0.0, 0.0, 0.0, 0.0, 0.0, 0.0, 0.0, 0.0, 0.0]}, {"time": 3.15, "step_sample_count": 262144, "data": [0.6167183725269305, 0.7458572342702802, -0.9756539594238874, -1.9362338793396086, 1.1188397673054375, 1.3339158874775061, -4.259943168861343, 1.1188225566587362, 0.7219566965205332, -0.9812724591862126, 0.3861598026607881, -1.0962971349885278, 0.7772271667538356, 0.38615220254413574, 3.0740084555218727, -0.49312032397822114, 0.392379297517481, 1.6745709508325488, 1.4180968184798848, 0.39240657533128676, 0.03994145498442479, 3.5409966063012193, 0.8155042633860502, 1.7935712218468636, 0.2637542952735573, 0.8155085131988739, 0.031780443895611465, -3.260250706983896, 0.10028606859978804, 0.06288923014194395, 0.05882705704186257, 0.004550756287828942, -0.027652379425739188, -0.056239429316065126, -0.10998664567253505, -0.11640039614070281, -0.14927322837056142, 0.031780443895611465, 0.11034247952805133, 0.9970718376866344, 1.8062194615047356, -2.4317906574491066, -1.5698405383786207, -0.7042817480411687, -4.94103392814173, -4.13507388492683, -3.2466799422294716, -3.260250706983896], "data_imag": [-1.8839165804929555e-19, 1.6730581931972853e-17, 0.0, 0.0, 0.0, 0.0, 0.0, 0.0, 0.0, 0.0, 0.0, 0.0, 0.0, 0.0, 0.0, 0.0, 0.0, 0.0, 0.0, 0.0, 0.0, 0.0, 0.0, 0.0, 0.0, 0.0, 0.0, 0.0, 0.0, 0.0, 0.0, 0.0, 0.0, 0.0, 0.0, 0.0, 0.0, 0.0, 0.0, 0.0, 0.0, 0.0, 0.0, 0.0, 0.0, 0.0, 0.0, 0.0]}, {"time": 3.5, "step_sample_count": 262144, "data": [0.6158712565072393, 0.7450077765620909, -1.3309928906946182, -1.7343768444937462, 1.0951274514769895, 1.7413748734583616, -4.8344469331989774, 1.0951102396232966, 0.7358727227738974, -0.9612630126451094, 0.36930281886939503, -1.2415249214473505, 0.9496863413080405, 0.3692952189946239, 3.037099784122295, -0.778091991343392, 0.3045476610364939, 1.9593376254424042, 0.8508442647971106, 0.3045749374649574, -0.08169965257338231, 3.994549642347434, 0.9810917765080591, 1.5933504105915877, 0.6320567711650991, 0.981096026687591, 0.03872540241048532, -3.6174411996283355, 0.129088814594497, 0.06922637103330088, 0.04611285070030677, 0.027504081260813322, -0.031097301543877093, -0.08658282063919656, -0.10485943643926038, -0.13035547195669142, -0.18496049643569756, 0.03872540241048532, 0.1426208168611699, 1.0966559031621352, 1.9651833465594264, -2.678556219294493, -1.7463844089800746, -0.809906038616966, -5.451884065975934, -4.586968385289515, -3.631411605396949, -3.6174411996283355], "data_imag": [-1.0760444933772157e-18, 7.157212641294348e-18, 0.0, 0.0, 0.0, 0.0, 0.0, 0.0, 0.0, 0.0, 0.0, 0.0, 0.0, 0.0, 0.0, 0.0, 0.0, 0.0, 0.0, 0.0, 0.0, 0.0, 0.0, 0.0, 0.0, 0.0, 0.0, 0.0, 0.0, 0.0, 0.0, 0.0, 0.0, 0.0, 0.0, 0.0, 0.0, 0.0, 0.0, 0.0, 0.0, 0.0, 0.0, 0.0, 0.0, 0.0, 0.0, 0.0]}, {"time": 3.8499999999999996, "step_sample_count": 262144, "data": [0.6151751095043337, 0.745194690832375, -1.5690890306098924, -1.4478852107637041, 1.0422553909419767, 1.9845450668369404, -5.035170506920142, 1.0422381798418008, 0.6758277524156159, -0.9577014270429058, 0.40825817061269276, -1.2941117931293413, 0.9375640877541256, 0.4082505696979004, 3.0039818330071673, -0.9029063634549693, 0.2460809304064687, 2.1841139775799645, 0.5088802153063491, 0.24610820817138, -0.23949423898645658, 4.41630488060548, 1.1547086463336964, 1.3602740660482184, 0.9645203384301757, 1.1547128947693261, 0.0438131272758664, -3.975797794399948, 0.14819395368501423, 0.08006439493205433, 0.04983694066713458, 0.039604846726831226, -0.033311923670626915, -0.10375159720807971, -0.11378137307286819, -0.14626447708989349, -0.20871970855874766, 0.0438131272758664, 0.17469156545412962, 1.196845081212631, 2.1276266954004703, -2.927933262755921, -1.9226874118301107, -0.9124943785014988, -5.966434737115084, -5.03918450048121, -4.01567583362246, -3.975797794399948], "data_imag": [5.378755513970872e-19, 7.941303629529797e-19, 0.0, 0.0, 0.0, 0.0, 0.0, 0.0, 0.0, 0.0, 0.0, 0.0, 0.0, 0.0, 0.0, 0.0, 0.0, 0.0, 0.0, 0.0, 0.0, 0.0, 0.0, 0.0, 0.0, 0.0, 0.0, 0.0, 0.0, 0.0, 0.0, 0.0, 0.0, 0.0, 0.0, 0.0, 0.0, 0.0, 0.0, 0.0, 0.0, 0.0, 0.0, 0.0, 0.0, 0.0, 0.0, 0.0]}, {"time": 4.199999999999999, "step_sample_count": 262144, "data": [0.6145539174212086, 0.743120016155654, -1.7669134734019845, -1.1267051059842366, 0.9756038592608296, 2.10773917486269, -5.036564836354558, 0.9755866481932026, 0.570600835353344, -0.9744126764074824, 0.4924071558555784, -1.2583702069424014, 0.7712657392311768, 0.49239955491440707, 3.0220251611070506, -0.8395642201368191, 0.22517569106189417, 2.314334362459468, 0.505490247682251, 0.22520296874531479, -0.4463013134424666, 4.79584322372934, 1.3067322086942517, 1.1370492260318819, 1.193609617639905, 1.306736456999496, 0.04598693059177858, -4.334039025563213, 0.16225473137135513, 0.093481869587217, 0.06305693634552653, 0.045723385864433634, -0.03391958631820729, -0.11171733789227503, -0.12871931007735685, -0.16124257175924678, -0.22429138578772273, 0.04598693059177858, 0.20244824273919923, 1.2996415440131004, 2.301516529024595, -3.18521014792257, -2.099310887058082, -1.0079868664622267, -6.493917219650499, -5.494976760884898, -4.396626409968246, -4.334039025563213], "data_imag": [1.2636964026880948e-18, 8.063520690533875e-18, 0.0, 0.0, 0.0, 0.0, 0.0, 0.0, 0.0, 0.0, 0.0, 0.0, 0.0, 0.0, 0.0, 0.0, 0.0, 0.0, 0.0, 0.0, 0.0, 0.0, 0.0, 0.0, 0.0, 0.0, 0.0, 0.0, 0.0, 0.0, 0.0, 0.0, 0.0, 0.0, 0.0, 0.0, 0.0, 0.0, 0.0, 0.0, 0.0, 0.0, 0.0, 0.0, 0.0, 0.0, 0.0, 0.0]}, {"time": 4.55, "step_sample_count": 262144, "data": [0.6140083063216807, 0.7374679987176764, -1.9837572242308592, -0.8486575324729684, 0.9108980493390249, 2.1704447498862165, -5.038300617052218, 0.9108808382996498, 0.455829061490379, -1.0032551741287155, 0.5966318448412167, -1.1528709144303215, 0.5146115163908436, 0.5966242439499265, 2.9796367604376077, -0.6955287899843843, 0.2352153210679616, 2.4648231114441117, 0.500834230862379, 0.23524259871878592, -0.6963210204865875, 5.119933162949915, 1.416822479828647, 0.9630732354624295, 1.2720604979629757, 1.4168267281746367, 0.04603053075148079, -4.69178450458257, 0.1741371230596306, 0.10629741867649642, 0.07741759024028771, 0.04950140092803142, -0.0334315730256029, -0.11506070149056336, -0.14214903438596316, -0.17303393760127037, -0.2354182883407605, 0.04603053075148079, 0.23633498390438734, 1.405513566020925, 2.4781526966408296, -3.4400021581368656, -2.276378058217805, -1.106975681195101, -7.025411264564642, -5.954851562842819, -4.784816054901403, -4.69178450458257], "data_imag": [-3.763244297828881e-19, 2.0828978793370072e-17, 0.0, 0.0, 0.0, 0.0, 0.0, 0.0, 0.0, 0.0, 0.0, 0.0, 0.0, 0.0, 0.0, 0.0, 0.0, 0.0, 0.0, 0.0, 0.0, 0.0, 0.0, 0.0, 0.0, 0.0, 0.0, 0.0, 0.0, 0.0, 0.0, 0.0, 0.0, 0.0, 0.0, 0.0, 0.0, 0.0, 0.0, 0.0, 0.0, 0.0, 0.0, 0.0, 0.0, 0.0, 0.0, 0.0]}, {"time": 4.8999999999999995, "step_sample_count": 262144, "data": [0.6133401398587661, 0.7288665553524311, -2.18870005956719, -0.6450264322316216, 0.8630799820110383, 2.1731405079601416, -5.0400935409739285, 0.8630627709966914, 0.36634059995727325, -1.0179524705515808, 0.6927090464146493, -1.0114401550494807, 0.26424923569700537, 0.6927014454340453, 2.8905289916912826, -0.485180688457187, 0.26464134658454785, 2.636304025481786, 0.4944460381377079, 0.2646686244065027, -0.9751184276764372, 5.376050571580587, 1.4811994782431657, 0.8478680138334265, 1.192690768702178, 1.4812037266869442, 0.04593610785090601, -5.049286564824102, 0.17831312754074127, 0.11454690129667645, 0.09069881226540023, 0.047713857364900136, -0.03284441873356703, -0.11252154681859339, -0.15398435437569608, -0.1798280134906141, -0.23853981622162165, 0.04593610785090601, 0.27404969011143077, 1.5144013579187938, 2.6582865937698106, -3.6940329741045734, -2.454104869434076, -1.2077452345938147, -7.561099882554878, -6.418530892731072, -5.177661231279435, -5.049286564824102], "data_imag": [-8.06253037117543e-19, -2.8483623391520377e-17, 0.0, 0.0, 0.0, 0.0, 0.0, 0.0, 0.0, 0.0, 0.0, 0.0, 0.0, 0.0, 0.0, 0.0, 0.0, 0.0, 0.0, 0.0, 0.0, 0.0, 0.0, 0.0, 0.0, 0.0, 0.0, 0.0, 0.0, 0.0, 0.0, 0.0, 0.0, 0.0, 0.0, 0.0, 0.0, 0.0, 0.0, 0.0, 0.0, 0.0, 0.0, 0.0, 0.0, 0.0, 0.0, 0.0]}, {"time": 5.25, "step_sample_count": 262144, "data": [0.612419700526066, 0.7195543330507463, -2.347259555488624, -0.5393580476465063, 0.8401222272913574, 2.125764130357691, -5.040344427787919, 0.8401050162878487, 0.3272913490388538, -0.9851714736672978, 0.7605721996002441, -0.86919569965653, 0.11536211853693011, 0.7605645986563516, 2.7857786351544593, -0.24958731234641357, 0.29942800679128484, 2.819447313797991, 0.4867033791599036, 0.2994552847354757, -1.2567160585120407, 5.581825024979939, 1.5108731114623744, 0.782090249347743, 1.0102963899464708, 1.51087735984096, 0.04742882157310969, -5.407627906495869, 0.17007620646060154, 0.11480814589957758, 0.10059114896510109, 0.03915299588963068, -0.032827645816302965, -0.1043541018526669, -0.16371856228653103, -0.17996789583005318, -0.2304931436337133, 0.04742882157310969, 0.3112414587300806, 1.6248812126477037, 2.8404847335568792, -3.949018488878443, -2.6320888182206454, -1.3074478790348, -8.09813048268264, -6.883376432882653, -5.5694049870129145, -5.407627906495869], "data_imag": [2.740966441507425e-18, -6.846144004511247e-18, 0.0, 0.0, 0.0, 0.0, 0.0, 0.0, 0.0, 0.0, 0.0, 0.0, 0.0, 0.0, 0.0, 0.0, 0.0, 0.0, 0.0, 0.0, 0.0, 0.0, 0.0, 0.0, 0.0, 0.0, 0.0, 0.0, 0.0, 0.0, 0.0, 0.0, 0.0, 0.0, 0.0, 0.0, 0.0, 0.0, 0.0, 0.0, 0.0, 0.0, 0.0, 0.0, 0.0, 0.0, 0.0, 0.0]}, {"time": 5.6, "step_sample_count": 262144, "data": [0.6113424325606762, 0.711955190964595, -2.428561281265018, -0.5241367112840858, 0.8428158614785506, 2.037565882591189, -5.00948679966277, 0.8427986508889633, 0.3416164986821271, -0.8932727650340497, 0.7939955491457211, -0.751140647183794, 0.10800480926419637, 0.7939879490317734, 2.6977683869188, -0.042051423388622514, 0.3262491686188231, 2.99483186625699, 0.4770027733645887, 0.3262764465467159, -1.5033889482734348, 5.780849240225673, 1.5248143374714214, 0.7461393006388192, 0.8286321918275101, 1.5248185857033232, 0.051192729891875524, -5.768270941316547, 0.14716625973877223, 0.1060760041588023, 0.10672763392554407, 0.023287281654123526, -0.033707940642463734, -0.09075486914861117, -0.17187816606367845, -0.17330162552092238, -0.20976657459954173, 0.051192729891875524, 0.34262096147577503, 1.7337072498634707, 3.0218645834926443, -4.205963214120655, -2.809367308806678, -1.4031563819296493, -8.631840542136667, -7.344382145116545, -5.952768546133833, -5.768270941316547], "data_imag": [-4.836565680689229e-19, -7.779663619801981e-17, 0.0, 0.0, 0.0, 0.0, 0.0, 0.0, 0.0, 0.0, 0.0, 0.0, 0.0, 0.0, 0.0, 0.0, 0.0, 0.0, 0.0, 0.0, 0.0, 0.0, 0.0, 0.0, 0.0, 0.0, 0.0, 0.0, 0.0, 0.0, 0.0, 0.0, 0.0, 0.0, 0.0, 0.0, 0.0, 0.0, 0.0, 0.0, 0.0, 0.0, 0.0, 0.0, 0.0, 0.0, 0.0, 0.0]}, {"time": 5.949999999999999, "step_sample_count": 262144, "data": [0.6103678401930566, 0.7067718698124495, -2.2906499842437698, -0.4391363765659086, 0.8680792563559742, 1.7938573828654507, -4.522745916865556, 0.8680620449427351, 0.38119159311854245, -0.7706811772299278, 0.8021488348344887, -0.6721377453398726, 0.19907830024405854, 0.802141234029365, 2.685526115121069, 0.12735374383526313, 0.3348467232589692, 3.0973725206946057, 0.5825766782514306, 0.3348740007957064, -1.6777940359903125, 6.012083974499424, 1.543417300853567, 0.7215067249930092, 0.7448716803842583, 1.5434215492321521, 0.05757513571044881, -6.132321441637284, 0.09785939056215971, 0.09056910790953981, 0.12408674354038847, -0.013302721704513337, -0.03622777727369205, -0.05948363988938076, -0.19450267820107284, -0.16309036169365182, -0.16571095805158706, 0.05757513571044881, 0.35994385845668847, 1.8372502196130123, 3.2043411589359323, -4.469839317390525, -2.9851362554656142, -1.4884280062042596, -9.163001189758976, -7.7967042057238025, -6.318170742535097, -6.132321441637284], "data_imag": [-2.0416681431306263e-18, 1.0913813203453928e-16, 0.0, 0.0, 0.0, 0.0, 0.0, 0.0, 0.0, 0.0, 0.0, 0.0, 0.0, 0.0, 0.0, 0.0, 0.0, 0.0, 0.0, 0.0, 0.0, 0.0, 0.0, 0.0, 0.0, 0.0, 0.0, 0.0, 0.0, 0.0, 0.0, 0.0, 0.0, 0.0, 0.0, 0.0, 0.0, 0.0, 0.0, 0.0, 0.0, 0.0, 0.0, 0.0, 0.0, 0.0, 0.0, 0.0]}, {"time": 6.3, "step_sample_count": 262144, "data": [0.6098472901840761, 0.7059835852911462, -2.1354421043041123, -0.4623147271871875, 0.902588546569624, 1.6167036533148234, -4.1953583533115735, 0.9025713355854115, 0.4103006575814636, -0.6412018861898192, 0.7977692201166878, -0.6146200969983792, 0.30998256221692155, 0.7977616194027992, 2.786413451269949, 0.25481958464617294, 0.3190677814057645, 3.066669853872716, 0.9002173970691413, 0.3190950594558932, -1.757313499337118, 6.290729966975218, 1.5822934082363875, 0.7040256410561365, 0.8016722041768846, 1.5822976565497804, 0.06474923069757255, -6.500174134050427, 0.04753579075672511, 0.07215088995802928, 0.1338827082134483, -0.047420686240218925, -0.039429063182872606, -0.03188294516837398, -0.21084248826762297, -0.15122598999401551, -0.12184582002361206, 0.06474923069757255, 0.35787909734238194, 1.933613712813637, 3.3920166363949122, -4.74518582542014, -3.159171260271679, -1.558323679942179, -9.695592324607167, -8.238276350206435, -6.660104135561217, -6.500174134050427], "data_imag": [-4.7269156179894326e-18, 5.346092025765156e-17, 0.0, 0.0, 0.0, 0.0, 0.0, 0.0, 0.0, 0.0, 0.0, 0.0, 0.0, 0.0, 0.0, 0.0, 0.0, 0.0, 0.0, 0.0, 0.0, 0.0, 0.0, 0.0, 0.0, 0.0, 0.0, 0.0, 0.0, 0.0, 0.0, 0.0, 0.0, 0.0, 0.0, 0.0, 0.0, 0.0, 0.0, 0.0, 0.0, 0.0, 0.0, 0.0, 0.0, 0.0, 0.0, 0.0]}, {"time": 6.6499999999999995, "step_sample_count": 262144, "data": [0.6097349080950206, 0.7086727460996933, -1.9689496895280922, -0.53974850726833, 0.9332352352122355, 1.5115410992690452, -3.985350805358572, 0.9332180242095584, 0.38884538186006334, -0.5356585240305907, 0.797953376303459, -0.5693524882989022, 0.3583141027590601, 0.7979457757158973, 2.9644609419300494, 0.29286141778007546, 0.27778746526456327, 2.9111322107427786, 1.3368567295796723, 0.27781474323320127, -1.7414893387775496, 6.615669951336625, 1.6467824597229865, 0.7082251118715017, 0.9826603622471339, 1.6467867082238075, 0.07067313343177477, -6.871574216843979, 0.0011598907172209773, 0.05589400363768182, 0.13991086933732969, -0.07689529734552786, -0.0426065111043419, -0.00844962004540131, -0.22295193743913097, -0.14105264033690848, -0.08140372319339738, 0.07067313343177477, 0.3401943053799985, 2.023699698210509, 3.5853530169753522, -5.029469982273239, -3.3316389890015037, -1.6156958567818138, -10.230581869855266, -8.67051526321724, -6.982903277714451, -6.871574216843979], "data_imag": [-4.618429245296848e-18, -1.6450781485902711e-16, 0.0, 0.0, 0.0, 0.0, 0.0, 0.0, 0.0, 0.0, 0.0, 0.0, 0.0, 0.0, 0.0, 0.0, 0.0, 0.0, 0.0, 0.0, 0.0, 0.0, 0.0, 0.0, 0.0, 0.0, 0.0, 0.0, 0.0, 0.0, 0.0, 0.0, 0.0, 0.0, 0.0, 0.0, 0.0, 0.0, 0.0, 0.0, 0.0, 0.0, 0.0, 0.0, 0.0, 0.0, 0.0, 0.0]}, {"time": 7.0, "step_sample_count": 262144, "data": [0.6097729574175172, 0.7129971766340379, -1.8064373612182787, -0.60697305209754, 0.9460370808882844, 1.464732175650089, -3.8298694273706855, 0.9460198699690814, 0.29951428436787914, -0.4754428554196692, 0.8170520695424959, -0.5291325493102426, 0.2965049353683563, 0.8170444689598306, 3.189351176027887, 0.23015806284281815, 0.21832477540360654, 2.640658635662966, 1.8401258913013638, 0.218352053755251, -1.6512134119908422, 6.980110742925485, 1.7321083703827267, 0.755205068797581, 1.2365463167159942, 1.7321126189324414, 0.07346777845995951, -7.245080256073666, -0.037948327455916565, 0.045429199876680565, 0.14624716552896816, -0.10012163252874871, -0.044925720217582975, 0.011022974733673934, -0.23309755960310732, -0.13443940965150794, -0.045846052809512684, 0.07346777845995951, 0.31127105990192633, 2.110322262150399, 3.7872056613307374, -5.320849583421313, -3.5033398271771055, -1.6638864171049783, -10.772439085482944, -9.097879142467713, -7.292638290579145, -7.245080256073666], "data_imag": [4.724908250263021e-18, -3.0906573701830767e-17, 0.0, 0.0, 0.0, 0.0, 0.0, 0.0, 0.0, 0.0, 0.0, 0.0, 0.0, 0.0, 0.0, 0.0, 0.0, 0.0, 0.0, 0.0, 0.0, 0.0, 0.0, 0.0, 0.0, 0.0, 0.0, 0.0, 0.0, 0.0, 0.0, 0.0, 0.0, 0.0, 0.0, 0.0, 0.0, 0.0, 0.0, 0.0, 0.0, 0.0, 0.0, 0.0, 0.0, 0.0, 0.0, 0.0]}, {"time": 7.35, "step_sample_count": 262144, "data": [0.6096943361922511, 0.7169717633826669, -1.6745858333870158, -0.5983720379987983, 0.9316185978313983, 1.453421097777405, -3.666894160437064, 0.9316013869741856, 0.1534095971589473, -0.4789764072419018, 0.8622939284051566, -0.4917614399710209, 0.1141387057332163, 0.8622863277442618, 3.431992221025032, 0.08184856417719658, 0.1551275921147399, 2.2750684411526696, 2.3751933985348352, 0.1551548706945583, -1.5160284460981472, 7.3783163883230225, 1.8254480427763575, 0.8653109060376976, 1.5050180789908527, 1.8254522911304945, 0.07239700156719346, -7.618268706886261, -0.0680306152507114, 0.041945581949048086, 0.1558568529359883, -0.11653989801810867, -0.04585234572098932, 0.026911979690164196, -0.24331367162217157, -0.13164947732739293, -0.015944905786797255, 0.07239700156719346, 0.27576308562013563, 2.1964627613710364, 3.99984489421193, -5.617606973900636, -3.675384305621256, -1.7069039585243728, -11.325763358541037, -9.525659658890941, -7.5963918687740275, -7.618268706886261], "data_imag": [-9.126005904441177e-19, -2.3565490356683953e-17, 0.0, 0.0, 0.0, 0.0, 0.0, 0.0, 0.0, 0.0, 0.0, 0.0, 0.0, 0.0, 0.0, 0.0, 0.0, 0.0, 0.0, 0.0, 0.0, 0.0, 0.0, 0.0, 0.0, 0.0, 0.0, 0.0, 0.0, 0.0, 0.0, 0.0, 0.0, 0.0, 0.0, 0.0, 0.0, 0.0, 0.0, 0.0, 0.0, 0.0, 0.0, 0.0, 0.0, 0.0, 0.0, 0.0]}, {"time": 7.699999999999999, "step_sample_count": 262144, "data": [0.6092796569521939, 0.7188324404527163, -1.6008801512039126, -0.4584035108970665, 0.890205909464066, 1.4605335877468388, -3.4511442642063774, 0.8901886985568623, -0.01700116683691994, -0.5647619335964246, 0.93161200450307, -0.4634862049985808, -0.1687661925155778, 0.9316044036474257, 3.660441364478068, -0.10580369488729245, 0.1047649970604189, 1.8508614770817604, 2.9180014183843075, 0.10479227572987708, -1.3662553622066602, 7.798321272534835, 1.9109873001560718, 1.0530393407986358, 1.7291188052685367, 1.910991548224991, 0.0685552627069786, -7.988627835377516, -0.08869406697035125, 0.04418254483544134, 0.16952112397014257, -0.12689149575694408, -0.04554798720929347, 0.039175358887658836, -0.25512921848221604, -0.13205336083281988, 0.007178579270123698, 0.0685552627069786, 0.2390211584360874, 2.284835936299457, 4.222774206434333, -5.917449033639221, -3.8487527980684453, -1.7493394125665795, -11.892211562457113, -9.958654596443951, -7.901876238934294, -7.988627835377516], "data_imag": [-2.02611777660888e-18, 1.935914245232275e-17, 0.0, 0.0, 0.0, 0.0, 0.0, 0.0, 0.0, 0.0, 0.0, 0.0, 0.0, 0.0, 0.0, 0.0, 0.0, 0.0, 0.0, 0.0, 0.0, 0.0, 0.0, 0.0, 0.0, 0.0, 0.0, 0.0, 0.0, 0.0, 0.0, 0.0, 0.0, 0.0, 0.0, 0.0, 0.0, 0.0, 0.0, 0.0, 0.0, 0.0, 0.0, 0.0, 0.0, 0.0, 0.0, 0.0]}, {"time": 8.049999999999999, "step_sample_count": 262144, "data": [0.6084047004675067, 0.7173240409753837, -1.5982402416823644, -0.17247276043306498, 0.831391827923832, 1.477621241159101, -3.172255436981614, 0.8313746170645984, -0.1661487971670814, -0.7403706586080397, 1.014765104893201, -0.46370119502592083, -0.4941373904748707, 1.014757504023468, 3.8421469610507866, -0.25372412314216686, 0.07985449170578161, 1.4213648791360702, 3.458836809490391, 0.07988177032634539, -1.2311080926929696, 8.211821242562895, 1.9761531198354583, 1.3227078247009867, 1.8456759320832694, 1.9761573679777191, 0.06436260436619919, -8.354706852207125, -0.1015375984257178, 0.04871083792293203, 0.1857928962354197, -0.1333235804747591, -0.04482390376444044, 0.04780987382609848, -0.2691841910875935, -0.1341616044328887, 0.02300000504483557, 0.06436260436619919, 0.20736117834924486, 2.3784164294060215, 4.451847426187378, -6.217137787651098, -4.023906957457359, -1.7957577030377725, -12.468558961155091, -10.400715043830129, -8.216690948582785, -8.354706852207125], "data_imag": [2.0323828226514143e-18, -9.565618479155351e-18, 0.0, 0.0, 0.0, 0.0, 0.0, 0.0, 0.0, 0.0, 0.0, 0.0, 0.0, 0.0, 0.0, 0.0, 0.0, 0.0, 0.0, 0.0, 0.0, 0.0, 0.0, 0.0, 0.0, 0.0, 0.0, 0.0, 0.0, 0.0, 0.0, 0.0, 0.0, 0.0, 0.0, 0.0, 0.0, 0.0, 0.0, 0.0, 0.0, 0.0, 0.0, 0.0, 0.0, 0.0, 0.0, 0.0]}, {"time": 8.399999999999999, "step_sample_count": 262144, "data": [0.6071100301751361, 0.7120778491177643, -1.6590498023921914, 0.21014721424766994, 0.7686788653830958, 1.4957276174326388, -2.8621806767368514, 0.7686616544188121, -0.24292901099501013, -0.9831418831027363, 1.0976966763368978, -0.5273757231765742, -0.7514630506457964, 1.097689075518244, 3.9557717583582073, -0.28344404569288784, 0.08534567910130955, 1.0388731365563384, 3.999530808385977, 0.0853729577177988, -1.131526031245534, 8.580897985331125, 2.016141200565422, 1.6589373922631, 1.811325506910672, 2.016145448813621, 0.06203426376581889, -8.716725511005896, -0.11093209577243326, 0.050548884228685455, 0.20202998772736236, -0.13889528318339675, -0.04465537990301054, 0.05382068393957957, -0.284871437097275, -0.13508706019036235, 0.033805843606601035, 0.06203426376581889, 0.18573885100399604, 2.47952100877224, 4.680124756031508, -6.513617580420924, -4.200627050150935, -1.84898273847338, -13.047135329833278, -10.853418733850551, -8.545447930023027, -8.716725511005896], "data_imag": [2.689102939935839e-18, 1.8565015046281144e-17, 0.0, 0.0, 0.0, 0.0, 0.0, 0.0, 0.0, 0.0, 0.0, 0.0, 0.0, 0.0, 0.0, 0.0, 0.0, 0.0, 0.0, 0.0, 0.0, 0.0, 0.0, 0.0, 0.0, 0.0, 0.0, 0.0, 0.0, 0.0, 0.0, 0.0, 0.0, 0.0, 0.0, 0.0, 0.0, 0.0, 0.0, 0.0, 0.0, 0.0, 0.0, 0.0, 0.0, 0.0, 0.0, 0.0]}, {"time": 8.75, "step_sample_count": 262144, "data": [0.6055743443744723, 0.7039370612987872, -1.7634860575996119, 0.6013885089980286, 0.7137411744936998, 1.5021818082921286, -2.575440530358974, 0.7137239636529874, -0.2106708891100843, -1.2425665778962138, 1.1682000044829677, -0.6892965460093305, -0.8166323702108236, 1.1681924037502094, 3.9984822547049057, -0.16209742079416364, 0.11872452343756684, 0.7310393669100983, 4.540768779402649, 0.11875180209887604, -1.0636846812714922, 8.89022947041568, 2.0343650973056593, 2.0139147531244763, 1.664835068042613, 2.0343693456271996, 0.0623446573819164, -9.076339067903863, -0.12219440558055278, 0.04532022038521158, 0.21592644811729456, -0.14621208951166237, -0.04559347219222913, 0.059112623243137645, -0.3006382422621291, -0.13150902603437348, 0.04416440583476958, 0.0623446573819164, 0.1738084079464967, 2.5870416380370043, 4.8995510864632505, -6.805381663487588, -4.378121918402605, -1.9089117691808057, -13.618018097733607, -11.313774717398474, -8.886051793403409, -9.076339067903863], "data_imag": [1.786711465574507e-18, -8.802052538815518e-18, 0.0, 0.0, 0.0, 0.0, 0.0, 0.0, 0.0, 0.0, 0.0, 0.0, 0.0, 0.0, 0.0, 0.0, 0.0, 0.0, 0.0, 0.0, 0.0, 0.0, 0.0, 0.0, 0.0, 0.0, 0.0, 0.0, 0.0, 0.0, 0.0, 0.0, 0.0, 0.0, 0.0, 0.0, 0.0, 0.0, 0.0, 0.0, 0.0, 0.0, 0.0, 0.0, 0.0, 0.0, 0.0, 0.0]}, {"time": 9.1, "step_sample_count": 262144, "data": [0.6039234347921838, 0.6947728588708283, -1.886851157352949, 0.9186595321842168, 0.6740322320075217, 1.484790692140181, -2.356977495774531, 0.6740150210513234, -0.08164381108953388, -1.47806670290104, 1.2197742160267393, -0.9470722171081476, -0.6632098549323437, 1.2197666154741953, 3.982370876975221, 0.08975644880512652, 0.17286873257486962, 0.495030575129766, 5.076929739056439, 0.17289601111394273, -1.0013820200930914, 9.16078574795118, 2.0389840262398744, 2.320289689285341, 1.5247379108150394, 2.038988274814035, 0.06437857363116611, -9.435800768489537, -0.1371034195715926, 0.03306683440304446, 0.22788057068954762, -0.15636164475923353, -0.047362669730096535, 0.06577100770682509, -0.3159801471128808, -0.12282345164111054, 0.05681137044770627, 0.06437857363116611, 0.16624627784360893, 2.696156295770593, 5.103559597644995, -7.092461291229356, -4.555277903010566, -1.97329848506891, -14.172561820645956, -11.774771029647663, -9.230762317048162, -9.435800768489537], "data_imag": [-1.3203749592660744e-18, 5.537312490758105e-18, 0.0, 0.0, 0.0, 0.0, 0.0, 0.0, 0.0, 0.0, 0.0, 0.0, 0.0, 0.0, 0.0, 0.0, 0.0, 0.0, 0.0, 0.0, 0.0, 0.0, 0.0, 0.0, 0.0, 0.0, 0.0, 0.0, 0.0, 0.0, 0.0, 0.0, 0.0, 0.0, 0.0, 0.0, 0.0, 0.0, 0.0, 0.0, 0.0, 0.0, 0.0, 0.0, 0.0, 0.0, 0.0, 0.0]}, {"time": 9.45, "step_sample_count": 262144, "data": [0.6020771785123308, 0.6864320926894599, -2.0045907030035295, 1.1071428409267976, 0.6531679301538159, 1.4352122935544285, -2.2285056906359513, 0.6531507191692857, 0.08204765047873988, -1.6709883915561352, 1.2523260477393092, -1.2551973886561687, -0.3817126314527611, 1.2523184471421995, 3.9335736408117037, 0.4178161398317005, 0.23880287386303176, 0.30808339836947063, 5.603797411209022, 0.23883015242247763, -0.9310100143373113, 9.42089989616843, 2.038294392405466, 2.5351508894857355, 1.4784954844838842, 2.0382986406699612, 0.06588657395761062, -9.796970284078675, -0.15286853695367042, 0.018924650279735694, 0.2411549016176467, -0.1687179603219576, -0.04891732620973715, 0.0755433525954757, -0.3318853473223153, -0.11195156717244838, 0.0712345060480457, 0.06588657395761062, 0.15817630238744432, 2.8024400508474683, 5.291097266892244, -7.375672410030037, -4.730995578245631, -2.0394201023448413, -14.708251032407158, -12.230198249103113, -9.572568238433401, -9.796970284078675], "data_imag": [8.727217555367749e-19, -1.1666713278788015e-17, 0.0, 0.0, 0.0, 0.0, 0.0, 0.0, 0.0, 0.0, 0.0, 0.0, 0.0, 0.0, 0.0, 0.0, 0.0, 0.0, 0.0, 0.0, 0.0, 0.0, 0.0, 0.0, 0.0, 0.0, 0.0, 0.0, 0.0, 0.0, 0.0, 0.0, 0.0, 0.0, 0.0, 0.0, 0.0, 0.0, 0.0, 0.0, 0.0, 0.0, 0.0, 0.0, 0.0, 0.0, 0.0, 0.0]}, {"time": 9.799999999999999, "step_sample_count": 262144, "data": [0.59992025950977, 0.6795993508128646, -2.1067895534969527, 1.1484566609787739, 0.6515494605924113, 1.3510130871926949, -2.1963223781137446, 0.6515322495924267, 0.21252510302364092, -1.8036873108705194, 1.2703540086220344, -1.5624206771216897, -0.07546409917179389, 1.2703464080357887, 3.8871239663675476, 0.7584245060106312, 0.30716390465270604, 0.14001594679952042, 6.1247912853129, 0.30719118306954313, -0.867597803900075, 9.69835712239803, 2.0378564653427262, 2.6546672311463735, 1.542358302971571, 2.0378607133586755, 0.06396321655806116, -10.160509211206048, -0.16555441755327086, 0.00933323977360467, 0.25888178890857205, -0.18136701260604454, -0.04892665895065944, 0.08945322689306953, -0.3485540348719813, -0.10241716640144276, 0.08628549526821845, 0.06396321655806116, 0.14781335772306894, 2.90471132317714, 5.467660301212232, -7.6563850614270805, -4.904802055816683, -2.10517544339232, -15.230335872164456, -12.678254000455775, -9.9088590490055, -10.160509211206048], "data_imag": [4.009138591104621e-18, 6.654888381555583e-18, 0.0, 0.0, 0.0, 0.0, 0.0, 0.0, 0.0, 0.0, 0.0, 0.0, 0.0, 0.0, 0.0, 0.0, 0.0, 0.0, 0.0, 0.0, 0.0, 0.0, 0.0, 0.0, 0.0, 0.0, 0.0, 0.0, 0.0, 0.0, 0.0, 0.0, 0.0, 0.0, 0.0, 0.0, 0.0, 0.0, 0.0, 0.0, 0.0, 0.0, 0.0, 0.0, 0.0, 0.0, 0.0, 0.0]}, {"time": 10.149999999999999, "step_sample_count": 262144, "data": [0.5975511421030237, 0.6736968013791291, -2.206922261910947, 1.057763088403686, 0.666237489873829, 1.237166809033948, -2.2643317066579107, 0.6662202788578445, 0.2672020217993061, -1.8656851719283083, 1.2796018036775532, -1.834496631230263, 0.18820823567997014, 1.2795942030593606, 3.86757090390693, 1.0626230195847146, 0.3689678917068604, -0.04015430974717807, 6.648813814807732, 0.3689951701440701, -0.8411177376628023, 10.033633953605477, 2.0395515518086422, 2.694296807895076, 1.7088184360355279, 2.0395557998897833, 0.05608156102924775, -10.525523102317061, -0.17229174929986785, 0.008695111823836013, 0.28236478863821035, -0.19168510666227725, -0.04623088346416593, 0.10729033050439533, -0.3647350183095594, -0.09610565671482656, 0.10143573913403413, 0.05608156102924775, 0.13505504596251536, 3.004565664762736, 5.64282767216376, -7.936960545718264, -5.077360353863181, -2.1691551270568312, -15.749629041015897, -13.121622849580882, -10.240605506640229, -10.525523102317061], "data_imag": [-3.911183904692749e-18, 1.7160314675946947e-17, 0.0, 0.0, 0.0, 0.0, 0.0, 0.0, 0.0, 0.0, 0.0, 0.0, 0.0, 0.0, 0.0, 0.0, 0.0, 0.0, 0.0, 0.0, 0.0, 0.0, 0.0, 0.0, 0.0, 0.0, 0.0, 0.0, 0.0, 0.0, 0.0, 0.0, 0.0, 0.0, 0.0, 0.0, 0.0, 0.0, 0.0, 0.0, 0.0, 0.0, 0.0, 0.0, 0.0, 0.0, 0.0, 0.0]}, {"time": 10.5, "step_sample_count": 262144, "data": [0.5952166143189495, 0.6676446736465389, -2.3318437717077884, 0.8670418217063454, 0.6910808459031251, 1.1080956849541357, -2.4427656556854673, 0.6910636349031136, 0.2317089631216515, -1.869297571380717, 1.2840662149585171, -2.0509908658033202, 0.36202405852254055, 1.2840586144527943, 3.8759206683011542, 1.307536291120485, 0.41689892370545645, -0.26211837035896807, 7.1862224012956055, 0.4169262021650761, -0.8837246944364726, 10.475476722634218, 2.0420420242489, 2.6762930249257586, 1.9686101852548215, 2.0420462721181663, 0.04121556254827967, -10.889650476440845, -0.1714271878911463, 0.01844843916653084, 0.31095519156869383, -0.1969453475875225, -0.040191858905027904, 0.12719993308942645, -0.3786455170518344, -0.09328727300124132, 0.11600660981026667, 0.04121556254827967, 0.12012600208196796, 3.1046931940548124, 5.827690524352723, -8.220524998290584, -5.2503291908747585, -2.230721576164317, -16.279808384983504, -13.565706268213901, -10.570759868405533, -10.889650476440845], "data_imag": [1.3123418676218233e-18, 4.71864886223187e-17, 0.0, 0.0, 0.0, 0.0, 0.0, 0.0, 0.0, 0.0, 0.0, 0.0, 0.0, 0.0, 0.0, 0.0, 0.0, 0.0, 0.0, 0.0, 0.0, 0.0, 0.0, 0.0, 0.0, 0.0, 0.0, 0.0, 0.0, 0.0, 0.0, 0.0, 0.0, 0.0, 0.0, 0.0, 0.0, 0.0, 0.0, 0.0, 0.0, 0.0, 0.0, 0.0, 0.0, 0.0, 0.0, 0.0]}, {"time": 10.85, "step_sample_count": 262144, "data": [0.5931203512781418, 0.660821342163132, -2.5066231854328858, 0.6091066182709332, 0.7179618160230324, 0.991078101125784, -2.7524483944840847, 0.7179446049438823, 0.11527777096934555, -1.8470580485700696, 1.2845079029840174, -2.1988301769947194, 0.40993752770885594, 1.2845003026613508, 3.8980949613394147, 1.4920958484338176, 0.4476706423453368, -0.5516621111048347, 7.749883461361101, 0.44769792081106835, -1.025944697215977, 11.066626677937043, 2.0429796173898884, 2.6319212097509412, 2.298936632539136, 2.0429838651532166, 0.02053148534558306, -11.249575613941824, -0.1620364907721127, 0.03713992583205763, 0.3419855489911251, -0.19495026277418578, -0.031062292705795816, 0.1456482019391756, -0.3887237891182706, -0.09340998906425728, 0.12797841230254808, 0.02053148534558306, 0.1033543924999028, 3.2077828239158728, 6.032735065647642, -8.509828162215069, -5.425696900202924, -2.2904779007270113, -16.83469081019621, -14.016803771604453, -10.903170581040854, -11.249575613941824], "data_imag": [-2.409576817424504e-19, -2.0834108794198075e-17, 0.0, 0.0, 0.0, 0.0, 0.0, 0.0, 0.0, 0.0, 0.0, 0.0, 0.0, 0.0, 0.0, 0.0, 0.0, 0.0, 0.0, 0.0, 0.0, 0.0, 0.0, 0.0, 0.0, 0.0, 0.0, 0.0, 0.0, 0.0, 0.0, 0.0, 0.0, 0.0, 0.0, 0.0, 0.0, 0.0, 0.0, 0.0, 0.0, 0.0, 0.0, 0.0, 0.0, 0.0, 0.0, 0.0]}, {"time": 11.2, "step_sample_count": 262144, "data": [0.5914333675935629, 0.6538493246615577, -2.7480877151530736, 0.3179418661304862, 0.7394436393328729, 0.9301638120875406, -3.2221066828197804, 0.7394264282444493, -0.05032202821233313, -1.8390358913467337, 1.2787790336720148, -2.2759116479686443, 0.3223497040032619, 1.278771433218241, 3.926319063919985, 1.6269630730491178, 0.46401828832692316, -0.9262418335449376, 8.361450730767615, 0.464045566778394, -1.2984026041341115, 11.830006941337073, 2.042186554210881, 2.604512732038635, 2.645499603507798, 2.0421908020658868, -0.0026276582993035864, -11.602178401206443, -0.14339359261022974, 0.0600596105779624, 0.37033507331118914, -0.18400773169438447, -0.020229787432472328, 0.15740920974276798, -0.3934577740380417, -0.0949883750942172, 0.13328636391316132, -0.0026276582993035864, 0.08569127038616693, 3.3169577405417976, 6.265618523791558, -8.806292992081664, -5.604868216899664, -2.3501031025572154, -17.4248876006916, -14.481269541597182, -11.241791399217572, -11.602178401206443], "data_imag": [5.378901373228023e-18, 2.582994617460156e-17, 0.0, 0.0, 0.0, 0.0, 0.0, 0.0, 0.0, 0.0, 0.0, 0.0, 0.0, 0.0, 0.0, 0.0, 0.0, 0.0, 0.0, 0.0, 0.0, 0.0, 0.0, 0.0, 0.0, 0.0, 0.0, 0.0, 0.0, 0.0, 0.0, 0.0, 0.0, 0.0, 0.0, 0.0, 0.0, 0.0, 0.0, 0.0, 0.0, 0.0, 0.0, 0.0, 0.0, 0.0, 0.0, 0.0]}, {"time": 11.549999999999999, "step_sample_count": 262144, "data": [0.59034306133753, 0.6482385348366901, -3.0708399585802977, 0.04256636459356463, 0.7519357348322329, 0.9839382440885233, -3.878437814127474, 0.7519185237755786, -0.20848350141072441, -1.86872561192594, 1.2639866259881132, -2.3021478346133764, 0.15412090325595515, 1.2639790252545926, 3.972438770079792, 1.7388212182222913, 0.4736243025605005, -1.3905009442923086, 9.064069049838514, 0.4736515809386297, -1.7262983046558789, 12.752165676242608, 2.0439173350813014, 2.6378596094621, 2.9238892448558365, 2.043921583144108, -0.023559785196756954, -11.945961889547727, -0.11531314218912249, 0.07899271357784078, 0.3874568600424279, -0.1624356162225253, -0.010020942534779184, 0.15603436640363247, -0.3894827433149465, -0.09455711866340047, 0.1268774737342158, -0.023559785196756954, 0.06899150438229092, 3.435947257232432, 6.52857723992572, -9.110121248142907, -5.7880541712094775, -2.4109255425516425, -18.053957267871024, -14.964296172423913, -11.589711787498338, -11.945961889547727], "data_imag": [-2.8086247447115224e-18, 7.579666879731858e-18, 0.0, 0.0, 0.0, 0.0, 0.0, 0.0, 0.0, 0.0, 0.0, 0.0, 0.0, 0.0, 0.0, 0.0, 0.0, 0.0, 0.0, 0.0, 0.0, 0.0, 0.0, 0.0, 0.0, 0.0, 0.0, 0.0, 0.0, 0.0, 0.0, 0.0, 0.0, 0.0, 0.0, 0.0, 0.0, 0.0, 0.0, 0.0, 0.0, 0.0, 0.0, 0.0, 0.0, 0.0, 0.0, 0.0]}, {"time": 11.899999999999999, "step_sample_count": 262144, "data": [0.5898095124055117, 0.6447250830774252, -3.4889584984395814, -0.16976130136765244, 0.7568658280338857, 1.2077687987426557, -4.746247457663448, 0.7568486180698906, -0.2849564590683708, -1.911875981584018, 1.2392749270033383, -2.3199578399042133, 0.04930491371650807, 1.2392673253766957, 4.055971828114747, 1.908459542945492, 0.48485398030433186, -1.9349852294853385, 9.947225820110694, 0.48488125756603806, -2.2947825755347138, 13.781029615514731, 2.056463285175656, 2.7409580935716056, 3.089211512699712, 2.0564675340981897, -0.03768799681935307, -12.281791950428415, -0.07957636737286446, 0.08413831796163944, 0.3821177626672931, -0.12878292472788427, -0.0029344770128443337, 0.13564237391579176, -0.3704599193923058, -0.08687773430438017, 0.10569186370659397, -0.03768799681935307, 0.05376440657478063, 3.5654624514403563, 6.815264716313461, -9.420948266507121, -5.974374868535268, -2.472459774172541, -18.714530054829968, -15.465567983169606, -11.94648076983077, -12.281791950428415], "data_imag": [-1.149838091514143e-18, 6.6872239139285175e-18, 0.0, 0.0, 0.0, 0.0, 0.0, 0.0, 0.0, 0.0, 0.0, 0.0, 0.0, 0.0, 0.0, 0.0, 0.0, 0.0, 0.0, 0.0, 0.0, 0.0, 0.0, 0.0, 0.0, 0.0, 0.0, 0.0, 0.0, 0.0, 0.0, 0.0, 0.0, 0.0, 0.0, 0.0, 0.0, 0.0, 0.0, 0.0, 0.0, 0.0, 0.0, 0.0, 0.0, 0.0, 0.0, 0.0]}, {"time": 12.25, "step_sample_count": 262144, "data": [0.5895839005594662, 0.6430983724931321, -3.9858106052353737, -0.3506034847960297, 0.7588934140616976, 1.6172973856311699, -5.856921030471399, 0.7588762079316349, -0.23065483490001387, -1.924694540829136, 1.208094729882228, -2.359671009444574, 0.13352801760270683, 1.2080871301134364, 4.2056803315435936, 2.2719948781002297, 0.5029434612642294, -2.554671991500673, 11.169423010242687, 0.5029707341458093, -2.912497794662427, 14.854166423067385, 2.088681083631624, 2.8583037131580187, 3.2322858394372624, 2.08868533037428, -0.042042763202576015, -12.61269816604876, -0.039848126679549054, 0.06968990017866693, 0.347215378945199, -0.08386314297564847, -0.0006795654629943597, 0.09431435170118944, -0.3322890834202826, -0.0689435092898389, 0.07023297741465864, -0.042042763202576015, 0.03408380843583266, 3.6987399875047724, 7.111144498011045, -9.73924453746841, -6.162097809501682, -2.531137710653213, -19.388820579461477, -15.975015035300551, -12.303282944170887, -12.61269816604876], "data_imag": [5.480261240217709e-19, 7.691531773019988e-18, 0.0, 0.0, 0.0, 0.0, 0.0, 0.0, 0.0, 0.0, 0.0, 0.0, 0.0, 0.0, 0.0, 0.0, 0.0, 0.0, 0.0, 0.0, 0.0, 0.0, 0.0, 0.0, 0.0, 0.0, 0.0, 0.0, 0.0, 0.0, 0.0, 0.0, 0.0, 0.0, 0.0, 0.0, 0.0, 0.0, 0.0, 0.0, 0.0, 0.0, 0.0, 0.0, 0.0, 0.0, 0.0, 0.0]}, {"time": 12.6, "step_sample_count": 262144, "data": [0.5901550742295446, 0.6427131974434531, -4.1993127371649335, -0.27469598019162567, 0.7662156188641907, 1.8466417714508105, -6.235322068637291, 0.766198412947876, -0.0766755502750218, -1.9336850578339035, 1.1797052261800285, -2.410979982836774, 0.3376208213784389, 1.1796976246583704, 4.092718989301396, 2.487597609772345, 0.5266443016778871, -2.8566061455122154, 11.642157090073502, 0.5266715742029452, -3.4550577096262134, 15.918206033059274, 2.141334091700215, 2.930458496349237, 3.492017314167914, 2.1413383405932076, -0.036241335949095684, -12.943571247144977, -0.03170405829781677, 0.039472625779371405, 0.31991230601423737, -0.06466713148357447, -0.0047002230501147655, 0.06872570017574216, -0.31263608166663537, -0.04528481334266079, 0.05549564984633519, -0.036241335949095684, 0.04156469365262431, 3.825724895635025, 7.3604660803893704, -10.025705786910779, -6.347606543063482, -2.621156742430331, -20.015613583616815, -16.476880801032156, -12.686771195502033, -12.943571247144977], "data_imag": [-6.013501665448967e-18, 2.523661171024018e-17, 0.0, 0.0, 0.0, 0.0, 0.0, 0.0, 0.0, 0.0, 0.0, 0.0, 0.0, 0.0, 0.0, 0.0, 0.0, 0.0, 0.0, 0.0, 0.0, 0.0, 0.0, 0.0, 0.0, 0.0, 0.0, 0.0, 0.0, 0.0, 0.0, 0.0, 0.0, 0.0, 0.0, 0.0, 0.0, 0.0, 0.0, 0.0, 0.0, 0.0, 0.0, 0.0, 0.0, 0.0, 0.0, 0.0]}, {"time": 12.95, "step_sample_count": 262144, "data": [0.5915812794057081, 0.643377572281934, -4.217547620303251, -0.12094346330720757, 0.7864310704394358, 1.9770502023168597, -6.235069517914993, 0.7864138645095163, 0.10065154323947008, -1.9644440920152562, 1.1590329270336979, -2.423681503772223, 0.5065015408455397, 1.1590253255241791, 3.8391247558004786, 2.600150306924477, 0.5514525434015454, -2.9531870398897624, 11.65118270844672, 0.55147981594392, -3.862141975201026, 16.86791868646907, 2.209047749627449, 2.924575423158602, 3.860641054490569, 2.2090519985102555, -0.02386128248646262, -13.278934743794784, -0.041214388157888124, 0.004371996260257929, 0.29586599573359856, -0.06073078667731203, -0.01339002768999194, 0.05221257447697933, -0.3032429130973216, -0.023035951491507032, 0.05130774115260654, -0.02386128248646262, 0.06142617928781668, 3.941926137158693, 7.5673734609927426, -10.291486102233554, -6.529858432407381, -2.7270278657889975, -20.594570886699998, -16.96278079111205, -13.077820999739293, -13.278934743794784], "data_imag": [2.271270651607466e-18, -9.105145059080461e-18, 0.0, 0.0, 0.0, 0.0, 0.0, 0.0, 0.0, 0.0, 0.0, 0.0, 0.0, 0.0, 0.0, 0.0, 0.0, 0.0, 0.0, 0.0, 0.0, 0.0, 0.0, 0.0, 0.0, 0.0, 0.0, 0.0, 0.0, 0.0, 0.0, 0.0, 0.0, 0.0, 0.0, 0.0, 0.0, 0.0, 0.0, 0.0, 0.0, 0.0, 0.0, 0.0, 0.0, 0.0, 0.0, 0.0]}, {"time": 13.299999999999999, "step_sample_count": 262144, "data": [0.5933356896029304, 0.643845700598823, -4.179311720895786, -0.015735849669787517, 0.817578505717908, 2.114035216023317, -6.2345117979571985, 0.8175612997957075, 0.2398060451049502, -2.0225209227981695, 1.1523300081034713, -2.372430610856654, 0.5455062097327775, 1.152322406608364, 3.612607682991841, 2.728409631606189, 0.5728423286511755, -3.0090473762719374, 11.657891232078942, 0.5728696011721588, -4.132796743873566, 17.642674449218188, 2.284510133483369, 2.859650931844733, 4.259367373476724, 2.284514382376362, -0.009455067134649425, -13.620857741527834, -0.05138612955218318, -0.025261263191056954, 0.26644310818792866, -0.057262138811040496, -0.023712557718439508, 0.034765516800468084, -0.29017540271104963, -0.007779007239536375, 0.04553430553990485, -0.009455067134649425, 0.07770503158754559, 4.048643443148571, 7.7497096066865145, -10.553288088974748, -6.708801246854673, -2.830309571467125, -21.141784331336872, -17.4324950645842, -13.458552640081273, -13.620857741527834], "data_imag": [-4.809028610017621e-19, -4.058123813895134e-17, 0.0, 0.0, 0.0, 0.0, 0.0, 0.0, 0.0, 0.0, 0.0, 0.0, 0.0, 0.0, 0.0, 0.0, 0.0, 0.0, 0.0, 0.0, 0.0, 0.0, 0.0, 0.0, 0.0, 0.0, 0.0, 0.0, 0.0, 0.0, 0.0, 0.0, 0.0, 0.0, 0.0, 0.0, 0.0, 0.0, 0.0, 0.0, 0.0, 0.0, 0.0, 0.0, 0.0, 0.0, 0.0, 0.0]}, {"time": 13.649999999999999, "step_sample_count": 262144, "data": [0.5952849165411367, 0.6433086133605884, -4.115361536309486, 0.05391108316731749, 0.8547227710787736, 2.2398188357086695, -6.233637344781841, 0.8547055651402529, 0.3023217775255967, -2.092016089383605, 1.162094893610194, -2.258595019179723, 0.4322733469798707, 1.1620872921111203, 3.3989756868033534, 2.880629291667135, 0.5866562050720752, -3.028937273971405, 11.662349016663088, 0.5866834776103753, -4.292863230084128, 18.238445368017874, 2.356330575801645, 2.774121768886178, 4.617309071263171, 2.3563348246661167, 0.0026859825642450846, -13.969227122543778, -0.05909067043122411, -0.04359942486893014, 0.23534138511472538, -0.051734954569549546, -0.0329529547603921, 0.0182777413404558, -0.2721881264930395, -0.0010980596780060152, 0.03954328725690187, 0.0026859825642450846, 0.09204550670111321, 4.149659457476768, 7.914334578004924, -10.81232874221192, -6.884847658104444, -2.930270069472219, -21.664601727419086, -17.89023532294589, -13.830932502794548, -13.969227122543778], "data_imag": [1.0418585028104243e-18, -2.0355369087775945e-18, 0.0, 0.0, 0.0, 0.0, 0.0, 0.0, 0.0, 0.0, 0.0, 0.0, 0.0, 0.0, 0.0, 0.0, 0.0, 0.0, 0.0, 0.0, 0.0, 0.0, 0.0, 0.0, 0.0, 0.0, 0.0, 0.0, 0.0, 0.0, 0.0, 0.0, 0.0, 0.0, 0.0, 0.0, 0.0, 0.0, 0.0, 0.0, 0.0, 0.0, 0.0, 0.0, 0.0, 0.0, 0.0, 0.0]}, {"time": 14.0, "step_sample_count": 262144, "data": [0.5972969041906608, 0.6420358803441589, -4.034203552671079, 0.0787744429389339, 0.8922043400559797, 2.3369631235987716, -6.232160108517939, 0.8921871341281181, 0.26477101974765754, -2.139540103589286, 1.1848344289664838, -2.087742507154384, 0.18144362732739494, 1.1848268274913032, 3.1627853417180116, 3.084365684066431, 0.5907296307712461, -3.019035105902604, 11.664541626427347, 0.5907569033380682, -4.374411301250165, 18.679494512759128, 2.4133730058655294, 2.7034291081541575, 4.887636084556454, 2.4133772548481622, 0.009591335468716966, -14.322101821604406, -0.06232388415994619, -0.048228894685946426, 0.20713310289852138, -0.04312617441064668, -0.039506220333358835, 0.004663590894318079, -0.2505469852301231, -0.00267547681619532, 0.034384241186652106, 0.009591335468716966, 0.10592392820239883, 4.248958207962091, 8.070223518035633, -11.070731040405313, -7.0591941907737406, -3.027074242044593, -22.174330151610572, -18.342258223709692, -14.198782272508193, -14.322101821604406], "data_imag": [1.6160096741522798e-18, -7.785717964471018e-18, 0.0, 0.0, 0.0, 0.0, 0.0, 0.0, 0.0, 0.0, 0.0, 0.0, 0.0, 0.0, 0.0, 0.0, 0.0, 0.0, 0.0, 0.0, 0.0, 0.0, 0.0, 0.0, 0.0, 0.0, 0.0, 0.0, 0.0, 0.0, 0.0, 0.0, 0.0, 0.0, 0.0, 0.0, 0.0, 0.0, 0.0, 0.0, 0.0, 0.0, 0.0, 0.0, 0.0, 0.0, 0.0, 0.0]}], "random_generator": {"seed": "very_nice_seed"}, "realworld_total_calculation_time": 20012.798}