{"hamiltonian": {"U": 1.0, "E": 0.8, "J": 0.1, "phi": 2.5132741228718345, "type": "FirstOrderVariationalClassicalNetworkHamiltonian", "eta_calculation_sampler": {"system_geometry": {"type": "LinearChainNonPeriodicState", "size": 4}, "initial_system_state": {"type": "HomogenousInitialSystemState"}, "type": "ExactSampler"}, "psi_selection": {"type": "ChainDirectionDependentAllSameFirstOrder", "number_of_psis": 6, "J": 0.1}, "random_generator": {"seed": "46954944"}, "init_sigma": 1e-05, "pseudo_inverse_cutoff": 1e-10, "effective_time_step_size": 0.0025201612903225806, "number_workers": 16, "variational_step_fraction_multiplier": 128, "ue_might_change": true, "ue_variational": true}, "start_time": 0.0, "time_step": 0.3225806451612903, "number_of_time_steps": 31, "sampler": {"system_geometry": {"type": "LinearChainNonPeriodicState", "size": 4}, "initial_system_state": {"type": "HomogenousInitialSystemState"}, "type": "ExactSampler"}, "observables": [{"type": "Energy", "label": "Energy per site"}, {"type": "EnergyVariance", "label": "Energy Variance per site"}, {"type": "VCNFactor", "label": "Re-Part of VCN Parameter 0", "param_real_part": true, "param_index": 0, "can_return_value": true}, {"type": "VCNFactor", "label": "Re-Part of VCN Parameter 1", "param_real_part": true, "param_index": 1, "can_return_value": true}, {"type": "VCNFactor", "label": "Re-Part of VCN Parameter 2", "param_real_part": true, "param_index": 2, "can_return_value": true}, {"type": "VCNFactor", "label": "Re-Part of VCN Parameter 3", "param_real_part": true, "param_index": 3, "can_return_value": true}, {"type": "VCNFactor", "label": "Re-Part of VCN Parameter 4", "param_real_part": true, "param_index": 4, "can_return_value": true}, {"type": "VCNFactor", "label": "Re-Part of VCN Parameter 5", "param_real_part": true, "param_index": 5, "can_return_value": true}, {"type": "VCNFactor", "label": "Im-Part of VCN Parameter 0", "param_real_part": false, "param_index": 0, "can_return_value": true}, {"type": "VCNFactor", "label": "Im-Part of VCN Parameter 1", "param_real_part": false, "param_index": 1, "can_return_value": true}, {"type": "VCNFactor", "label": "Im-Part of VCN Parameter 2", "param_real_part": false, "param_index": 2, "can_return_value": true}, {"type": "VCNFactor", "label": "Im-Part of VCN Parameter 3", "param_real_part": false, "param_index": 3, "can_return_value": true}, {"type": "VCNFactor", "label": "Im-Part of VCN Parameter 4", "param_real_part": false, "param_index": 4, "can_return_value": true}, {"type": "VCNFactor", "label": "Im-Part of VCN Parameter 5", "param_real_part": false, "param_index": 5, "can_return_value": true}, {"type": "BaseEnergyFactor", "label": "Re-Part of BE-Factor U", "param_real_part": true, "param_index": -1, "can_return_value": true, "kind": "U"}, {"type": "BaseEnergyFactor", "label": "Im-Part of BE-Factor U", "param_real_part": false, "param_index": -1, "can_return_value": true, "kind": "U"}, {"type": "BaseEnergyFactor", "label": "Re-Part of BE-Factor eps-0", "param_real_part": true, "param_index": 0, "can_return_value": true, "kind": "eps"}, {"type": "BaseEnergyFactor", "label": "Re-Part of BE-Factor eps-1", "param_real_part": true, "param_index": 1, "can_return_value": true, "kind": "eps"}, {"type": "BaseEnergyFactor", "label": "Re-Part of BE-Factor eps-2", "param_real_part": true, "param_index": 2, "can_return_value": true, "kind": "eps"}, {"type": "BaseEnergyFactor", "label": "Re-Part of BE-Factor eps-3", "param_real_part": true, "param_index": 3, "can_return_value": true, "kind": "eps"}, {"type": "BaseEnergyFactor", "label": "Re-Part of BE-Factor eps-4", "param_real_part": true, "param_index": 4, "can_return_value": true, "kind": "eps"}, {"type": "BaseEnergyFactor", "label": "Im-Part of BE-Factor eps-0", "param_real_part": false, "param_index": 0, "can_return_value": true, "kind": "eps"}, {"type": "BaseEnergyFactor", "label": "Im-Part of BE-Factor eps-1", "param_real_part": false, "param_index": 1, "can_return_value": true, "kind": "eps"}, {"type": "BaseEnergyFactor", "label": "Im-Part of BE-Factor eps-2", "param_real_part": false, "param_index": 2, "can_return_value": true, "kind": "eps"}, {"type": "BaseEnergyFactor", "label": "Im-Part of BE-Factor eps-3", "param_real_part": false, "param_index": 3, "can_return_value": true, "kind": "eps"}, {"type": "BaseEnergyFactor", "label": "Im-Part of BE-Factor eps-4", "param_real_part": false, "param_index": 4, "can_return_value": true, "kind": "eps"}], "measurements": [{"time": 0.0, "step_sample_count": 256, "data": [0.17499515035564026, 0.4530504236516649, -2.409211346512654e-05, 1.3364613742072939e-05, 1.5426940819682473e-06, -2.3095526437844924e-06, 2.9577584621232426e-06, -1.5668367408516222e-05, 1.0073359691169309e-05, -1.2604172898632618e-05, -1.1358230129747497e-05, 3.80637423358691e-06, 2.8480717089983352e-06, -1.895923534861108e-05, -2.4229613465669603e-06, 1.5791125000597532e-06, -1.1357545410297846e-05, 4.318272037258513e-06, -1.4618044943022195e-05, 1.2968369814907847e-06, -2.4229613465669603e-06, 1.2658790972584678e-05, -4.320935634434884e-06, -4.807979398987998e-06, -1.0283182688040512e-05, 1.5791125000597532e-06], "data_imag": [-1.075387878249898e-23, 1.505501307559791e-23, 0.0, 0.0, 0.0, 0.0, 0.0, 0.0, 0.0, 0.0, 0.0, 0.0, 0.0, 0.0, 0.0, 0.0, 0.0, 0.0, 0.0, 0.0, 0.0, 0.0, 0.0, 0.0, 0.0, 0.0]}, {"time": 0.3225806451612903, "step_sample_count": 256, "data": [0.17499642200828439, 0.45321016210147896, 0.0032671734464239624, -0.0474587934035826, 0.05608086575500952, 0.003864412506157025, -0.047388077664172544, 0.05606365469351811, 0.30752730814992973, 0.29913942362117657, 0.31052163808454913, 0.3315598380075202, 0.3375162786654234, 0.31051403707933156, 0.0006897058835144363, -0.32286418689532675, -0.0037915380530112977, -0.00047748300938339945, -0.0005281413827412064, 0.0027869072646697613, 0.0006897058835144363, -0.31187745346059637, -0.10438907974364914, 0.10460170892554305, 0.3121016010002509, -0.32286418689532675], "data_imag": [-6.674937395052509e-19, 9.344721290107894e-19, 0.0, 0.0, 0.0, 0.0, 0.0, 0.0, 0.0, 0.0, 0.0, 0.0, 0.0, 0.0, 0.0, 0.0, 0.0, 0.0, 0.0, 0.0, 0.0, 0.0, 0.0, 0.0, 0.0, 0.0]}, {"time": 0.6451612903225806, "step_sample_count": 256, "data": [0.17495580495059146, 0.45355379177076327, 0.009817969199347236, -0.18541679219352922, 0.20137516619606766, 0.015551913090697792, -0.1886023350749874, 0.20135795513457436, 0.6189264215489314, 0.5500631032919874, 0.5565792364177985, 0.6239379448653114, 0.6703321240600972, 0.5565716354125674, 0.0024297428645278867, -0.6472236188209589, -0.01444810074128083, -0.0015063581229239039, -0.002009869705911842, 0.010934806688434986, 0.0024297428645278867, -0.6255400814527347, -0.2087896511451141, 0.21038832003592967, 0.6271505648462825, -0.6472236188209589], "data_imag": [1.2468764975482529e-18, -1.7451862504202294e-18, 0.0, 0.0, 0.0, 0.0, 0.0, 0.0, 0.0, 0.0, 0.0, 0.0, 0.0, 0.0, 0.0, 0.0, 0.0, 0.0, 0.0, 0.0, 0.0, 0.0, 0.0, 0.0, 0.0, 0.0]}, {"time": 0.967741935483871, "step_sample_count": 256, "data": [0.1748989754396885, 0.4538100635445676, 0.008346853036775346, -0.3921679040999986, 0.3814567150143971, 0.037648388796530395, -0.41612125964365854, 0.38143950395290716, 0.9412799672855517, 0.7016760390052487, 0.707291389547706, 0.8419783916436882, 0.9900508365607846, 0.7072837885424759, 0.004358569864693362, -0.9735155494580172, -0.029864637837351566, -0.0020859950752695126, -0.004274654804109898, 0.023516061652787967, 0.004358569864693362, -0.9430591320018257, -0.3134523709880787, 0.3179347614201483, 0.9475582925781038, -0.9735155494580172], "data_imag": [7.521732854785124e-19, -1.052434695866369e-18, 0.0, 0.0, 0.0, 0.0, 0.0, 0.0, 0.0, 0.0, 0.0, 0.0, 0.0, 0.0, 0.0, 0.0, 0.0, 0.0, 0.0, 0.0, 0.0, 0.0, 0.0, 0.0, 0.0, 0.0]}, {"time": 1.2903225806451613, "step_sample_count": 256, "data": [0.17482139882515238, 0.45360564687365745, -0.023025323348930427, -0.6138935343821739, 0.5439925317208041, 0.08195713702329384, -0.7103392679304992, 0.5439753206593125, 1.2835017411731968, 0.7084310005105356, 0.7708260664970259, 0.960259717022662, 1.285808096701389, 0.7708184654917848, 0.00570434239542745, -1.3007425308534248, -0.04685692107720222, -0.001367035084652446, -0.0071163005029812, 0.03840924448393522, 0.00570434239542745, -1.2665849981789425, -0.4188834722959429, 0.4269097353802322, 1.27465092765049, -1.3007425308534248], "data_imag": [9.21555744738349e-19, -1.288861315124106e-18, 0.0, 0.0, 0.0, 0.0, 0.0, 0.0, 0.0, 0.0, 0.0, 0.0, 0.0, 0.0, 0.0, 0.0, 0.0, 0.0, 0.0, 0.0, 0.0, 0.0, 0.0, 0.0, 0.0, 0.0]}, {"time": 1.6129032258064515, "step_sample_count": 256, "data": [0.1746965371085724, 0.45269449033026643, -0.11686500641222944, -0.7562810412887557, 0.6573926016790426, 0.17398681433235258, -1.0357671455891024, 0.6573753906175509, 1.6447006094943861, 0.5626822597374127, 0.7769861047103015, 0.9725312235732638, 1.5553437871231022, 0.7769785037050586, 0.0064264608988654475, -1.627189271734444, -0.06159867701392294, 0.0007119863461868691, -0.010423487246215037, 0.05195738473812082, 0.0064264608988654475, -1.596955862375678, -0.5254993383749426, 0.5363046219890615, 1.607850757673383, -1.627189271734444], "data_imag": [5.962876079825587e-19, -8.333550418824555e-19, 0.0, 0.0, 0.0, 0.0, 0.0, 0.0, 0.0, 0.0, 0.0, 0.0, 0.0, 0.0, 0.0, 0.0, 0.0, 0.0, 0.0, 0.0, 0.0, 0.0, 0.0, 0.0, 0.0, 0.0]}, {"time": 1.935483870967742, "step_sample_count": 256, "data": [0.1745660281008595, 0.4512604742434562, -0.3028866548212422, -0.7233792855870306, 0.7108211800533255, 0.34073830286490586, -1.3538784021150814, 0.7108039689918257, 1.996390802460507, 0.3374146712874274, 0.7596530680389706, 0.902441509936423, 1.8189328544482624, 0.7596454670337174, 0.007224139389389083, -1.9515957068683751, -0.07088807959574275, 0.0034143524386164303, -0.014133022862250303, 0.06026922930840764, 0.007224139389389083, -1.9317871251533638, -0.6331584839527338, 0.6450073148149431, 1.9437869865921367, -1.9515957068683751], "data_imag": [4.4720792469656525e-19, -6.245384891960612e-19, 0.0, 0.0, 0.0, 0.0, 0.0, 0.0, 0.0, 0.0, 0.0, 0.0, 0.0, 0.0, 0.0, 0.0, 0.0, 0.0, 0.0, 0.0, 0.0, 0.0, 0.0, 0.0, 0.0, 0.0]}, {"time": 2.258064516129032, "step_sample_count": 256, "data": [0.17454393830122605, 0.4499250948944367, -0.5808697186566075, -0.5013550561409049, 0.7076178046078513, 0.5810573480952609, -1.6496075846490073, 0.7076005935463535, 2.2852549510980076, 0.16486406871639686, 0.7486625389264597, 0.7946571026232867, 2.1097898417244902, 0.7486549379211891, 0.00888134222147103, -2.2738479909870626, -0.07443204641797821, 0.005691821768248444, -0.01802180869827265, 0.06221223335432911, 0.00888134222147103, -2.2658511662012186, -0.7411000919203609, 0.7523730417684278, 2.2773132844948596, -2.2738479909870626], "data_imag": [8.537400130322537e-19, -1.1921211532799169e-18, 0.0, 0.0, 0.0, 0.0, 0.0, 0.0, 0.0, 0.0, 0.0, 0.0, 0.0, 0.0, 0.0, 0.0, 0.0, 0.0, 0.0, 0.0, 0.0, 0.0, 0.0, 0.0, 0.0, 0.0]}, {"time": 2.5806451612903225, "step_sample_count": 256, "data": [0.1746499185300975, 0.4493234214254444, -0.9149635613322882, -0.17434413962812267, 0.6612151506182312, 0.8561829729931978, -1.9319404965772666, 0.6611979395567491, 2.465357758831889, 0.1383675737472793, 0.7679523046596716, 0.6814531623406022, 2.4422434211142887, 0.7679447036544116, 0.011547272796780758, -2.59496578666665, -0.0750686973419909, 0.006770787782067048, -0.021614618148137803, 0.06033197376600028, 0.011547272796780758, -2.594622614617135, -0.8484667662208304, 0.8586391663467506, 2.604975099494376, -2.59496578666665], "data_imag": [5.149360973147883e-19, -7.19468379553873e-19, 0.0, 0.0, 0.0, 0.0, 0.0, 0.0, 0.0, 0.0, 0.0, 0.0, 0.0, 0.0, 0.0, 0.0, 0.0, 0.0, 0.0, 0.0, 0.0, 0.0, 0.0, 0.0, 0.0, 0.0]}, {"time": 2.903225806451613, "step_sample_count": 256, "data": [0.17472058763539236, 0.4496798423443265, -1.2596487609997016, 0.15372150168352774, 0.5942023696818481, 1.1148176514526058, -2.207294124137618, 0.594185158620367, 2.520148360972236, 0.2691446914991064, 0.8338179958281848, 0.5649971647726885, 2.808693534877885, 0.8338103948229199, 0.014477211697970503, -2.916562541516048, -0.07601546526383232, 0.006714456596648491, -0.024452382869906513, 0.058391298381471966, 0.014477211697970503, -2.916896355245623, -0.9549569159074086, 0.9648941317830732, 2.926965321898947, -2.916562541516048], "data_imag": [5.555686296215964e-19, -7.765542195142e-19, 0.0, 0.0, 0.0, 0.0, 0.0, 0.0, 0.0, 0.0, 0.0, 0.0, 0.0, 0.0, 0.0, 0.0, 0.0, 0.0, 0.0, 0.0, 0.0, 0.0, 0.0, 0.0, 0.0, 0.0]}, {"time": 3.225806451612903, "step_sample_count": 256, "data": [0.17457031709005766, 0.45078921089149776, -1.5808287870391182, 0.411224675167154, 0.5360098329364922, 1.3186206529241133, -2.474451845740881, 0.53599262187501, 2.4596123838740245, 0.5265308257645244, 0.9497932436101598, 0.4278627006326938, 3.2063664080784045, 0.9497856426048923, 0.01637557114995202, -3.2399549133434062, -0.07864640035669236, 0.006589365657889011, -0.026397461805129266, 0.0589816875210975, 0.01637557114995202, -3.2346363421210533, -1.0609808098842306, 1.072377241147589, 3.2461078539623904, -3.2399549133434062], "data_imag": [3.79403537129656e-19, -5.298607662545079e-19, 0.0, 0.0, 0.0, 0.0, 0.0, 0.0, 0.0, 0.0, 0.0, 0.0, 0.0, 0.0, 0.0, 0.0, 0.0, 0.0, 0.0, 0.0, 0.0, 0.0, 0.0, 0.0, 0.0, 0.0]}, {"time": 3.5483870967741935, "step_sample_count": 256, "data": [0.17415675947960785, 0.4522281390795195, -1.8584452098181559, 0.5549617959867805, 0.5147078855903213, 1.4516488546256219, -2.7406282184924553, 0.5146906745288169, 2.3109970395093797, 0.8747166110141221, 1.1013370771270135, 0.24867559455374513, 3.648795967596992, 1.101329476121876, 0.016063929754096252, -3.565319119471723, -0.08221890281939871, 0.007897019011251874, -0.027575336825729563, 0.06272049419669709, 0.016063929754096252, -3.5515589035707444, -1.1673582965980747, 1.18166162572355, 3.565905418026306, -3.565319119471723], "data_imag": [-8.130012958099741e-20, 1.1327173690478971e-19, 0.0, 0.0, 0.0, 0.0, 0.0, 0.0, 0.0, 0.0, 0.0, 0.0, 0.0, 0.0, 0.0, 0.0, 0.0, 0.0, 0.0, 0.0, 0.0, 0.0, 0.0, 0.0, 0.0, 0.0]}, {"time": 3.870967741935484, "step_sample_count": 256, "data": [0.17356697988174832, 0.4535452131631076, -2.0822402294624016, 0.5566201137794388, 0.5442506512250995, 1.518732536258376, -3.0290212230968163, 0.5442334401635887, 2.1124821414484503, 1.2790738315125425, 1.25837836364829, 0.010210495851815224, 4.1574578008176895, 1.2583707626431846, 0.012928093564064269, -3.891434735207423, -0.08470752441155431, 0.011801515419467282, -0.028187129075377425, 0.06850566142015391, 0.012928093564064269, -3.8717647719328507, -1.2749439242836034, 1.2923736729638022, 3.8892436704711777, -3.891434735207423], "data_imag": [6.775014934568122e-19, -9.407351046773834e-19, 0.0, 0.0, 0.0, 0.0, 0.0, 0.0, 0.0, 0.0, 0.0, 0.0, 0.0, 0.0, 0.0, 0.0, 0.0, 0.0, 0.0, 0.0, 0.0, 0.0, 0.0, 0.0, 0.0, 0.0]}, {"time": 4.193548387096774, "step_sample_count": 256, "data": [0.17294557570045657, 0.45444783930494315, -2.250631920478772, 0.4002846122312109, 0.6162144300148026, 1.5407911922237798, -3.3753358486372615, 0.6161972189532456, 1.9103794501844051, 1.702201179298551, 1.3882599830431896, -0.29966080288526253, 4.753997236096644, 1.3882523820381725, 0.00694806013444368, -4.216178212529434, -0.08378080623707111, 0.018662815844492503, -0.028425409793305413, 0.07414460953229651, 0.00694806013444368, -4.199146368899916, -1.3843146958069803, 1.403398095515048, 4.218296873654353, -4.216178212529434], "data_imag": [-1.1517480009143043e-18, 1.5935177686397943e-18, 0.0, 0.0, 0.0, 0.0, 0.0, 0.0, 0.0, 0.0, 0.0, 0.0, 0.0, 0.0, 0.0, 0.0, 0.0, 0.0, 0.0, 0.0, 0.0, 0.0, 0.0, 0.0, 0.0, 0.0]}, {"time": 4.516129032258064, "step_sample_count": 256, "data": [0.17246254568894728, 0.45494283791456164, -2.373109412217295, 0.08904249993509297, 0.7043488294352768, 1.5521813941773455, -3.8208166922943336, 0.7043316183738116, 1.7562367654445032, 2.1034167021017276, 1.4708567604692526, -0.6904657225456786, 5.459378078961101, 1.4708491594640984, -0.0013029436718968207, -4.5374974656414295, -0.07742696462773728, 0.02774722983867928, -0.02841328020907193, 0.07678807459775223, -0.0013029436718968207, -4.537352047536135, -1.4955304584454594, 1.5132612905276301, 4.5551220462337705, -4.5374974656414295], "data_imag": [3.21806962877971e-19, -4.439971843069075e-19, 0.0, 0.0, 0.0, 0.0, 0.0, 0.0, 0.0, 0.0, 0.0, 0.0, 0.0, 0.0, 0.0, 0.0, 0.0, 0.0, 0.0, 0.0, 0.0, 0.0, 0.0, 0.0, 0.0, 0.0]}, {"time": 4.838709677419355, "step_sample_count": 256, "data": [0.17226648186749063, 0.455280300334476, -2.471280200511114, -0.3421214644969357, 0.7790735143142364, 1.5978966430760815, -4.397573823962919, 0.779056303252971, 1.7001705859768228, 2.447032335213771, 1.505042266187499, -1.1722872255956904, 6.2986536541378175, 1.5050346651820923, -0.010490869822842482, -4.854386798433782, -0.06410054086546386, 0.037033439040857055, -0.02806496397023908, 0.0730431978513187, -0.010490869822842482, -4.88952907814169, -1.6081059090871928, 1.6206531429352098, 4.901991200551334, -4.854386798433782], "data_imag": [4.6576281917732396e-21, -6.418825779548943e-21, 0.0, 0.0, 0.0, 0.0, 0.0, 0.0, 0.0, 0.0, 0.0, 0.0, 0.0, 0.0, 0.0, 0.0, 0.0, 0.0, 0.0, 0.0, 0.0, 0.0, 0.0, 0.0, 0.0, 0.0]}, {"time": 5.161290322580645, "step_sample_count": 256, "data": [0.17238616459505654, 0.45571309006004845, -2.571882161435419, -0.8125513646993526, 0.8200977785065499, 1.7227028914458151, -5.096900141679291, 0.8200805674439487, 1.7815029690844149, 2.7261315298393556, 1.5043081995473402, -1.7552008550454037, 7.314679087807091, 1.5043005985438382, -0.018572873578556436, -5.167280267712671, -0.042803286671913784, 0.043497797199137815, -0.026948066859314165, 0.05945837003665188, -0.018572873578556436, -5.257460650278087, -1.7214421935801134, 1.7251294807512647, 5.260861893001298, -5.167280267712671], "data_imag": [6.300391636193835e-19, -8.688802796881822e-19, 0.0, 0.0, 0.0, 0.0, 0.0, 0.0, 0.0, 0.0, 0.0, 0.0, 0.0, 0.0, 0.0, 0.0, 0.0, 0.0, 0.0, 0.0, 0.0, 0.0, 0.0, 0.0, 0.0, 0.0]}, {"time": 5.483870967741935, "step_sample_count": 256, "data": [0.17268824998788465, 0.45628229934780595, -2.683139292804512, -1.2020749158580655, 0.8196966409185227, 1.9441095475459336, -5.824393877591357, 0.8196794298572021, 2.0167669636670076, 2.994105139816533, 1.4881606915073848, -2.438142877389622, 8.57623523961785, 1.4881530905015694, -0.02336224756759227, -5.477761053087194, -0.014485851014208117, 0.04420202277323363, -0.024453126491383297, 0.034711833253691544, -0.02336224756759227, -5.640160608312812, -1.8353106644836872, 1.8275311037949888, 5.631927183366897, -5.477761053087194], "data_imag": [9.213422998216659e-19, -1.2728399151681314e-18, 0.0, 0.0, 0.0, 0.0, 0.0, 0.0, 0.0, 0.0, 0.0, 0.0, 0.0, 0.0, 0.0, 0.0, 0.0, 0.0, 0.0, 0.0, 0.0, 0.0, 0.0, 0.0, 0.0, 0.0]}, {"time": 5.806451612903226, "step_sample_count": 256, "data": [0.1729733939351536, 0.4567608241850339, -2.7611466424542495, -1.3978664501021332, 0.7799699995719135, 2.2165030844752343, -6.376700309692383, 0.7799527885102125, 2.376922959022839, 3.3433342846808296, 1.4757005744163194, -3.1815094904591437, 10.106055890945326, 1.4756929734103659, -0.023249143701832103, -5.7880577131005335, 0.015094688866993463, 0.0375438129212836, -0.0202487208739997, 0.0031522595020044807, -0.023249143701832103, -6.031661645162158, -1.9495730677471903, 1.9295068527084078, 6.011115129575734, -5.7880577131005335], "data_imag": [-4.742198968186796e-19, 6.562194001944426e-19, 0.0, 0.0, 0.0, 0.0, 0.0, 0.0, 0.0, 0.0, 0.0, 0.0, 0.0, 0.0, 0.0, 0.0, 0.0, 0.0, 0.0, 0.0, 0.0, 0.0, 0.0, 0.0, 0.0, 0.0]}, {"time": 6.129032258064516, "step_sample_count": 256, "data": [0.17310055637111765, 0.4567754998062982, -2.7298312523789505, -1.3665072677493868, 0.7103559540421015, 2.449683458592045, -6.55242604000049, 0.7103387429812598, 2.764341975359561, 3.798458978728392, 1.4828672187561676, -3.88049080834025, 11.724013298495136, 1.4828596177444042, -0.01759174291467382, -6.100529591460587, 0.03731184608559463, 0.023730749477536655, -0.014560160839957545, -0.026829868670791374, -0.01759174291467382, -6.419232515448781, -2.0635660063915724, 2.0325625401482403, 6.387868049248095, -6.100529591460587], "data_imag": [8.671387057090499e-19, -1.2008175392733388e-18, 0.0, 0.0, 0.0, 0.0, 0.0, 0.0, 0.0, 0.0, 0.0, 0.0, 0.0, 0.0, 0.0, 0.0, 0.0, 0.0, 0.0, 0.0, 0.0, 0.0, 0.0, 0.0, 0.0, 0.0]}, {"time": 6.451612903225806, "step_sample_count": 256, "data": [0.1730600115320036, 0.45608070864743705, -2.5748589269035485, -1.1956183374928222, 0.6269514817190077, 2.603344750948892, -6.3839785134408285, 0.626934270657537, 3.068099346888597, 4.290284662154047, 1.521056212232936, -4.4188718039294566, 13.131283892176672, 1.521048611216729, -0.006806991223793082, -6.417053527437302, 0.049778241655904595, 0.004490353511491744, -0.008059763387342093, -0.051887841410491894, -0.006806991223793082, -6.789461241907142, -2.176014735110599, 2.1374438705337457, 6.750704752095056, -6.417053527437302], "data_imag": [-1.747797767302944e-18, 2.4197912141204602e-18, 0.0, 0.0, 0.0, 0.0, 0.0, 0.0, 0.0, 0.0, 0.0, 0.0, 0.0, 0.0, 0.0, 0.0, 0.0, 0.0, 0.0, 0.0, 0.0, 0.0, 0.0, 0.0, 0.0, 0.0]}, {"time": 6.774193548387097, "step_sample_count": 256, "data": [0.17294597661076114, 0.45478533714319175, -2.347037543912609, -1.018076109781563, 0.551424787873467, 2.694442734303971, -6.072581230465741, 0.5514075768128888, 3.2583060281449985, 4.756739186082235, 1.594185089008426, -4.762666001375507, 14.201168569556998, 1.5941774879954176, 0.007641878116702529, -6.738489396475802, 0.05637801568101576, -0.01762521727466888, -0.0014239639831829503, -0.07397151047282359, 0.007641878116702529, -7.137966773051578, -2.285455327451956, 2.244020410206059, 7.096491970814135, -6.738489396475802], "data_imag": [-1.5580839503204311e-18, 2.155714803437757e-18, 0.0, 0.0, 0.0, 0.0, 0.0, 0.0, 0.0, 0.0, 0.0, 0.0, 0.0, 0.0, 0.0, 0.0, 0.0, 0.0, 0.0, 0.0, 0.0, 0.0, 0.0, 0.0, 0.0, 0.0]}, {"time": 7.096774193548387, "step_sample_count": 256, "data": [0.17281225867965053, 0.4533572866198869, -2.0892712176370534, -0.913563961467491, 0.5066088920337203, 2.7313395540742627, -5.749490413155219, 0.5065916809725677, 3.369230528812923, 5.172281038476382, 1.6945751832030571, -4.943073430384004, 14.974237408487566, 1.6945675821883197, 0.02347435285866202, -7.064583351285769, 0.059856729024707296, -0.04001553819522993, 0.005083689154856884, -0.09340117251179454, 0.02347435285866202, -7.46779767947597, -2.390775246423935, 2.35153423583014, 7.428611632356758, -7.064583351285769], "data_imag": [-5.148365737897756e-19, 7.117605693400295e-19, 0.0, 0.0, 0.0, 0.0, 0.0, 0.0, 0.0, 0.0, 0.0, 0.0, 0.0, 0.0, 0.0, 0.0, 0.0, 0.0, 0.0, 0.0, 0.0, 0.0, 0.0, 0.0, 0.0, 0.0]}, {"time": 7.419354838709677, "step_sample_count": 256, "data": [0.17259747043170054, 0.45241128360181065, -1.8164630966746445, -0.9014238074759151, 0.5081879107684513, 2.701730535861413, -5.436395604468333, 0.508170699707624, 3.4475496853780507, 5.525378487085257, 1.8021185654487184, -5.004732543080098, 15.531283356818964, 1.8021109644346287, 0.038219572954931995, -7.394336402852454, 0.06009426612907904, -0.060589683014888325, 0.011595132689306115, -0.1077884801754873, 0.038219572954931995, -7.784286152445882, -2.4915750298822603, 2.4589934584645676, 7.751825464027526, -7.394336402852454], "data_imag": [1.1651404906042845e-18, -1.6088024110068001e-18, 0.0, 0.0, 0.0, 0.0, 0.0, 0.0, 0.0, 0.0, 0.0, 0.0, 0.0, 0.0, 0.0, 0.0, 0.0, 0.0, 0.0, 0.0, 0.0, 0.0, 0.0, 0.0, 0.0, 0.0]}, {"time": 7.741935483870968, "step_sample_count": 256, "data": [0.17219611384535044, 0.45240532663797994, -1.5285338273603386, -0.9704922260735307, 0.5567753930150924, 2.5912320799854185, -5.107266825807824, 0.5567581819546435, 3.537971199435749, 5.810225162105035, 1.890758814524139, -4.990478449309028, 15.955124981606343, 1.8907512135105633, 0.05004860847980324, -7.72643454076887, 0.0558189804815236, -0.07802477347264485, 0.0182661386281153, -0.11436904555964128, 0.05004860847980324, -8.093494450040472, -2.5883022740504793, 2.56551610430264, 8.070892460655578, -7.72643454076887], "data_imag": [-1.0838354851040772e-18, 1.493058068660898e-18, 0.0, 0.0, 0.0, 0.0, 0.0, 0.0, 0.0, 0.0, 0.0, 0.0, 0.0, 0.0, 0.0, 0.0, 0.0, 0.0, 0.0, 0.0, 0.0, 0.0, 0.0, 0.0, 0.0, 0.0]}, {"time": 8.064516129032258, "step_sample_count": 256, "data": [0.17156367281165852, 0.45342050572555115, -1.22667850458837, -1.1009510273181387, 0.6365695822669666, 2.401474334285764, -4.744943178824248, 0.6365523712062541, 3.6835055335754765, 6.02151248265353, 1.9400445818357508, -4.940663762440486, 16.32492372291098, 1.9400369808218692, 0.05836212527490047, -8.059451889179057, 0.04636981438559883, -0.09178255354164779, 0.0249169335758888, -0.11212441472479512, 0.05836212527490047, -8.40184941900646, -2.6822008311272065, 2.6705541396156303, 8.390455225879254, -8.059451889179057], "data_imag": [-4.741687525541676e-19, 6.508010617657239e-19, 0.0, 0.0, 0.0, 0.0, 0.0, 0.0, 0.0, 0.0, 0.0, 0.0, 0.0, 0.0, 0.0, 0.0, 0.0, 0.0, 0.0, 0.0, 0.0, 0.0, 0.0, 0.0, 0.0, 0.0]}, {"time": 8.387096774193548, "step_sample_count": 256, "data": [0.17074861581443668, 0.45514119566125477, -0.9237396365209373, -1.2669349175302722, 0.7221950654848664, 2.159419878763005, -4.363603008565948, 0.7221778544241013, 3.9184730853443104, 6.143486826830582, 1.9440498843035983, -4.88798826294032, 16.692860500233145, 1.9440422832896933, 0.06386920161883708, -8.391974615603585, 0.03254981764473956, -0.10200304666875713, 0.030919865660812125, -0.10263704288668687, 0.06386920161883708, -8.714857534931841, -2.774993894634739, 2.773975425889451, 8.714150918499993, -8.391974615603585], "data_imag": [9.212205486587477e-19, -1.2583770683463767e-18, 0.0, 0.0, 0.0, 0.0, 0.0, 0.0, 0.0, 0.0, 0.0, 0.0, 0.0, 0.0, 0.0, 0.0, 0.0, 0.0, 0.0, 0.0, 0.0, 0.0, 0.0, 0.0, 0.0, 0.0]}, {"time": 8.709677419354838, "step_sample_count": 256, "data": [0.16982397345790984, 0.4569782794932314, -0.6446282483900347, -1.4212609222017607, 0.7889835175716227, 1.9138952887426899, -3.9903695943211974, 0.7889663065109735, 4.256842155397046, 6.150266214007165, 1.912007287996896, -4.8508445655587344, 17.06585526946882, 1.9119996869830838, 0.06821509691206125, -8.722884168199863, 0.016385684224565253, -0.10941375551146043, 0.035381114863611715, -0.08956676864371603, 0.06821509691206125, -9.035421683583737, -2.868236870345083, 2.875956054423365, 9.043486863745898, -8.722884168199863], "data_imag": [-4.876940573954685e-19, 6.625771412696673e-19, 0.0, 0.0, 0.0, 0.0, 0.0, 0.0, 0.0, 0.0, 0.0, 0.0, 0.0, 0.0, 0.0, 0.0, 0.0, 0.0, 0.0, 0.0, 0.0, 0.0, 0.0, 0.0, 0.0, 0.0]}, {"time": 9.032258064516128, "step_sample_count": 256, "data": [0.1687953520517828, 0.4582275105909499, -0.42038298906164495, -1.4868067200633452, 0.8203044968867701, 1.722536538814892, -3.6374962692964457, 0.8202872858260535, 4.685026761195686, 6.036835720446363, 1.8625167568670065, -4.830613563889194, 17.426519889565228, 1.8625091558531612, 0.07338994217822152, -9.051724241480045, 0.0003697488134486803, -0.11525416466232673, 0.03750695311207584, -0.07743156787486417, 0.07338994217822152, -9.362929057210426, -2.9626058030178672, 2.9767182232891467, 9.377394585264256, -9.051724241480045], "data_imag": [-2.235225924922199e-19, 3.018365975300115e-19, 0.0, 0.0, 0.0, 0.0, 0.0, 0.0, 0.0, 0.0, 0.0, 0.0, 0.0, 0.0, 0.0, 0.0, 0.0, 0.0, 0.0, 0.0, 0.0, 0.0, 0.0, 0.0, 0.0, 0.0]}, {"time": 9.35483870967742, "step_sample_count": 256, "data": [0.16762461697604797, 0.45829144358780194, -0.27615845103226433, -1.390982438168366, 0.8096602597415427, 1.63140551080954, -3.3041584483726116, 0.8096430486807101, 5.161621069863731, 5.859114309255603, 1.8175199501948562, -4.812624169792194, 17.77396148767993, 1.8175123491809035, 0.08115102789917773, -9.37888667072299, -0.013690064967796161, -0.12100327401108256, 0.03687133735678543, -0.06991165180849877, 0.08115102789917773, -9.693413624044883, -3.0575973689978166, 3.0763366968723367, 9.712490965653862, -9.37888667072299], "data_imag": [-8.094109044191048e-19, 1.085417542635912e-18, 0.0, 0.0, 0.0, 0.0, 0.0, 0.0, 0.0, 0.0, 0.0, 0.0, 0.0, 0.0, 0.0, 0.0, 0.0, 0.0, 0.0, 0.0, 0.0, 0.0, 0.0, 0.0, 0.0, 0.0]}, {"time": 9.67741935483871, "step_sample_count": 256, "data": [0.16637922070104436, 0.4569914889748429, -0.21608268799747052, -1.1302402471957356, 0.7602472666074542, 1.6530377469062048, -3.0035579672346637, 0.7602300555466471, 5.631132359747232, 5.718157723255784, 1.7990127824902855, -4.778389053154639, 18.134287980775294, 1.7990051814763741, 0.0925458248847466, -9.705548819397505, -0.02594509485615552, -0.12780770635467648, 0.03342621240428638, -0.06801904945754057, 0.0925458248847466, -10.021321361779819, -3.1517854345475103, 3.174815242712533, 10.044652286414042, -9.705548819397505], "data_imag": [-7.128772684116206e-19, 9.488637149905179e-19, 0.0, 0.0, 0.0, 0.0, 0.0, 0.0, 0.0, 0.0, 0.0, 0.0, 0.0, 0.0, 0.0, 0.0, 0.0, 0.0, 0.0, 0.0, 0.0, 0.0, 0.0, 0.0, 0.0, 0.0]}], "random_generator": {"seed": "very_nice_seed"}, "realworld_total_calculation_time": 122.805}