{"hamiltonian": {"U": 1.0, "E": 0.8, "J": 0.1, "phi": 1.8849555921538759, "type": "FirstOrderVariationalClassicalNetworkHamiltonian", "eta_calculation_sampler": {"system_geometry": {"type": "SquareSystemNonPeriodicState", "size": 2}, "initial_system_state": {"type": "HomogenousInitialSystemState"}, "type": "ExactSampler"}, "psi_selection": {"type": "SquareDirectionDependentAllSameFirstOrder", "number_of_psis": 12, "J": 0.1}, "random_generator": {"seed": "46954944"}, "init_sigma": 1e-05, "pseudo_inverse_cutoff": 1e-10, "effective_time_step_size": 0.024509803921568627, "number_workers": 16, "variational_step_fraction_multiplier": 20, "ue_might_change": true, "ue_variational": true}, "start_time": 0.0, "time_step": 0.49019607843137253, "number_of_time_steps": 51, "sampler": {"system_geometry": {"type": "SquareSystemNonPeriodicState", "size": 2}, "initial_system_state": {"type": "HomogenousInitialSystemState"}, "type": "ExactSampler"}, "observables": [{"type": "Energy", "label": "Energy per site"}, {"type": "EnergyVariance", "label": "Energy Variance per site"}, {"type": "VCNFactor", "label": "Re-Part of VCN Parameter 0", "param_real_part": true, "param_index": 0, "can_return_value": true}, {"type": "VCNFactor", "label": "Re-Part of VCN Parameter 1", "param_real_part": true, "param_index": 1, "can_return_value": true}, {"type": "VCNFactor", "label": "Re-Part of VCN Parameter 2", "param_real_part": true, "param_index": 2, "can_return_value": true}, {"type": "VCNFactor", "label": "Re-Part of VCN Parameter 3", "param_real_part": true, "param_index": 3, "can_return_value": true}, {"type": "VCNFactor", "label": "Re-Part of VCN Parameter 4", "param_real_part": true, "param_index": 4, "can_return_value": true}, {"type": "VCNFactor", "label": "Re-Part of VCN Parameter 5", "param_real_part": true, "param_index": 5, "can_return_value": true}, {"type": "VCNFactor", "label": "Re-Part of VCN Parameter 6", "param_real_part": true, "param_index": 6, "can_return_value": true}, {"type": "VCNFactor", "label": "Re-Part of VCN Parameter 7", "param_real_part": true, "param_index": 7, "can_return_value": true}, {"type": "VCNFactor", "label": "Re-Part of VCN Parameter 8", "param_real_part": true, "param_index": 8, "can_return_value": true}, {"type": "VCNFactor", "label": "Re-Part of VCN Parameter 9", "param_real_part": true, "param_index": 9, "can_return_value": true}, {"type": "VCNFactor", "label": "Re-Part of VCN Parameter 10", "param_real_part": true, "param_index": 10, "can_return_value": true}, {"type": "VCNFactor", "label": "Re-Part of VCN Parameter 11", "param_real_part": true, "param_index": 11, "can_return_value": true}, {"type": "VCNFactor", "label": "Im-Part of VCN Parameter 0", "param_real_part": false, "param_index": 0, "can_return_value": true}, {"type": "VCNFactor", "label": "Im-Part of VCN Parameter 1", "param_real_part": false, "param_index": 1, "can_return_value": true}, {"type": "VCNFactor", "label": "Im-Part of VCN Parameter 2", "param_real_part": false, "param_index": 2, "can_return_value": true}, {"type": "VCNFactor", "label": "Im-Part of VCN Parameter 3", "param_real_part": false, "param_index": 3, "can_return_value": true}, {"type": "VCNFactor", "label": "Im-Part of VCN Parameter 4", "param_real_part": false, "param_index": 4, "can_return_value": true}, {"type": "VCNFactor", "label": "Im-Part of VCN Parameter 5", "param_real_part": false, "param_index": 5, "can_return_value": true}, {"type": "VCNFactor", "label": "Im-Part of VCN Parameter 6", "param_real_part": false, "param_index": 6, "can_return_value": true}, {"type": "VCNFactor", "label": "Im-Part of VCN Parameter 7", "param_real_part": false, "param_index": 7, "can_return_value": true}, {"type": "VCNFactor", "label": "Im-Part of VCN Parameter 8", "param_real_part": false, "param_index": 8, "can_return_value": true}, {"type": "VCNFactor", "label": "Im-Part of VCN Parameter 9", "param_real_part": false, "param_index": 9, "can_return_value": true}, {"type": "VCNFactor", "label": "Im-Part of VCN Parameter 10", "param_real_part": false, "param_index": 10, "can_return_value": true}, {"type": "VCNFactor", "label": "Im-Part of VCN Parameter 11", "param_real_part": false, "param_index": 11, "can_return_value": true}, {"type": "BaseEnergyFactor", "label": "Re-Part of BE-Factor U", "param_real_part": true, "param_index": -1, "can_return_value": true, "kind": "U"}, {"type": "BaseEnergyFactor", "label": "Im-Part of BE-Factor U", "param_real_part": false, "param_index": -1, "can_return_value": true, "kind": "U"}, {"type": "BaseEnergyFactor", "label": "Re-Part of BE-Factor eps-0", "param_real_part": true, "param_index": 0, "can_return_value": true, "kind": "eps"}, {"type": "BaseEnergyFactor", "label": "Re-Part of BE-Factor eps-1", "param_real_part": true, "param_index": 1, "can_return_value": true, "kind": "eps"}, {"type": "BaseEnergyFactor", "label": "Re-Part of BE-Factor eps-2", "param_real_part": true, "param_index": 2, "can_return_value": true, "kind": "eps"}, {"type": "BaseEnergyFactor", "label": "Re-Part of BE-Factor eps-3", "param_real_part": true, "param_index": 3, "can_return_value": true, "kind": "eps"}, {"type": "BaseEnergyFactor", "label": "Re-Part of BE-Factor eps-4", "param_real_part": true, "param_index": 4, "can_return_value": true, "kind": "eps"}, {"type": "BaseEnergyFactor", "label": "Im-Part of BE-Factor eps-0", "param_real_part": false, "param_index": 0, "can_return_value": true, "kind": "eps"}, {"type": "BaseEnergyFactor", "label": "Im-Part of BE-Factor eps-1", "param_real_part": false, "param_index": 1, "can_return_value": true, "kind": "eps"}, {"type": "BaseEnergyFactor", "label": "Im-Part of BE-Factor eps-2", "param_real_part": false, "param_index": 2, "can_return_value": true, "kind": "eps"}, {"type": "BaseEnergyFactor", "label": "Im-Part of BE-Factor eps-3", "param_real_part": false, "param_index": 3, "can_return_value": true, "kind": "eps"}, {"type": "BaseEnergyFactor", "label": "Im-Part of BE-Factor eps-4", "param_real_part": false, "param_index": 4, "can_return_value": true, "kind": "eps"}], "measurements": [{"time": 0.0, "step_sample_count": 256, "data": [0.4068200343803896, 0.4338893723952918, -2.409211346512654e-05, 1.3364613742072939e-05, 1.5426940819682473e-06, -2.3095526437844924e-06, 2.9577584621232426e-06, -1.5668367408516222e-05, 1.0073359691169309e-05, -1.2604172898632618e-05, -1.1358230129747497e-05, 3.80637423358691e-06, 2.8480717089983352e-06, -1.895923534861108e-05, -1.1357545410297846e-05, 4.318272037258513e-06, -1.4618044943022195e-05, 1.2968369814907847e-06, -2.4229613465669603e-06, 1.2658790972584678e-05, -4.320935634434884e-06, -4.807979398987998e-06, -1.0283182688040512e-05, 1.5791125000597532e-06, 1.6795899010380995e-05, -6.0341603244068835e-06, 7.2706396032623796e-06, -2.5990623020784137e-06, 2.105483127674879e-05, 1.1085069673905734e-05, -9.132533945527703e-06, -1.2101228867378676e-06, 7.2706396032623796e-06, -5.612770751019133e-06, -2.3901402852107364e-06, -7.7877375531777e-06, 4.464171819755137e-06, -2.5990623020784137e-06], "data_imag": [-8.271351266177394e-25, 2.691961125182853e-24, 0.0, 0.0, 0.0, 0.0, 0.0, 0.0, 0.0, 0.0, 0.0, 0.0, 0.0, 0.0, 0.0, 0.0, 0.0, 0.0, 0.0, 0.0, 0.0, 0.0, 0.0, 0.0, 0.0, 0.0, 0.0, 0.0, 0.0, 0.0, 0.0, 0.0, 0.0, 0.0, 0.0, 0.0, 0.0, 0.0]}, {"time": 0.49019607843137253, "step_sample_count": 256, "data": [0.40708275515809167, 0.4340138606493067, 0.010346317547528159, -0.10467341728887469, 0.12797666342242928, 0.010892597044322022, -0.10410673650184135, 0.12795945236092943, 0.011238742816133818, -0.10032286197237146, 0.12472094488467445, 0.009611563580074813, -0.10204147895938054, 0.12471334387945116, 0.4835804285243468, 0.47244260789639286, 0.4546875982168134, 0.486543376324506, 0.49366355074329893, 0.4547148750529297, 0.480477267331692, 0.5062324862904839, 0.44629780076666903, 0.4710570609253753, 0.44127134294858816, 0.446302049788921, 0.0032260262903370984, -0.4919951320326728, 0.003529953106465614, 0.009026872222485986, -0.013276175683557951, -0.0077592963664456956, 0.0032260262903370984, 0.0004339547891652654, 0.12132875456363557, -0.3716107989412026, -0.2507103491119567, -0.4919951320326728], "data_imag": [6.131469668832838e-19, -1.9968124527653945e-18, 0.0, 0.0, 0.0, 0.0, 0.0, 0.0, 0.0, 0.0, 0.0, 0.0, 0.0, 0.0, 0.0, 0.0, 0.0, 0.0, 0.0, 0.0, 0.0, 0.0, 0.0, 0.0, 0.0, 0.0, 0.0, 0.0, 0.0, 0.0, 0.0, 0.0, 0.0, 0.0, 0.0, 0.0, 0.0, 0.0]}, {"time": 0.9803921568627451, "step_sample_count": 256, "data": [0.4069440967949236, 0.4333249322013477, 0.033121572648795415, -0.4451349420007434, 0.4298779006711159, 0.03606346187662484, -0.4437199679877041, 0.42986068960965734, 0.03395799966149357, -0.38834916913765954, 0.385935070504939, 0.022650882410314335, -0.38977145643117095, 0.3859274694997342, 0.9689141699113896, 0.8586195542773877, 0.7316328304389534, 0.9139998394726944, 0.9630644529563115, 0.7316601072750029, 0.788334603943523, 0.9896939581681402, 0.6817387519607415, 0.9446559911955557, 0.6811164475916762, 0.6817430009827931, 0.01010947446582613, -0.9928273428750061, 0.014339764978031425, 0.0360538655852444, -0.049386738728458945, -0.027648011303572837, 0.01010947446582613, 0.010445428039226679, 0.25807306412388203, -0.7509737452822194, -0.5033393557221265, -0.9928273428750061], "data_imag": [3.588648848864077e-19, -1.1683035716121073e-18, 0.0, 0.0, 0.0, 0.0, 0.0, 0.0, 0.0, 0.0, 0.0, 0.0, 0.0, 0.0, 0.0, 0.0, 0.0, 0.0, 0.0, 0.0, 0.0, 0.0, 0.0, 0.0, 0.0, 0.0, 0.0, 0.0, 0.0, 0.0, 0.0, 0.0, 0.0, 0.0, 0.0, 0.0, 0.0, 0.0]}, {"time": 1.4705882352941175, "step_sample_count": 256, "data": [0.40634021122158054, 0.43102071128514247, 0.03912130870566391, -1.0179168003997274, 0.7383905356652564, 0.06886835242293557, -1.0385597051899849, 0.7383733246040501, 0.07050964402215212, -0.763439619098, 0.5695682136205427, -0.043356611709524276, -0.674122569679069, 0.5695606126155806, 1.4900590193718644, 1.0086289595748688, 0.8160486476397957, 1.2369731046081196, 1.3392210583504969, 0.8160759244756444, 0.7925344824811924, 1.394510751925738, 0.718569052351563, 1.4434205806267424, 0.506889224761087, 0.7185733013735031, 0.013422343647926965, -1.4996238371642792, 0.02930239943937861, 0.07474959833214628, -0.09352639328822311, -0.048048007208487814, 0.013422343647926965, 0.03316265130062527, 0.42066282380402725, -1.1506585928654853, -0.7631405821439826, -1.4996238371642792], "data_imag": [-3.518017285565926e-19, 1.1436095095184244e-18, 0.0, 0.0, 0.0, 0.0, 0.0, 0.0, 0.0, 0.0, 0.0, 0.0, 0.0, 0.0, 0.0, 0.0, 0.0, 0.0, 0.0, 0.0, 0.0, 0.0, 0.0, 0.0, 0.0, 0.0, 0.0, 0.0, 0.0, 0.0, 0.0, 0.0, 0.0, 0.0, 0.0, 0.0, 0.0, 0.0]}, {"time": 1.9607843137254901, "step_sample_count": 256, "data": [0.4049436942246013, 0.4264083714149077, -0.03965710408288123, -1.6657214759308074, 0.9764418693799525, 0.16154795141690395, -1.8539366855584618, 0.9764246583192299, 0.2127811980870863, -1.0254781703125762, 0.5951384643050018, -0.3410998819238198, -0.50382196495564, 0.595130863299628, 2.1011156187318707, 0.7178674300118484, 0.7863846136730657, 1.4252350288144804, 1.5034136064791126, 0.786411890509115, 0.5302184666173294, 1.7303746912166678, 0.7068511906956291, 1.9089712363388947, 0.025129227883056337, 0.7068554397172457, 0.012343319116094787, -2.0020474310205505, 0.038453146520057324, 0.10331456864904143, -0.12276829960263276, -0.05784706690911922, 0.012343319116094787, 0.05682475720920288, 0.6051395652599207, -1.5757651870993465, -1.0274677864737736, -2.0020474310205505], "data_imag": [-1.2440480107259262e-18, 4.030155178048984e-18, 0.0, 0.0, 0.0, 0.0, 0.0, 0.0, 0.0, 0.0, 0.0, 0.0, 0.0, 0.0, 0.0, 0.0, 0.0, 0.0, 0.0, 0.0, 0.0, 0.0, 0.0, 0.0, 0.0, 0.0, 0.0, 0.0, 0.0, 0.0, 0.0, 0.0, 0.0, 0.0, 0.0, 0.0, 0.0, 0.0]}, {"time": 2.4509803921568625, "step_sample_count": 256, "data": [0.4034584280658274, 0.42087631258421154, -0.3419786223093567, -1.9613271998368662, 1.1295775414773297, 0.4484759008729647, -2.74137114947909, 1.1295603304163675, 0.4637609431663489, -1.1046714785475997, 0.5089246891978556, -0.8646717293686904, 0.18964294659691036, 0.5089170881923827, 2.739986472045983, -0.02197283601590097, 0.6932276802134845, 1.5167859210872865, 1.345076182988058, 0.6932549570488652, 0.246716174462821, 2.1635308643873032, 0.7678472727522416, 2.1246507231530463, -0.1273987629029522, 0.7678515217739029, 0.012204844595967192, -2.4972443606565724, 0.049263189960173155, 0.1011483525812029, -0.12150501785217172, -0.06940024864819816, 0.012204844595967192, 0.06426057566815577, 0.7835775999655267, -2.0007534849259843, -1.2816294853585588, -2.4972443606565724], "data_imag": [-6.757577618892494e-20, 2.181121314920946e-19, 0.0, 0.0, 0.0, 0.0, 0.0, 0.0, 0.0, 0.0, 0.0, 0.0, 0.0, 0.0, 0.0, 0.0, 0.0, 0.0, 0.0, 0.0, 0.0, 0.0, 0.0, 0.0, 0.0, 0.0, 0.0, 0.0, 0.0, 0.0, 0.0, 0.0, 0.0, 0.0, 0.0, 0.0, 0.0, 0.0]}, {"time": 2.941176470588235, "step_sample_count": 256, "data": [0.40319527612480205, 0.41853466456879596, -0.8734450427744218, -1.7403596623448707, 1.1873467536938884, 0.9308075370667223, -3.5442807155058618, 1.1873295426329975, 0.6562162284032182, -1.1477670371878073, 0.406175918136069, -1.3860823072423003, 0.8586539197504106, 0.4061683171304923, 3.1550828441467615, -0.7361457094409656, 0.5674055545229061, 1.706174241036686, 0.8838572392211111, 0.5674328313585321, 0.04688789321462677, 2.7240719383531102, 0.9495477629401603, 2.0088829377095476, 0.26895853985356605, 0.9495520119615766, 0.015048146856011024, -2.989630276550524, 0.07759320341218322, 0.07887427036385045, -0.10218052261426697, -0.10026212581686081, 0.015048146856011024, 0.07184683111665935, 0.9275950580684014, -2.3935817915583244, -1.538430219210772, -2.989630276550524], "data_imag": [3.7822639828975204e-19, -1.2199927767690073e-18, 0.0, 0.0, 0.0, 0.0, 0.0, 0.0, 0.0, 0.0, 0.0, 0.0, 0.0, 0.0, 0.0, 0.0, 0.0, 0.0, 0.0, 0.0, 0.0, 0.0, 0.0, 0.0, 0.0, 0.0, 0.0, 0.0, 0.0, 0.0, 0.0, 0.0, 0.0, 0.0, 0.0, 0.0, 0.0, 0.0]}, {"time": 3.4313725490196076, "step_sample_count": 256, "data": [0.4043230769049025, 0.42152461192364776, -1.4441000335235872, -1.3643729958561774, 1.1467163031677552, 1.3984759066660986, -4.217555696958305, 1.1466990921070659, 0.7071170865682812, -1.22742166028055, 0.38463621220646554, -1.7097583129644165, 1.1496773049871754, 0.38462861120097697, 3.2479129013047365, -1.2205049833549544, 0.4519784613426873, 2.098292637834568, 0.1165935257318905, 0.4520057381788484, -0.1536682042751818, 3.2962376171281025, 1.2238574641384474, 1.6756314604517029, 0.896426178425216, 1.2238617131601204, 0.01840609719874548, -3.4843415625242, 0.11388311820977554, 0.060185934766933076, -0.08567169797474175, -0.13815792681046826, 0.01840609719874548, 0.10027150687327582, 1.0382337701265498, -2.7518296797301445, -1.815053142890283, -3.4843415625242], "data_imag": [-9.469141183762337e-19, 3.0628738392525747e-18, 0.0, 0.0, 0.0, 0.0, 0.0, 0.0, 0.0, 0.0, 0.0, 0.0, 0.0, 0.0, 0.0, 0.0, 0.0, 0.0, 0.0, 0.0, 0.0, 0.0, 0.0, 0.0, 0.0, 0.0, 0.0, 0.0, 0.0, 0.0, 0.0, 0.0, 0.0, 0.0, 0.0, 0.0, 0.0, 0.0]}, {"time": 3.9215686274509802, "step_sample_count": 256, "data": [0.40677099039169734, 0.42694165371736714, -1.9362723269273066, -0.9216876868659126, 1.0319832347894788, 1.6577706965300407, -4.531889286591132, 1.0319660237285566, 0.6281200966173327, -1.3236154090155032, 0.4922836935794169, -1.762087632874505, 1.0218415170163384, 0.49227609257429095, 3.0511419670402895, -1.5970712967082001, 0.39460768906830573, 2.7032365927658355, -1.0552036239364855, 0.39463496590344144, -0.43286116419098564, 3.8024729173469733, 1.495277981766919, 1.3020316530925167, 1.418855135449843, 1.4952822307906322, 0.01972983147657001, -3.983498899040143, 0.14108118362732644, 0.059449008212078616, -0.08352139381286398, -0.16359078407016253, 0.01972983147657001, 0.15656624976236946, 1.1272150760196924, -3.086334591873264, -2.117404088332194, -3.983498899040143], "data_imag": [4.387594715767298e-19, -1.4277969983760333e-18, 0.0, 0.0, 0.0, 0.0, 0.0, 0.0, 0.0, 0.0, 0.0, 0.0, 0.0, 0.0, 0.0, 0.0, 0.0, 0.0, 0.0, 0.0, 0.0, 0.0, 0.0, 0.0, 0.0, 0.0, 0.0, 0.0, 0.0, 0.0, 0.0, 0.0, 0.0, 0.0, 0.0, 0.0, 0.0, 0.0]}, {"time": 4.411764705882352, "step_sample_count": 256, "data": [0.40985425406169484, 0.42977802522853464, -2.2221160168839726, -0.29151241033920133, 0.8936233434276766, 1.524624255410752, -4.046743940130635, 0.8936061323663316, 0.458144523555857, -1.3877619321937107, 0.6826907997956843, -1.5909839810641015, 0.6125939595322252, 0.6826831987900883, 2.729053772736517, -1.755501625936366, 0.42087081257152337, 3.3716685297335895, -2.2001415803820663, 0.4208980894079074, -0.8238147074665768, 4.193391069909089, 1.6670593458837617, 1.0218387564754547, 1.6169712196556925, 1.6670635949079873, 0.018353909003919665, -4.485508143374522, 0.13454038436857133, 0.09114676317777679, -0.11026927990888037, -0.1519040366132552, 0.018353909003919665, 0.22866599510873806, 1.2196598724556122, -3.424159424280477, -2.4354489311451224, -4.485508143374522], "data_imag": [1.4846420653160833e-19, -4.867894929829898e-19, 0.0, 0.0, 0.0, 0.0, 0.0, 0.0, 0.0, 0.0, 0.0, 0.0, 0.0, 0.0, 0.0, 0.0, 0.0, 0.0, 0.0, 0.0, 0.0, 0.0, 0.0, 0.0, 0.0, 0.0, 0.0, 0.0, 0.0, 0.0, 0.0, 0.0, 0.0, 0.0, 0.0, 0.0, 0.0, 0.0]}, {"time": 4.901960784313725, "step_sample_count": 256, "data": [0.4120208573554669, 0.4276619264313428, -2.3831486208243637, 0.31593078332575947, 0.7847149540792823, 1.1473432616247017, -3.2056320595083188, 0.7846977430183932, 0.2689891655548042, -1.3294047718693998, 0.8531285376699238, -1.3240113405422014, 0.2154368593041302, 0.8531209366641772, 2.5568096831990084, -1.5111715269131634, 0.5180356787961327, 3.8427936694405034, -2.5860295360197045, 0.5180629556324609, -1.2998514295682766, 4.456564354377134, 1.7207218402792208, 0.8925650826297035, 1.4460993582691983, 1.720726089303725, 0.015499817424538992, -4.987023382622715, 0.09285253603996584, 0.13635038176091516, -0.14909845701453692, -0.10342170959117718, 0.015499817424538992, 0.2894372696341794, 1.34666254852772, -3.799323109015096, -2.745332271785739, -4.987023382622715], "data_imag": [-7.825063037408868e-19, 2.579271345227021e-18, 0.0, 0.0, 0.0, 0.0, 0.0, 0.0, 0.0, 0.0, 0.0, 0.0, 0.0, 0.0, 0.0, 0.0, 0.0, 0.0, 0.0, 0.0, 0.0, 0.0, 0.0, 0.0, 0.0, 0.0, 0.0, 0.0, 0.0, 0.0, 0.0, 0.0, 0.0, 0.0, 0.0, 0.0, 0.0, 0.0]}, {"time": 5.3921568627450975, "step_sample_count": 256, "data": [0.41264428105847933, 0.423196313462364, -2.5259766527886804, 0.6426833419224249, 0.7358048187724101, 0.7980252885866959, -2.6529409687734313, 0.7357876077116468, 0.1383659294936478, -1.0879281760126394, 0.9311983223105482, -1.1043693888760149, 0.1149227241564901, 0.9311907213049861, 2.572899336605884, -1.0710180731960652, 0.6491745745653624, 4.126792440936757, -2.391862586203558, 0.6492018514018022, -1.7247425944924615, 4.6911658872967, 1.7195336345058987, 0.9010878597403446, 1.1580443591338165, 1.7195378835306478, 0.014064493312920784, -5.485128444493149, 0.025886331528796158, 0.16646540467056078, -0.174854105837973, -0.031772675144482655, 0.014064493312920784, 0.3307406305215621, 1.498262390304583, -4.203549288336008, -3.0406287900030224, -5.485128444493149], "data_imag": [-2.1576436378993091e-19, 7.122714461930901e-19, 0.0, 0.0, 0.0, 0.0, 0.0, 0.0, 0.0, 0.0, 0.0, 0.0, 0.0, 0.0, 0.0, 0.0, 0.0, 0.0, 0.0, 0.0, 0.0, 0.0, 0.0, 0.0, 0.0, 0.0, 0.0, 0.0, 0.0, 0.0, 0.0, 0.0, 0.0, 0.0, 0.0, 0.0, 0.0, 0.0]}, {"time": 5.88235294117647, "step_sample_count": 256, "data": [0.41261962491875215, 0.42162542281310017, -2.5929646039940337, 0.6571592020708299, 0.7525701548643328, 0.6027822907516917, -2.491304920107916, 0.7525529438035774, 0.06555019730016524, -0.7587791153850625, 0.9235454245849464, -0.982976322113805, 0.2635478155944557, 0.9235378235793725, 2.753145227548126, -0.7480894739145414, 0.7752694494256988, 4.252242999392906, -1.986651223512813, 0.7752967262620384, -1.9127032961833617, 5.053978895880482, 1.7501482579276229, 0.9955011191577989, 1.1531222847754259, 1.7501525069521824, 0.018235000013722174, -5.979635741317075, -0.0572495402033315, 0.17801292979154987, -0.18940814129830646, 0.04804131136718515, 0.018235000013722174, 0.34668183227793636, 1.6524457046904493, -4.613608737738871, -3.314056042798226, -5.979635741317075], "data_imag": [1.1591275043401607e-18, -3.82623004859077e-18, 0.0, 0.0, 0.0, 0.0, 0.0, 0.0, 0.0, 0.0, 0.0, 0.0, 0.0, 0.0, 0.0, 0.0, 0.0, 0.0, 0.0, 0.0, 0.0, 0.0, 0.0, 0.0, 0.0, 0.0, 0.0, 0.0, 0.0, 0.0, 0.0, 0.0, 0.0, 0.0, 0.0, 0.0, 0.0, 0.0]}, {"time": 6.372549019607843, "step_sample_count": 256, "data": [0.41246038065779234, 0.42508403236212045, -2.5078912602954175, 0.44706482238360323, 0.820102889983261, 0.6099019984423437, -2.6068634727390547, 0.8200856789225119, -0.007471572702845262, -0.5346386923266617, 0.8991322380855375, -0.9058413800335985, 0.35086003710077635, 0.899124637080015, 3.0721970179277824, -0.7577962269027959, 0.861444872519329, 4.166049209124069, -1.559097909317824, 0.8614721493558473, -1.8094396685705385, 5.579285541214081, 1.85901624097976, 1.156751315945306, 1.5406381173271655, 1.8590204900043643, 0.03125139479271053, -6.475642104073032, -0.13976223818621364, 0.17877495325734943, -0.2049145204138031, 0.11508212128101263, 0.03125139479271053, 0.3386081788264569, 1.8052052324900854, -5.019942860623888, -3.5610784816330163, -6.475642104073032], "data_imag": [2.9638353129128093e-19, -9.779717130968194e-19, 0.0, 0.0, 0.0, 0.0, 0.0, 0.0, 0.0, 0.0, 0.0, 0.0, 0.0, 0.0, 0.0, 0.0, 0.0, 0.0, 0.0, 0.0, 0.0, 0.0, 0.0, 0.0, 0.0, 0.0, 0.0, 0.0, 0.0, 0.0, 0.0, 0.0, 0.0, 0.0, 0.0, 0.0, 0.0, 0.0]}, {"time": 6.862745098039215, "step_sample_count": 256, "data": [0.41190509845472206, 0.4307434810822972, -2.3445316603563002, 0.17126443640373987, 0.901610294343081, 0.7729490123928062, -2.869782101011371, 0.9015930832824247, -0.09519686832777956, -0.5234342015371976, 0.9317084618197605, -0.8011791304873052, 0.178948386678664, 0.93170086081441, 3.494058761867997, -1.1501460515202042, 0.8886535430094005, 3.8268630911784522, -1.1541991351010403, 0.8886808198459858, -1.518655686945689, 6.172248910667235, 2.0208729595839463, 1.395055607015082, 2.109213267168814, 2.020877208608662, 0.051246233624336925, -6.981115294471841, -0.2067203296396989, 0.1751877101821526, -0.22499060226160225, 0.1573269081973194, 0.051246233624336925, 0.31811670123804653, 1.9662183998147913, -5.424272928806102, -3.7849058253818217, -6.981115294471841], "data_imag": [1.4544941182930357e-18, -4.792908343978456e-18, 0.0, 0.0, 0.0, 0.0, 0.0, 0.0, 0.0, 0.0, 0.0, 0.0, 0.0, 0.0, 0.0, 0.0, 0.0, 0.0, 0.0, 0.0, 0.0, 0.0, 0.0, 0.0, 0.0, 0.0, 0.0, 0.0, 0.0, 0.0, 0.0, 0.0, 0.0, 0.0, 0.0, 0.0, 0.0, 0.0]}, {"time": 7.352941176470588, "step_sample_count": 256, "data": [0.4109563876692444, 0.43472916310722437, -2.369764581322622, 0.08884258943682709, 0.9536068532548161, 0.9879279387582931, -3.1848616060213155, 0.953589642194123, -0.18506773463951362, -0.7278454619580242, 1.0408245542210337, -0.6437565846122946, -0.2686670852698003, 1.0408169532157103, 3.9616862164803743, -1.8350086303146775, 0.874776667219935, 3.2544351272300536, -0.7587156407172644, 0.8748039440558961, -1.1872523471551775, 6.746349035882913, 2.1625273428860843, 1.7234326353611822, 2.6092370363981687, 2.162531591911012, 0.06974349225191571, -7.498007926951594, -0.24756460173774622, 0.17280981363198405, -0.24469344192763856, 0.17469958580880265, 0.06974349225191571, 0.29475884616719505, 2.14451915827911, -5.832938780524941, -3.99232374460112, -7.498007926951594], "data_imag": [-4.84703944784391e-19, 1.5935374579010101e-18, 0.0, 0.0, 0.0, 0.0, 0.0, 0.0, 0.0, 0.0, 0.0, 0.0, 0.0, 0.0, 0.0, 0.0, 0.0, 0.0, 0.0, 0.0, 0.0, 0.0, 0.0, 0.0, 0.0, 0.0, 0.0, 0.0, 0.0, 0.0, 0.0, 0.0, 0.0, 0.0, 0.0, 0.0, 0.0, 0.0]}, {"time": 7.8431372549019605, "step_sample_count": 256, "data": [0.4096722909175006, 0.43449843077053935, -2.817392298817191, 0.45568822836993006, 0.9636837526986994, 1.2079274920760337, -3.4836329005552904, 0.9636665416382513, -0.2606992520451124, -1.112983839861022, 1.181385891741843, -0.48584695685946844, -0.8876933053279125, 1.1813782907364452, 4.358906476494292, -2.4333326215342885, 0.8694814202259226, 2.611760061517621, -0.27589485831919647, 0.8695086970620174, -0.9475201029174836, 7.219189900679813, 2.2263045912847015, 2.1615046433813205, 2.8031568852986055, 2.22630884030944, 0.08000134185320477, -8.018585526962157, -0.2587751940240641, 0.17232279791525573, -0.2569656292426636, 0.17180719515321538, 0.08000134185320477, 0.2808476798601452, 2.3368158665258454, -6.2497955725602505, -4.202893931771472, -8.018585526962157], "data_imag": [-7.2683750741853e-19, 2.3821214943113204e-18, 0.0, 0.0, 0.0, 0.0, 0.0, 0.0, 0.0, 0.0, 0.0, 0.0, 0.0, 0.0, 0.0, 0.0, 0.0, 0.0, 0.0, 0.0, 0.0, 0.0, 0.0, 0.0, 0.0, 0.0, 0.0, 0.0, 0.0, 0.0, 0.0, 0.0, 0.0, 0.0, 0.0, 0.0, 0.0, 0.0]}, {"time": 8.333333333333332, "step_sample_count": 256, "data": [0.40856951499825706, 0.430886363412176, -3.61648307511281, 1.0837236328825781, 0.9612955046166171, 1.3764948772344492, -3.8230803976326153, 0.9612782935557307, -0.2405809413967428, -1.550856297908735, 1.288106804028324, -0.48146200264717953, -1.3103077661122795, 1.288099203024043, 4.548082602138355, -2.467579438857161, 0.912290550126091, 2.114243049971314, 0.41334507332611864, 0.9123178269625871, -0.8568382401252321, 7.471121638415213, 2.209355484488141, 2.6854095852452957, 2.536623352718145, 2.2093597335129243, 0.08357422382010847, -8.534337783486858, -0.26102849935471967, 0.17138378171867102, -0.2611577404547252, 0.1680533930820068, 0.08357422382010847, 0.2883015484694593, 2.52816836850441, -6.668622085711989, -4.437682960466771, -8.534337783486858], "data_imag": [-1.8501886516328215e-19, 6.047445440423208e-19, 0.0, 0.0, 0.0, 0.0, 0.0, 0.0, 0.0, 0.0, 0.0, 0.0, 0.0, 0.0, 0.0, 0.0, 0.0, 0.0, 0.0, 0.0, 0.0, 0.0, 0.0, 0.0, 0.0, 0.0, 0.0, 0.0, 0.0, 0.0, 0.0, 0.0, 0.0, 0.0, 0.0, 0.0, 0.0, 0.0]}, {"time": 8.823529411764705, "step_sample_count": 256, "data": [0.40782862827091987, 0.42678892260783025, -4.51435702302419, 1.5557868019250602, 0.984659283262186, 1.4389747893973404, -4.308486022616077, 0.9846420722008096, -0.057810546087148425, -1.8263490734864662, 1.3245896124773544, -0.7317293257908526, -1.14945063292517, 1.3245820114731663, 4.473529160573257, -1.933371997252224, 1.005044737018155, 1.7780079619103748, 1.2415880793126925, 1.0050720138543392, -0.8071132008299203, 7.56441431714322, 2.1556250938217687, 3.127515673421451, 2.153076164911867, 2.1556293428464306, 0.0853173639853136, -9.043647904698474, -0.27792271533249785, 0.16894052013263122, -0.2614653805035843, 0.1821454586751424, 0.0853173639853136, 0.30200127193247545, 2.703770659462581, -7.077083472257824, -4.684507736045333, -9.043647904698474], "data_imag": [1.3452383580996326e-18, -4.389013714249581e-18, 0.0, 0.0, 0.0, 0.0, 0.0, 0.0, 0.0, 0.0, 0.0, 0.0, 0.0, 0.0, 0.0, 0.0, 0.0, 0.0, 0.0, 0.0, 0.0, 0.0, 0.0, 0.0, 0.0, 0.0, 0.0, 0.0, 0.0, 0.0, 0.0, 0.0, 0.0, 0.0, 0.0, 0.0, 0.0, 0.0]}, {"time": 9.313725490196077, "step_sample_count": 256, "data": [0.4067031680321364, 0.42385517563318986, -5.2606523159731635, 1.6382071330095935, 1.0552728627570647, 1.432268297950198, -4.9605656848899065, 1.0552556516957583, 0.18072992943799507, -1.9445041778866687, 1.3010447549591546, -1.1078270144103108, -0.6488549485162814, 1.3010371539547045, 4.193153031371988, -1.168010660869834, 1.1182353975861525, 1.4896738307949915, 2.046093359085866, 1.11826267442257, -0.7224754563009426, 7.785138819138991, 2.1203881503439233, 3.3921029710355377, 2.1141053357102537, 2.1203923993675375, 0.08732411237973871, -9.549504347895647, -0.3019069536437568, 0.17004456989099603, -0.26524224798844204, 0.20416838425309305, 0.08732411237973871, 0.30506322846100487, 2.863016895813705, -7.472495833777671, -4.924244962778899, -9.549504347895647], "data_imag": [1.7483420484058386e-19, -5.688449999123595e-19, 0.0, 0.0, 0.0, 0.0, 0.0, 0.0, 0.0, 0.0, 0.0, 0.0, 0.0, 0.0, 0.0, 0.0, 0.0, 0.0, 0.0, 0.0, 0.0, 0.0, 0.0, 0.0, 0.0, 0.0, 0.0, 0.0, 0.0, 0.0, 0.0, 0.0, 0.0, 0.0, 0.0, 0.0, 0.0, 0.0]}, {"time": 9.80392156862745, "step_sample_count": 256, "data": [0.4054837626482213, 0.42246007252110435, -5.795710402473922, 1.3080683465829228, 1.168352411724123, 1.4192311194320018, -5.808344158807986, 1.1683352006629684, 0.3912008937234902, -2.105661732941202, 1.257661368684406, -1.4844191942636114, -0.2201299511299264, 1.2576537676800819, 3.910393217613579, -0.524176537956147, 1.2088190676824686, 1.191545567949922, 2.7366606747000835, 1.208846344518451, -0.662482028350666, 8.311180129237338, 2.13266107106851, 3.540812734124908, 2.473924042893038, 2.132665320091734, 0.08736889078906135, -10.054174415963038, -0.31983873106137445, 0.17363371187496615, -0.26946216705457166, 0.2222397509128497, 0.08736889078906135, 0.30123566568481625, 3.016262207367387, -7.863605579355081, -5.158780146228478, -10.054174415963038], "data_imag": [-1.183180642565508e-18, 3.8380843107200206e-18, 0.0, 0.0, 0.0, 0.0, 0.0, 0.0, 0.0, 0.0, 0.0, 0.0, 0.0, 0.0, 0.0, 0.0, 0.0, 0.0, 0.0, 0.0, 0.0, 0.0, 0.0, 0.0, 0.0, 0.0, 0.0, 0.0, 0.0, 0.0, 0.0, 0.0, 0.0, 0.0, 0.0, 0.0, 0.0, 0.0]}, {"time": 10.294117647058822, "step_sample_count": 256, "data": [0.4051062262404405, 0.4219373310086846, -6.364345436684947, 0.6739475779046222, 1.2864382615766192, 1.4276973083847715, -7.018101460211106, 1.2864210505151714, 0.5587795968830029, -2.4778613753673797, 1.2299574389925514, -1.802166355744247, -0.10518717045139504, 1.2299498379882636, 3.6885789538894955, -0.15579931347837678, 1.2466528671218609, 0.8672784158479417, 3.240174733313938, 1.2466801439578092, -0.6826310992861582, 9.105288330452542, 2.1802995981418563, 3.619369183967929, 3.0908676891218954, 2.180303847164907, 0.08085816492859746, -10.556195684585363, -0.3248594723441564, 0.17572255912452936, -0.2656139784653197, 0.23362525291064973, 0.08085816492859746, 0.29465426409790046, 3.173461115023599, -8.262121571337412, -5.394236990240194, -10.556195684585363], "data_imag": [1.1290241153411485e-18, -3.658997589602436e-18, 0.0, 0.0, 0.0, 0.0, 0.0, 0.0, 0.0, 0.0, 0.0, 0.0, 0.0, 0.0, 0.0, 0.0, 0.0, 0.0, 0.0, 0.0, 0.0, 0.0, 0.0, 0.0, 0.0, 0.0, 0.0, 0.0, 0.0, 0.0, 0.0, 0.0, 0.0, 0.0, 0.0, 0.0, 0.0, 0.0]}, {"time": 10.784313725490195, "step_sample_count": 256, "data": [0.405931831312873, 0.422121751280681, -7.33039619547472, -0.23472265851605112, 1.3596944243082438, 1.5296074833941675, -8.999728540700643, 1.35967721324788, 0.6766218074661262, -3.079756358606161, 1.2246463519561095, -2.0198473975402953, -0.37058361099429976, 1.2246387509428875, 3.2284947306009593, -0.07982180330872844, 1.2365662350795439, 0.456031362525622, 3.3047896872716427, 1.2365935119161282, -0.8288759473227049, 10.080658982499909, 2.2309599405901555, 3.6653333226241047, 3.7916336675153888, 2.230964189614127, 0.06567401352028614, -11.050809640726353, -0.30720597826182905, 0.16817561227731911, -0.24330491971666085, 0.23117564421053105, 0.06567401352028614, 0.28186678419412436, 3.3485624128214266, -8.686371777062421, -5.631629836226752, -11.050809640726353], "data_imag": [-1.0075522341770547e-18, 3.2719801885029476e-18, 0.0, 0.0, 0.0, 0.0, 0.0, 0.0, 0.0, 0.0, 0.0, 0.0, 0.0, 0.0, 0.0, 0.0, 0.0, 0.0, 0.0, 0.0, 0.0, 0.0, 0.0, 0.0, 0.0, 0.0, 0.0, 0.0, 0.0, 0.0, 0.0, 0.0, 0.0, 0.0, 0.0, 0.0, 0.0, 0.0]}, {"time": 11.274509803921568, "step_sample_count": 256, "data": [0.40705080721451503, 0.4229152192439818, -9.023749182543947, -1.6298426373156283, 1.3625731284030034, 2.189307627429599, -12.777191177052455, 1.3625559172041637, 0.7362513965497534, -3.826133943327816, 1.2246421288009577, -2.125772771591939, -0.9515175520969898, 1.2246345280009936, 1.7977089467792857, -0.5905477942075807, 1.212314707971011, 0.09360818213815163, 1.7632467318754315, 1.2123419847114627, -1.163171076753492, 11.216046619786876, 2.2671954237325216, 3.761799279092242, 4.406558534933127, 2.2671996729298374, 0.045863609184669404, -11.533153871221286, -0.2235574856633827, 0.1049041650203526, -0.16068538304864258, 0.16781995795476065, 0.045863609184669404, 0.2810838091922136, 3.5359798175031423, -9.135191023769107, -5.893192999879476, -11.533153871221286], "data_imag": [1.3426794729045062e-18, -4.37231010620911e-18, 0.0, 0.0, 0.0, 0.0, 0.0, 0.0, 0.0, 0.0, 0.0, 0.0, 0.0, 0.0, 0.0, 0.0, 0.0, 0.0, 0.0, 0.0, 0.0, 0.0, 0.0, 0.0, 0.0, 0.0, 0.0, 0.0, 0.0, 0.0, 0.0, 0.0, 0.0, 0.0, 0.0, 0.0, 0.0, 0.0]}, {"time": 11.76470588235294, "step_sample_count": 256, "data": [0.40677312836121493, 0.4231802363011053, -9.936871622605688, -2.257080298061398, 1.3091332326012133, 2.827996791542763, -14.984881458403711, 1.3091160243741151, 0.7673565677081245, -4.507649755354961, 1.2113036923080183, -2.1679104036596746, -1.5599947307056299, 1.2112960896947238, -0.7430815952591172, -1.5955890985733587, 1.2114166056177058, -0.11917802072214248, -1.5361110287174893, 1.211443893064259, -1.7534884131053723, 12.492541942237581, 2.3004286279503137, 4.021525439730539, 4.732888238670528, 2.3004328734386292, 0.030008676378223412, -12.002356312852204, -0.1433024273818877, 0.04131060922510051, -0.08209499058057154, 0.10384933634997556, 0.030008676378223412, 0.30958494869723246, 3.7332813596213383, -9.606940281514428, -6.19686236856719, -12.002356312852204], "data_imag": [-3.993885114206653e-19, 1.2996841137769024e-18, 0.0, 0.0, 0.0, 0.0, 0.0, 0.0, 0.0, 0.0, 0.0, 0.0, 0.0, 0.0, 0.0, 0.0, 0.0, 0.0, 0.0, 0.0, 0.0, 0.0, 0.0, 0.0, 0.0, 0.0, 0.0, 0.0, 0.0, 0.0, 0.0, 0.0, 0.0, 0.0, 0.0, 0.0, 0.0, 0.0]}, {"time": 12.254901960784313, "step_sample_count": 256, "data": [0.4050135342091295, 0.42241428117717533, -9.532655209800774, -2.0485963628826713, 1.2452739677997908, 3.414505595600548, -14.98365891711408, 1.245256759572273, 0.8772352853184461, -4.797118121926416, 1.1790164240571566, -2.244357192549956, -1.6597721411711128, 1.1790088214440853, -2.2037739699805696, -1.2061093866701122, 1.2478201216302653, -1.1210721403295567, -1.5391692337508236, 1.24784740907552, -2.5229262830796446, 13.900880413602426, 2.3514418962153907, 4.42239737726733, 4.863754070329534, 2.351446141700552, 0.025225502184328313, -12.464931412338515, -0.08710567010243216, -0.027908588261915997, -0.009641928595829666, 0.05202833019231706, 0.025225502184328313, 0.27109191271262834, 4.026430576097184, -10.180906910354176, -6.439867880877167, -12.464931412338515], "data_imag": [-2.751735710409939e-19, 8.91592164226079e-19, 0.0, 0.0, 0.0, 0.0, 0.0, 0.0, 0.0, 0.0, 0.0, 0.0, 0.0, 0.0, 0.0, 0.0, 0.0, 0.0, 0.0, 0.0, 0.0, 0.0, 0.0, 0.0, 0.0, 0.0, 0.0, 0.0, 0.0, 0.0, 0.0, 0.0, 0.0, 0.0, 0.0, 0.0, 0.0, 0.0]}, {"time": 12.745098039215685, "step_sample_count": 256, "data": [0.40262793492830956, 0.42109273809292286, -8.798952850369725, -2.018066905659015, 1.2018467133214863, 4.147186843029383, -14.98146666694839, 1.2018295050943097, 1.0172276651127492, -4.600034444890009, 1.1415842661345976, -2.302598920160119, -1.2593782762911723, 1.1415766635208484, -3.128437462770703, -0.7432039124398688, 1.316377991728545, -1.5412933486903817, -1.5387491779793645, 1.316405279172819, -3.1697762446701314, 15.37179763688296, 2.438620246298933, 4.7709611936504075, 5.237137710021656, 2.438624491785008, 0.03276406718572246, -12.930033718526756, -0.03068609559589173, -0.1186847361570325, 0.07175392072750769, -0.012963288139362076, 0.03276406718572246, 0.28211449498131197, 4.247700964261426, -10.68001987948523, -6.729659997402176, -12.930033718526756], "data_imag": [-1.2076561661538196e-19, 3.889888866255614e-19, 0.0, 0.0, 0.0, 0.0, 0.0, 0.0, 0.0, 0.0, 0.0, 0.0, 0.0, 0.0, 0.0, 0.0, 0.0, 0.0, 0.0, 0.0, 0.0, 0.0, 0.0, 0.0, 0.0, 0.0, 0.0, 0.0, 0.0, 0.0, 0.0, 0.0, 0.0, 0.0, 0.0, 0.0, 0.0, 0.0]}, {"time": 13.235294117647058, "step_sample_count": 256, "data": [0.4003709538432092, 0.41888604806406593, -8.189395690173898, -2.0636234936755318, 1.19979580141675, 4.687919339339474, -14.980043250742819, 1.1997785931898894, 1.0663915845945655, -4.140804927820481, 1.126146087272138, -2.2117530430404204, -0.8396659032215625, 1.1261384846581752, -3.558433807389938, -0.41618536037893605, 1.3968498812314831, -1.6194608564149995, -1.537677334774171, 1.3968771686751766, -3.5447118471466053, 16.677348962762974, 2.5606359949212365, 5.009990062252101, 5.837419054896865, 2.5606402404076745, 0.04828074632048801, -13.404963195916006, 0.010131606251310194, -0.18709477258379195, 0.12339125043911182, -0.07054481606867184, 0.04828074632048801, 0.3113027457988436, 4.406938991965236, -11.10672004090253, -7.027588656748097, -13.404963195916006], "data_imag": [1.086530058860958e-18, -3.48012060836384e-18, 0.0, 0.0, 0.0, 0.0, 0.0, 0.0, 0.0, 0.0, 0.0, 0.0, 0.0, 0.0, 0.0, 0.0, 0.0, 0.0, 0.0, 0.0, 0.0, 0.0, 0.0, 0.0, 0.0, 0.0, 0.0, 0.0, 0.0, 0.0, 0.0, 0.0, 0.0, 0.0, 0.0, 0.0, 0.0, 0.0]}, {"time": 13.72549019607843, "step_sample_count": 256, "data": [0.3988351463646107, 0.4158724216749149, -7.811807719229915, -2.117290412055103, 1.2448881351922376, 4.996542094444621, -14.979278774507904, 1.244870926965357, 1.0119685117866146, -3.6519027656173804, 1.1554217653246117, -1.961713988011141, -0.6562488943513907, 1.1554141627106913, -3.8003444409370832, -0.13915049828017198, 1.4587443602136607, -1.5667182298390263, -1.5369910153697988, 1.4587716476571757, -3.684897044446621, 17.71108943258522, 2.6879607616960173, 5.201358926163859, 6.457197776559893, 2.6879650071824397, 0.06497070743415187, -13.892545557334936, 0.039961019989517364, -0.22918424566396875, 0.14885575607202944, -0.11849963601146624, 0.06497070743415187, 0.34378829205614225, 4.531726978227047, -11.48549407662116, -7.315617957973016, -13.892545557334936], "data_imag": [-1.1399733605796877e-18, 3.637291536948455e-18, 0.0, 0.0, 0.0, 0.0, 0.0, 0.0, 0.0, 0.0, 0.0, 0.0, 0.0, 0.0, 0.0, 0.0, 0.0, 0.0, 0.0, 0.0, 0.0, 0.0, 0.0, 0.0, 0.0, 0.0, 0.0, 0.0, 0.0, 0.0, 0.0, 0.0, 0.0, 0.0, 0.0, 0.0, 0.0, 0.0]}, {"time": 14.215686274509803, "step_sample_count": 256, "data": [0.39815883515561357, 0.41357460960168047, -7.4818954641006865, -2.278278546021493, 1.3254102245106871, 5.15402907039607, -14.978820488178707, 1.3253930162837486, 0.8660955395482766, -3.249263766459268, 1.2276467679696703, -1.5907084506621898, -0.7739906027202356, 1.2276391653558174, -4.068384324969789, 0.20573644704923705, 1.478301520206828, -1.4743646339779188, -1.5366840661025076, 1.4783288076504093, -3.6840970826656525, 18.47434351005885, 2.777286886281306, 5.389053769413072, 6.955659443568816, 2.7772911317675493, 0.07832303476917395, -14.39066309604292, 0.068478034850388, -0.25396522836887975, 0.16145807808054088, -0.1623879052511294, 0.07832303476917395, 0.3769201646968044, 4.6448099237988645, -11.840966195202382, -7.592906311138549, -14.39066309604292], "data_imag": [-5.3637334465965024e-20, 1.7084942889456536e-19, 0.0, 0.0, 0.0, 0.0, 0.0, 0.0, 0.0, 0.0, 0.0, 0.0, 0.0, 0.0, 0.0, 0.0, 0.0, 0.0, 0.0, 0.0, 0.0, 0.0, 0.0, 0.0, 0.0, 0.0, 0.0, 0.0, 0.0, 0.0, 0.0, 0.0, 0.0, 0.0, 0.0, 0.0, 0.0, 0.0]}, {"time": 14.705882352941176, "step_sample_count": 256, "data": [0.39784079567994485, 0.4140238141103245, -6.979291367373033, -2.7043277082150516, 1.422490021880911, 5.221281109449682, -14.978453994041088, 1.4224728136535418, 0.6334079906526053, -2.907067724436686, 1.307388365566617, -1.1333996000918072, -1.127841088637981, 1.30738076295261, -4.367309316209984, 0.6161659604602284, 1.4552744601829668, -1.347493386623064, -1.5365703016436927, 1.4553017476268386, -3.6549585972593044, 18.995031558014063, 2.8034355783154528, 5.617089586838111, 7.198782332931423, 2.8034398238018734, 0.08820648355844976, -14.894301884589222, 0.09978586110345143, -0.2652357487799617, 0.16461892243973936, -0.20601272850336128, 0.08820648355844976, 0.4158553795906514, 4.762106846845296, -12.194410853618052, -7.869907780528119, -14.894301884589222], "data_imag": [-4.021710212836463e-20, 1.2800003128552154e-19, 0.0, 0.0, 0.0, 0.0, 0.0, 0.0, 0.0, 0.0, 0.0, 0.0, 0.0, 0.0, 0.0, 0.0, 0.0, 0.0, 0.0, 0.0, 0.0, 0.0, 0.0, 0.0, 0.0, 0.0, 0.0, 0.0, 0.0, 0.0, 0.0, 0.0, 0.0, 0.0, 0.0, 0.0, 0.0, 0.0]}, {"time": 15.196078431372548, "step_sample_count": 256, "data": [0.39766064862298883, 0.4181061941971133, -6.253540045508602, -3.470001500649308, 1.5282852283405923, 5.176603659093843, -14.978166752307539, 1.5282680201129433, 0.38318731422889024, -2.521934028118583, 1.3437561655311552, -0.6872744334358923, -1.4461325566450576, 1.3437485629183779, -4.5131257189937575, 0.8734208418524694, 1.4052351791068096, -1.2189687464775352, -1.536484893457762, 1.4052624665508477, -3.7274817857114284, 19.366543193707887, 2.7842983278619133, 5.9908114834434185, 7.0389313387614125, 2.784302573347961, 0.09796643729804941, -15.399063417143038, 0.12295489088060377, -0.2624796360308364, 0.15431711931687742, -0.24057899531817084, 0.09796643729804941, 0.4674559431745147, 4.900339378444918, -12.5676238947411, -8.158037092281779, -15.399063417143038], "data_imag": [1.0142776903645817e-18, -3.2267065938736525e-18, 0.0, 0.0, 0.0, 0.0, 0.0, 0.0, 0.0, 0.0, 0.0, 0.0, 0.0, 0.0, 0.0, 0.0, 0.0, 0.0, 0.0, 0.0, 0.0, 0.0, 0.0, 0.0, 0.0, 0.0, 0.0, 0.0, 0.0, 0.0, 0.0, 0.0, 0.0, 0.0, 0.0, 0.0, 0.0, 0.0]}, {"time": 15.686274509803921, "step_sample_count": 256, "data": [0.3982951716546754, 0.4239798143726815, -5.463029191276483, -4.399560313089793, 1.6485024521430447, 5.038032027076694, -14.97800408848638, 1.6484852439146027, 0.3036545784940931, -2.0133900414185466, 1.3075309807600934, -0.4755815211744911, -1.2311982126142957, 1.3075233781475268, -4.337556490344154, 0.6336942947837229, 1.3335881844796027, -1.2587340962895206, -1.5364311102350714, 1.3336154719231286, -3.8907578737861748, 19.73943257193996, 2.7743124319899795, 6.509088876435426, 6.639573558060099, 2.774316677476066, 0.11201259953561118, -15.90420285941138, 0.12018011027409121, -0.26058413316675383, 0.1410976988940847, -0.2520787993400682, 0.11201259953561118, 0.5152588212390022, 5.070584637009858, -12.973075784556197, -8.441473844480283, -15.90420285941138], "data_imag": [-2.612334786737781e-18, 8.323842658425634e-18, 0.0, 0.0, 0.0, 0.0, 0.0, 0.0, 0.0, 0.0, 0.0, 0.0, 0.0, 0.0, 0.0, 0.0, 0.0, 0.0, 0.0, 0.0, 0.0, 0.0, 0.0, 0.0, 0.0, 0.0, 0.0, 0.0, 0.0, 0.0, 0.0, 0.0, 0.0, 0.0, 0.0, 0.0, 0.0, 0.0]}, {"time": 16.176470588235293, "step_sample_count": 256, "data": [0.39943554307541584, 0.42759175478753936, -4.902370009153392, -4.9876896314891805, 1.7751602017637145, 5.007762938231014, -14.977938300954245, 1.7751429935355052, 0.4000585275338681, -1.4785177594961518, 1.2174036434063091, -0.5094337368043779, -0.5648769363584681, 1.2173960407927553, -3.852812639375274, -0.19506586442875284, 1.228020868734578, -1.5686240011344978, -1.5364982283642619, 1.2280481561787617, -3.929440168329945, 20.2393679963759, 2.8358926256165122, 6.955217160803937, 6.56829431691386, 2.835896871101016, 0.13159619512484613, -16.412071736056603, 0.11484253592563588, -0.278467711902788, 0.14284409345888632, -0.26511805038640357, 0.13159619512484613, 0.5295689095965082, 5.254909965671124, -13.39106731593365, -8.688887762823002, -16.412071736056603], "data_imag": [2.1427460092322215e-19, -6.847111326962819e-19, 0.0, 0.0, 0.0, 0.0, 0.0, 0.0, 0.0, 0.0, 0.0, 0.0, 0.0, 0.0, 0.0, 0.0, 0.0, 0.0, 0.0, 0.0, 0.0, 0.0, 0.0, 0.0, 0.0, 0.0, 0.0, 0.0, 0.0, 0.0, 0.0, 0.0, 0.0, 0.0, 0.0, 0.0, 0.0, 0.0]}, {"time": 16.666666666666664, "step_sample_count": 256, "data": [0.4004510232655706, 0.42651266124249715, -4.788277662122425, -4.908143906509328, 1.867331348899963, 5.188241189925874, -14.977841822521112, 1.8673141406716591, 0.5228573953121162, -1.073027920515371, 1.135775444417113, -0.5880586170079507, 0.04020564825524002, 1.1357678418035968, -3.353402830044888, -1.0570234219352683, 1.0834151344173402, -1.8979722873987888, -1.5365606961985758, 1.0834424218604768, -3.8064215223976636, 20.834016787656623, 3.0005385653343892, 7.2845623569998486, 6.877095698413219, 3.000542810817857, 0.15216698233306364, -16.92368784632211, 0.1433012543363277, -0.3145854416613115, 0.16288806134447148, -0.31113105309883676, 0.15216698233306364, 0.5303790973085729, 5.420843732302062, -13.788422816762992, -8.91999690282397, -16.92368784632211], "data_imag": [-1.9277693513986765e-18, 6.175817675100841e-18, 0.0, 0.0, 0.0, 0.0, 0.0, 0.0, 0.0, 0.0, 0.0, 0.0, 0.0, 0.0, 0.0, 0.0, 0.0, 0.0, 0.0, 0.0, 0.0, 0.0, 0.0, 0.0, 0.0, 0.0, 0.0, 0.0, 0.0, 0.0, 0.0, 0.0, 0.0, 0.0, 0.0, 0.0, 0.0, 0.0]}, {"time": 17.15686274509804, "step_sample_count": 256, "data": [0.40162429718103265, 0.42262912150813015, -4.937766151431255, -4.562284274009746, 1.8824646428624956, 5.366989037857988, -14.977787314358565, 1.8824474346339946, 0.6225176735245734, -0.8520641711905368, 1.133036336659167, -0.6151511465252059, 0.3812348667394732, 1.1330287340457232, -3.0513539129179557, -1.514359884081497, 0.9353766338863448, -2.0281736295918904, -1.5365204705812168, 0.9354039213297042, -3.6128437968847913, 21.468682679972936, 3.2422361232812587, 7.5661078369518036, 7.348115662326419, 3.2422403687646835, 0.16804456556958683, -17.433548610809183, 0.19825397676612752, -0.34705894796544884, 0.18482179767445783, -0.37745895900429355, 0.16804456556958683, 0.5403779732532292, 5.55576648302392, -14.157523078102326, -9.162756754466429, -17.433548610809183], "data_imag": [1.3649694336010433e-18, -4.385639115548889e-18, 0.0, 0.0, 0.0, 0.0, 0.0, 0.0, 0.0, 0.0, 0.0, 0.0, 0.0, 0.0, 0.0, 0.0, 0.0, 0.0, 0.0, 0.0, 0.0, 0.0, 0.0, 0.0, 0.0, 0.0, 0.0, 0.0, 0.0, 0.0, 0.0, 0.0, 0.0, 0.0, 0.0, 0.0, 0.0, 0.0]}, {"time": 17.64705882352941, "step_sample_count": 256, "data": [0.4029696046244195, 0.4195494082346026, -5.096365407557473, -4.281741767637753, 1.8279651723450474, 5.470797338647299, -14.977778820050615, 1.8279479641165928, 0.6862549082776076, -0.8384822901425697, 1.2432198354933321, -0.5977140195293438, 0.43005780114782394, 1.243212232880017, -2.906913572310481, -1.5999659309283265, 0.8454263596025333, -1.9496654953912491, -1.5364654262272002, 0.8454536470457589, -3.4697244885604066, 22.086235526124224, 3.485424548151506, 7.838665505698263, 7.760606687172258, 3.485428793634786, 0.18070688682537142, -17.9341128343547, 0.26695018470796394, -0.36871558498325385, 0.19850216440958754, -0.4546902987795623, 0.18070688682537142, 0.5590340662723335, 5.672344437750518, -14.517706851760625, -9.423573541897909, -17.9341128343547], "data_imag": [4.012922677106324e-19, -1.2936686916655221e-18, 0.0, 0.0, 0.0, 0.0, 0.0, 0.0, 0.0, 0.0, 0.0, 0.0, 0.0, 0.0, 0.0, 0.0, 0.0, 0.0, 0.0, 0.0, 0.0, 0.0, 0.0, 0.0, 0.0, 0.0, 0.0, 0.0, 0.0, 0.0, 0.0, 0.0, 0.0, 0.0, 0.0, 0.0, 0.0, 0.0]}, {"time": 18.137254901960784, "step_sample_count": 256, "data": [0.4044178154461953, 0.4203347459110749, -5.115202207849235, -4.174046579726881, 1.757996811856868, 5.542960264271142, -14.977787281561682, 1.7579796036283746, 0.7253718193627045, -0.9759983928020607, 1.4350496439368972, -0.5925449979709562, 0.312912108354983, 1.4350420413235816, -2.8527284889520934, -1.373274445814792, 0.8488475493453137, -1.6522018207946265, -1.5364293959411743, 0.8488748367883604, -3.529783509518886, 22.579954094810198, 3.649174026667708, 8.095982492816372, 7.857082638163361, 3.649178272150966, 0.19767663337988825, -18.425506007226208, 0.3352950124840835, -0.383627055883726, 0.1992229127450074, -0.5377524868399817, 0.19767663337988825, 0.5911344707894503, 5.787058693500986, -14.885441326165514, -9.707690503403319, -18.425506007226208], "data_imag": [2.6473801427095808e-18, -8.565181551761964e-18, 0.0, 0.0, 0.0, 0.0, 0.0, 0.0, 0.0, 0.0, 0.0, 0.0, 0.0, 0.0, 0.0, 0.0, 0.0, 0.0, 0.0, 0.0, 0.0, 0.0, 0.0, 0.0, 0.0, 0.0, 0.0, 0.0, 0.0, 0.0, 0.0, 0.0, 0.0, 0.0, 0.0, 0.0, 0.0, 0.0]}, {"time": 18.627450980392155, "step_sample_count": 256, "data": [0.40598525198552754, 0.4255027716002312, -4.946516809651357, -4.287379558811068, 1.731240845669593, 5.586225324038524, -14.977796891378766, 1.731223637441116, 0.8106483514887988, -1.087750199919585, 1.6270079478281307, -0.6706151211479314, 0.35308077438844276, 1.627000345214778, -2.826686244529587, -0.9320226651966402, 0.9330540548708454, -1.1695839886409622, -1.5364165814612458, 0.9330813423139364, -3.8864920435472143, 22.88963562341866, 3.702640430039779, 8.279961349891403, 7.53954712718703, 3.7026446755231364, 0.22480094017496033, -18.915632764382508, 0.38093033362339973, -0.3981545735531758, 0.18804933014185674, -0.6097329222893358, 0.22480094017496033, 0.6416693668621759, 5.914068599634679, -15.267762770388813, -10.013120741782961, -18.915632764382508], "data_imag": [1.87129143351857e-19, -6.077733793403167e-19, 0.0, 0.0, 0.0, 0.0, 0.0, 0.0, 0.0, 0.0, 0.0, 0.0, 0.0, 0.0, 0.0, 0.0, 0.0, 0.0, 0.0, 0.0, 0.0, 0.0, 0.0, 0.0, 0.0, 0.0, 0.0, 0.0, 0.0, 0.0, 0.0, 0.0, 0.0, 0.0, 0.0, 0.0, 0.0, 0.0]}, {"time": 19.11764705882353, "step_sample_count": 256, "data": [0.4070336155462169, 0.43119684701128475, -4.606213964064054, -4.610662729429926, 1.7858975795855867, 5.5977887935950825, -14.977804219891546, 1.7858803713570508, 0.9894333553671693, -1.0183434525086517, 1.7454991871526426, -0.8606835907370003, 0.7863454062834603, 1.7454915845391838, -2.761737470660528, -0.4592160544305958, 1.0544661866666625, -0.6156847800606181, -1.5364137128621513, 1.05449347410991, -4.444727698625717, 23.121405627228214, 3.686257082770481, 8.277934736431659, 7.12578147541397, 3.6862613282539933, 0.2621679545028752, -19.412163318240868, 0.3885816536612176, -0.4174497578431835, 0.17109387057492814, -0.6543772168104679, 0.2621679545028752, 0.6999359341162104, 6.05286128316653, -15.656336619386545, -10.320753781631883, -19.412163318240868], "data_imag": [-6.94874626586493e-19, 2.2626986528866217e-18, 0.0, 0.0, 0.0, 0.0, 0.0, 0.0, 0.0, 0.0, 0.0, 0.0, 0.0, 0.0, 0.0, 0.0, 0.0, 0.0, 0.0, 0.0, 0.0, 0.0, 0.0, 0.0, 0.0, 0.0, 0.0, 0.0, 0.0, 0.0, 0.0, 0.0, 0.0, 0.0, 0.0, 0.0, 0.0, 0.0]}, {"time": 19.6078431372549, "step_sample_count": 256, "data": [0.40720336536746404, 0.4327346975648064, -4.1805119859958815, -5.065514606550059, 1.9294761150801163, 5.569410005181757, -14.977824386129127, 1.9294589068515975, 1.1835012645550778, -0.7835266111717506, 1.7765806479427724, -1.0484783377874776, 1.4030609505810352, 1.776573045329167, -2.598906430202474, -0.15070979778428029, 1.1536672009258475, -0.1254615031073314, -1.5364184852329408, 1.1536944883688944, -5.006355472535659, 23.425843948327053, 3.6789032031138857, 8.014962496448174, 7.045837753389021, 3.6789074485974878, 0.30465193699307336, -19.9186499881304, 0.3656260063375164, -0.43626971087357613, 0.14869942910387268, -0.673397908474606, 0.30465193699307336, 0.7476027904809793, 6.1943519190847445, -16.03788456690559, -10.607313433801913, -19.9186499881304], "data_imag": [3.3397704114088157e-20, -1.0879726008642796e-19, 0.0, 0.0, 0.0, 0.0, 0.0, 0.0, 0.0, 0.0, 0.0, 0.0, 0.0, 0.0, 0.0, 0.0, 0.0, 0.0, 0.0, 0.0, 0.0, 0.0, 0.0, 0.0, 0.0, 0.0, 0.0, 0.0, 0.0, 0.0, 0.0, 0.0, 0.0, 0.0, 0.0, 0.0, 0.0, 0.0]}, {"time": 20.098039215686274, "step_sample_count": 256, "data": [0.4073727098193697, 0.4303499561870907, -3.7963021513655932, -5.538849784630326, 2.1270648157276923, 5.484465148559263, -14.977853066384235, 2.1270476074991387, 1.2940595654602651, -0.47031722014934135, 1.7663667652315318, -1.0614650240651098, 1.8414764180230654, 1.766359162618039, -2.333191045959457, -0.10064824018560856, 1.1722986399391084, 0.21301219332712143, -1.5364485961719339, 1.172325927381999, -5.451356160607366, 23.824529856196868, 3.7401543353651685, 7.566902762249977, 7.367014542345695, 3.7401585808486586, 0.34461830241271457, -20.433864563753442, 0.3316620358221044, -0.4490801116473177, 0.12343544162894587, -0.678297399927609, 0.34461830241271457, 0.7777420833239953, 6.3368257939423485, -16.411584735561636, -10.866681747838278, -20.433864563753442], "data_imag": [-1.7780344255847945e-19, 5.794581616820833e-19, 0.0, 0.0, 0.0, 0.0, 0.0, 0.0, 0.0, 0.0, 0.0, 0.0, 0.0, 0.0, 0.0, 0.0, 0.0, 0.0, 0.0, 0.0, 0.0, 0.0, 0.0, 0.0, 0.0, 0.0, 0.0, 0.0, 0.0, 0.0, 0.0, 0.0, 0.0, 0.0, 0.0, 0.0, 0.0, 0.0]}, {"time": 20.588235294117645, "step_sample_count": 256, "data": [0.4084847473671347, 0.429257230958756, -3.4981645106355734, -5.985286329125326, 2.3051669766997196, 5.341077162739909, -14.977873381665493, 2.305149768471254, 1.2865233332622044, -0.1367933840736661, 1.7774305186736326, -0.828301515684525, 1.936172316935997, 1.77742291606012, -1.9937151902888008, -0.29342199929004886, 1.088491167287198, 0.3862139374778, -1.5365029339865321, 1.088518454729732, -5.754813262069931, 24.26357977144662, 3.8748741006694916, 7.091770263260443, 7.900221172559171, 3.874878346153049, 0.3753729639197929, -20.952198629695125, 0.30033251700488, -0.4555759887997873, 0.10184556820727467, -0.6758148883184754, 0.3753729639197929, 0.7929322868912805, 6.482951804689618, -16.78527868648916, -11.106858408228092, -20.952198629695125], "data_imag": [-7.14440859104477e-19, 2.3347055507204078e-18, 0.0, 0.0, 0.0, 0.0, 0.0, 0.0, 0.0, 0.0, 0.0, 0.0, 0.0, 0.0, 0.0, 0.0, 0.0, 0.0, 0.0, 0.0, 0.0, 0.0, 0.0, 0.0, 0.0, 0.0, 0.0, 0.0, 0.0, 0.0, 0.0, 0.0, 0.0, 0.0, 0.0, 0.0, 0.0, 0.0]}, {"time": 21.07843137254902, "step_sample_count": 256, "data": [0.4104209566295826, 0.43332580818864824, -3.2936984091456925, -6.325456363409412, 2.3977284615439305, 5.208477938884909, -14.977879688822574, 2.3977112533154066, 1.155044791762093, 0.16804461622225067, 1.8480885709269343, -0.389794769083348, 1.672298499446894, 1.8480809683133075, -1.571962748976104, -0.7144810095742816, 0.9375169611681379, 0.41755674575282087, -1.5365717650963728, 0.9375442486108951, -5.95898256424094, 24.681279930889684, 4.041725004559978, 6.7473604819552015, 8.380704226051996, 4.041729250043534, 0.3961039819538753, -21.4675214534134, 0.280223935618671, -0.4599239453667894, 0.08837295431339427, -0.6740641092213114, 0.3961039819538753, 0.7967265176321783, 6.638240345026833, -17.17018080223368, -11.3374493722606, -21.4675214534134], "data_imag": [-1.268378894209314e-18, 4.1645542330412714e-18, 0.0, 0.0, 0.0, 0.0, 0.0, 0.0, 0.0, 0.0, 0.0, 0.0, 0.0, 0.0, 0.0, 0.0, 0.0, 0.0, 0.0, 0.0, 0.0, 0.0, 0.0, 0.0, 0.0, 0.0, 0.0, 0.0, 0.0, 0.0, 0.0, 0.0, 0.0, 0.0, 0.0, 0.0, 0.0, 0.0]}, {"time": 21.56862745098039, "step_sample_count": 256, "data": [0.4129586002110011, 0.4415382590595292, -3.2648779426263856, -6.320072947788301, 2.3993137798670077, 5.239946381218321, -14.977854299123612, 2.3992965716384513, 0.9293826496232599, 0.4305574967251962, 1.9786282850138077, 0.14206327145067593, 1.1778794125193206, 1.9786206824001042, -1.0867503183747476, -1.2267746065674536, 0.7854391950939619, 0.42294822414507505, -1.536639841066109, 0.7854664825362734, -6.153111349045198, 24.991816125681954, 4.192782843217125, 6.650497588098843, 8.512921655699495, 4.192787088700279, 0.415313678622769, -21.976192869135794, 0.27731011053750115, -0.47635450006479785, 0.08843372637569932, -0.687587108640404, 0.415313678622769, 0.8017989623077992, 6.804091504963983, -17.57161685741388, -11.57561845443076, -21.976192869135794], "data_imag": [-1.1479102823409285e-18, 3.7923153869066e-18, 0.0, 0.0, 0.0, 0.0, 0.0, 0.0, 0.0, 0.0, 0.0, 0.0, 0.0, 0.0, 0.0, 0.0, 0.0, 0.0, 0.0, 0.0, 0.0, 0.0, 0.0, 0.0, 0.0, 0.0, 0.0, 0.0, 0.0, 0.0, 0.0, 0.0, 0.0, 0.0, 0.0, 0.0, 0.0, 0.0]}, {"time": 22.058823529411764, "step_sample_count": 256, "data": [0.41510071463985226, 0.4483012849436475, -3.3772999101615997, -5.934847151338514, 2.364492304941898, 5.504702799444472, -14.977815150010608, 2.3644750967132304, 0.7114585219145333, 0.7116283610343297, 2.1387992181824798, 0.5870017379147321, 0.7984721909379899, 2.1387916155689113, -0.6801510680687747, -1.4947074945943257, 0.6777797644780743, 0.5890372383585586, -1.536671885768103, 0.6778070519203861, -6.379456442583752, 25.14001755998064, 4.305994253432389, 6.8460265982741175, 8.15259264719264, 4.305998498915543, 0.4468326412938357, -22.480341351887198, 0.2772096855177079, -0.5167735680956315, 0.09997850768280818, -0.7158063001746459, 0.4468326412938357, 0.8307784885236421, 6.9690680987328575, -17.976874995333155, -11.842967587437498, -22.480341351887198], "data_imag": [-1.8680825723642513e-18, 6.203539286357233e-18, 0.0, 0.0, 0.0, 0.0, 0.0, 0.0, 0.0, 0.0, 0.0, 0.0, 0.0, 0.0, 0.0, 0.0, 0.0, 0.0, 0.0, 0.0, 0.0, 0.0, 0.0, 0.0, 0.0, 0.0, 0.0, 0.0, 0.0, 0.0, 0.0, 0.0, 0.0, 0.0, 0.0, 0.0, 0.0, 0.0]}, {"time": 22.549019607843135, "step_sample_count": 256, "data": [0.41555085391989627, 0.44963405700887393, -3.423159713205921, -5.458369437468819, 2.3650247581203407, 5.928144220051691, -14.977805408264404, 2.3650075498916894, 0.6073735526755691, 1.0716081819983523, 2.2953602129686197, 0.7877412529421471, 0.8604628848768329, 2.295352610355079, -0.4454931763416435, -1.4678505989238755, 0.6012419887785975, 0.8708571122188845, -1.5366804015339746, 0.601269276221132, -6.491971256277019, 25.24954066722235, 4.393699878478188, 7.234885162449713, 7.673607851289981, 4.3937041239610295, 0.5014276003869763, -22.992408512062926, 0.25234534329463126, -0.5779989219710292, 0.1087636824162871, -0.7423275985903401, 0.5014276003869763, 0.8824790930128459, 7.121319723335308, -18.361778850557943, -12.125456755875815, -22.992408512062926], "data_imag": [1.293730482775455e-18, -4.300886454876319e-18, 0.0, 0.0, 0.0, 0.0, 0.0, 0.0, 0.0, 0.0, 0.0, 0.0, 0.0, 0.0, 0.0, 0.0, 0.0, 0.0, 0.0, 0.0, 0.0, 0.0, 0.0, 0.0, 0.0, 0.0, 0.0, 0.0, 0.0, 0.0, 0.0, 0.0, 0.0, 0.0, 0.0, 0.0, 0.0, 0.0]}, {"time": 23.03921568627451, "step_sample_count": 256, "data": [0.414988933366038, 0.44727292618543185, -3.317160857280789, -5.07400362319737, 2.4397851293859936, 6.415145008571746, -14.97784136660907, 2.439767921157334, 0.5838106892790749, 1.4228969844163917, 2.4548673717344074, 0.8113440107637914, 1.172725521879629, 2.454859769120825, -0.4255439721240184, -1.322019491230287, 0.4874053721889816, 1.051919174069967, -1.5366702796021012, 0.48743265963147175, -6.328912891226609, 25.484442705654327, 4.487831895036607, 7.66163648380813, 7.563859666717673, 4.487836140519181, 0.5789982227474385, -23.532967348797126, 0.20324737579780033, -0.6447186184147082, 0.09974046503831237, -0.7677274871221693, 0.5789982227474385, 0.9462224818222548, 7.260268967730028, -18.704075299004945, -12.39004034118132, -23.532967348797126], "data_imag": [-2.9326530176286434e-19, 9.736148381747227e-19, 0.0, 0.0, 0.0, 0.0, 0.0, 0.0, 0.0, 0.0, 0.0, 0.0, 0.0, 0.0, 0.0, 0.0, 0.0, 0.0, 0.0, 0.0, 0.0, 0.0, 0.0, 0.0, 0.0, 0.0, 0.0, 0.0, 0.0, 0.0, 0.0, 0.0, 0.0, 0.0, 0.0, 0.0, 0.0, 0.0]}, {"time": 23.52941176470588, "step_sample_count": 256, "data": [0.414995392625365, 0.44456408823686666, -3.157482391569061, -4.8413251018681445, 2.553420109134721, 6.807669366466006, -14.977917084252141, 2.553402900906098, 0.5781510950722827, 1.650622440997287, 2.666173380833391, 0.8080271460843244, 1.403314709374783, 2.66616577821985, -0.6553781193537028, -1.173404963026774, 0.25677855914513814, 0.9829400030518896, -1.5366197157033874, 0.2568058465869151, -5.9466907865016685, 25.84234903971926, 4.595310165977252, 8.069341899410995, 7.821178346339399, 4.595314411460184, 0.6594826254246984, -24.11919201507963, 0.15122603808681073, -0.6968544415013219, 0.0731786781478289, -0.7932582566140848, 0.6594826254246984, 1.0270217958111776, 7.400943723767382, -19.000377320387777, -12.62330768542759, -24.11919201507963], "data_imag": [1.1260572322483123e-18, -3.7384685057241625e-18, 0.0, 0.0, 0.0, 0.0, 0.0, 0.0, 0.0, 0.0, 0.0, 0.0, 0.0, 0.0, 0.0, 0.0, 0.0, 0.0, 0.0, 0.0, 0.0, 0.0, 0.0, 0.0, 0.0, 0.0, 0.0, 0.0, 0.0, 0.0, 0.0, 0.0, 0.0, 0.0, 0.0, 0.0, 0.0, 0.0]}, {"time": 24.019607843137255, "step_sample_count": 256, "data": [0.4161274642650484, 0.442841061688363, -3.1076402939687986, -4.773278561157874, 2.601989655863104, 6.928126591748996, -14.977984638793972, 2.6019724476344672, 0.5772887300948504, 1.7055863258324417, 2.9641099702344404, 0.8463631434281685, 1.4196956439566022, 2.96410236762091, -1.0435972046950301, -1.0522088998671546, -0.09093969279117559, 0.7272350335154781, -1.536518355551348, -0.0909124053500228, -5.509043024657108, 26.247956688245605, 4.66955502341109, 8.442849023266213, 8.217921397153978, 4.669559268893846, 0.7085392405574604, -24.741015286716024, 0.11989519776206639, -0.7161411649954782, 0.04446385285181861, -0.8090068744565986, 0.7085392405574604, 1.1235780133987385, 7.552965843297364, -19.270478443346217, -12.834680582364427, -24.741015286716024], "data_imag": [6.662502431973012e-20, -2.217960194141318e-19, 0.0, 0.0, 0.0, 0.0, 0.0, 0.0, 0.0, 0.0, 0.0, 0.0, 0.0, 0.0, 0.0, 0.0, 0.0, 0.0, 0.0, 0.0, 0.0, 0.0, 0.0, 0.0, 0.0, 0.0, 0.0, 0.0, 0.0, 0.0, 0.0, 0.0, 0.0, 0.0, 0.0, 0.0, 0.0, 0.0]}, {"time": 24.509803921568626, "step_sample_count": 256, "data": [0.4182666104340677, 0.44248614100461414, -3.191150779251476, -4.876103917284109, 2.5277547825219795, 6.746377906555728, -14.97801910115165, 2.527737574293342, 0.5863103542286592, 1.5873260984506585, 3.3115527738317176, 0.9318944632400593, 1.220922143253338, 3.3115451712181887, -1.3516137999449807, -0.9521043389718035, -0.4311838970085474, 0.5321439167598416, -1.53642612381905, -0.4311566095662354, -5.178833488599069, 26.620738385272766, 4.652969209794605, 8.777522330873877, 8.511089832778252, 4.652973455277941, 0.71444700418374, -25.35634201887952, 0.11591966782199939, -0.6977050951069667, 0.020118565201564808, -0.8102368232911906, 0.71444700418374, 1.218511367326059, 7.711084735482675, -19.552672747229323, -13.050928930906696, -25.35634201887952], "data_imag": [-1.4721097144553645e-18, 4.9258747236184696e-18, 0.0, 0.0, 0.0, 0.0, 0.0, 0.0, 0.0, 0.0, 0.0, 0.0, 0.0, 0.0, 0.0, 0.0, 0.0, 0.0, 0.0, 0.0, 0.0, 0.0, 0.0, 0.0, 0.0, 0.0, 0.0, 0.0, 0.0, 0.0, 0.0, 0.0, 0.0, 0.0, 0.0, 0.0, 0.0, 0.0]}], "random_generator": {"seed": "very_nice_seed"}, "realworld_total_calculation_time": 49.678}