{"hamiltonian": {"U": 1.0, "E": 0.8, "J": 0.1, "phi": 2.5132741228718345, "type": "FirstOrderVariationalClassicalNetworkHamiltonian", "eta_calculation_sampler": {"system_geometry": {"type": "SquareSystemNonPeriodicState", "size": 2}, "initial_system_state": {"type": "HomogenousInitialSystemState"}, "type": "ExactSampler"}, "psi_selection": {"type": "SquareDirectionDependentAllSameFirstOrder", "number_of_psis": 12, "J": 0.1}, "random_generator": {"seed": "46954944"}, "init_sigma": 1e-05, "pseudo_inverse_cutoff": 1e-10, "effective_time_step_size": 0.005040322580645161, "number_workers": 16, "variational_step_fraction_multiplier": 64, "ue_might_change": true, "ue_variational": true}, "start_time": 0.0, "time_step": 0.3225806451612903, "number_of_time_steps": 31, "sampler": {"system_geometry": {"type": "SquareSystemNonPeriodicState", "size": 2}, "initial_system_state": {"type": "HomogenousInitialSystemState"}, "type": "ExactSampler"}, "observables": [{"type": "Energy", "label": "Energy per site"}, {"type": "EnergyVariance", "label": "Energy Variance per site"}, {"type": "VCNFactor", "label": "Re-Part of VCN Parameter 0", "param_real_part": true, "param_index": 0, "can_return_value": true}, {"type": "VCNFactor", "label": "Re-Part of VCN Parameter 1", "param_real_part": true, "param_index": 1, "can_return_value": true}, {"type": "VCNFactor", "label": "Re-Part of VCN Parameter 2", "param_real_part": true, "param_index": 2, "can_return_value": true}, {"type": "VCNFactor", "label": "Re-Part of VCN Parameter 3", "param_real_part": true, "param_index": 3, "can_return_value": true}, {"type": "VCNFactor", "label": "Re-Part of VCN Parameter 4", "param_real_part": true, "param_index": 4, "can_return_value": true}, {"type": "VCNFactor", "label": "Re-Part of VCN Parameter 5", "param_real_part": true, "param_index": 5, "can_return_value": true}, {"type": "VCNFactor", "label": "Re-Part of VCN Parameter 6", "param_real_part": true, "param_index": 6, "can_return_value": true}, {"type": "VCNFactor", "label": "Re-Part of VCN Parameter 7", "param_real_part": true, "param_index": 7, "can_return_value": true}, {"type": "VCNFactor", "label": "Re-Part of VCN Parameter 8", "param_real_part": true, "param_index": 8, "can_return_value": true}, {"type": "VCNFactor", "label": "Re-Part of VCN Parameter 9", "param_real_part": true, "param_index": 9, "can_return_value": true}, {"type": "VCNFactor", "label": "Re-Part of VCN Parameter 10", "param_real_part": true, "param_index": 10, "can_return_value": true}, {"type": "VCNFactor", "label": "Re-Part of VCN Parameter 11", "param_real_part": true, "param_index": 11, "can_return_value": true}, {"type": "VCNFactor", "label": "Im-Part of VCN Parameter 0", "param_real_part": false, "param_index": 0, "can_return_value": true}, {"type": "VCNFactor", "label": "Im-Part of VCN Parameter 1", "param_real_part": false, "param_index": 1, "can_return_value": true}, {"type": "VCNFactor", "label": "Im-Part of VCN Parameter 2", "param_real_part": false, "param_index": 2, "can_return_value": true}, {"type": "VCNFactor", "label": "Im-Part of VCN Parameter 3", "param_real_part": false, "param_index": 3, "can_return_value": true}, {"type": "VCNFactor", "label": "Im-Part of VCN Parameter 4", "param_real_part": false, "param_index": 4, "can_return_value": true}, {"type": "VCNFactor", "label": "Im-Part of VCN Parameter 5", "param_real_part": false, "param_index": 5, "can_return_value": true}, {"type": "VCNFactor", "label": "Im-Part of VCN Parameter 6", "param_real_part": false, "param_index": 6, "can_return_value": true}, {"type": "VCNFactor", "label": "Im-Part of VCN Parameter 7", "param_real_part": false, "param_index": 7, "can_return_value": true}, {"type": "VCNFactor", "label": "Im-Part of VCN Parameter 8", "param_real_part": false, "param_index": 8, "can_return_value": true}, {"type": "VCNFactor", "label": "Im-Part of VCN Parameter 9", "param_real_part": false, "param_index": 9, "can_return_value": true}, {"type": "VCNFactor", "label": "Im-Part of VCN Parameter 10", "param_real_part": false, "param_index": 10, "can_return_value": true}, {"type": "VCNFactor", "label": "Im-Part of VCN Parameter 11", "param_real_part": false, "param_index": 11, "can_return_value": true}, {"type": "BaseEnergyFactor", "label": "Re-Part of BE-Factor U", "param_real_part": true, "param_index": -1, "can_return_value": true, "kind": "U"}, {"type": "BaseEnergyFactor", "label": "Im-Part of BE-Factor U", "param_real_part": false, "param_index": -1, "can_return_value": true, "kind": "U"}, {"type": "BaseEnergyFactor", "label": "Re-Part of BE-Factor eps-0", "param_real_part": true, "param_index": 0, "can_return_value": true, "kind": "eps"}, {"type": "BaseEnergyFactor", "label": "Re-Part of BE-Factor eps-1", "param_real_part": true, "param_index": 1, "can_return_value": true, "kind": "eps"}, {"type": "BaseEnergyFactor", "label": "Re-Part of BE-Factor eps-2", "param_real_part": true, "param_index": 2, "can_return_value": true, "kind": "eps"}, {"type": "BaseEnergyFactor", "label": "Re-Part of BE-Factor eps-3", "param_real_part": true, "param_index": 3, "can_return_value": true, "kind": "eps"}, {"type": "BaseEnergyFactor", "label": "Re-Part of BE-Factor eps-4", "param_real_part": true, "param_index": 4, "can_return_value": true, "kind": "eps"}, {"type": "BaseEnergyFactor", "label": "Im-Part of BE-Factor eps-0", "param_real_part": false, "param_index": 0, "can_return_value": true, "kind": "eps"}, {"type": "BaseEnergyFactor", "label": "Im-Part of BE-Factor eps-1", "param_real_part": false, "param_index": 1, "can_return_value": true, "kind": "eps"}, {"type": "BaseEnergyFactor", "label": "Im-Part of BE-Factor eps-2", "param_real_part": false, "param_index": 2, "can_return_value": true, "kind": "eps"}, {"type": "BaseEnergyFactor", "label": "Im-Part of BE-Factor eps-3", "param_real_part": false, "param_index": 3, "can_return_value": true, "kind": "eps"}, {"type": "BaseEnergyFactor", "label": "Im-Part of BE-Factor eps-4", "param_real_part": false, "param_index": 4, "can_return_value": true, "kind": "eps"}], "measurements": [{"time": 0.0, "step_sample_count": 256, "data": [0.06150994716214185, 0.23217153648874098, -2.409211346512654e-05, 1.3364613742072939e-05, 1.5426940819682473e-06, -2.3095526437844924e-06, 2.9577584621232426e-06, -1.5668367408516222e-05, 1.0073359691169309e-05, -1.2604172898632618e-05, -1.1358230129747497e-05, 3.80637423358691e-06, 2.8480717089983352e-06, -1.895923534861108e-05, -1.1357545410297846e-05, 4.318272037258513e-06, -1.4618044943022195e-05, 1.2968369814907847e-06, -2.4229613465669603e-06, 1.2658790972584678e-05, -4.320935634434884e-06, -4.807979398987998e-06, -1.0283182688040512e-05, 1.5791125000597532e-06, 1.6795899010380995e-05, -6.0341603244068835e-06, 7.2706396032623796e-06, -2.5990623020784137e-06, 2.105483127674879e-05, 1.1085069673905734e-05, -9.132533945527703e-06, -1.2101228867378676e-06, 7.2706396032623796e-06, -5.612770751019133e-06, -2.3901402852107364e-06, -7.7877375531777e-06, 4.464171819755137e-06, -2.5990623020784137e-06], "data_imag": [-8.271351266177394e-25, 4.0701630347366896e-25, 0.0, 0.0, 0.0, 0.0, 0.0, 0.0, 0.0, 0.0, 0.0, 0.0, 0.0, 0.0, 0.0, 0.0, 0.0, 0.0, 0.0, 0.0, 0.0, 0.0, 0.0, 0.0, 0.0, 0.0, 0.0, 0.0, 0.0, 0.0, 0.0, 0.0, 0.0, 0.0, 0.0, 0.0, 0.0, 0.0]}, {"time": 0.3225806451612903, "step_sample_count": 256, "data": [0.06156251395137704, 0.23233724383414972, 0.004617434402427755, -0.04637514701013136, 0.0590438375006851, 0.005213664492122179, -0.045659284940218536, 0.059026626439200106, 0.005164614384301134, -0.04601659719177384, 0.05929381564620502, 0.004741973717020109, -0.04653130928611208, 0.05928621464098502, 0.31221493762637464, 0.3048606747853123, 0.30945888675932964, 0.32586671354180724, 0.3326978520995595, 0.30948616359521885, 0.3250623885275509, 0.32997193667575647, 0.31048853863646286, 0.31516872538423946, 0.3097541195016412, 0.31049278765884475, 0.001501990804518031, -0.3231549389811091, -0.001855736220488282, 0.004637237381039911, -0.006619252596826119, -0.00010710900808425415, 0.001501990804518031, 0.00041807093153667396, 0.207837634357312, -0.1502778848704704, 0.057148427064273, -0.3231549389811091], "data_imag": [1.5330349658786712e-19, -7.550198917988362e-20, 0.0, 0.0, 0.0, 0.0, 0.0, 0.0, 0.0, 0.0, 0.0, 0.0, 0.0, 0.0, 0.0, 0.0, 0.0, 0.0, 0.0, 0.0, 0.0, 0.0, 0.0, 0.0, 0.0, 0.0, 0.0, 0.0, 0.0, 0.0, 0.0, 0.0, 0.0, 0.0, 0.0, 0.0, 0.0, 0.0]}, {"time": 0.6451612903225806, "step_sample_count": 256, "data": [0.061596526467154696, 0.23258159933606914, 0.016491405248048038, -0.18579624155537883, 0.2113247523916044, 0.018249527373933826, -0.18244243821406936, 0.2113075413301161, 0.018388176328699272, -0.18685956755014996, 0.2151517020932941, 0.017167587848859876, -0.18936302568504998, 0.2151441010880731, 0.6252232170606258, 0.5628037685723815, 0.5483707116295574, 0.6090538631060645, 0.6628030038102738, 0.5483979884654625, 0.6196337364664616, 0.6579709762595872, 0.5554786255966204, 0.6317475941098084, 0.584980599047414, 0.5554828746189898, 0.005450079152843913, -0.6494572288317025, -0.006979014754968725, 0.018512031266886435, -0.025677094506618325, -0.00016469027764804523, 0.005450079152843913, 0.0015997668392507714, 0.4207247033041187, -0.30292065244554683, 0.11620956697914656, -0.6494572288317025], "data_imag": [-7.148200200005963e-19, 3.5224344224975e-19, 0.0, 0.0, 0.0, 0.0, 0.0, 0.0, 0.0, 0.0, 0.0, 0.0, 0.0, 0.0, 0.0, 0.0, 0.0, 0.0, 0.0, 0.0, 0.0, 0.0, 0.0, 0.0, 0.0, 0.0, 0.0, 0.0, 0.0, 0.0, 0.0, 0.0, 0.0, 0.0, 0.0, 0.0, 0.0, 0.0]}, {"time": 0.967741935483871, "step_sample_count": 256, "data": [0.06161935616890029, 0.2325183567358249, 0.026248410246583642, -0.4068084702414799, 0.3953281270433377, 0.03301695538968349, -0.4025977211517471, 0.3953109159818477, 0.0343305360212787, -0.4235949303964221, 0.4119705247259064, 0.03004276792842107, -0.42741577412480003, 0.4119629237206972, 0.9448512368257356, 0.7169380861656953, 0.6850169700548469, 0.8092204540289463, 0.9804855711112171, 0.6850442468907522, 0.8546536493130186, 0.9748556022830576, 0.7038890306343177, 0.9561572567902571, 0.7804171790435959, 0.7038932796566788, 0.00997323184814816, -0.9802238804931049, -0.013690096377113605, 0.04113527027682807, -0.05431352534361269, 0.0005382458831166834, 0.00997323184814816, 0.003614812604640399, 0.6431716313015502, -0.4611993096987329, 0.1783672360601141, -0.9802238804931049], "data_imag": [-3.5060273622892137e-19, 1.7283131901984704e-19, 0.0, 0.0, 0.0, 0.0, 0.0, 0.0, 0.0, 0.0, 0.0, 0.0, 0.0, 0.0, 0.0, 0.0, 0.0, 0.0, 0.0, 0.0, 0.0, 0.0, 0.0, 0.0, 0.0, 0.0, 0.0, 0.0, 0.0, 0.0, 0.0, 0.0, 0.0, 0.0, 0.0, 0.0, 0.0, 0.0]}, {"time": 1.2903225806451613, "step_sample_count": 256, "data": [0.06154628095926411, 0.23170759408619732, 0.011198497115891631, -0.6630478298194636, 0.5534010388331069, 0.050300344560349534, -0.68407606168723, 0.5533838277715885, 0.05262951618713404, -0.7489179029531681, 0.5971135661093351, 0.027554604531435885, -0.7374542720380258, 0.5971059651041755, 1.2840681306350203, 0.7022901226700822, 0.7341944269847283, 0.8941480509003248, 1.266854773481564, 0.734221703820644, 1.005801714482326, 1.2617704994145345, 0.7662413600400623, 1.3037781347196382, 0.8367559721210762, 0.7662456090624291, 0.012782397416034118, -1.3137807733151572, -0.019792841223596515, 0.07050087123693151, -0.08793287569618989, 0.002393763156360464, 0.012782397416034118, 0.005434051549554758, 0.8786229774972261, -0.6299037646213727, 0.24330936318444266, -1.3137807733151572], "data_imag": [-1.0584655285466404e-19, 5.2115693444502024e-20, 0.0, 0.0, 0.0, 0.0, 0.0, 0.0, 0.0, 0.0, 0.0, 0.0, 0.0, 0.0, 0.0, 0.0, 0.0, 0.0, 0.0, 0.0, 0.0, 0.0, 0.0, 0.0, 0.0, 0.0, 0.0, 0.0, 0.0, 0.0, 0.0, 0.0, 0.0, 0.0, 0.0, 0.0, 0.0, 0.0]}, {"time": 1.6129032258064515, "step_sample_count": 256, "data": [0.0612198083701558, 0.22988839172762088, -0.07024144670980559, -0.842514334042385, 0.6554833762830814, 0.09327717371696821, -0.9812119704804776, 0.6554661652215855, 0.09112291792853004, -1.1377420147682493, 0.7422258882410299, -0.020537578425743747, -1.0452731532841617, 0.7422182872359022, 1.6500821228784917, 0.4835852940125873, 0.7344577067865593, 0.8511999087848986, 1.5069542265196567, 0.7344849836225421, 1.0568766753243048, 1.4968799938685884, 0.7735287917316755, 1.692427375882056, 0.6974681788554499, 0.7735330407540484, 0.013117397360751926, -1.6468607406578462, -0.023540463544238787, 0.10048547243096913, -0.11958688721816238, 0.00448121225661919, 0.013117397360751926, 0.00610887118836191, 1.1285061852736524, -0.8133463305344126, 0.30907988252084373, -1.6468607406578462], "data_imag": [2.3455474566665445e-18, -1.1487517265618575e-18, 0.0, 0.0, 0.0, 0.0, 0.0, 0.0, 0.0, 0.0, 0.0, 0.0, 0.0, 0.0, 0.0, 0.0, 0.0, 0.0, 0.0, 0.0, 0.0, 0.0, 0.0, 0.0, 0.0, 0.0, 0.0, 0.0, 0.0, 0.0, 0.0, 0.0, 0.0, 0.0, 0.0, 0.0, 0.0, 0.0]}, {"time": 1.935483870967742, "step_sample_count": 256, "data": [0.06061976660084827, 0.22724541662993497, -0.2679098355409389, -0.7934906302904917, 0.697744390345766, 0.20286879663836888, -1.2351140360166561, 0.6977271792842611, 0.19192295041399934, -1.5446188230001825, 0.8405625007844321, -0.16322397160115104, -1.2124428035181851, 0.8405548997793295, 2.013787721697913, 0.13870355202289386, 0.7240407524451742, 0.709924172528427, 1.718965348819477, 0.7240680292811074, 1.0130731153583434, 1.6742746114433915, 0.7550914908616517, 2.1179754898435106, 0.3661416862686887, 0.755095739883918, 0.012125130081317475, -1.9771635898095743, -0.0249941843339149, 0.12068525663708238, -0.13995465365486648, 0.005802365479491093, 0.012125130081317475, 0.0067637062404370014, 1.3887456661201696, -1.0095116769122485, 0.37244518245879377, -1.9771635898095743], "data_imag": [-1.9777379401310308e-18, 9.591200986270841e-19, 0.0, 0.0, 0.0, 0.0, 0.0, 0.0, 0.0, 0.0, 0.0, 0.0, 0.0, 0.0, 0.0, 0.0, 0.0, 0.0, 0.0, 0.0, 0.0, 0.0, 0.0, 0.0, 0.0, 0.0, 0.0, 0.0, 0.0, 0.0, 0.0, 0.0, 0.0, 0.0, 0.0, 0.0, 0.0, 0.0]}, {"time": 2.258064516129032, "step_sample_count": 256, "data": [0.06006637160979428, 0.2246153062521372, -0.5947177169671053, -0.4677843062290352, 0.6916453090171699, 0.39071881910869083, -1.4229450828758052, 0.6916280979559175, 0.39346344202488803, -1.9297297643946312, 0.8957569343485262, -0.44391868379240385, -1.1155188380167687, 0.8957493333435076, 2.3021659654303352, -0.12693047056857948, 0.7311375751275541, 0.5434794237748369, 1.959357956120408, 0.7311648519633211, 0.9231723086330835, 1.8252566450943362, 0.7313319849641603, 2.524936417102367, -0.01959821557956675, 0.731336233986363, 0.011466780144804704, -2.304315304769231, -0.02733904559944143, 0.12388393734944968, -0.14336012233329434, 0.008058684544669039, 0.011466780144804704, 0.009023658637948623, 1.647114003439095, -1.2064625342054416, 0.43142231431619477, -2.304315304769231], "data_imag": [-4.842422016609758e-19, 2.3269337627290505e-19, 0.0, 0.0, 0.0, 0.0, 0.0, 0.0, 0.0, 0.0, 0.0, 0.0, 0.0, 0.0, 0.0, 0.0, 0.0, 0.0, 0.0, 0.0, 0.0, 0.0, 0.0, 0.0, 0.0, 0.0, 0.0, 0.0, 0.0, 0.0, 0.0, 0.0, 0.0, 0.0, 0.0, 0.0, 0.0, 0.0]}, {"time": 2.5806451612903225, "step_sample_count": 256, "data": [0.05993722982008901, 0.22312442667433696, -0.9985587018728772, -0.0032270937167806924, 0.6562861753528876, 0.6103934384201268, -1.5825264667898458, 0.6562689642915808, 0.6758588833663493, -2.304141055182451, 0.9152066725768125, -0.8457939811029579, -0.8026595562747493, 0.9151990715716879, 2.4513835784995504, -0.15019418196615822, 0.7731950819186294, 0.4110314648975143, 2.2660371105715034, 0.7732223587543826, 0.8567123191076772, 1.9936818306242299, 0.7158073843913676, 2.8301169748123645, -0.26021607912102274, 0.7158116334135415, 0.011934150246934169, -2.6292697277992443, -0.033605854837303786, 0.11435442690606187, -0.13477550233710536, 0.01367608364441957, 0.011934150246934169, 0.011440733990318211, 1.8911070231099054, -1.3908684932345285, 0.48821335000805577, -2.6292697277992443], "data_imag": [-2.1670330349629784e-19, 1.039087656354409e-19, 0.0, 0.0, 0.0, 0.0, 0.0, 0.0, 0.0, 0.0, 0.0, 0.0, 0.0, 0.0, 0.0, 0.0, 0.0, 0.0, 0.0, 0.0, 0.0, 0.0, 0.0, 0.0, 0.0, 0.0, 0.0, 0.0, 0.0, 0.0, 0.0, 0.0, 0.0, 0.0, 0.0, 0.0, 0.0, 0.0]}, {"time": 2.903225806451613, "step_sample_count": 256, "data": [0.06005658698943906, 0.22311586317834195, -1.3998455158935514, 0.4122607189607894, 0.6150300903409843, 0.8019397481189527, -1.760332062794291, 0.615012879279643, 0.9749156156549283, -2.712299687168907, 0.9089434537799009, -1.2999014372687783, -0.45346485113770846, 0.9089358527747566, 2.4549213593301324, 0.06301008810734411, 0.8564353643614694, 0.31481606291691044, 2.624397743650076, 0.8564626411971982, 0.8379260665398531, 2.1847875343081045, 0.7174127715007342, 3.0008047986729296, -0.2924899525335212, 0.7174170205229047, 0.013071602021724534, -2.95357549959147, -0.0432452549251351, 0.10214829541932167, -0.1237344656390678, 0.022681002061750853, 0.013071602021724534, 0.011882327745456943, 2.1188392407842156, -1.559679679841941, 0.5461433413641079, -2.95357549959147], "data_imag": [-3.5210602803170696e-19, 1.6917029041593656e-19, 0.0, 0.0, 0.0, 0.0, 0.0, 0.0, 0.0, 0.0, 0.0, 0.0, 0.0, 0.0, 0.0, 0.0, 0.0, 0.0, 0.0, 0.0, 0.0, 0.0, 0.0, 0.0, 0.0, 0.0, 0.0, 0.0, 0.0, 0.0, 0.0, 0.0, 0.0, 0.0, 0.0, 0.0, 0.0, 0.0]}, {"time": 3.225806451612903, "step_sample_count": 256, "data": [0.06000491370377003, 0.2240536245067733, -1.7421733197864597, 0.6764115546909444, 0.5921238927450778, 0.9373725082222244, -1.97353376583968, 0.5921066816837334, 1.2520616970821623, -3.191011178894176, 0.8901383334909316, -1.7607166662810319, -0.1898966418645695, 0.89013073248574, 2.3547850232970187, 0.4104210784963228, 0.9739737938422919, 0.22559037092722017, 3.004736753825592, 0.9740010706780385, 0.8470879284417437, 2.381673504440117, 0.7401714183355425, 3.0650441271075586, -0.18199709244216566, 0.7401756673576281, 0.013808774915092387, -3.2786855746358716, -0.05490145859337742, 0.09223389304614234, -0.11409704132286518, 0.03465687729254535, 0.013808774915092387, 0.009920064721900228, 2.336337690707093, -1.7179527666049041, 0.6067961799462873, -3.2786855746358716], "data_imag": [-5.145726485017063e-19, 2.4701509894132203e-19, 0.0, 0.0, 0.0, 0.0, 0.0, 0.0, 0.0, 0.0, 0.0, 0.0, 0.0, 0.0, 0.0, 0.0, 0.0, 0.0, 0.0, 0.0, 0.0, 0.0, 0.0, 0.0, 0.0, 0.0, 0.0, 0.0, 0.0, 0.0, 0.0, 0.0, 0.0, 0.0, 0.0, 0.0, 0.0, 0.0]}, {"time": 3.5483870967741935, "step_sample_count": 256, "data": [0.05981411661995928, 0.2254800791511353, -2.0080035082901935, 0.769132784458199, 0.6051521973264986, 1.0171721635151918, -2.225355638512294, 0.6051349862651448, 1.5091034945395947, -3.787235046896249, 0.8726820643221578, -2.234402216385198, -0.0506090639138916, 0.8726744633169642, 2.2023033329144477, 0.7985372597469108, 1.1060960596871292, 0.11812351355757464, 3.391393245544718, 1.106123336522837, 0.8668645224639141, 2.5647622996541446, 0.7820511369194356, 3.052271336202394, 0.003905057897799143, 0.7820553859415559, 0.01299828925049297, -3.605239658775623, -0.06854389407381861, 0.08381877078703107, -0.10402537841753269, 0.05036864055980074, 0.01299828925049297, 0.005099420701993568, 2.54948675334973, -1.8712595703716413, 0.6710711043245688, -3.605239658775623], "data_imag": [1.9227562369558337e-18, -9.200637263122419e-19, 0.0, 0.0, 0.0, 0.0, 0.0, 0.0, 0.0, 0.0, 0.0, 0.0, 0.0, 0.0, 0.0, 0.0, 0.0, 0.0, 0.0, 0.0, 0.0, 0.0, 0.0, 0.0, 0.0, 0.0, 0.0, 0.0, 0.0, 0.0, 0.0, 0.0, 0.0, 0.0, 0.0, 0.0, 0.0, 0.0]}, {"time": 3.870967741935484, "step_sample_count": 256, "data": [0.05985410391663682, 0.22725358436926726, -2.20347782228974, 0.7031309099387462, 0.656891605645615, 1.0522476247748436, -2.5205861141780765, 0.6568743945842814, 1.7683811294993221, -4.58108391506716, 0.8666064247666699, -2.756738902351771, -0.05661113507831339, 0.8665988237614571, 2.032085183994335, 1.1694071042379077, 1.2264689397622763, -0.023981735583334704, 3.778533822054324, 1.2264962165979547, 0.9009036521179408, 2.6825194387600093, 0.8346622755074409, 2.9545531291676337, 0.22499422326012905, 0.8346665245296546, 0.00963360986772456, -3.9328921876829233, -0.08515877524506907, 0.07371379948526981, -0.08957383988101579, 0.07152201035094137, 0.00963360986772456, -0.0049121142644823045, 2.7615403388120643, -2.023250696071069, 0.7408511761945592, -3.9328921876829233], "data_imag": [1.083181975736474e-19, -5.1866309229087134e-20, 0.0, 0.0, 0.0, 0.0, 0.0, 0.0, 0.0, 0.0, 0.0, 0.0, 0.0, 0.0, 0.0, 0.0, 0.0, 0.0, 0.0, 0.0, 0.0, 0.0, 0.0, 0.0, 0.0, 0.0, 0.0, 0.0, 0.0, 0.0, 0.0, 0.0, 0.0, 0.0, 0.0, 0.0, 0.0, 0.0]}, {"time": 4.193548387096774, "step_sample_count": 256, "data": [0.06040879440224566, 0.2292422636179059, -2.34089359138847, 0.49898030650330133, 0.733963197096254, 1.0574196031794538, -2.866339492038935, 0.7339459860348813, 2.0649209315069794, -5.6903978477373816, 0.8748505407829325, -3.370540783754573, -0.24654587102303904, 0.8748429397776843, 1.8589819250029769, 1.4903467801544996, 1.313325571627613, -0.21514839059502958, 4.16387740283119, 1.313352848463266, 0.9836330922932122, 2.591448940746622, 0.8862501615436325, 2.713098460610596, 0.43198061900213136, 0.8862544105658342, 0.003164024443428949, -4.260486351093524, -0.10649255866053738, 0.05725964058334233, -0.06576529756306553, 0.10030065886278061, 0.003164024443428949, -0.025981877467365147, 2.9723772248975258, -2.174752429073659, 0.8208478823100124, -4.260486351093524], "data_imag": [-1.6720536928861298e-18, 8.080539821045908e-19, 0.0, 0.0, 0.0, 0.0, 0.0, 0.0, 0.0, 0.0, 0.0, 0.0, 0.0, 0.0, 0.0, 0.0, 0.0, 0.0, 0.0, 0.0, 0.0, 0.0, 0.0, 0.0, 0.0, 0.0, 0.0, 0.0, 0.0, 0.0, 0.0, 0.0, 0.0, 0.0, 0.0, 0.0, 0.0, 0.0]}, {"time": 4.516129032258064, "step_sample_count": 256, "data": [0.061397856370905175, 0.23109335250825577, -2.4283552108000768, 0.17883104025289767, 0.8137738426455555, 1.0525979238047365, -3.2692428948449908, 0.8137566315842286, 2.4340077563397355, -7.221732928554233, 0.8932549832697511, -4.098100956294562, -0.668176017297246, 0.8932473822646013, 1.6889512343559008, 1.742023293591403, 1.3584191902545983, -0.4700065687164579, 4.5497906330110895, 1.3584464670902978, 1.2287113622360557, 1.8962402345915461, 0.9269591357258269, 2.1828016846928517, 0.49253563257639377, 0.9269633847480256, -0.006175057154635652, -4.586330674240054, -0.13379489465236327, 0.029328176627440868, -0.02783609302907972, 0.1377170260688601, -0.006175057154635652, -0.07223729751004253, 3.173567847149841, -2.3186645837834505, 0.9235819778951433, -4.586330674240054], "data_imag": [-1.502707239169528e-18, 7.38104025904401e-19, 0.0, 0.0, 0.0, 0.0, 0.0, 0.0, 0.0, 0.0, 0.0, 0.0, 0.0, 0.0, 0.0, 0.0, 0.0, 0.0, 0.0, 0.0, 0.0, 0.0, 0.0, 0.0, 0.0, 0.0, 0.0, 0.0, 0.0, 0.0, 0.0, 0.0, 0.0, 0.0, 0.0, 0.0, 0.0, 0.0]}, {"time": 4.838709677419355, "step_sample_count": 256, "data": [0.06232364634735324, 0.23227870257211714, -2.4686336260407025, -0.22778699369875782, 0.8743844460779379, 1.066010826306861, -3.731745607024834, 0.8743672350161579, 2.698115275106522, -8.609398176411004, 0.913780914729174, -4.722830719008803, -1.1573621241063978, 0.9137733137241456, 1.5385160456124265, 1.9083167186134085, 1.3684530754765967, -0.7998590064184036, 4.948848988321526, 1.3684803523109355, 1.9013329361700633, -0.26689841893239175, 0.952528613182374, 1.0808037277197455, 0.10125780646134783, 0.9525328622044995, -0.017233470897968978, -4.908693228870173, -0.14660134021053497, 0.005445306120931389, 0.007457136216085137, 0.1621530763502473, -0.017233470897968978, -0.17248873283089564, 3.3407493688805205, -2.432014986505791, 1.0762754318260241, -4.908693228870173], "data_imag": [-1.4890757106752001e-19, 7.424370238124391e-20, 0.0, 0.0, 0.0, 0.0, 0.0, 0.0, 0.0, 0.0, 0.0, 0.0, 0.0, 0.0, 0.0, 0.0, 0.0, 0.0, 0.0, 0.0, 0.0, 0.0, 0.0, 0.0, 0.0, 0.0, 0.0, 0.0, 0.0, 0.0, 0.0, 0.0, 0.0, 0.0, 0.0, 0.0, 0.0, 0.0]}, {"time": 5.161290322580645, "step_sample_count": 256, "data": [0.06266281550474871, 0.2324137811345862, -2.4740171490446694, -0.661129980029293, 0.9017513467896119, 1.135756609664278, -4.24565259071047, 0.9017341357287314, 2.246545964210436, -7.938706989204176, 0.9287689849760693, -4.579965130842363, -1.0997180078483582, 0.9287613839709588, 1.449424659781252, 1.9788564104723512, 1.360229661482288, -1.2059822371140716, 5.394049943379654, 1.3602569383130634, 2.6258823221543586, -2.825533484372392, 0.9638568001565482, -0.2056189427010607, -0.44747808103333125, 0.9638610491787967, -0.02811995653744816, -5.2265271207221025, -0.08090604393658789, 0.04381167053624503, -0.020063903796641015, 0.10761405808966729, -0.02811995653744816, -0.29009698437126374, 3.512261971906603, -2.5540138681556863, 1.241449880975199, -5.2265271207221025], "data_imag": [-8.527855160382347e-19, 4.275035316530065e-19, 0.0, 0.0, 0.0, 0.0, 0.0, 0.0, 0.0, 0.0, 0.0, 0.0, 0.0, 0.0, 0.0, 0.0, 0.0, 0.0, 0.0, 0.0, 0.0, 0.0, 0.0, 0.0, 0.0, 0.0, 0.0, 0.0, 0.0, 0.0, 0.0, 0.0, 0.0, 0.0, 0.0, 0.0, 0.0, 0.0]}, {"time": 5.483870967741935, "step_sample_count": 256, "data": [0.062370571752635065, 0.2317032717961234, -2.486984219924783, -1.0093989269440873, 0.8924009902212962, 1.3043370797087874, -4.7853322277605495, 0.8923837791603817, 1.5587932213149933, -6.553557708104643, 0.9328158018775163, -4.102588515679819, -0.9077758272014742, 0.9328082008730093, 1.470271183331993, 1.9953335668595122, 1.3538792345392683, -1.6699640802616087, 5.956715223459274, 1.353906511370104, 2.7590345949308688, -3.912920884154258, 0.9636995073494286, -0.9940294780954753, -0.6383057366174597, 0.9637037563712225, -0.036629447811378495, -5.539986614204403, 0.01811181518644872, 0.09335595029710575, -0.061592589663547796, 0.016927458904896633, -0.036629447811378495, -0.3594229572332105, 3.750850879063506, -2.7472390661881616, 1.353907373553445, -5.539986614204403], "data_imag": [-9.880785467557653e-19, 4.930161911813589e-19, 0.0, 0.0, 0.0, 0.0, 0.0, 0.0, 0.0, 0.0, 0.0, 0.0, 0.0, 0.0, 0.0, 0.0, 0.0, 0.0, 0.0, 0.0, 0.0, 0.0, 0.0, 0.0, 0.0, 0.0, 0.0, 0.0, 0.0, 0.0, 0.0, 0.0, 0.0, 0.0, 0.0, 0.0, 0.0, 0.0]}, {"time": 5.806451612903226, "step_sample_count": 256, "data": [0.061655844653895196, 0.23078991828219841, -2.5515950183635687, -1.177814150724228, 0.8524183073858798, 1.5884237144613889, -5.316879113518431, 0.8524010963244477, 1.04400885929787, -5.488213548734371, 0.9219775626406375, -3.6755149924777952, -0.8057326616166075, 0.9219699616377459, 1.6105719758192643, 2.1155926703831773, 1.3678075040839617, -2.1482032865220977, 6.758924972995548, 1.3678347809159401, 2.5598609875057856, -4.360982574411216, 0.9555976852926298, -1.4917862062075642, -0.826039793818813, 0.9556019343125831, -0.04080713347305147, -5.850313805553346, 0.1095371394175059, 0.11248691425210677, -0.07750602467872476, -0.0710339035357302, -0.04080713347305147, -0.4021990276052499, 4.026212216614479, -2.9802084029846783, 1.4369071011686425, -5.850313805553346], "data_imag": [7.44392119248163e-19, -3.6716899892758855e-19, 0.0, 0.0, 0.0, 0.0, 0.0, 0.0, 0.0, 0.0, 0.0, 0.0, 0.0, 0.0, 0.0, 0.0, 0.0, 0.0, 0.0, 0.0, 0.0, 0.0, 0.0, 0.0, 0.0, 0.0, 0.0, 0.0, 0.0, 0.0, 0.0, 0.0, 0.0, 0.0, 0.0, 0.0, 0.0, 0.0]}, {"time": 6.129032258064516, "step_sample_count": 256, "data": [0.06072780220565828, 0.23000650704762393, -2.6391014640890504, -1.2144707374666042, 0.7948742616552913, 1.9346815239153747, -5.8037048590127505, 0.7948570505923177, 0.7511228796077105, -4.66279794261167, 0.8932768741521154, -3.343953907943178, -0.6176760911726387, 0.8932692731483262, 1.8537557415904784, 2.5076426335125452, 1.4154658451234219, -2.607405249223854, 7.917384053784603, 1.4154931219591742, 2.2229957678973586, -4.606221480402472, 0.9447345427966046, -1.8358688862082322, -1.1074402999888842, 0.9447387918184824, -0.039513580331370965, -6.159367603047536, 0.18156348018413127, 0.1024082358224361, -0.07012004256306083, -0.14559193786009297, -0.039513580331370965, -0.4341340471923184, 4.315322676940115, -3.228110191353696, 1.508193724559419, -6.159367603047536], "data_imag": [2.199195620801279e-19, -1.0684185333725588e-19, 0.0, 0.0, 0.0, 0.0, 0.0, 0.0, 0.0, 0.0, 0.0, 0.0, 0.0, 0.0, 0.0, 0.0, 0.0, 0.0, 0.0, 0.0, 0.0, 0.0, 0.0, 0.0, 0.0, 0.0, 0.0, 0.0, 0.0, 0.0, 0.0, 0.0, 0.0, 0.0, 0.0, 0.0, 0.0, 0.0]}, {"time": 6.451612903225806, "step_sample_count": 256, "data": [0.05961487375997243, 0.22912768670791392, -2.6564307248614254, -1.2160696031378495, 0.7372660893499846, 2.2441101913307406, -6.146095515145384, 0.7372488782860512, 0.6496609425524996, -3.9732841331036344, 0.8454177431709443, -3.0995493844014486, -0.27942993368143254, 0.8454101421651616, 2.196212157962052, 3.168090336269907, 1.5028135306057457, -3.0470046581207617, 9.42424885961319, 1.5028408074441766, 1.8776237661423962, -4.720819957128656, 0.9385361663728152, -2.094894485537421, -1.3514314108844838, 0.9385404154044551, -0.03262450941658618, -6.469186219936514, 0.22589997118366884, 0.07652585262327874, -0.05283907163875347, -0.19843071513178728, -0.03262450941658618, -0.4671372497804629, 4.604851617161166, -3.475618797678079, 1.581765750836116, -6.469186219936514], "data_imag": [1.8269007518329768e-19, -8.712836615401735e-20, 0.0, 0.0, 0.0, 0.0, 0.0, 0.0, 0.0, 0.0, 0.0, 0.0, 0.0, 0.0, 0.0, 0.0, 0.0, 0.0, 0.0, 0.0, 0.0, 0.0, 0.0, 0.0, 0.0, 0.0, 0.0, 0.0, 0.0, 0.0, 0.0, 0.0, 0.0, 0.0, 0.0, 0.0, 0.0, 0.0]}, {"time": 6.774193548387097, "step_sample_count": 256, "data": [0.05835771916863127, 0.2277844283397559, -2.5259202508054437, -1.2095833210731644, 0.6990701346869935, 2.43919490131361, -6.212513840702411, 0.6990529236240384, 0.6627673881898024, -3.3955371280741167, 0.7808155714508251, -2.912706759139406, 0.12399390449871156, 0.7808079704449318, 2.6054441922557245, 3.951675297830129, 1.6260896591438039, -3.4386485668450226, 11.071983391009688, 1.626116935982431, 1.5930942970766928, -4.708865025491988, 0.9459792269145367, -2.3004704776387923, -1.4581567739461936, 0.9459834759523722, -0.020817186863147978, -6.781529120221738, 0.24140725723197554, 0.05038170549656348, -0.040266296382231816, -0.22751022367912482, -0.020817186863147978, -0.5042205650839331, 4.884677542337788, -3.710795097392045, 1.662416482449352, -6.781529120221738], "data_imag": [2.745249833306497e-18, -1.2816521505586592e-18, 0.0, 0.0, 0.0, 0.0, 0.0, 0.0, 0.0, 0.0, 0.0, 0.0, 0.0, 0.0, 0.0, 0.0, 0.0, 0.0, 0.0, 0.0, 0.0, 0.0, 0.0, 0.0, 0.0, 0.0, 0.0, 0.0, 0.0, 0.0, 0.0, 0.0, 0.0, 0.0, 0.0, 0.0, 0.0, 0.0]}, {"time": 7.096774193548387, "step_sample_count": 256, "data": [0.05711404961962219, 0.22588689171759052, -2.2514753568257126, -1.2148395846669449, 0.69753953753549, 2.5148540557111625, -6.021398955982418, 0.6975223264723182, 0.7209870591274471, -2.9237960286592397, 0.7071900372193615, -2.7576717822010757, 0.5007142262819998, 0.7071824362138109, 3.015992509761557, 4.6907714955025, 1.7706714656763154, -3.7226593713173277, 12.56517765771971, 1.770698742512458, 1.3807904430862712, -4.587694933401071, 0.9752959641774022, -2.4667694773494118, -1.4188887950550861, 0.9753002132178438, -0.005251069424970595, -7.0974829334771306, 0.23427468998122716, 0.03131329040859556, -0.03828911410060375, -0.23774310462307782, -0.005251069424970595, -0.5394759498786698, 5.147554123198489, -3.925099550535, 1.745369542410877, -7.0974829334771306], "data_imag": [5.141785586542735e-19, -2.3493455769860785e-19, 0.0, 0.0, 0.0, 0.0, 0.0, 0.0, 0.0, 0.0, 0.0, 0.0, 0.0, 0.0, 0.0, 0.0, 0.0, 0.0, 0.0, 0.0, 0.0, 0.0, 0.0, 0.0, 0.0, 0.0, 0.0, 0.0, 0.0, 0.0, 0.0, 0.0, 0.0, 0.0, 0.0, 0.0, 0.0, 0.0]}, {"time": 7.419354838709677, "step_sample_count": 256, "data": [0.05607980170592263, 0.22374840339537627, -1.8963276140738197, -1.2708438604198353, 0.7414571060369951, 2.5164734816866434, -5.7223694418896995, 0.7414398949731301, 0.7835855698297818, -2.5440922164838264, 0.6370698612830623, -2.610682624016876, 0.7987409755809168, 0.6370622602774476, 3.3905101556357735, 5.284458992936303, 1.9131399861339633, -3.8779889397227114, 13.743426857883652, 1.913167262967043, 1.2288562297542271, -4.379745801290593, 1.0308533475677817, -2.6074765526215247, -1.2549541208098054, 1.0308575966085798, 0.012746267764808736, -7.417344463798639, 0.21378234372767516, 0.01872640708638557, -0.044835439735277226, -0.23714016252248557, 0.012746267764808736, -0.5682297137805102, 5.3928259173827415, -4.117336797386551, 1.826251621447989, -7.417344463798639], "data_imag": [5.2768927904215645e-19, -2.367416810482032e-19, 0.0, 0.0, 0.0, 0.0, 0.0, 0.0, 0.0, 0.0, 0.0, 0.0, 0.0, 0.0, 0.0, 0.0, 0.0, 0.0, 0.0, 0.0, 0.0, 0.0, 0.0, 0.0, 0.0, 0.0, 0.0, 0.0, 0.0, 0.0, 0.0, 0.0, 0.0, 0.0, 0.0, 0.0, 0.0, 0.0]}, {"time": 7.741935483870968, "step_sample_count": 256, "data": [0.05535513280672003, 0.2219494764984107, -1.5115102160179132, -1.3912850142246005, 0.8260069043974567, 2.4800906871031385, -5.417839771499781, 0.8259896933329886, 0.8295774678159147, -2.240623370251549, 0.5847496510161673, -2.4466405727834144, 0.986997786348842, 0.5847420500093622, 3.7272700190410397, 5.697134487929833, 2.028054986257923, -3.9300766779173912, 14.595609180783864, 2.028082263089311, 1.1240931524447382, -4.103358094930879, 1.1106523336164142, -2.7313009945870035, -0.9902782543992922, 1.110656582653771, 0.03194058083059508, -7.740775732163169, 0.18661394624665256, 0.01108593945560208, -0.05713847625084577, -0.23126481328287002, 0.03194058083059508, -0.5898840317450138, 5.625034686713636, -4.292290182628069, 1.9040274120179232, -7.740775732163169], "data_imag": [0.0, 0.0, 0.0, 0.0, 0.0, 0.0, 0.0, 0.0, 0.0, 0.0, 0.0, 0.0, 0.0, 0.0, 0.0, 0.0, 0.0, 0.0, 0.0, 0.0, 0.0, 0.0, 0.0, 0.0, 0.0, 0.0, 0.0, 0.0, 0.0, 0.0, 0.0, 0.0, 0.0, 0.0, 0.0, 0.0, 0.0, 0.0]}, {"time": 8.064516129032258, "step_sample_count": 256, "data": [0.054860261934784736, 0.22103742022617234, -1.1160761013106162, -1.5546298495344089, 0.9329093867501204, 2.4200283626392207, -5.120326768639448, 0.9328921756848013, 0.8465011402617476, -2.0028928944207713, 0.5616406716922019, -2.245715855211314, 1.0432363476991071, 0.5616330706849676, 4.041118930881938, 5.922812111397888, 2.0973551270159967, -3.9205960054193336, 15.17373674030054, 2.097382403845554, 1.055620605274507, -3.7746617441424837, 1.2061698897478694, -2.8348825308557695, -0.6563498595365578, 1.2061741387841698, 0.051337611603302, -8.067084060321251, 0.15608671878335326, 0.008323844642705434, -0.07416191326112449, -0.22243939205413676, 0.051337611603302, -0.6057644128822172, 5.850268530397795, -4.456849548409296, 1.9791707901859803, -8.067084060321251], "data_imag": [-2.9765659833393886e-19, 1.3063615160973512e-19, 0.0, 0.0, 0.0, 0.0, 0.0, 0.0, 0.0, 0.0, 0.0, 0.0, 0.0, 0.0, 0.0, 0.0, 0.0, 0.0, 0.0, 0.0, 0.0, 0.0, 0.0, 0.0, 0.0, 0.0, 0.0, 0.0, 0.0, 0.0, 0.0, 0.0, 0.0, 0.0, 0.0, 0.0, 0.0, 0.0]}, {"time": 8.387096774193548, "step_sample_count": 256, "data": [0.05439172832277427, 0.22126907167494858, -0.7184852506750092, -1.7166254212591467, 1.0364622532043741, 2.345126969899703, -4.803193465477678, 1.0364450421390428, 0.8266157993038615, -1.8259073914718549, 0.5724826894892813, -2.000661589679513, 0.9571767068821949, 0.572475088482056, 4.36124371742106, 5.965973207938076, 2.117180456218844, -3.8940045660658087, 15.55763911595255, 2.117207733048238, 1.011274914764894, -3.4112597618540255, 1.3053264485493428, -2.9026513944174095, -0.2995064413270337, 1.3053306975857024, 0.07023805111139783, -8.395471990225563, 0.1241410158556814, 0.010716703737136962, -0.09547989789703484, -0.21172962399696754, 0.07023805111139783, -0.6180717572354628, 6.074770688842174, -4.618295734974775, 2.0529944195553056, -8.395471990225563], "data_imag": [1.488249611405434e-19, -6.4758774832031e-20, 0.0, 0.0, 0.0, 0.0, 0.0, 0.0, 0.0, 0.0, 0.0, 0.0, 0.0, 0.0, 0.0, 0.0, 0.0, 0.0, 0.0, 0.0, 0.0, 0.0, 0.0, 0.0, 0.0, 0.0, 0.0, 0.0, 0.0, 0.0, 0.0, 0.0, 0.0, 0.0, 0.0, 0.0, 0.0, 0.0]}, {"time": 8.709677419354838, "step_sample_count": 256, "data": [0.05381113708687344, 0.22258534974829916, -0.34500280208093687, -1.8092251592322923, 1.1121012103960595, 2.2773937691092914, -4.447416910906715, 1.1120839993310925, 0.7684636688500125, -1.706686535476642, 0.6149267584831367, -1.7192878627270207, 0.7379652104290493, 0.6149191574754558, 4.7249987737411825, 5.839686321069391, 2.098698513721623, -3.890265452979334, 15.839316963132488, 2.098725790551249, 0.9742737971539327, -3.03451705888603, 1.3967753411938093, -2.9131093118861973, 0.01971800297374343, 1.3967795902298543, 0.08832473043632424, -8.725189426006148, 0.09339923471592707, 0.016995272914592654, -0.11953701980516353, -0.20120066448128374, 0.08832473043632424, -0.6289710222582436, 6.304279827387105, -4.783405843170731, 2.12696381601354, -8.725189426006148], "data_imag": [-8.658679727612484e-19, 3.7274672145110983e-19, 0.0, 0.0, 0.0, 0.0, 0.0, 0.0, 0.0, 0.0, 0.0, 0.0, 0.0, 0.0, 0.0, 0.0, 0.0, 0.0, 0.0, 0.0, 0.0, 0.0, 0.0, 0.0, 0.0, 0.0, 0.0, 0.0, 0.0, 0.0, 0.0, 0.0, 0.0, 0.0, 0.0, 0.0, 0.0, 0.0]}, {"time": 9.032258064516128, "step_sample_count": 256, "data": [0.05316336877130172, 0.22469032264930555, -0.04925988884758767, -1.7381314825982885, 1.1438852134505086, 2.259337461997405, -4.056358127008312, 1.143868002386001, 0.6798417059238229, -1.6387297607688747, 0.6819569932049958, -1.4209544714430047, 0.4192395240534896, 0.6819493921974251, 5.149850410652792, 5.594462247018381, 2.0640615854039974, -3.9250207931512873, 16.10302950812309, 2.064088862233791, 0.9237663735196744, -2.669712002355184, 1.472460337953772, -2.8473933939567284, 0.2355089682236004, 1.4724645869899016, 0.1058276929305733, -9.0555926728726, 0.06765936265979983, 0.02324422005901298, -0.14275304165479585, -0.19474663628920552, 0.1058276929305733, -0.6382718107276933, 6.541995179849116, -4.956292449119432, 2.200357488776615, -9.0555926728726], "data_imag": [1.8940317225855434e-19, -8.055448554588726e-20, 0.0, 0.0, 0.0, 0.0, 0.0, 0.0, 0.0, 0.0, 0.0, 0.0, 0.0, 0.0, 0.0, 0.0, 0.0, 0.0, 0.0, 0.0, 0.0, 0.0, 0.0, 0.0, 0.0, 0.0, 0.0, 0.0, 0.0, 0.0, 0.0, 0.0, 0.0, 0.0, 0.0, 0.0, 0.0, 0.0]}, {"time": 9.35483870967742, "step_sample_count": 256, "data": [0.05251290774913565, 0.2270046615110801, 0.1204612613228462, -1.4406450308691878, 1.1289437285562602, 2.3285484720675678, -3.6544575885559962, 1.1289265174917984, 0.5795591471391582, -1.6062010420536779, 0.7639222367159957, -1.1310664945933924, 0.06137521537901789, 0.7639146357086618, 5.604983474264153, 5.355419051963178, 2.040481012595994, -3.9713368734332453, 16.414969484366114, 2.040508289425785, 0.8407785412240327, -2.340634168158221, 1.5278156315560345, -2.6935155979784584, 0.29246760612931877, 1.5278198805922414, 0.12353520303218923, -9.38618701303352, 0.0488702915331187, 0.02500947916983502, -0.16161997452191534, -0.19512843300733285, 0.12353520303218923, -0.6416329624205553, 6.786264516140594, -5.135961090078182, 2.2683986341553894, -9.38618701303352], "data_imag": [-1.1904935794714876e-18, 5.001302361177959e-19, 0.0, 0.0, 0.0, 0.0, 0.0, 0.0, 0.0, 0.0, 0.0, 0.0, 0.0, 0.0, 0.0, 0.0, 0.0, 0.0, 0.0, 0.0, 0.0, 0.0, 0.0, 0.0, 0.0, 0.0, 0.0, 0.0, 0.0, 0.0, 0.0, 0.0, 0.0, 0.0, 0.0, 0.0, 0.0, 0.0]}, {"time": 9.67741935483871, "step_sample_count": 256, "data": [0.051718395928395576, 0.22868349148552858, 0.1670704589104991, -0.9736325309048872, 1.0784896519487253, 2.4797367718249137, -3.289878497935591, 1.0784724408843493, 0.49728682236288163, -1.5818536922297626, 0.8489111699471065, -0.8810497400080015, -0.24645744105007034, 0.8489035689395343, 6.033790503429073, 5.26145782196487, 2.0539311539580685, -3.986514878721542, 16.812753950640687, 2.0539584307879033, 0.7185355056832227, -2.0581148796451245, 1.5617349562278946, -2.4496921880188594, 0.1711010143222571, 1.5617392052639716, 0.1425153145289146, -9.716819758440483, 0.03312129819337981, 0.020868626108306948, -0.17594392636401324, -0.19960359647523296, 0.1425153145289146, -0.6339287981046227, 7.032334001005279, -5.317792088647353, 2.3258089337107632, -9.716819758440483], "data_imag": [5.411090783352794e-19, -2.2388234843034557e-19, 0.0, 0.0, 0.0, 0.0, 0.0, 0.0, 0.0, 0.0, 0.0, 0.0, 0.0, 0.0, 0.0, 0.0, 0.0, 0.0, 0.0, 0.0, 0.0, 0.0, 0.0, 0.0, 0.0, 0.0, 0.0, 0.0, 0.0, 0.0, 0.0, 0.0, 0.0, 0.0, 0.0, 0.0, 0.0, 0.0]}], "random_generator": {"seed": "very_nice_seed"}, "realworld_total_calculation_time": 86.711}