{"hamiltonian": {"U": 1.0, "E": 0.8, "J": 0.1, "phi": 2.5132741228718345, "type": "FirstOrderVariationalClassicalNetworkHamiltonian", "eta_calculation_sampler": {"system_geometry": {"type": "LinearChainNonPeriodicState", "size": 4}, "initial_system_state": {"type": "HomogenousInitialSystemState"}, "type": "ExactSampler"}, "psi_selection": {"type": "ChainDirectionDependentAllSameFirstOrder", "number_of_psis": 6, "J": 0.1}, "random_generator": {"seed": "46954944"}, "init_sigma": 1e-05, "pseudo_inverse_cutoff": 1e-10, "effective_time_step_size": 0.04032258064516129, "number_workers": 16, "variational_step_fraction_multiplier": 8, "ue_might_change": true, "ue_variational": true}, "start_time": 0.0, "time_step": 0.3225806451612903, "number_of_time_steps": 31, "sampler": {"system_geometry": {"type": "LinearChainNonPeriodicState", "size": 4}, "initial_system_state": {"type": "HomogenousInitialSystemState"}, "type": "ExactSampler"}, "observables": [{"type": "Energy", "label": "Energy per site"}, {"type": "EnergyVariance", "label": "Energy Variance per site"}, {"type": "VCNFactor", "label": "Re-Part of VCN Parameter 0", "param_real_part": true, "param_index": 0, "can_return_value": true}, {"type": "VCNFactor", "label": "Re-Part of VCN Parameter 1", "param_real_part": true, "param_index": 1, "can_return_value": true}, {"type": "VCNFactor", "label": "Re-Part of VCN Parameter 2", "param_real_part": true, "param_index": 2, "can_return_value": true}, {"type": "VCNFactor", "label": "Re-Part of VCN Parameter 3", "param_real_part": true, "param_index": 3, "can_return_value": true}, {"type": "VCNFactor", "label": "Re-Part of VCN Parameter 4", "param_real_part": true, "param_index": 4, "can_return_value": true}, {"type": "VCNFactor", "label": "Re-Part of VCN Parameter 5", "param_real_part": true, "param_index": 5, "can_return_value": true}, {"type": "VCNFactor", "label": "Im-Part of VCN Parameter 0", "param_real_part": false, "param_index": 0, "can_return_value": true}, {"type": "VCNFactor", "label": "Im-Part of VCN Parameter 1", "param_real_part": false, "param_index": 1, "can_return_value": true}, {"type": "VCNFactor", "label": "Im-Part of VCN Parameter 2", "param_real_part": false, "param_index": 2, "can_return_value": true}, {"type": "VCNFactor", "label": "Im-Part of VCN Parameter 3", "param_real_part": false, "param_index": 3, "can_return_value": true}, {"type": "VCNFactor", "label": "Im-Part of VCN Parameter 4", "param_real_part": false, "param_index": 4, "can_return_value": true}, {"type": "VCNFactor", "label": "Im-Part of VCN Parameter 5", "param_real_part": false, "param_index": 5, "can_return_value": true}, {"type": "BaseEnergyFactor", "label": "Re-Part of BE-Factor U", "param_real_part": true, "param_index": -1, "can_return_value": true, "kind": "U"}, {"type": "BaseEnergyFactor", "label": "Im-Part of BE-Factor U", "param_real_part": false, "param_index": -1, "can_return_value": true, "kind": "U"}, {"type": "BaseEnergyFactor", "label": "Re-Part of BE-Factor eps-0", "param_real_part": true, "param_index": 0, "can_return_value": true, "kind": "eps"}, {"type": "BaseEnergyFactor", "label": "Re-Part of BE-Factor eps-1", "param_real_part": true, "param_index": 1, "can_return_value": true, "kind": "eps"}, {"type": "BaseEnergyFactor", "label": "Re-Part of BE-Factor eps-2", "param_real_part": true, "param_index": 2, "can_return_value": true, "kind": "eps"}, {"type": "BaseEnergyFactor", "label": "Re-Part of BE-Factor eps-3", "param_real_part": true, "param_index": 3, "can_return_value": true, "kind": "eps"}, {"type": "BaseEnergyFactor", "label": "Re-Part of BE-Factor eps-4", "param_real_part": true, "param_index": 4, "can_return_value": true, "kind": "eps"}, {"type": "BaseEnergyFactor", "label": "Im-Part of BE-Factor eps-0", "param_real_part": false, "param_index": 0, "can_return_value": true, "kind": "eps"}, {"type": "BaseEnergyFactor", "label": "Im-Part of BE-Factor eps-1", "param_real_part": false, "param_index": 1, "can_return_value": true, "kind": "eps"}, {"type": "BaseEnergyFactor", "label": "Im-Part of BE-Factor eps-2", "param_real_part": false, "param_index": 2, "can_return_value": true, "kind": "eps"}, {"type": "BaseEnergyFactor", "label": "Im-Part of BE-Factor eps-3", "param_real_part": false, "param_index": 3, "can_return_value": true, "kind": "eps"}, {"type": "BaseEnergyFactor", "label": "Im-Part of BE-Factor eps-4", "param_real_part": false, "param_index": 4, "can_return_value": true, "kind": "eps"}], "measurements": [{"time": 0.0, "step_sample_count": 256, "data": [0.17499515035564026, 0.4530504236516649, -2.409211346512654e-05, 1.3364613742072939e-05, 1.5426940819682473e-06, -2.3095526437844924e-06, 2.9577584621232426e-06, -1.5668367408516222e-05, 1.0073359691169309e-05, -1.2604172898632618e-05, -1.1358230129747497e-05, 3.80637423358691e-06, 2.8480717089983352e-06, -1.895923534861108e-05, -2.4229613465669603e-06, 1.5791125000597532e-06, -1.1357545410297846e-05, 4.318272037258513e-06, -1.4618044943022195e-05, 1.2968369814907847e-06, -2.4229613465669603e-06, 1.2658790972584678e-05, -4.320935634434884e-06, -4.807979398987998e-06, -1.0283182688040512e-05, 1.5791125000597532e-06], "data_imag": [-1.075387878249898e-23, 1.505501307559791e-23, 0.0, 0.0, 0.0, 0.0, 0.0, 0.0, 0.0, 0.0, 0.0, 0.0, 0.0, 0.0, 0.0, 0.0, 0.0, 0.0, 0.0, 0.0, 0.0, 0.0, 0.0, 0.0, 0.0, 0.0]}, {"time": 0.3225806451612903, "step_sample_count": 256, "data": [0.17541084121468262, 0.4534918153882729, 0.0028631627242056653, -0.04177846759123008, 0.049857005660665143, 0.003473574588560963, -0.041798013565809575, 0.04983979459917934, 0.3074926567548334, 0.2999632424218567, 0.31309287447151657, 0.3327431640936073, 0.3371097972954802, 0.31308527346628506, 0.0006148047225704096, -0.3227908847699517, -0.0033516562352232443, -0.000428474977668536, -0.0004682640400258067, 0.0024558999848321656, 0.0006148047225704096, -0.311844452147916, -0.10439426910982119, 0.10454967711986972, 0.31201137534797874, -0.3227908847699517], "data_imag": [2.7105554013308096e-20, -3.803686424851512e-20, 0.0, 0.0, 0.0, 0.0, 0.0, 0.0, 0.0, 0.0, 0.0, 0.0, 0.0, 0.0, 0.0, 0.0, 0.0, 0.0, 0.0, 0.0, 0.0, 0.0, 0.0, 0.0, 0.0, 0.0]}, {"time": 0.6451612903225806, "step_sample_count": 256, "data": [0.17569291515727525, 0.45403187811948303, 0.009123508103241947, -0.17402164585229457, 0.19245709803969888, 0.01516002796508651, -0.17765513705171762, 0.19243988697817704, 0.6186021099642054, 0.5536680554862586, 0.5654609338565864, 0.6286817175308539, 0.6688174501246975, 0.5654533328513761, 0.002342876382518048, -0.6469711663411322, -0.01365265504931795, -0.001479071991217641, -0.001899713789770151, 0.010276528914506365, 0.002342876382518048, -0.6253806382674308, -0.20879476723508328, 0.21019701197483603, 0.6267945893483192, -0.6469711663411322], "data_imag": [-1.896995289683414e-19, 2.666309059872792e-19, 0.0, 0.0, 0.0, 0.0, 0.0, 0.0, 0.0, 0.0, 0.0, 0.0, 0.0, 0.0, 0.0, 0.0, 0.0, 0.0, 0.0, 0.0, 0.0, 0.0, 0.0, 0.0, 0.0, 0.0]}, {"time": 0.967741935483871, "step_sample_count": 256, "data": [0.17579786590043092, 0.454347986850178, 0.007798253248052952, -0.37600650192292634, 0.3741577207281166, 0.03758312404559187, -0.400638125844621, 0.374140509666654, 0.9399077088421823, 0.7108318287729343, 0.7226460395060295, 0.8523017379831225, 0.9873909211362389, 0.7226384385006862, 0.004345064022731966, -0.9731122680774968, -0.028860772245803353, -0.0021745021228916452, -0.004126475138269361, 0.022570593854678203, 0.004345064022731966, -0.9426131238208766, -0.3134099706997287, 0.31758434016183634, 0.9468032966510224, -0.9731122680774968], "data_imag": [1.6659550932334838e-18, -2.3429708006111977e-18, 0.0, 0.0, 0.0, 0.0, 0.0, 0.0, 0.0, 0.0, 0.0, 0.0, 0.0, 0.0, 0.0, 0.0, 0.0, 0.0, 0.0, 0.0, 0.0, 0.0, 0.0, 0.0, 0.0, 0.0]}, {"time": 1.2903225806451613, "step_sample_count": 256, "data": [0.17569021201124918, 0.4540560760514586, -0.02224138412336368, -0.5968272532405545, 0.5409341359000526, 0.08162013094490289, -0.6923628477292539, 0.5409169248385488, 1.2800562553785597, 0.7259013888741573, 0.7905170888812869, 0.9774574154595549, 1.2824222418544902, 0.7905094878760561, 0.005795461419049035, -1.3003319347248592, -0.04583446321947546, -0.001613075943101658, -0.006930684677418538, 0.03732363993481988, 0.005795461419049035, -1.2656689412132915, -0.41872142377538774, 0.4264522208618684, 1.2734363948306475, -1.3003319347248592], "data_imag": [8.664212383860632e-19, -1.2177738485047719e-18, 0.0, 0.0, 0.0, 0.0, 0.0, 0.0, 0.0, 0.0, 0.0, 0.0, 0.0, 0.0, 0.0, 0.0, 0.0, 0.0, 0.0, 0.0, 0.0, 0.0, 0.0, 0.0, 0.0, 0.0]}, {"time": 1.6129032258064515, "step_sample_count": 256, "data": [0.17535344956223245, 0.4529217593803531, -0.11268642048646374, -0.7456663884207292, 0.6592780786649339, 0.17151527978240363, -1.0186797427184295, 0.6592608676035034, 1.6392826729864094, 0.5876653908149523, 0.7985539539877154, 0.9962585415966909, 1.5508812805626755, 0.7985463529825559, 0.0065676947590953905, -1.6269215937097186, -0.0607778541397177, 0.0003510240765387084, -0.010191132446858072, 0.051004502954364435, 0.0065676947590953905, -1.5955344100908557, -0.5251782290600128, 0.5358273170393735, 1.6062683789127594, -1.6269215937097186], "data_imag": [1.0826053491393652e-19, -1.5187086598889013e-19, 0.0, 0.0, 0.0, 0.0, 0.0, 0.0, 0.0, 0.0, 0.0, 0.0, 0.0, 0.0, 0.0, 0.0, 0.0, 0.0, 0.0, 0.0, 0.0, 0.0, 0.0, 0.0, 0.0, 0.0]}, {"time": 1.935483870967742, "step_sample_count": 256, "data": [0.17489945474296145, 0.45117313759747013, -0.2939431754770001, -0.7247526019628487, 0.7173251083562927, 0.33481090885249537, -1.3404922153103154, 0.71730789729486, 1.9917279443949067, 0.3623261550490106, 0.7812268169531897, 0.9298940514035632, 1.8114001737547412, 0.7812192159479706, 0.007325764423376255, -1.9515372337838532, -0.07038719786686083, 0.003032092567057545, -0.01386005737304848, 0.059656409340953086, 0.007325764423376255, -1.9301310181530857, -0.6327108900921344, 0.644588254382778, 1.942155444401674, -1.9515372337838532], "data_imag": [4.3291110788346733e-19, -6.0572733376791855e-19, 0.0, 0.0, 0.0, 0.0, 0.0, 0.0, 0.0, 0.0, 0.0, 0.0, 0.0, 0.0, 0.0, 0.0, 0.0, 0.0, 0.0, 0.0, 0.0, 0.0, 0.0, 0.0, 0.0, 0.0]}, {"time": 2.258064516129032, "step_sample_count": 256, "data": [0.17457536604628224, 0.44953573006455677, -0.5685696751548955, -0.5117293195575223, 0.7180462748448687, 0.5734036793546846, -1.6400996295817267, 0.7180290637833878, 2.2852066687083523, 0.18097816320823304, 0.7689373694155917, 0.8224512907523056, 2.0977801038919024, 0.7689297684104367, 0.008896505073147189, -2.273962489535982, -0.07409623715795076, 0.005380660678397192, -0.017752905727574705, 0.06183310507050365, 0.008896505073147189, -2.264363820122236, -0.74060580505936, 0.7520407341687866, 2.275987012595504, -2.273962489535982], "data_imag": [1.7444952143899273e-18, -2.4363671249448722e-18, 0.0, 0.0, 0.0, 0.0, 0.0, 0.0, 0.0, 0.0, 0.0, 0.0, 0.0, 0.0, 0.0, 0.0, 0.0, 0.0, 0.0, 0.0, 0.0, 0.0, 0.0, 0.0, 0.0, 0.0]}, {"time": 2.5806451612903225, "step_sample_count": 256, "data": [0.17452307898881297, 0.44876613031156903, -0.9022747752334853, -0.1862726700818752, 0.6745902303087135, 0.850528529381588, -1.9256162758614805, 0.6745730192471939, 2.472013387838527, 0.14380647356713935, 0.7859155116159137, 0.7084337357114562, 2.4271540182256013, 0.7859079106106851, 0.011512852767119258, -2.595147117358096, -0.07461693359358029, 0.00657201330581483, -0.021416492864557126, 0.05987895202495629, 0.011512852767119258, -2.5935092527303243, -0.8479819179445457, 0.8583458385916419, 2.6040548780755013, -2.595147117358096], "data_imag": [6.75781203143112e-19, -9.435153303624035e-19, 0.0, 0.0, 0.0, 0.0, 0.0, 0.0, 0.0, 0.0, 0.0, 0.0, 0.0, 0.0, 0.0, 0.0, 0.0, 0.0, 0.0, 0.0, 0.0, 0.0, 0.0, 0.0, 0.0, 0.0]}, {"time": 2.903225806451613, "step_sample_count": 256, "data": [0.17461585986396033, 0.4491427028746198, -1.248753821322972, 0.14505226108996558, 0.6090881943522855, 1.1141691164498049, -2.2045689945722997, 0.6090709832907681, 2.5335181296742912, 0.26682925343800107, 0.8487562585582747, 0.5920216956672832, 2.7925784065636567, 0.8487486575531101, 0.0144938803434557, -2.9166990936241968, -0.07529352829424722, 0.0065821707786131375, -0.02436583401606549, 0.057622189947082535, 0.0144938803434557, -2.9161024719923994, -0.9544709679101363, 0.9645453471553388, 2.926309924765775, -2.9166990936241968], "data_imag": [4.727601049536554e-19, -6.6041129788686945e-19, 0.0, 0.0, 0.0, 0.0, 0.0, 0.0, 0.0, 0.0, 0.0, 0.0, 0.0, 0.0, 0.0, 0.0, 0.0, 0.0, 0.0, 0.0, 0.0, 0.0, 0.0, 0.0, 0.0, 0.0]}, {"time": 3.225806451612903, "step_sample_count": 256, "data": [0.17462829829688828, 0.4504301075574111, -1.5728331938729283, 0.40766205428352464, 0.5505953860024457, 1.3242063150468226, -2.475818016355965, 0.5505781749409314, 2.4785177068408877, 0.5193097984107368, 0.9617398479143275, 0.4562875544541034, 3.189497464918854, 0.9617322469090485, 0.01654301028957981, -3.2400038243540297, -0.07767605106272393, 0.006420639654362732, -0.02642115918846924, 0.057817228905542514, 0.01654301028957981, -3.233957223509885, -1.0604342751240332, 1.0719064071982283, 3.2455031232412104, -3.2400038243540297], "data_imag": [4.32038871088364e-19, -6.035697028501575e-19, 0.0, 0.0, 0.0, 0.0, 0.0, 0.0, 0.0, 0.0, 0.0, 0.0, 0.0, 0.0, 0.0, 0.0, 0.0, 0.0, 0.0, 0.0, 0.0, 0.0, 0.0, 0.0, 0.0, 0.0]}, {"time": 3.5483870967741935, "step_sample_count": 256, "data": [0.17444905301136385, 0.4521339427669201, -1.8541484202456198, 0.5574640436275585, 0.5274752904093231, 1.4631735021329308, -2.745614106371837, 0.5274580793478313, 2.3335661672813193, 0.864249764229191, 1.1114421189842478, 0.27957734096841447, 3.629844531967622, 1.111434517978831, 0.016423077223746405, -3.5653439103316926, -0.08111757594795155, 0.007604601966958507, -0.027683326458373906, 0.06121904498456588, 0.016423077223746405, -3.5507566546401463, -1.1666785335884098, 1.1810710245163973, 3.565187965177285, -3.5653439103316926], "data_imag": [-1.0258386010684646e-18, 1.4316525799911671e-18, 0.0, 0.0, 0.0, 0.0, 0.0, 0.0, 0.0, 0.0, 0.0, 0.0, 0.0, 0.0, 0.0, 0.0, 0.0, 0.0, 0.0, 0.0, 0.0, 0.0, 0.0, 0.0, 0.0, 0.0]}, {"time": 3.870967741935484, "step_sample_count": 256, "data": [0.174094425180253, 0.45372368017392617, -2.082550997501047, 0.5660559713213663, 0.5548811579874222, 1.5350576568109917, -3.036503924024973, 0.5548639469258356, 2.136223848815921, 1.2666161644103353, 1.2684980571501263, 0.04436682697474454, 4.134379020557005, 1.268490456144898, 0.0134576158347458, -3.891580110203203, -0.08359401285156794, 0.0113513576716109, -0.028340670653744036, 0.06679247408174799, 0.0134576158347458, -3.870625141019094, -1.274072569132666, 1.2917219868483971, 3.888318407587042, -3.891580110203203], "data_imag": [-4.0488093855092876e-19, 5.639001141077222e-19, 0.0, 0.0, 0.0, 0.0, 0.0, 0.0, 0.0, 0.0, 0.0, 0.0, 0.0, 0.0, 0.0, 0.0, 0.0, 0.0, 0.0, 0.0, 0.0, 0.0, 0.0, 0.0, 0.0, 0.0]}, {"time": 4.193548387096774, "step_sample_count": 256, "data": [0.17364382892851246, 0.45482940186979665, -2.2563777638248586, 0.417096949195798, 0.6258279753944382, 1.56044976190168, -3.384215014652442, 0.6258107643328935, 1.9320951686077625, 1.68925901741477, 1.3999004743268857, -0.26149460947224396, 4.724313530045886, 1.3998928733216298, 0.007591028317857152, -4.216601135345684, -0.08271076844144738, 0.018079159598653492, -0.028578730464489607, 0.07234374741999261, 0.007591028317857152, -4.197462216592758, -1.3832270865145408, 1.4027700107459484, 4.217070334677188, -4.216601135345684], "data_imag": [1.7608732140719398e-18, -2.4461181371928624e-18, 0.0, 0.0, 0.0, 0.0, 0.0, 0.0, 0.0, 0.0, 0.0, 0.0, 0.0, 0.0, 0.0, 0.0, 0.0, 0.0, 0.0, 0.0, 0.0, 0.0, 0.0, 0.0, 0.0, 0.0]}, {"time": 4.516129032258064, "step_sample_count": 256, "data": [0.17321119851072544, 0.4553901794023375, -2.384776060025911, 0.11221590431551626, 0.7147210856957645, 1.5736217181210483, -3.8310366418588653, 0.714703874633844, 1.7722099360158976, 2.091925770233762, 1.4844107097782144, -0.647235281950584, 5.420215111484804, 1.4844031087735594, -0.000635972012955999, -4.538286771174064, -0.076361757350474, 0.027124325756225115, -0.02852588307980508, 0.07498945964248535, -0.000635972012955999, -4.5348952737619594, -1.494247808815589, 1.5127388781429667, 4.553431164557105, -4.538286771174064], "data_imag": [-3.709277555893421e-19, 5.139907288521869e-19, 0.0, 0.0, 0.0, 0.0, 0.0, 0.0, 0.0, 0.0, 0.0, 0.0, 0.0, 0.0, 0.0, 0.0, 0.0, 0.0, 0.0, 0.0, 0.0, 0.0, 0.0, 0.0, 0.0, 0.0]}, {"time": 4.838709677419355, "step_sample_count": 256, "data": [0.1729074651086652, 0.4556137851834954, -2.489288667075841, -0.31698454676048576, 0.7915816425203114, 1.6200188946821064, -4.412864129065698, 0.7915644314601666, 1.7068573695291278, 2.4388257670375206, 1.51990412268399, -1.12255852714891, 6.246822730249633, 1.5198965216767903, -0.009935009851881225, -4.855515856023084, -0.06289773989036256, 0.03654716128551655, -0.028125653266090945, 0.07128095193205873, -0.009935009851881225, -4.886085077467538, -1.6066773236427578, 1.620275386576457, 4.8996107932939355, -4.855515856023084], "data_imag": [-5.940481216639434e-19, 8.217228389558112e-19, 0.0, 0.0, 0.0, 0.0, 0.0, 0.0, 0.0, 0.0, 0.0, 0.0, 0.0, 0.0, 0.0, 0.0, 0.0, 0.0, 0.0, 0.0, 0.0, 0.0, 0.0, 0.0, 0.0, 0.0]}, {"time": 5.161290322580645, "step_sample_count": 256, "data": [0.17276184459296914, 0.4557578708826362, -2.598139148213709, -0.7955114924615938, 0.835319638234464, 1.7465568843035189, -5.130324253261992, 0.8353024271732268, 1.7769927879639702, 2.7211758758830475, 1.5194725544551102, -1.6983056726991872, 7.247551038811651, 1.5194649534493871, -0.01829101524746799, -5.168628403969235, -0.04114146201221198, 0.04336423569233996, -0.02698655997953143, 0.05759015211544852, -0.01829101524746799, -5.2529851877680365, -1.7198834432647723, 1.7248407089200706, 5.257667040792951, -5.168628403969235], "data_imag": [-1.0107450448541146e-19, 1.3969454268976015e-19, 0.0, 0.0, 0.0, 0.0, 0.0, 0.0, 0.0, 0.0, 0.0, 0.0, 0.0, 0.0, 0.0, 0.0, 0.0, 0.0, 0.0, 0.0, 0.0, 0.0, 0.0, 0.0, 0.0, 0.0]}, {"time": 5.483870967741935, "step_sample_count": 256, "data": [0.17270158520950699, 0.45593505277260893, -2.7240209367637727, -1.2079135145230409, 0.837663078142749, 1.9758813409367766, -5.903429724143997, 0.8376458670799629, 2.004627995300671, 2.9904344731969053, 1.502666518710265, -2.3783680378762972, 8.499793185865101, 1.502658917706101, -0.023493001468622605, -5.479166392528959, -0.011629638629906004, 0.044574773778537045, -0.02450711428890486, 0.032129939510481084, -0.023493001468622605, -5.635186139315996, -1.8335884143434102, 1.827185552610069, 5.628325860889539, -5.479166392528959], "data_imag": [2.0210397246289432e-20, -2.792294113718432e-20, 0.0, 0.0, 0.0, 0.0, 0.0, 0.0, 0.0, 0.0, 0.0, 0.0, 0.0, 0.0, 0.0, 0.0, 0.0, 0.0, 0.0, 0.0, 0.0, 0.0, 0.0, 0.0, 0.0, 0.0]}, {"time": 5.806451612903226, "step_sample_count": 256, "data": [0.17263824164081068, 0.4560411352471027, -2.8256197889243526, -1.436309531621202, 0.8004331564421167, 2.265621660103115, -6.529655713244702, 0.800415945378157, 2.372970233870335, 3.346404850887549, 1.4887431888621778, -3.135213934333306, 10.058269147700807, 1.4887355878621416, -0.023869653603254617, -5.789351643859752, 0.020100328153332517, 0.03845549922909575, -0.020328718184162244, -0.0010480974978023753, -0.023869653603254617, -6.027955257389795, -1.9476822390101507, 1.92895754546823, 6.008731222924911, -5.789351643859752], "data_imag": [-1.4818944398775622e-18, 2.046653203182051e-18, 0.0, 0.0, 0.0, 0.0, 0.0, 0.0, 0.0, 0.0, 0.0, 0.0, 0.0, 0.0, 0.0, 0.0, 0.0, 0.0, 0.0, 0.0, 0.0, 0.0, 0.0, 0.0, 0.0, 0.0]}, {"time": 6.129032258064516, "step_sample_count": 256, "data": [0.17252420260981927, 0.4558013969163597, -2.8120540096606064, -1.4244666135663084, 0.7327632713302856, 2.5114568781711406, -6.755572982934013, 0.732746060258725, 2.790971794429712, 3.8248242766062357, 1.4937275995752697, -3.870463592990221, 11.767085697058494, 1.4937199986209717, -0.018713972781680986, -6.101567214262712, 0.04392281388021311, 0.02512220942929959, -0.0146549315171165, -0.032133103906366034, -0.018713972781680986, -6.419186568342421, -2.061584761731081, 2.0317404039704168, 6.388958965195195, -6.101567214262712], "data_imag": [5.387571111830211e-19, -7.435891280577638e-19, 0.0, 0.0, 0.0, 0.0, 0.0, 0.0, 0.0, 0.0, 0.0, 0.0, 0.0, 0.0, 0.0, 0.0, 0.0, 0.0, 0.0, 0.0, 0.0, 0.0, 0.0, 0.0, 0.0, 0.0]}, {"time": 6.451612903225806, "step_sample_count": 256, "data": [0.17238039409187872, 0.45499926991811684, -2.6525262272680314, -1.2436167286739315, 0.6503111908953061, 2.6573095085502416, -6.5646458581914775, 0.6502939798273716, 3.127154620905188, 4.343337308843904, 1.5291485388759565, -4.447095555093054, 13.272479142201275, 1.5291409379729894, -0.00837484033511284, -6.4177552432353915, 0.05581679578759982, 0.00625728552601257, -0.008162214188944637, -0.05621824436239563, -0.00837484033511284, -6.7933527374228335, -2.174083784941077, 2.1363770896347334, 6.75544904531783, -6.4177552432353915], "data_imag": [-3.366117841776382e-19, 4.642021761000933e-19, 0.0, 0.0, 0.0, 0.0, 0.0, 0.0, 0.0, 0.0, 0.0, 0.0, 0.0, 0.0, 0.0, 0.0, 0.0, 0.0, 0.0, 0.0, 0.0, 0.0, 0.0, 0.0, 0.0, 0.0]}, {"time": 6.774193548387097, "step_sample_count": 256, "data": [0.17230775475581914, 0.4537359444511571, -2.4079872555690827, -1.0411814705452864, 0.5743344481381789, 2.7307477177669, -6.193615312658943, 0.574317237064141, 3.3339289543956427, 4.824985881343924, 1.5993661943380775, -4.813106090699146, 14.396783962963118, 1.5993585934164505, 0.005759931968408314, -6.73886317783034, 0.06072412827966893, -0.015598671021853182, -0.0015573657242977886, -0.07636565815684013, 0.005759931968408314, -7.144231873841981, -2.28372347953442, 2.2428119170098864, 7.103283715507175, -6.73886317783034], "data_imag": [-9.421844018788167e-20, 1.2987654308295467e-19, 0.0, 0.0, 0.0, 0.0, 0.0, 0.0, 0.0, 0.0, 0.0, 0.0, 0.0, 0.0, 0.0, 0.0, 0.0, 0.0, 0.0, 0.0, 0.0, 0.0, 0.0, 0.0, 0.0, 0.0]}, {"time": 7.096774193548387, "step_sample_count": 256, "data": [0.17235554028937755, 0.45246038998108173, -2.134261790562839, -0.9129628474967135, 0.5276489147186526, 2.7529715981122167, -5.815882070752234, 0.5276317036460927, 3.44825195099562, 5.246042371511976, 1.6974775206801822, -5.0020749225255, 15.187496872640233, 1.69746991976126, 0.02146179411710908, -7.0646991900869045, 0.06271912349835357, -0.0378334143348317, 0.0048640685222803275, -0.09424032104738761, 0.02146179411710908, -7.4750644396421135, -2.389354764345388, 2.3503200549340018, 7.4360970595459595, -7.0646991900869045], "data_imag": [-1.3456238528592332e-19, 1.855405809486616e-19, 0.0, 0.0, 0.0, 0.0, 0.0, 0.0, 0.0, 0.0, 0.0, 0.0, 0.0, 0.0, 0.0, 0.0, 0.0, 0.0, 0.0, 0.0, 0.0, 0.0, 0.0, 0.0, 0.0, 0.0]}, {"time": 7.419354838709677, "step_sample_count": 256, "data": [0.17242580245629344, 0.4517518067859342, -1.8499464597648443, -0.8829053160693383, 0.5265883254916622, 2.71468527995473, -5.464508666344865, 0.5265711144196624, 3.522701304678302, 5.599275753531283, 1.8040772673162455, -5.064372880191663, 15.741452874346422, 1.8040696663980498, 0.0362483243633443, -7.394279564392647, 0.06203851210904266, -0.05833055248986484, 0.011233336064893778, -0.10777869334601406, 0.0362483243633443, -7.791698459795203, -2.49052169564559, 2.4579045712771608, 7.759216121160438, -7.394279564392647], "data_imag": [2.6907674243052956e-20, -3.711661858872755e-20, 0.0, 0.0, 0.0, 0.0, 0.0, 0.0, 0.0, 0.0, 0.0, 0.0, 0.0, 0.0, 0.0, 0.0, 0.0, 0.0, 0.0, 0.0, 0.0, 0.0, 0.0, 0.0, 0.0, 0.0]}, {"time": 7.741935483870968, "step_sample_count": 256, "data": [0.17234354366581492, 0.45201026025355373, -1.5541765783861659, -0.9387609483090303, 0.5728403351160938, 2.5997037893448094, -5.109760757498007, 0.5728231240432694, 3.604733426305282, 5.88091121274236, 1.893159744966963, -5.045697673707622, 16.14916254881664, 1.8931521440474839, 0.04821267433591496, -7.726283653057986, 0.05728079801488773, -0.07573840928103112, 0.01774507860474537, -0.11401471600056468, 0.04821267433591496, -8.10042451804722, -2.5876079324439973, 2.564651523079151, 8.077663064781152, -7.726283653057986], "data_imag": [-9.416025021616214e-19, 1.2982328955770564e-18, 0.0, 0.0, 0.0, 0.0, 0.0, 0.0, 0.0, 0.0, 0.0, 0.0, 0.0, 0.0, 0.0, 0.0, 0.0, 0.0, 0.0, 0.0, 0.0, 0.0, 0.0, 0.0, 0.0, 0.0]}, {"time": 8.064516129032258, "step_sample_count": 256, "data": [0.17198192167936213, 0.453244483261319, -1.2459916057848899, -1.058424571916005, 0.6514452541717617, 2.406426962847168, -4.726743044321128, 0.6514280430992618, 3.738728352613058, 6.087530303551727, 1.9435589606798862, -4.988015131705832, 16.494690203598623, 1.943551359760801, 0.05664913183103102, -8.059280330377995, 0.04752069462060641, -0.08949437196450247, 0.024279250647623297, -0.11157944329156466, 0.05664913183103102, -8.407812601722696, -2.6817978883051588, 2.6699620109413424, 8.396236777073096, -8.059280330377995], "data_imag": [8.741286925030548e-19, -1.202674658653948e-18, 0.0, 0.0, 0.0, 0.0, 0.0, 0.0, 0.0, 0.0, 0.0, 0.0, 0.0, 0.0, 0.0, 0.0, 0.0, 0.0, 0.0, 0.0, 0.0, 0.0, 0.0, 0.0, 0.0, 0.0]}, {"time": 8.387096774193548, "step_sample_count": 256, "data": [0.17132087033531368, 0.4550727091203391, -0.9364909697245714, -1.215509165662659, 0.7371757460737297, 2.159123084203826, -4.324627958994227, 0.7371585350004373, 3.9608700370212966, 6.206270081709664, 1.9484018109712224, -4.925826700226206, 16.836819235011085, 1.9483942100513743, 0.0621781447756491, -8.39184097247071, 0.03336455265787139, -0.09971464638216163, 0.030258356696239545, -0.10178394151881796, 0.0621781447756491, -8.719616102332457, -2.7747896771775715, 2.7736472248260897, 8.718793279731845, -8.39184097247071], "data_imag": [3.898757774743706e-19, -5.343508601565301e-19, 0.0, 0.0, 0.0, 0.0, 0.0, 0.0, 0.0, 0.0, 0.0, 0.0, 0.0, 0.0, 0.0, 0.0, 0.0, 0.0, 0.0, 0.0, 0.0, 0.0, 0.0, 0.0, 0.0, 0.0]}, {"time": 8.709677419354838, "step_sample_count": 256, "data": [0.1704022547857214, 0.4568738933416676, -0.6499548049971368, -1.3652640278160892, 0.8049135240061575, 1.90544619342817, -3.9311506520233745, 0.8048963129336798, 4.287359631777334, 6.212956546766684, 1.9163428445813944, -4.879178169677931, 17.188118138015135, 1.916335243662337, 0.06640290039755996, -8.722803242580602, 0.016776757836739556, -0.10709167295893215, 0.03479986273478293, -0.08818060024820812, 0.06640290039755996, -9.039047890175349, -2.86817891806812, 2.8758484248062746, 9.047075229183694, -8.722803242580602], "data_imag": [7.257752048952207e-19, -9.89389851053717e-19, 0.0, 0.0, 0.0, 0.0, 0.0, 0.0, 0.0, 0.0, 0.0, 0.0, 0.0, 0.0, 0.0, 0.0, 0.0, 0.0, 0.0, 0.0, 0.0, 0.0, 0.0, 0.0, 0.0, 0.0]}, {"time": 9.032258064516128, "step_sample_count": 256, "data": [0.1692520677479778, 0.45796308215544834, -0.4175040871439654, -1.4333241280153628, 0.8374011890121315, 1.7033053181240243, -3.561680077181983, 0.8373839779397989, 4.706683314080714, 6.099893399063449, 1.8658600848800582, -4.85065953397941, 17.53184500278142, 1.865852483961056, 0.07132403576626938, -9.051644593067122, 0.0002656185533714095, -0.11282733021477107, 0.037077308731768066, -0.07530092110687375, 0.07132403576626938, -9.365772498154183, -2.962735696167513, 2.9767924859868833, 9.380200279424162, -9.051644593067122], "data_imag": [1.2766143662350246e-18, -1.7285569696164161e-18, 0.0, 0.0, 0.0, 0.0, 0.0, 0.0, 0.0, 0.0, 0.0, 0.0, 0.0, 0.0, 0.0, 0.0, 0.0, 0.0, 0.0, 0.0, 0.0, 0.0, 0.0, 0.0, 0.0, 0.0]}, {"time": 9.35483870967742, "step_sample_count": 256, "data": [0.16790452641579534, 0.4578054854594842, -0.26526655565148227, -1.3447850789703186, 0.8276152915978863, 1.6007303546189586, -3.2160421475790963, 0.8275980805255253, 5.178945579381936, 5.917350224022878, 1.8189397844641875, -4.826289816015248, 17.863685996991357, 1.8189321835451255, 0.07875408882903519, -9.378690075232486, -0.014265545831140643, -0.11840233634071595, 0.036618987568505, -0.06696822963657985, 0.07875408882903519, -9.69600053519467, -3.0580512201540615, 3.0765771860849283, 9.714888461921353, -9.378690075232486], "data_imag": [1.2697592230407897e-18, -1.7055865680540163e-18, 0.0, 0.0, 0.0, 0.0, 0.0, 0.0, 0.0, 0.0, 0.0, 0.0, 0.0, 0.0, 0.0, 0.0, 0.0, 0.0, 0.0, 0.0, 0.0, 0.0, 0.0, 0.0, 0.0, 0.0]}, {"time": 9.67741935483871, "step_sample_count": 256, "data": [0.166525622497012, 0.45630386328323475, -0.19884780584006576, -1.0888225088817314, 0.7782469251994744, 1.6133503792692356, -2.9047682411915914, 0.7782297141268626, 5.648275636670142, 5.765247226862741, 1.7976554543834502, -4.78672879051965, 18.207366328954112, 1.7976478534641684, 0.08983453705296696, -9.705064025817938, -0.02684270562661803, -0.1250368874692878, 0.03334768572612981, -0.06441927803764994, 0.08983453705296696, -10.024120587693066, -3.152747215819323, 3.17520847821069, 10.046911382807691, -9.705064025817938], "data_imag": [1.435329561251285e-18, -1.912153189405866e-18, 0.0, 0.0, 0.0, 0.0, 0.0, 0.0, 0.0, 0.0, 0.0, 0.0, 0.0, 0.0, 0.0, 0.0, 0.0, 0.0, 0.0, 0.0, 0.0, 0.0, 0.0, 0.0, 0.0, 0.0]}], "random_generator": {"seed": "very_nice_seed"}, "realworld_total_calculation_time": 9.751}