{"hamiltonian": {"U": 1.0, "E": 0.8, "J": 0.1, "phi": 2.5132741228718345, "type": "FirstOrderVariationalClassicalNetworkHamiltonian", "eta_calculation_sampler": {"system_geometry": {"type": "SquareSystemNonPeriodicState", "size": 2}, "initial_system_state": {"type": "HomogenousInitialSystemState"}, "type": "ExactSampler"}, "psi_selection": {"type": "SquareDirectionDependentAllSameFirstOrder", "number_of_psis": 12, "J": 0.1}, "random_generator": {"seed": "46954944"}, "init_sigma": 1e-05, "pseudo_inverse_cutoff": 1e-10, "effective_time_step_size": 0.08064516129032258, "number_workers": 16, "variational_step_fraction_multiplier": 4, "ue_might_change": true, "ue_variational": true}, "start_time": 0.0, "time_step": 0.3225806451612903, "number_of_time_steps": 31, "sampler": {"system_geometry": {"type": "SquareSystemNonPeriodicState", "size": 2}, "initial_system_state": {"type": "HomogenousInitialSystemState"}, "type": "ExactSampler"}, "observables": [{"type": "Energy", "label": "Energy per site"}, {"type": "EnergyVariance", "label": "Energy Variance per site"}, {"type": "VCNFactor", "label": "Re-Part of VCN Parameter 0", "param_real_part": true, "param_index": 0, "can_return_value": true}, {"type": "VCNFactor", "label": "Re-Part of VCN Parameter 1", "param_real_part": true, "param_index": 1, "can_return_value": true}, {"type": "VCNFactor", "label": "Re-Part of VCN Parameter 2", "param_real_part": true, "param_index": 2, "can_return_value": true}, {"type": "VCNFactor", "label": "Re-Part of VCN Parameter 3", "param_real_part": true, "param_index": 3, "can_return_value": true}, {"type": "VCNFactor", "label": "Re-Part of VCN Parameter 4", "param_real_part": true, "param_index": 4, "can_return_value": true}, {"type": "VCNFactor", "label": "Re-Part of VCN Parameter 5", "param_real_part": true, "param_index": 5, "can_return_value": true}, {"type": "VCNFactor", "label": "Re-Part of VCN Parameter 6", "param_real_part": true, "param_index": 6, "can_return_value": true}, {"type": "VCNFactor", "label": "Re-Part of VCN Parameter 7", "param_real_part": true, "param_index": 7, "can_return_value": true}, {"type": "VCNFactor", "label": "Re-Part of VCN Parameter 8", "param_real_part": true, "param_index": 8, "can_return_value": true}, {"type": "VCNFactor", "label": "Re-Part of VCN Parameter 9", "param_real_part": true, "param_index": 9, "can_return_value": true}, {"type": "VCNFactor", "label": "Re-Part of VCN Parameter 10", "param_real_part": true, "param_index": 10, "can_return_value": true}, {"type": "VCNFactor", "label": "Re-Part of VCN Parameter 11", "param_real_part": true, "param_index": 11, "can_return_value": true}, {"type": "VCNFactor", "label": "Im-Part of VCN Parameter 0", "param_real_part": false, "param_index": 0, "can_return_value": true}, {"type": "VCNFactor", "label": "Im-Part of VCN Parameter 1", "param_real_part": false, "param_index": 1, "can_return_value": true}, {"type": "VCNFactor", "label": "Im-Part of VCN Parameter 2", "param_real_part": false, "param_index": 2, "can_return_value": true}, {"type": "VCNFactor", "label": "Im-Part of VCN Parameter 3", "param_real_part": false, "param_index": 3, "can_return_value": true}, {"type": "VCNFactor", "label": "Im-Part of VCN Parameter 4", "param_real_part": false, "param_index": 4, "can_return_value": true}, {"type": "VCNFactor", "label": "Im-Part of VCN Parameter 5", "param_real_part": false, "param_index": 5, "can_return_value": true}, {"type": "VCNFactor", "label": "Im-Part of VCN Parameter 6", "param_real_part": false, "param_index": 6, "can_return_value": true}, {"type": "VCNFactor", "label": "Im-Part of VCN Parameter 7", "param_real_part": false, "param_index": 7, "can_return_value": true}, {"type": "VCNFactor", "label": "Im-Part of VCN Parameter 8", "param_real_part": false, "param_index": 8, "can_return_value": true}, {"type": "VCNFactor", "label": "Im-Part of VCN Parameter 9", "param_real_part": false, "param_index": 9, "can_return_value": true}, {"type": "VCNFactor", "label": "Im-Part of VCN Parameter 10", "param_real_part": false, "param_index": 10, "can_return_value": true}, {"type": "VCNFactor", "label": "Im-Part of VCN Parameter 11", "param_real_part": false, "param_index": 11, "can_return_value": true}, {"type": "BaseEnergyFactor", "label": "Re-Part of BE-Factor U", "param_real_part": true, "param_index": -1, "can_return_value": true, "kind": "U"}, {"type": "BaseEnergyFactor", "label": "Im-Part of BE-Factor U", "param_real_part": false, "param_index": -1, "can_return_value": true, "kind": "U"}, {"type": "BaseEnergyFactor", "label": "Re-Part of BE-Factor eps-0", "param_real_part": true, "param_index": 0, "can_return_value": true, "kind": "eps"}, {"type": "BaseEnergyFactor", "label": "Re-Part of BE-Factor eps-1", "param_real_part": true, "param_index": 1, "can_return_value": true, "kind": "eps"}, {"type": "BaseEnergyFactor", "label": "Re-Part of BE-Factor eps-2", "param_real_part": true, "param_index": 2, "can_return_value": true, "kind": "eps"}, {"type": "BaseEnergyFactor", "label": "Re-Part of BE-Factor eps-3", "param_real_part": true, "param_index": 3, "can_return_value": true, "kind": "eps"}, {"type": "BaseEnergyFactor", "label": "Re-Part of BE-Factor eps-4", "param_real_part": true, "param_index": 4, "can_return_value": true, "kind": "eps"}, {"type": "BaseEnergyFactor", "label": "Im-Part of BE-Factor eps-0", "param_real_part": false, "param_index": 0, "can_return_value": true, "kind": "eps"}, {"type": "BaseEnergyFactor", "label": "Im-Part of BE-Factor eps-1", "param_real_part": false, "param_index": 1, "can_return_value": true, "kind": "eps"}, {"type": "BaseEnergyFactor", "label": "Im-Part of BE-Factor eps-2", "param_real_part": false, "param_index": 2, "can_return_value": true, "kind": "eps"}, {"type": "BaseEnergyFactor", "label": "Im-Part of BE-Factor eps-3", "param_real_part": false, "param_index": 3, "can_return_value": true, "kind": "eps"}, {"type": "BaseEnergyFactor", "label": "Im-Part of BE-Factor eps-4", "param_real_part": false, "param_index": 4, "can_return_value": true, "kind": "eps"}], "measurements": [{"time": 0.0, "step_sample_count": 256, "data": [0.06150994716214185, 0.23217153648874098, -2.409211346512654e-05, 1.3364613742072939e-05, 1.5426940819682473e-06, -2.3095526437844924e-06, 2.9577584621232426e-06, -1.5668367408516222e-05, 1.0073359691169309e-05, -1.2604172898632618e-05, -1.1358230129747497e-05, 3.80637423358691e-06, 2.8480717089983352e-06, -1.895923534861108e-05, -1.1357545410297846e-05, 4.318272037258513e-06, -1.4618044943022195e-05, 1.2968369814907847e-06, -2.4229613465669603e-06, 1.2658790972584678e-05, -4.320935634434884e-06, -4.807979398987998e-06, -1.0283182688040512e-05, 1.5791125000597532e-06, 1.6795899010380995e-05, -6.0341603244068835e-06, 7.2706396032623796e-06, -2.5990623020784137e-06, 2.105483127674879e-05, 1.1085069673905734e-05, -9.132533945527703e-06, -1.2101228867378676e-06, 7.2706396032623796e-06, -5.612770751019133e-06, -2.3901402852107364e-06, -7.7877375531777e-06, 4.464171819755137e-06, -2.5990623020784137e-06], "data_imag": [-8.271351266177394e-25, 4.0701630347366896e-25, 0.0, 0.0, 0.0, 0.0, 0.0, 0.0, 0.0, 0.0, 0.0, 0.0, 0.0, 0.0, 0.0, 0.0, 0.0, 0.0, 0.0, 0.0, 0.0, 0.0, 0.0, 0.0, 0.0, 0.0, 0.0, 0.0, 0.0, 0.0, 0.0, 0.0, 0.0, 0.0, 0.0, 0.0, 0.0, 0.0]}, {"time": 0.3225806451612903, "step_sample_count": 256, "data": [0.06256061468589602, 0.23304105939967795, 0.003461459001653988, -0.0350842935543068, 0.045749762685708864, 0.004154060354894657, -0.034774525469621995, 0.0457325516242197, 0.004068766498200895, -0.03498996460042775, 0.04587650959075084, 0.003575362147574687, -0.03520818765714447, 0.04586890858554055, 0.31236275311444106, 0.30631147262139313, 0.31485544444676206, 0.3283424837130905, 0.3317817798369045, 0.314882721282696, 0.32687172042557117, 0.3290155938841927, 0.3155633845240406, 0.3152816025359259, 0.3105225035532422, 0.31556763354640427, 0.0011608933822698903, -0.322889529252113, -0.0014202159880699066, 0.0035241631786592734, -0.005055086416703649, -9.157561568042979e-05, 0.0011608933822698903, 0.0003337787558224617, 0.207558769993941, -0.15022081157595588, 0.05701091819656274, -0.322889529252113], "data_imag": [-4.1075406811230517e-19, 2.055762158867057e-19, 0.0, 0.0, 0.0, 0.0, 0.0, 0.0, 0.0, 0.0, 0.0, 0.0, 0.0, 0.0, 0.0, 0.0, 0.0, 0.0, 0.0, 0.0, 0.0, 0.0, 0.0, 0.0, 0.0, 0.0, 0.0, 0.0, 0.0, 0.0, 0.0, 0.0, 0.0, 0.0, 0.0, 0.0, 0.0, 0.0]}, {"time": 0.6451612903225806, "step_sample_count": 256, "data": [0.0633965451657198, 0.2338352171468575, 0.014139041314147128, -0.16178487719962828, 0.1928062152613811, 0.0179131200827188, -0.16105344886490636, 0.19278900419993078, 0.017535789566094667, -0.1643913956358493, 0.19573654405566576, 0.014813422827073725, -0.16494571449336057, 0.19572894305050312, 0.6255302141077186, 0.5694986566940248, 0.5676655635708688, 0.6194511303181773, 0.6592415170982961, 0.5676928404067111, 0.6272754085039589, 0.6541037063827959, 0.5737950314707385, 0.6319605959481805, 0.5886628181223249, 0.5737992804929738, 0.0049896055685758525, -0.6484601218045635, -0.006272529363613815, 0.01618663428541566, -0.022733594573971876, -0.00025349161995475854, 0.0049896055685758525, 0.001287889924145933, 0.41958249890201, -0.30262823968659425, 0.11567126043131659, -0.6484601218045635], "data_imag": [1.2559961081178998e-18, -6.370065119701179e-19, 0.0, 0.0, 0.0, 0.0, 0.0, 0.0, 0.0, 0.0, 0.0, 0.0, 0.0, 0.0, 0.0, 0.0, 0.0, 0.0, 0.0, 0.0, 0.0, 0.0, 0.0, 0.0, 0.0, 0.0, 0.0, 0.0, 0.0, 0.0, 0.0, 0.0, 0.0, 0.0, 0.0, 0.0, 0.0, 0.0]}, {"time": 0.967741935483871, "step_sample_count": 256, "data": [0.06387805008102927, 0.23405774816876523, 0.0233173935100004, -0.3693293854242477, 0.3818875994968637, 0.03637877419259513, -0.372290637153802, 0.38187038843537485, 0.035991813396109885, -0.3896809013061708, 0.3961336033622876, 0.026780578386283907, -0.3879115593651694, 0.3961260023571085, 0.9438627362596067, 0.736059016688112, 0.717878671861587, 0.8324856535006868, 0.9749431987732694, 0.7179059486974844, 0.8717651002828196, 0.9680193069562841, 0.7354570529657953, 0.9550508758202989, 0.7920996392004328, 0.7354613019880675, 0.009838364140789667, -0.9785499606594037, -0.013018767697139872, 0.03741150026009842, -0.0503078751954284, 0.00014734192008212748, 0.009838364140789667, 0.00315806094184896, 0.6406681321680802, -0.4601501769654679, 0.17736708797280062, -0.9785499606594037], "data_imag": [-7.944388231245388e-19, 4.0597762343890565e-19, 0.0, 0.0, 0.0, 0.0, 0.0, 0.0, 0.0, 0.0, 0.0, 0.0, 0.0, 0.0, 0.0, 0.0, 0.0, 0.0, 0.0, 0.0, 0.0, 0.0, 0.0, 0.0, 0.0, 0.0, 0.0, 0.0, 0.0, 0.0, 0.0, 0.0, 0.0, 0.0, 0.0, 0.0, 0.0, 0.0]}, {"time": 1.2903225806451613, "step_sample_count": 256, "data": [0.06385630935782947, 0.23320806015769807, 0.010247400433775544, -0.6179446026464368, 0.5508872419582139, 0.058614755778151985, -0.6493099642483866, 0.5508700308967155, 0.05797708797510211, -0.7053383599696584, 0.5902979484661968, 0.024610085053209847, -0.6847236155766991, 0.5902903474608743, 1.2785629998130508, 0.7444704961414058, 0.7743412141391403, 0.9341437020494581, 1.2627289455639348, 0.7743684909750375, 1.0355180004397129, 1.2541416191418375, 0.8055696694988423, 1.2978013959956605, 0.865432887521754, 0.8055739185210871, 0.013266979440586461, -1.312020868220726, -0.019440178226367455, 0.06549677373589805, -0.08328375297668297, 0.001683428045799086, 0.013266979440586461, 0.005140351305729728, 0.874304879650911, -0.6271309103180802, 0.2420524207159673, -1.312020868220726], "data_imag": [-1.3193929901638167e-18, 6.7401253555561855e-19, 0.0, 0.0, 0.0, 0.0, 0.0, 0.0, 0.0, 0.0, 0.0, 0.0, 0.0, 0.0, 0.0, 0.0, 0.0, 0.0, 0.0, 0.0, 0.0, 0.0, 0.0, 0.0, 0.0, 0.0, 0.0, 0.0, 0.0, 0.0, 0.0, 0.0, 0.0, 0.0, 0.0, 0.0, 0.0, 0.0]}, {"time": 1.6129032258064515, "step_sample_count": 256, "data": [0.06316191132676431, 0.2309940781332659, -0.0630067131397759, -0.8094527346431737, 0.6644058624930277, 0.10251715786737751, -0.9511846080877697, 0.6643886514315483, 0.0973041217969732, -1.0898859390016489, 0.7450184330764543, -0.01905567132132502, -0.991812397493168, 0.7450108320710057, 1.63850375863447, 0.5541677571006242, 0.7753672092819459, 0.908644375837525, 1.507237226336625, 0.7753944861177973, 1.101771085044914, 1.4915345389265506, 0.8151363786149048, 1.6776664838404447, 0.7528396012675462, 0.8151406276368194, 0.014074309497024939, -1.6455998507386103, -0.023653931990583885, 0.09522989072328318, -0.11517062044798784, 0.003749727935131527, 0.014074309497024939, 0.006092534321596862, 1.1221083542410166, -0.8080531235846569, 0.3079882636040973, -1.6455998507386103], "data_imag": [7.25991366720429e-19, -3.6684001863033735e-19, 0.0, 0.0, 0.0, 0.0, 0.0, 0.0, 0.0, 0.0, 0.0, 0.0, 0.0, 0.0, 0.0, 0.0, 0.0, 0.0, 0.0, 0.0, 0.0, 0.0, 0.0, 0.0, 0.0, 0.0, 0.0, 0.0, 0.0, 0.0, 0.0, 0.0, 0.0, 0.0, 0.0, 0.0, 0.0, 0.0]}, {"time": 1.935483870967742, "step_sample_count": 256, "data": [0.06184914595036075, 0.22764500353331663, -0.24528896183123652, -0.7967294581340728, 0.7159969553866028, 0.20644540269983763, -1.2199968510828638, 0.7159797443249456, 0.19136049671319572, -1.5017300478120148, 0.8515514385966013, -0.1488788386169213, -1.1838332262954756, 0.851543837591017, 2.0027980157526994, 0.21939693368999655, 0.7615602533870257, 0.7772772259846501, 1.7198238095334095, 0.7615875302233354, 1.0713921651576268, 1.670802134511544, 0.7959161160108225, 2.0958631990126353, 0.44455317144836787, 0.7959203650331953, 0.013188747135105107, -1.9765874565212231, -0.02534212131148099, 0.11690311489007561, -0.1371535774125568, 0.005155097705472366, 0.013188747135105107, 0.006619490685626958, 1.3811362060088264, -1.002397221668116, 0.37210326638509456, -1.9765874565212231], "data_imag": [1.4300864307388463e-18, -7.075969950111792e-19, 0.0, 0.0, 0.0, 0.0, 0.0, 0.0, 0.0, 0.0, 0.0, 0.0, 0.0, 0.0, 0.0, 0.0, 0.0, 0.0, 0.0, 0.0, 0.0, 0.0, 0.0, 0.0, 0.0, 0.0, 0.0, 0.0, 0.0, 0.0, 0.0, 0.0, 0.0, 0.0, 0.0, 0.0, 0.0, 0.0]}, {"time": 2.258064516129032, "step_sample_count": 256, "data": [0.06048624633617936, 0.22419875542045756, -0.5582125905665682, -0.5040091973999015, 0.7165260513014594, 0.39036084848275865, -1.4226937319771407, 0.7165088402396266, 0.3822267940518922, -1.897264516066579, 0.9135093784902478, -0.41134851423478724, -1.1267116188239896, 0.9135017774842501, 2.304687056771679, -0.07087312417142999, 0.7631195820431945, 0.6076276936954321, 1.95257197618917, 0.763146858879715, 0.9842616029132398, 1.8161546614024022, 0.7700847930592705, 2.5073771880210507, 0.05135271902061907, 0.7700890420820099, 0.012394180233753134, -2.3042906810066186, -0.027217503337004744, 0.12208760639994083, -0.14247823659807343, 0.006989894042562894, 0.012394180233753134, 0.008567678124976953, 1.6405593605469568, -1.1999144634033767, 0.4319075694621389, -2.3042906810066186], "data_imag": [-8.873867003384732e-19, 4.2939752441697804e-19, 0.0, 0.0, 0.0, 0.0, 0.0, 0.0, 0.0, 0.0, 0.0, 0.0, 0.0, 0.0, 0.0, 0.0, 0.0, 0.0, 0.0, 0.0, 0.0, 0.0, 0.0, 0.0, 0.0, 0.0, 0.0, 0.0, 0.0, 0.0, 0.0, 0.0, 0.0, 0.0, 0.0, 0.0, 0.0, 0.0]}, {"time": 2.5806451612903225, "step_sample_count": 256, "data": [0.05983167104390359, 0.2221548800823492, -0.9586915192612804, -0.04290317394239215, 0.6849928836623047, 0.6160209579528271, -1.5883932747648821, 0.6849756726002021, 0.6627880503254039, -2.2765072095130297, 0.9385399779015284, -0.802636541507749, -0.8313118290099258, 0.9385323768957538, 2.47418425245564, -0.1312262184848817, 0.798729652832745, 0.46641514860418826, 2.2516722301402776, 0.7987569296693433, 0.9109825622793849, 1.9739031974412926, 0.7518300267076438, 2.8286207996984696, -0.22326284214125394, 0.7518342757303375, 0.012761717899814014, -2.6295559351868207, -0.03287230474942988, 0.11296894478384523, -0.1342982590052755, 0.011968450561251035, 0.012761717899814014, 0.011087363760437226, 1.886967290211277, -1.3864317957132346, 0.48893806817457025, -2.6295559351868207], "data_imag": [-1.2082980893069823e-19, 5.783559504191409e-20, 0.0, 0.0, 0.0, 0.0, 0.0, 0.0, 0.0, 0.0, 0.0, 0.0, 0.0, 0.0, 0.0, 0.0, 0.0, 0.0, 0.0, 0.0, 0.0, 0.0, 0.0, 0.0, 0.0, 0.0, 0.0, 0.0, 0.0, 0.0, 0.0, 0.0, 0.0, 0.0, 0.0, 0.0, 0.0, 0.0]}, {"time": 2.903225806451613, "step_sample_count": 256, "data": [0.059907044221975826, 0.22213281927919099, -1.366126944207299, 0.3899535607205829, 0.6444811345713851, 0.8198822177274344, -1.7675273429616856, 0.6444639235094287, 0.969850891339149, -2.682862187841334, 0.9364118892984942, -1.2561993910823526, -0.47274890129585573, 0.9364042882922816, 2.494816052246774, 0.05863074027495828, 0.8758330653482397, 0.36507074964838554, 2.609203123536409, 0.8758603421849662, 0.8872889646376646, 2.1572499252320627, 0.750236350300282, 3.0131557668590725, -0.2823924392343179, 0.7502405993228566, 0.014019463586112583, -2.9539273084259534, -0.042312294935380926, 0.09980407763410416, -0.12253145828475283, 0.020518947049598505, 0.014019463586112583, 0.011733779497214691, 2.1163693645460526, -1.5567572012514868, 0.5468343629720752, -2.9539273084259534], "data_imag": [-1.1660693091563795e-18, 5.588461253561604e-19, 0.0, 0.0, 0.0, 0.0, 0.0, 0.0, 0.0, 0.0, 0.0, 0.0, 0.0, 0.0, 0.0, 0.0, 0.0, 0.0, 0.0, 0.0, 0.0, 0.0, 0.0, 0.0, 0.0, 0.0, 0.0, 0.0, 0.0, 0.0, 0.0, 0.0, 0.0, 0.0, 0.0, 0.0, 0.0, 0.0]}, {"time": 3.225806451612903, "step_sample_count": 256, "data": [0.06013357455821957, 0.22346106310369124, -1.7178113837265627, 0.6744640490760184, 0.6193208645984176, 0.9673121679937785, -1.9819205587395703, 0.6193036535367318, 1.2556981677910155, -3.1550268682658498, 0.9198323117837119, -1.716851372029429, -0.19400221158842113, 0.9198247107774348, 2.4047159633067525, 0.3980630208242937, 0.9890544603306455, 0.27500779092088906, 2.9925293165287052, 0.9890817371678167, 0.8964669752913862, 2.348141381791743, 0.7695967528100681, 3.0835510914554916, -0.18413040183500837, 0.769601001832716, 0.015083433880964791, -3.2789658123848335, -0.053914143536465814, 0.08894108094220042, -0.11238731961241735, 0.032031090411447194, 0.015083433880964791, 0.009823066763163751, 2.3343936735476425, -1.7154486316366662, 0.6075183374388523, -3.2789658123848335], "data_imag": [-5.487749852181757e-19, 2.6399841191442416e-19, 0.0, 0.0, 0.0, 0.0, 0.0, 0.0, 0.0, 0.0, 0.0, 0.0, 0.0, 0.0, 0.0, 0.0, 0.0, 0.0, 0.0, 0.0, 0.0, 0.0, 0.0, 0.0, 0.0, 0.0, 0.0, 0.0, 0.0, 0.0, 0.0, 0.0, 0.0, 0.0, 0.0, 0.0, 0.0, 0.0]}, {"time": 3.5483870967741935, "step_sample_count": 256, "data": [0.060332937874056705, 0.2254242728217645, -1.9923461191953433, 0.7844796794908404, 0.6284739499402506, 1.0566567983316806, -2.2348164831732036, 0.6284567388785869, 1.5170178761968396, -3.7352025303697056, 0.9027943889194407, -2.1841797814693558, -0.0408183414152203, 0.9027867879131986, 2.257160206915803, 0.7855181792755432, 1.1200294728270084, 0.16846664006273585, 3.382490252886184, 1.12005674966434, 0.9178918604677396, 2.526090435938654, 0.8085265571624236, 3.0740332257072116, -0.004943117249023389, 0.8085308061852182, 0.014726587774241559, -3.6054767127428264, -0.06731392178285367, 0.0801452539974407, -0.10246512916214752, 0.047027439084175525, 0.014726587774241559, 0.005081889221157058, 2.54746426322393, -1.8685025616042223, 0.671856474674899, -3.6054767127428264], "data_imag": [-4.546265673494104e-19, 2.1943165155030103e-19, 0.0, 0.0, 0.0, 0.0, 0.0, 0.0, 0.0, 0.0, 0.0, 0.0, 0.0, 0.0, 0.0, 0.0, 0.0, 0.0, 0.0, 0.0, 0.0, 0.0, 0.0, 0.0, 0.0, 0.0, 0.0, 0.0, 0.0, 0.0, 0.0, 0.0, 0.0, 0.0, 0.0, 0.0, 0.0, 0.0]}, {"time": 3.870967741935484, "step_sample_count": 256, "data": [0.060749191765848795, 0.22773221263521357, -2.1955726899996457, 0.7332616196334858, 0.6769923512952696, 1.0991127762152113, -2.5304600697701276, 0.6769751402335991, 1.7738091284025248, -4.494928933021367, 0.8960657289432412, -2.691885010386521, -0.03012596905764963, 0.8960581279369569, 2.0896720195255662, 1.1584196062447174, 1.2425474524911284, 0.028293730801127424, 3.772311910120742, 1.242574729328373, 0.9519769811456091, 2.645645625400393, 0.85938183199462, 2.9836390189718176, 0.210682629305493, 0.8593860810172036, 0.011840540954317292, -3.9332379663804358, -0.0832253551909769, 0.07040669811342809, -0.0888773253156702, 0.06701258481431649, 0.011840540954317292, -0.00444670205847115, 2.759260194400903, -2.0199280240205635, 0.7414615737573133, -3.9332379663804358], "data_imag": [-9.4851251506774e-19, 4.609709493612616e-19, 0.0, 0.0, 0.0, 0.0, 0.0, 0.0, 0.0, 0.0, 0.0, 0.0, 0.0, 0.0, 0.0, 0.0, 0.0, 0.0, 0.0, 0.0, 0.0, 0.0, 0.0, 0.0, 0.0, 0.0, 0.0, 0.0, 0.0, 0.0, 0.0, 0.0, 0.0, 0.0, 0.0, 0.0, 0.0, 0.0]}, {"time": 4.193548387096774, "step_sample_count": 256, "data": [0.06157250190436674, 0.23017003003910452, -2.341085205733436, 0.5427306428037386, 0.7532455238591408, 1.1099146578139965, -2.876338062275339, 0.7532283127972499, 2.0570018802042966, -5.53829088637473, 0.9036176679315532, -3.2812394803626685, -0.19260285087578227, 0.9036100669250682, 1.9188431605544514, 1.4826884430287581, 1.3333359715995938, -0.15941287076582455, 4.159519707337809, 1.3333632484373936, 1.0264393537706384, 2.585257128125903, 0.9106197170898253, 2.7633156547617945, 0.41866198952900435, 0.9106239661127662, 0.00574713264795822, -4.26116353769706, -0.10294339515984169, 0.05548215978109315, -0.06694952329024768, 0.09382070206124762, 0.00574713264795822, -0.023825845626395163, 2.970361399139004, -2.1712223052148345, 0.8202991227684819, -4.26116353769706], "data_imag": [3.069388637888503e-19, -1.5119195020130518e-19, 0.0, 0.0, 0.0, 0.0, 0.0, 0.0, 0.0, 0.0, 0.0, 0.0, 0.0, 0.0, 0.0, 0.0, 0.0, 0.0, 0.0, 0.0, 0.0, 0.0, 0.0, 0.0, 0.0, 0.0, 0.0, 0.0, 0.0, 0.0, 0.0, 0.0, 0.0, 0.0, 0.0, 0.0, 0.0, 0.0]}, {"time": 4.516129032258064, "step_sample_count": 256, "data": [0.06263814226106695, 0.23232416080568655, -2.4389771239048463, 0.23582975074941565, 0.8349350240583455, 1.1089526482541825, -3.280248834518648, 0.8349178129967153, 2.4012249665378897, -6.971057716788867, 0.9221470136906343, -3.9782538410697064, -0.5721818901269382, 0.9221394126835852, 1.7500671718027012, 1.7395118658581825, 1.3819947274783162, -0.408803684576982, 4.545954570309786, 1.3820220043162812, 1.2271331930546043, 2.0360557841251845, 0.9519374602077479, 2.2960909167275605, 0.5160427898594839, 0.9519417092310511, -0.0034517065315971384, -4.587574905358923, -0.12762360468238332, 0.030359738107628875, -0.03192036664447308, 0.12849235541089607, -0.0034517065315971384, -0.0643544132358358, 3.175152482160659, -2.318096462737425, 0.918071465827976, -4.587574905358923], "data_imag": [-5.731187315006206e-19, 2.8719274108974475e-19, 0.0, 0.0, 0.0, 0.0, 0.0, 0.0, 0.0, 0.0, 0.0, 0.0, 0.0, 0.0, 0.0, 0.0, 0.0, 0.0, 0.0, 0.0, 0.0, 0.0, 0.0, 0.0, 0.0, 0.0, 0.0, 0.0, 0.0, 0.0, 0.0, 0.0, 0.0, 0.0, 0.0, 0.0, 0.0, 0.0]}, {"time": 4.838709677419355, "step_sample_count": 256, "data": [0.06336704560153524, 0.23361797604261625, -2.4932074060327847, -0.15936587616310904, 0.8992697671522618, 1.1240234498631891, -3.7468507072678894, 0.8992525560893737, 2.733669275727659, -8.547811112307693, 0.9439717687753282, -4.675387576317464, -1.1070476132349423, 0.943964167766833, 1.5958846554445465, 1.9152500221392708, 1.3936334842111664, -0.7314745254866324, 4.943014488486802, 1.3936607610490537, 1.7793423418132515, 0.2572080951938479, 0.9785102646244445, 1.335854864713643, 0.24211429441713106, 0.9785145136464503, -0.01470282860118519, -4.910666800745926, -0.14721700777387817, 0.0001558734670371216, 0.009949718860292495, 0.15992128124609536, -0.01470282860118519, -0.15094245250064425, 3.353343180472845, -2.441702988278291, 1.0580205764944837, -4.910666800745926], "data_imag": [-1.4643458984183493e-19, 7.423301865719734e-20, 0.0, 0.0, 0.0, 0.0, 0.0, 0.0, 0.0, 0.0, 0.0, 0.0, 0.0, 0.0, 0.0, 0.0, 0.0, 0.0, 0.0, 0.0, 0.0, 0.0, 0.0, 0.0, 0.0, 0.0, 0.0, 0.0, 0.0, 0.0, 0.0, 0.0, 0.0, 0.0, 0.0, 0.0, 0.0, 0.0]}, {"time": 5.161290322580645, "step_sample_count": 256, "data": [0.06316289084449235, 0.23359216458206655, -2.512998055997306, -0.5911738282068117, 0.9310552240253007, 1.192516094357426, -4.27222841862768, 0.9310380129600938, 2.451380387086635, -8.380039374552812, 0.9611423597635316, -4.7169173492902585, -1.1919043515978083, 0.961134758755124, 1.4927570132689578, 2.001390262692607, 1.38447712419992, -1.1299414389476254, 5.38157282756498, 1.3845044010529073, 2.634554106919389, -2.668648106584821, 0.9913502971238911, -0.06279236832744328, -0.4257172303536291, 0.9913545461302696, -0.02612884342193468, -5.2292269142071595, -0.09847231695999233, 0.022341740359250656, -0.0007788908289193403, 0.12288684381530329, -0.02612884342193468, -0.279837148369236, 3.5107469682036, -2.5488649502408838, 1.2353484180272734, -5.2292269142071595], "data_imag": [1.6756637291837053e-18, -8.467181217480427e-19, 0.0, 0.0, 0.0, 0.0, 0.0, 0.0, 0.0, 0.0, 0.0, 0.0, 0.0, 0.0, 0.0, 0.0, 0.0, 0.0, 0.0, 0.0, 0.0, 0.0, 0.0, 0.0, 0.0, 0.0, 0.0, 0.0, 0.0, 0.0, 0.0, 0.0, 0.0, 0.0, 0.0, 0.0, 0.0, 0.0]}, {"time": 5.483870967741935, "step_sample_count": 256, "data": [0.06219261443143027, 0.2322696487251658, -2.534095707345703, -0.9620253127460929, 0.9259752977299981, 1.3566412193924653, -4.837953920442527, 0.9259580866673192, 1.6928354580026987, -6.7847202836498255, 0.9676208194557069, -4.1912151382251155, -0.9117352052917412, 0.9676132184472511, 1.4913104749476884, 2.028954513007888, 1.37496286426035, -1.5897303549771713, 5.92842034552305, 1.3749901411102745, 2.871533913942258, -4.023387048162744, 0.9936021318569405, -0.9441839145387619, -0.6830042948314444, 0.9936063808633832, -0.03544239435889296, -5.543220717286454, 0.007495852609200174, 0.07992284016843007, -0.0494556062487487, 0.026084784173259736, -0.03544239435889296, -0.3580406711285775, 3.738344184350326, -2.7305695670263304, 1.3572519668553804, -5.543220717286454], "data_imag": [-1.3282509075302838e-19, 6.60859172481826e-20, 0.0, 0.0, 0.0, 0.0, 0.0, 0.0, 0.0, 0.0, 0.0, 0.0, 0.0, 0.0, 0.0, 0.0, 0.0, 0.0, 0.0, 0.0, 0.0, 0.0, 0.0, 0.0, 0.0, 0.0, 0.0, 0.0, 0.0, 0.0, 0.0, 0.0, 0.0, 0.0, 0.0, 0.0, 0.0, 0.0]}, {"time": 5.806451612903226, "step_sample_count": 256, "data": [0.0607237879830667, 0.230447434811901, -2.604725769259327, -1.1702143015058672, 0.8895346739431814, 1.6405781427745378, -5.415165053743733, 0.8895174628779275, 1.118992828933948, -5.581968160048892, 0.9594406962962202, -3.729631983565349, -0.7681873127671458, 0.959433095288202, 1.6139238560110183, 2.1336502576004137, 1.3840841987933554, -2.0739548449744105, 6.70334880147736, 1.38411147564625, 2.687467980864872, -4.463801735070303, 0.9882897866065559, -1.4552397964639114, -0.834214359025444, 0.988294035613026, -0.040551524047472344, -5.853782657621885, 0.10530578401390904, 0.10535560409034112, -0.07063928216476699, -0.06727331786803466, -0.040551524047472344, -0.401863297769968, 4.012611854787654, -2.962202729858071, 1.4414769119962643, -5.853782657621885], "data_imag": [5.107592336735789e-19, -2.481218833279043e-19, 0.0, 0.0, 0.0, 0.0, 0.0, 0.0, 0.0, 0.0, 0.0, 0.0, 0.0, 0.0, 0.0, 0.0, 0.0, 0.0, 0.0, 0.0, 0.0, 0.0, 0.0, 0.0, 0.0, 0.0, 0.0, 0.0, 0.0, 0.0, 0.0, 0.0, 0.0, 0.0, 0.0, 0.0, 0.0, 0.0]}, {"time": 6.129032258064516, "step_sample_count": 256, "data": [0.0591761223150089, 0.228906172599026, -2.7131858424651196, -1.2367733978323767, 0.8344940751099913, 2.00454871081467, -5.971346805830997, 0.8344768640419521, 0.7852236535281836, -4.7043569255852, 0.9338914211852095, -3.3794174593337414, -0.5890939651788198, 0.9338838201808812, 1.8510860051572082, 2.4998493479261614, 1.4258786390749456, -2.5497008677109845, 7.846892406530551, 1.4259059159336391, 2.345832582548923, -4.68084554642743, 0.9800577702623019, -1.8026017976300983, -1.0892705075149745, 0.9800620192629409, -0.04013903729783962, -6.162766026797187, 0.1838272297341294, 0.09785824392321478, -0.06484750813328814, -0.14738287853378526, -0.04013903729783962, -0.43401752821852024, 4.303632254008643, -3.2120587399598035, 1.5128096906757316, -6.162766026797187], "data_imag": [-1.8054649519556356e-18, 8.54723318659107e-19, 0.0, 0.0, 0.0, 0.0, 0.0, 0.0, 0.0, 0.0, 0.0, 0.0, 0.0, 0.0, 0.0, 0.0, 0.0, 0.0, 0.0, 0.0, 0.0, 0.0, 0.0, 0.0, 0.0, 0.0, 0.0, 0.0, 0.0, 0.0, 0.0, 0.0, 0.0, 0.0, 0.0, 0.0, 0.0, 0.0]}, {"time": 6.451612903225806, "step_sample_count": 256, "data": [0.057764186645466634, 0.22769836752536235, -2.7664403048281567, -1.2588281444504124, 0.7780409916476752, 2.34588398528131, -6.403423503562272, 0.77802378057394, 0.6596022161601749, -3.9911792695204222, 0.8896148582532303, -3.124631110771181, -0.2627276343267957, 0.8896072572495721, 2.2061523388057567, 3.1654827964152927, 1.5069729716137923, -3.022434846236072, 9.405775076310439, 1.5070002484988905, 1.9841951788055006, -4.783217837620495, 0.975824507206296, -2.061657321657453, -1.338110016872834, 0.9758287561960797, -0.03394002485157051, -6.472255315269727, 0.23453188693715643, 0.07137594784522035, -0.0461864362445708, -0.20585698186098153, -0.03394002485157051, -0.46786538437248404, 4.597830877388759, -3.4645313226260495, 1.5867796552838525, -6.472255315269727], "data_imag": [3.2592104437387754e-19, -1.5061251231118468e-19, 0.0, 0.0, 0.0, 0.0, 0.0, 0.0, 0.0, 0.0, 0.0, 0.0, 0.0, 0.0, 0.0, 0.0, 0.0, 0.0, 0.0, 0.0, 0.0, 0.0, 0.0, 0.0, 0.0, 0.0, 0.0, 0.0, 0.0, 0.0, 0.0, 0.0, 0.0, 0.0, 0.0, 0.0, 0.0, 0.0]}, {"time": 6.774193548387097, "step_sample_count": 256, "data": [0.0565156286182587, 0.22641936892414405, -2.65846581111815, -1.2552290770871695, 0.7392894086767469, 2.5589935078713117, -6.514157386064585, 0.7392721976106826, 0.6645850008912637, -3.3961957975304014, 0.8285244483920173, -2.9323372105352297, 0.14394200569005297, 0.828516847384963, 2.6541997587771684, 3.99548580897017, 1.6245004556851512, -3.472278585527373, 11.199038536209729, 1.624527732506493, 1.682868511586853, -4.767965597438905, 0.9842549887778963, -2.2673075358334414, -1.459132989203883, 0.9842592377647187, -0.02256421507203514, -6.784114120490393, 0.25347676400697333, 0.04434642552880877, -0.03223993478866032, -0.23791529328847708, -0.02256421507203514, -0.508309572379023, 4.884841480849772, -3.7073609425465164, 1.670188096566926, -6.784114120490393], "data_imag": [-2.496980985521327e-18, 1.1289476003566144e-18, 0.0, 0.0, 0.0, 0.0, 0.0, 0.0, 0.0, 0.0, 0.0, 0.0, 0.0, 0.0, 0.0, 0.0, 0.0, 0.0, 0.0, 0.0, 0.0, 0.0, 0.0, 0.0, 0.0, 0.0, 0.0, 0.0, 0.0, 0.0, 0.0, 0.0, 0.0, 0.0, 0.0, 0.0, 0.0, 0.0]}, {"time": 7.096774193548387, "step_sample_count": 256, "data": [0.055485758817009734, 0.2248228935907327, -2.369618228721888, -1.2297335745362812, 0.7355545071774894, 2.6169045452944473, -6.259575077227709, 0.7355372961136295, 0.7235982498672029, -2.9111488011784696, 0.7577016929661614, -2.7740256179910467, 0.531397666477692, 0.757694091954254, 3.1055125170990587, 4.788946343034866, 1.7649418999415791, -3.8143110164689453, 12.84747905557499, 1.7649691767961888, 1.458897016973481, -4.645699152033041, 1.013670911912284, -2.4332022268049784, -1.4314918799408896, 1.0136751608715922, -0.007160648104380027, -7.099568951423481, 0.24525357065715023, 0.027007535722494154, -0.031795091672230213, -0.246852139510419, -0.007160648104380027, -0.5474792750085578, 5.154321823285861, -3.9287972433784297, 1.7564497110488062, -7.099568951423481], "data_imag": [1.0566040227468692e-19, -4.6901180776972034e-20, 0.0, 0.0, 0.0, 0.0, 0.0, 0.0, 0.0, 0.0, 0.0, 0.0, 0.0, 0.0, 0.0, 0.0, 0.0, 0.0, 0.0, 0.0, 0.0, 0.0, 0.0, 0.0, 0.0, 0.0, 0.0, 0.0, 0.0, 0.0, 0.0, 0.0, 0.0, 0.0, 0.0, 0.0, 0.0, 0.0]}, {"time": 7.419354838709677, "step_sample_count": 256, "data": [0.0547841536945974, 0.2230852552519558, -1.9818976716955832, -1.2398172048641083, 0.7765567407256107, 2.583741279226091, -5.84601035128622, 0.7765395296681052, 0.7905361769549548, -2.5223023543697765, 0.689306072364962, -2.625845855105027, 0.8417666123088845, 0.6892984713403588, 3.4989683910548393, 5.415652810903225, 1.9057117014396605, -4.001818448774165, 14.110944476101695, 1.9057389783195102, 1.299703107685653, -4.437680674382968, 1.068908658574286, -2.572692754214064, -1.276377137777498, 1.0689129074937536, 0.010904133008493036, -7.419049372570268, 0.22149082109096108, 0.01742660170508292, -0.04137700881850386, -0.2429705583765843, 0.010904133008493036, -0.5781328112107808, 5.40310570317961, -4.124993335799649, 1.8387726091889804, -7.419049372570268], "data_imag": [1.372582368950513e-18, -6.0156610767263585e-19, 0.0, 0.0, 0.0, 0.0, 0.0, 0.0, 0.0, 0.0, 0.0, 0.0, 0.0, 0.0, 0.0, 0.0, 0.0, 0.0, 0.0, 0.0, 0.0, 0.0, 0.0, 0.0, 0.0, 0.0, 0.0, 0.0, 0.0, 0.0, 0.0, 0.0, 0.0, 0.0, 0.0, 0.0, 0.0, 0.0]}, {"time": 7.741935483870968, "step_sample_count": 256, "data": [0.05444641727258982, 0.22169112567465896, -1.570264727779373, -1.320970162156897, 0.8590352514760381, 2.517739113499011, -5.444707117829751, 0.8590180404169913, 0.8424803599359695, -2.212711658395239, 0.6377480610168024, -2.462361925546831, 1.0427679071668008, 0.6377404599987655, 3.8366932678750003, 5.842845955289027, 2.0211735487394864, -4.063798099155671, 14.988713374021604, 2.021200825614981, 1.1899675252913688, -4.162268142534827, 1.1485975815128642, -2.696218693873109, -1.0181774513862192, 1.1486018304468635, 0.030317082547678474, -7.742306121952557, 0.19135387392113665, 0.012044635458980405, -0.056112651328512446, -0.23425037492896225, 0.030317082547678474, -0.5998498653019737, 5.636297348425517, -4.301173832189574, 1.9163956689918764, -7.742306121952557], "data_imag": [2.2424480941878356e-19, -9.76746117186198e-20, 0.0, 0.0, 0.0, 0.0, 0.0, 0.0, 0.0, 0.0, 0.0, 0.0, 0.0, 0.0, 0.0, 0.0, 0.0, 0.0, 0.0, 0.0, 0.0, 0.0, 0.0, 0.0, 0.0, 0.0, 0.0, 0.0, 0.0, 0.0, 0.0, 0.0, 0.0, 0.0, 0.0, 0.0, 0.0, 0.0]}, {"time": 8.064516129032258, "step_sample_count": 256, "data": [0.05432755146478914, 0.2211178889055096, -1.1600587092306576, -1.4571003237231708, 0.9659833279775687, 2.4383042956137544, -5.085223063230124, 0.9659661169201199, 0.8666536647157841, -1.9703857723137064, 0.6150231145177419, -2.2621259560730267, 1.1116937454556828, 0.6150155134963351, 4.141015030143754, 6.075081077172747, 2.091895220671694, -4.051343199010874, 15.560606283069289, 2.0919224975494903, 1.1177571913812454, -3.8350469685947988, 1.2446709777455758, -2.8025166600187243, -0.6868521110157394, 1.2446752266743906, 0.049996796611670544, -8.068666079579163, 0.15881214134376911, 0.010304764194984394, -0.07440633719686916, -0.2236121239151872, 0.049996796611670544, -0.6147192821656747, 5.861073508022503, -4.465269627026154, 1.9905635484429616, -8.068666079579163], "data_imag": [1.5294711803774833e-18, -6.647393941269565e-19, 0.0, 0.0, 0.0, 0.0, 0.0, 0.0, 0.0, 0.0, 0.0, 0.0, 0.0, 0.0, 0.0, 0.0, 0.0, 0.0, 0.0, 0.0, 0.0, 0.0, 0.0, 0.0, 0.0, 0.0, 0.0, 0.0, 0.0, 0.0, 0.0, 0.0, 0.0, 0.0, 0.0, 0.0, 0.0, 0.0]}, {"time": 8.387096774193548, "step_sample_count": 256, "data": [0.05414673174643832, 0.22154923629586915, -0.755212085136483, -1.6037197145849775, 1.0720362007812505, 2.3506647064729855, -4.732419080142963, 1.0720189897261578, 0.8550363789311423, -1.7894091262117944, 0.6265974015166803, -2.0157926198534564, 1.036809645670468, 0.626589800497917, 4.442864023266271, 6.124471585684128, 2.1122552914166133, -4.013226802773143, 15.920307196238424, 2.1122825682969038, 1.0712184682504307, -3.472513040068052, 1.3450896747883514, -2.8769117529021604, -0.3264663462283676, 1.3450939237202375, 0.06917886853852848, -8.397280614673901, 0.1255057692730911, 0.01282933675666322, -0.09611818858028513, -0.2117833109022541, 0.06917886853852848, -0.62529296290479, 6.084166953969524, -4.625087888242833, 2.062856239905246, -8.397280614673901], "data_imag": [-1.0543384762807455e-19, 4.5671186116097684e-20, 0.0, 0.0, 0.0, 0.0, 0.0, 0.0, 0.0, 0.0, 0.0, 0.0, 0.0, 0.0, 0.0, 0.0, 0.0, 0.0, 0.0, 0.0, 0.0, 0.0, 0.0, 0.0, 0.0, 0.0, 0.0, 0.0, 0.0, 0.0, 0.0, 0.0, 0.0, 0.0, 0.0, 0.0, 0.0, 0.0]}, {"time": 8.709677419354838, "step_sample_count": 256, "data": [0.05367639461291448, 0.22284190597454526, -0.37274266401440137, -1.6963893940859953, 1.1520749614681132, 2.269821550882692, -4.35434875398977, 1.1520577504127463, 0.8052933787413061, -1.666857664844959, 0.6705833941091569, -1.7297214874971059, 0.8248722516381636, 0.670575793093759, 4.780852726649949, 6.007363260237014, 2.0921613537657873, -3.9920189485162614, 16.16706737845913, 2.0921886306456923, 1.0345844971781157, -3.0944613621885164, 1.4382600907137, -2.89679230865962, 0.003909832867132035, 1.43826433964742, 0.087502712635459, -8.72730581381457, 0.09339966799212036, 0.019085355138160995, -0.12037292962601015, -0.2001258812868409, 0.087502712635459, -0.6340473344280733, 6.311562951172841, -4.787740601391492, 2.1349297440479096, -8.72730581381457], "data_imag": [-5.005679723357044e-19, 2.1494947210942175e-19, 0.0, 0.0, 0.0, 0.0, 0.0, 0.0, 0.0, 0.0, 0.0, 0.0, 0.0, 0.0, 0.0, 0.0, 0.0, 0.0, 0.0, 0.0, 0.0, 0.0, 0.0, 0.0, 0.0, 0.0, 0.0, 0.0, 0.0, 0.0, 0.0, 0.0, 0.0, 0.0, 0.0, 0.0, 0.0, 0.0]}, {"time": 9.032258064516128, "step_sample_count": 256, "data": [0.05291537428904654, 0.224676023548485, -0.05890460283441441, -1.646209325127393, 1.1890693270838593, 2.232372745455727, -3.946239921327809, 1.189052116027796, 0.7238813657603509, -1.5974822613525936, 0.7402051999770433, -1.4235107275415961, 0.5071313965517404, 0.7401975989630205, 5.179664033940139, 5.766064750347204, 2.0532393751955977, -4.009849187318765, 16.390928237506774, 2.053266652075255, 0.9874136829623459, -2.7249149677107827, 1.5159073149059983, -2.8409158832683037, 0.23774590340991322, 1.5159115638400802, 0.10517228964995343, -9.058016437497908, 0.06579665138227941, 0.025871479063607317, -0.14426371928520296, -0.1919868407722327, 0.10517228964995343, -0.6415274592876974, 6.547118157434386, -4.9580899309209725, 2.206723311692112, -9.058016437497908], "data_imag": [1.8827962787842367e-18, -7.970309584151354e-19, 0.0, 0.0, 0.0, 0.0, 0.0, 0.0, 0.0, 0.0, 0.0, 0.0, 0.0, 0.0, 0.0, 0.0, 0.0, 0.0, 0.0, 0.0, 0.0, 0.0, 0.0, 0.0, 0.0, 0.0, 0.0, 0.0, 0.0, 0.0, 0.0, 0.0, 0.0, 0.0, 0.0, 0.0, 0.0, 0.0]}, {"time": 9.35483870967742, "step_sample_count": 256, "data": [0.052017854497254254, 0.2266090401496972, 0.13455424257143278, -1.3786510815613724, 1.1788743234198906, 2.278961151100252, -3.527336373680016, 1.1788571123650808, 0.6283834531138507, -1.5672614016985233, 0.8262328312144582, -1.1237499914480975, 0.1420460632733519, 0.8262252302009968, 5.618768319902768, 5.509718111620143, 2.0226570572528177, -4.047977889968964, 16.66094646546484, 2.0226843341326854, 0.9096146299558076, -2.3881009239240107, 1.573277848949483, -2.695751092403634, 0.3165053812936437, 1.5732820978836703, 0.12299992374916605, -9.388880038511914, 0.045080403513187726, 0.02859228130829756, -0.16415495937330118, -0.1905664882106789, 0.12299992374916605, -0.6442012488924402, 6.79014553189163, -5.136175556927701, 2.2742553022374867, -9.388880038511914], "data_imag": [-3.4215007893358727e-19, 1.4238330417753117e-19, 0.0, 0.0, 0.0, 0.0, 0.0, 0.0, 0.0, 0.0, 0.0, 0.0, 0.0, 0.0, 0.0, 0.0, 0.0, 0.0, 0.0, 0.0, 0.0, 0.0, 0.0, 0.0, 0.0, 0.0, 0.0, 0.0, 0.0, 0.0, 0.0, 0.0, 0.0, 0.0, 0.0, 0.0, 0.0, 0.0]}, {"time": 9.67741935483871, "step_sample_count": 256, "data": [0.05101403111099789, 0.2280023391982689, 0.20001798993624778, -0.925475117192238, 1.1313939958510273, 2.4135652161245136, -3.1408475430394853, 1.131376784796817, 0.5475066554282795, -1.550085596559488, 0.9173018485974695, -0.8617817501297093, -0.18346539714106574, 0.9172942475851764, 6.042044278882002, 5.382031730635676, 2.0266727591413294, -4.062383440688453, 17.01868533025751, 2.026700036021344, 0.7916496570102778, -2.097458396634735, 1.6087873241016661, -2.4582792140103846, 0.21398173652065677, 1.6087915730361468, 0.14212223189928444, -9.719720834967193, 0.028372615172182102, 0.02506453019915759, -0.17915976319040736, -0.1942194893663061, 0.14212223189928444, -0.6366183477718852, 7.036069058181803, -5.317617314787639, 2.331910280261901, -9.719720834967193], "data_imag": [-1.0257901764488062e-18, 4.186375357977234e-19, 0.0, 0.0, 0.0, 0.0, 0.0, 0.0, 0.0, 0.0, 0.0, 0.0, 0.0, 0.0, 0.0, 0.0, 0.0, 0.0, 0.0, 0.0, 0.0, 0.0, 0.0, 0.0, 0.0, 0.0, 0.0, 0.0, 0.0, 0.0, 0.0, 0.0, 0.0, 0.0, 0.0, 0.0, 0.0, 0.0]}], "random_generator": {"seed": "very_nice_seed"}, "realworld_total_calculation_time": 6.701}