{"hamiltonian": {"U": 1.0, "E": 0.8, "J": 0.1, "phi": 2.5132741228718345, "type": "FirstOrderVariationalClassicalNetworkHamiltonian", "eta_calculation_sampler": {"system_geometry": {"type": "LinearChainNonPeriodicState", "size": 4}, "initial_system_state": {"type": "HomogenousInitialSystemState"}, "type": "ExactSampler"}, "psi_selection": {"type": "ChainDirectionDependentAllSameFirstOrder", "number_of_psis": 6, "J": 0.1}, "random_generator": {"seed": "46954944"}, "init_sigma": 1e-05, "pseudo_inverse_cutoff": 1e-10, "effective_time_step_size": 0.16129032258064516, "number_workers": 16, "variational_step_fraction_multiplier": 2, "ue_might_change": true, "ue_variational": true}, "start_time": 0.0, "time_step": 0.3225806451612903, "number_of_time_steps": 31, "sampler": {"system_geometry": {"type": "LinearChainNonPeriodicState", "size": 4}, "initial_system_state": {"type": "HomogenousInitialSystemState"}, "type": "ExactSampler"}, "observables": [{"type": "Energy", "label": "Energy per site"}, {"type": "EnergyVariance", "label": "Energy Variance per site"}, {"type": "VCNFactor", "label": "Re-Part of VCN Parameter 0", "param_real_part": true, "param_index": 0, "can_return_value": true}, {"type": "VCNFactor", "label": "Re-Part of VCN Parameter 1", "param_real_part": true, "param_index": 1, "can_return_value": true}, {"type": "VCNFactor", "label": "Re-Part of VCN Parameter 2", "param_real_part": true, "param_index": 2, "can_return_value": true}, {"type": "VCNFactor", "label": "Re-Part of VCN Parameter 3", "param_real_part": true, "param_index": 3, "can_return_value": true}, {"type": "VCNFactor", "label": "Re-Part of VCN Parameter 4", "param_real_part": true, "param_index": 4, "can_return_value": true}, {"type": "VCNFactor", "label": "Re-Part of VCN Parameter 5", "param_real_part": true, "param_index": 5, "can_return_value": true}, {"type": "VCNFactor", "label": "Im-Part of VCN Parameter 0", "param_real_part": false, "param_index": 0, "can_return_value": true}, {"type": "VCNFactor", "label": "Im-Part of VCN Parameter 1", "param_real_part": false, "param_index": 1, "can_return_value": true}, {"type": "VCNFactor", "label": "Im-Part of VCN Parameter 2", "param_real_part": false, "param_index": 2, "can_return_value": true}, {"type": "VCNFactor", "label": "Im-Part of VCN Parameter 3", "param_real_part": false, "param_index": 3, "can_return_value": true}, {"type": "VCNFactor", "label": "Im-Part of VCN Parameter 4", "param_real_part": false, "param_index": 4, "can_return_value": true}, {"type": "VCNFactor", "label": "Im-Part of VCN Parameter 5", "param_real_part": false, "param_index": 5, "can_return_value": true}, {"type": "BaseEnergyFactor", "label": "Re-Part of BE-Factor U", "param_real_part": true, "param_index": -1, "can_return_value": true, "kind": "U"}, {"type": "BaseEnergyFactor", "label": "Im-Part of BE-Factor U", "param_real_part": false, "param_index": -1, "can_return_value": true, "kind": "U"}, {"type": "BaseEnergyFactor", "label": "Re-Part of BE-Factor eps-0", "param_real_part": true, "param_index": 0, "can_return_value": true, "kind": "eps"}, {"type": "BaseEnergyFactor", "label": "Re-Part of BE-Factor eps-1", "param_real_part": true, "param_index": 1, "can_return_value": true, "kind": "eps"}, {"type": "BaseEnergyFactor", "label": "Re-Part of BE-Factor eps-2", "param_real_part": true, "param_index": 2, "can_return_value": true, "kind": "eps"}, {"type": "BaseEnergyFactor", "label": "Re-Part of BE-Factor eps-3", "param_real_part": true, "param_index": 3, "can_return_value": true, "kind": "eps"}, {"type": "BaseEnergyFactor", "label": "Re-Part of BE-Factor eps-4", "param_real_part": true, "param_index": 4, "can_return_value": true, "kind": "eps"}, {"type": "BaseEnergyFactor", "label": "Im-Part of BE-Factor eps-0", "param_real_part": false, "param_index": 0, "can_return_value": true, "kind": "eps"}, {"type": "BaseEnergyFactor", "label": "Im-Part of BE-Factor eps-1", "param_real_part": false, "param_index": 1, "can_return_value": true, "kind": "eps"}, {"type": "BaseEnergyFactor", "label": "Im-Part of BE-Factor eps-2", "param_real_part": false, "param_index": 2, "can_return_value": true, "kind": "eps"}, {"type": "BaseEnergyFactor", "label": "Im-Part of BE-Factor eps-3", "param_real_part": false, "param_index": 3, "can_return_value": true, "kind": "eps"}, {"type": "BaseEnergyFactor", "label": "Im-Part of BE-Factor eps-4", "param_real_part": false, "param_index": 4, "can_return_value": true, "kind": "eps"}], "measurements": [{"time": 0.0, "step_sample_count": 256, "data": [0.17499515035564026, 0.4530504236516649, -2.409211346512654e-05, 1.3364613742072939e-05, 1.5426940819682473e-06, -2.3095526437844924e-06, 2.9577584621232426e-06, -1.5668367408516222e-05, 1.0073359691169309e-05, -1.2604172898632618e-05, -1.1358230129747497e-05, 3.80637423358691e-06, 2.8480717089983352e-06, -1.895923534861108e-05, -2.4229613465669603e-06, 1.5791125000597532e-06, -1.1357545410297846e-05, 4.318272037258513e-06, -1.4618044943022195e-05, 1.2968369814907847e-06, -2.4229613465669603e-06, 1.2658790972584678e-05, -4.320935634434884e-06, -4.807979398987998e-06, -1.0283182688040512e-05, 1.5791125000597532e-06], "data_imag": [-1.075387878249898e-23, 1.505501307559791e-23, 0.0, 0.0, 0.0, 0.0, 0.0, 0.0, 0.0, 0.0, 0.0, 0.0, 0.0, 0.0, 0.0, 0.0, 0.0, 0.0, 0.0, 0.0, 0.0, 0.0, 0.0, 0.0, 0.0, 0.0]}, {"time": 0.3225806451612903, "step_sample_count": 256, "data": [0.17675281067584747, 0.45440388008851107, 0.001624319435315003, -0.02373613275916481, 0.029070248240073093, 0.002057793445831071, -0.023826057121511295, 0.029053037178582763, 0.30733874633426905, 0.30277727507523117, 0.31933783644676766, 0.33580924357640746, 0.33667003296567877, 0.3193302354413402, 0.0003570996334887282, -0.32262524257582703, -0.0019304916916081933, -0.000254410526030044, -0.0002731501685624861, 0.001403902115906443, 0.0003570996334887282, -0.3117400562358295, -0.10440401518764125, 0.10443015087608548, 0.31177770053630677, -0.32262524257582703], "data_imag": [4.404530488927479e-20, -6.228105149003174e-20, 0.0, 0.0, 0.0, 0.0, 0.0, 0.0, 0.0, 0.0, 0.0, 0.0, 0.0, 0.0, 0.0, 0.0, 0.0, 0.0, 0.0, 0.0, 0.0, 0.0, 0.0, 0.0, 0.0, 0.0]}, {"time": 0.6451612903225806, "step_sample_count": 256, "data": [0.17811353111152714, 0.45560114436875515, 0.007145840304955583, -0.13793457962499417, 0.16103807285132876, 0.013234683114242082, -0.14208731106588718, 0.16102086178980474, 0.617630301628268, 0.5652256275059838, 0.5915915867879128, 0.6425409506653321, 0.6653923908021737, 0.5915839857827077, 0.0019918400798359963, -0.6462443085349385, -0.011058464660337091, -0.001327904839886809, -0.0015310208522900876, 0.00820154633668752, 0.0019918400798359963, -0.6249067057210036, -0.208822321792909, 0.2096567230054424, 0.6257526228655355, -0.6462443085349385], "data_imag": [-2.302361631030555e-19, 3.280654079988378e-19, 0.0, 0.0, 0.0, 0.0, 0.0, 0.0, 0.0, 0.0, 0.0, 0.0, 0.0, 0.0, 0.0, 0.0, 0.0, 0.0, 0.0, 0.0, 0.0, 0.0, 0.0, 0.0, 0.0, 0.0]}, {"time": 0.967741935483871, "step_sample_count": 256, "data": [0.17879122270078773, 0.4561381246972828, 0.006472924650736038, -0.32436380637946466, 0.3466697046140085, 0.036242755276489916, -0.3496080687160064, 0.34665249355242633, 0.9359631481036381, 0.7393747821285197, 0.7707219023670554, 0.8836264265004564, 0.9803042131807134, 0.7707143013619969, 0.004185827980007701, -0.9718324058929746, -0.02556696505589244, -0.0023596481937028153, -0.003626905088959723, 0.01958761513150166, 0.004185827980007701, -0.9413063436278022, -0.31333737776168863, 0.3165237094296263, 0.9445059562441919, -0.9718324058929746], "data_imag": [1.0682451514861362e-18, -1.5279428542271564e-18, 0.0, 0.0, 0.0, 0.0, 0.0, 0.0, 0.0, 0.0, 0.0, 0.0, 0.0, 0.0, 0.0, 0.0, 0.0, 0.0, 0.0, 0.0, 0.0, 0.0, 0.0, 0.0, 0.0, 0.0]}, {"time": 1.2903225806451613, "step_sample_count": 256, "data": [0.17864277575662948, 0.45559814842659957, -0.019434841308094246, -0.5402836414913992, 0.52702554552572, 0.07954788923782256, -0.6316267386760072, 0.5270083344642198, 1.2699229194954553, 0.7801326565515285, 0.8538473375495442, 1.030720775165524, 1.272606711895346, 0.8538397365443665, 0.005984902690069332, -1.2989240636059525, -0.042450875115619666, -0.002317058707134642, -0.006313977226446382, 0.033844355777080136, 0.005984902690069332, -1.2629429087077289, -0.4183202450538948, 0.42501132601706726, 1.2696614070081447, -1.2989240636059525], "data_imag": [8.906859134382263e-19, -1.2729168312314708e-18, 0.0, 0.0, 0.0, 0.0, 0.0, 0.0, 0.0, 0.0, 0.0, 0.0, 0.0, 0.0, 0.0, 0.0, 0.0, 0.0, 0.0, 0.0, 0.0, 0.0, 0.0, 0.0, 0.0, 0.0]}, {"time": 1.6129032258064515, "step_sample_count": 256, "data": [0.17767636137758946, 0.4537882972533386, -0.09955346748964744, -0.7061657711958894, 0.6617878877983628, 0.1633479324005198, -0.9584714650747336, 0.6617706767368636, 1.6224376705330408, 0.6670976200453417, 0.868651507421696, 1.0712647777786548, 1.537520292587945, 0.8686439064165825, 0.006973154330745707, -1.6259000769023058, -0.05800154541407619, -0.0007766181156773677, -0.009425672186702809, 0.047854411976048984, 0.006973154330745707, -1.5911594551945079, -0.5242817573261057, 0.5342774157893031, 1.6012235482416821, -1.6259000769023058], "data_imag": [4.1763639275936816e-19, -5.936329171547709e-19, 0.0, 0.0, 0.0, 0.0, 0.0, 0.0, 0.0, 0.0, 0.0, 0.0, 0.0, 0.0, 0.0, 0.0, 0.0, 0.0, 0.0, 0.0, 0.0, 0.0, 0.0, 0.0, 0.0, 0.0]}, {"time": 1.935483870967742, "step_sample_count": 256, "data": [0.17618855477266024, 0.45104265157356044, -0.26544263566079873, -0.7224141771448288, 0.7351761824858697, 0.3155025853506287, -1.2907220232759586, 0.7351589714243758, 1.9755556082559325, 0.4454416596366605, 0.8515544146378571, 1.0187877365201563, 1.7883772941709772, 0.851546813632872, 0.007648651128003295, -1.9511710769392028, -0.06867703494299435, 0.0017720708341161366, -0.012940598544570477, 0.057595611127600074, 0.007648651128003295, -1.9248106315833613, -0.631374168877521, 0.6431848969118525, 1.936752201874501, -1.9511710769392028], "data_imag": [4.036442862190383e-19, -5.689400274493947e-19, 0.0, 0.0, 0.0, 0.0, 0.0, 0.0, 0.0, 0.0, 0.0, 0.0, 0.0, 0.0, 0.0, 0.0, 0.0, 0.0, 0.0, 0.0, 0.0, 0.0, 0.0, 0.0, 0.0, 0.0]}, {"time": 2.258064516129032, "step_sample_count": 256, "data": [0.1748301119586485, 0.44838271534197793, -0.528078621606561, -0.5411094909113083, 0.7488260527439944, 0.5469563062130087, -1.6027594347583034, 0.7488088416824631, 2.282226042734676, 0.23757867108119124, 0.8351135428538425, 0.9139011032811937, 2.058996994263164, 0.8351059418488941, 0.008938495781261662, -2.274179735138038, -0.07306823743393262, 0.004302590653625962, -0.016794305531653946, 0.060680499455588316, 0.008938495781261662, -2.259403571003037, -0.7390711482898485, 0.7509017931414279, 2.2714154718722797, -2.274179735138038], "data_imag": [4.702211866531723e-19, -6.576705816632214e-19, 0.0, 0.0, 0.0, 0.0, 0.0, 0.0, 0.0, 0.0, 0.0, 0.0, 0.0, 0.0, 0.0, 0.0, 0.0, 0.0, 0.0, 0.0, 0.0, 0.0, 0.0, 0.0, 0.0, 0.0]}, {"time": 2.5806451612903225, "step_sample_count": 256, "data": [0.174192027979716, 0.4469959848652808, -0.8596527378393692, -0.22292359427410527, 0.7151310740801253, 0.8289636832924524, -1.8983336914226334, 0.7151138630185138, 2.489954350088274, 0.16401742392622945, 0.8447749220327488, 0.7974847667148105, 2.375545529233427, 0.8447673210277638, 0.011346477810153867, -2.595624773879088, -0.07332145909055997, 0.005851744409159727, -0.02063609313937261, 0.05864067787544915, 0.011346477810153867, -2.589695656214701, -0.846459866204002, 0.85735458237998, 2.600774768794305, -2.595624773879088], "data_imag": [-1.1796686659773184e-18, 1.6439110181657231e-18, 0.0, 0.0, 0.0, 0.0, 0.0, 0.0, 0.0, 0.0, 0.0, 0.0, 0.0, 0.0, 0.0, 0.0, 0.0, 0.0, 0.0, 0.0, 0.0, 0.0, 0.0, 0.0, 0.0, 0.0]}, {"time": 2.903225806451613, "step_sample_count": 256, "data": [0.17431804730490755, 0.4473922657787398, -1.2118580873748814, 0.11870217081500783, 0.6549530985640991, 1.1081968577703745, -2.1884886769058416, 0.6549358875024894, 2.572823208196986, 0.2598080967667189, 0.8981099671227333, 0.6810908415407484, 2.7352764748751692, 0.8981023661177665, 0.01443145644644235, -2.917060640507739, -0.07312189717946593, 0.006115324124364364, -0.023926098208809653, 0.05541797445911377, 0.01443145644644235, -2.9133327595901353, -0.9529615882374093, 0.9634048718367771, 2.92391256048163, -2.917060640507739], "data_imag": [7.621698413434949e-19, -1.0628796676615137e-18, 0.0, 0.0, 0.0, 0.0, 0.0, 0.0, 0.0, 0.0, 0.0, 0.0, 0.0, 0.0, 0.0, 0.0, 0.0, 0.0, 0.0, 0.0, 0.0, 0.0, 0.0, 0.0, 0.0, 0.0]}, {"time": 3.225806451612903, "step_sample_count": 256, "data": [0.1748528072746141, 0.4492434445801943, -1.5453931759416748, 0.3979970879093933, 0.596146704111226, 1.3386463554732853, -2.4731375047400133, 0.5961294930496274, 2.5354926675989087, 0.49543725508177283, 1.0015408645015678, 0.5499199557171635, 3.1285074648677127, 1.0015332634966927, 0.016936804610733942, -3.240068513144549, -0.07464029246542872, 0.005875068940404033, -0.026342136221788926, 0.05430799233393263, 0.016936804610733942, -3.2315865682633214, -1.0587582672689893, 1.0703763824585748, 3.243273616454221, -3.240068513144549], "data_imag": [5.604519668589932e-19, -7.839727979829916e-19, 0.0, 0.0, 0.0, 0.0, 0.0, 0.0, 0.0, 0.0, 0.0, 0.0, 0.0, 0.0, 0.0, 0.0, 0.0, 0.0, 0.0, 0.0, 0.0, 0.0, 0.0, 0.0, 0.0, 0.0]}, {"time": 3.5483870967741935, "step_sample_count": 256, "data": [0.1754460658458536, 0.45180721896121706, -1.8384044249946476, 0.5671774578322277, 0.5677141495056885, 1.497500420260079, -2.7553027145981956, 0.5676969384442514, 2.4023256978441534, 0.8294971643899576, 1.1450599792469864, 0.3813709960444674, 3.5615197921117465, 1.145052378241286, 0.01745090185071966, -3.565279391754609, -0.07759622704055169, 0.006668723999117863, -0.027894623949520126, 0.056549398356685265, 0.01745090185071966, -3.548002933952886, -1.1645979191293971, 1.1791333038789813, 3.5625615311141154, -3.565279391754609], "data_imag": [-4.265127187882385e-19, 5.986398283569228e-19, 0.0, 0.0, 0.0, 0.0, 0.0, 0.0, 0.0, 0.0, 0.0, 0.0, 0.0, 0.0, 0.0, 0.0, 0.0, 0.0, 0.0, 0.0, 0.0, 0.0, 0.0, 0.0, 0.0, 0.0]}, {"time": 3.870967741935484, "step_sample_count": 256, "data": [0.175875715411352, 0.45428667272696027, -2.0811312414193655, 0.5976457011393989, 0.5883357417347139, 1.5856388688408325, -3.0549775395018934, 0.5883185306732741, 2.209010724882211, 1.2250370932617924, 1.301779712175926, 0.1568079707907662, 4.052427607848529, 1.3017721111702258, 0.015073969524778193, -3.891844089145956, -0.08000115709533391, 0.00989250115734837, -0.02872670427702109, 0.06136643607591849, 0.015073969524778193, -3.8667843393024546, -1.2713866763977137, 1.289557000269312, 3.8849784718348155, -3.891844089145956], "data_imag": [-5.860920015232903e-19, 8.246348005182393e-19, 0.0, 0.0, 0.0, 0.0, 0.0, 0.0, 0.0, 0.0, 0.0, 0.0, 0.0, 0.0, 0.0, 0.0, 0.0, 0.0, 0.0, 0.0, 0.0, 0.0, 0.0, 0.0, 0.0, 0.0]}, {"time": 4.193548387096774, "step_sample_count": 256, "data": [0.17600443405938476, 0.45606161845237225, -2.2718913026343626, 0.4720614905437461, 0.6557184153895383, 1.622382923270505, -3.407615711540392, 0.655701204328107, 1.9988992990400722, 1.645376902469306, 1.4379157049769984, -0.13604585715771256, 4.620795070679849, 1.437908103971353, 0.009613570589641312, -4.217723920911278, -0.07927415623457774, 0.016162628965292372, -0.02899565774982032, 0.06659497892759424, 0.009613570589641312, -4.191872639659512, -1.3798392326436757, 1.4006542497461503, 4.212742686500391, -4.217723920911278], "data_imag": [-7.586557313561921e-19, 1.0682141811460422e-18, 0.0, 0.0, 0.0, 0.0, 0.0, 0.0, 0.0, 0.0, 0.0, 0.0, 0.0, 0.0, 0.0, 0.0, 0.0, 0.0, 0.0, 0.0, 0.0, 0.0, 0.0, 0.0, 0.0, 0.0]}, {"time": 4.516129032258064, "step_sample_count": 256, "data": [0.17576445430860746, 0.4568591166583558, -2.4187636001799144, 0.1880615587003819, 0.7467575795290969, 1.64158069757095, -3.858045536354446, 0.7467403684671965, 1.8210609116790035, 2.0513227768218036, 1.528696152453279, -0.5053965987942816, 5.285236711196788, 1.5286885514483122, 0.0015083943805010323, -4.540604779525786, -0.07301528054603247, 0.025033374938879444, -0.028834917507917526, 0.06925564328560667, 0.0015083943805010323, -4.526825070453889, -1.4902087117467915, 1.5109481388467902, 4.547624374621172, -4.540604779525786], "data_imag": [-1.4818777255610203e-18, 2.083691438282505e-18, 0.0, 0.0, 0.0, 0.0, 0.0, 0.0, 0.0, 0.0, 0.0, 0.0, 0.0, 0.0, 0.0, 0.0, 0.0, 0.0, 0.0, 0.0, 0.0, 0.0, 0.0, 0.0, 0.0, 0.0]}, {"time": 4.838709677419355, "step_sample_count": 256, "data": [0.17515051634396953, 0.4567575996648514, -2.54263372885506, -0.23215754078651238, 0.8304141775784546, 1.6896678840807386, -4.45194889848762, 0.8303969665165946, 1.7255342171236543, 2.406487839864428, 1.5685582097653483, -0.9591505970150164, 6.067817136538027, 1.5685506087602163, -0.008092834595879015, -4.858988760258721, -0.05925734248525605, 0.03481910957023403, -0.028264468517830512, 0.06574410719561968, -0.008092834595879015, -4.874773163662314, -1.6021515728043574, 1.6189643950126469, 4.891556867142441, -4.858988760258721], "data_imag": [-8.464263167269638e-19, 1.1860160513748162e-18, 0.0, 0.0, 0.0, 0.0, 0.0, 0.0, 0.0, 0.0, 0.0, 0.0, 0.0, 0.0, 0.0, 0.0, 0.0, 0.0, 0.0, 0.0, 0.0, 0.0, 0.0, 0.0, 0.0, 0.0]}, {"time": 5.161290322580645, "step_sample_count": 256, "data": [0.17418680830786182, 0.45601766761398604, -2.6754137322457865, -0.7303406521293319, 0.8829256349325635, 1.8194852505581771, -5.216402600528379, 0.8829084238706465, 1.7561600404763034, 2.695714684099529, 1.5691721964291132, -1.5081219049348225, 7.0084692005267515, 1.5691645954242197, -0.017274241382963202, -5.1728783689515625, -0.036317804575614974, 0.042693007800873255, -0.027027180912772637, 0.05195143231536769, -0.017274241382963202, -5.237964103858779, -1.7149666616331838, 1.7238790171203038, 5.246646817195611, -5.1728783689515625], "data_imag": [-1.4895112106837355e-19, 2.0756256298222311e-19, 0.0, 0.0, 0.0, 0.0, 0.0, 0.0, 0.0, 0.0, 0.0, 0.0, 0.0, 0.0, 0.0, 0.0, 0.0, 0.0, 0.0, 0.0, 0.0, 0.0, 0.0, 0.0, 0.0, 0.0]}, {"time": 5.483870967741935, "step_sample_count": 256, "data": [0.1729612637318345, 0.45493367254182354, -2.844926746315926, -1.2100779295368882, 0.8941321047564071, 2.0711070797337343, -6.123318135437325, 0.8941148936941423, 1.946282849640335, 2.959965306613034, 1.5502836282806174, -2.1656211808677734, 8.195069275188372, 1.5502760272761456, -0.02376287819223329, -5.483661760929758, -0.0033172757757890144, 0.04549661422536985, -0.024575196624128718, 0.024517822224194463, -0.02376287819223329, -5.617202952857489, -1.8281918656101144, 1.8261232527630815, 5.61468163417921, -5.483661760929758], "data_imag": [6.149403311214165e-19, -8.508868543234635e-19, 0.0, 0.0, 0.0, 0.0, 0.0, 0.0, 0.0, 0.0, 0.0, 0.0, 0.0, 0.0, 0.0, 0.0, 0.0, 0.0, 0.0, 0.0, 0.0, 0.0, 0.0, 0.0, 0.0, 0.0]}, {"time": 5.806451612903226, "step_sample_count": 256, "data": [0.17172868344101827, 0.453766448998866, -3.034293852978311, -1.5573714925718534, 0.8650664402848909, 2.4287761585526666, -7.025589804285876, 0.8650492292227739, 2.315232500701057, 3.3162659824804264, 1.531762870129373, -2.9397496275072323, 9.772041439114746, 1.5317552691246354, -0.025688503995857464, -5.793543419799725, 0.03651612309972328, 0.04109990899807791, -0.020462268223965404, -0.015067975641880522, -0.025688503995857464, -6.0114139147476555, -1.94173402501974, 1.927276282818136, 5.996404561309154, -5.793543419799725], "data_imag": [-3.9645657371630273e-19, 5.446637235667015e-19, 0.0, 0.0, 0.0, 0.0, 0.0, 0.0, 0.0, 0.0, 0.0, 0.0, 0.0, 0.0, 0.0, 0.0, 0.0, 0.0, 0.0, 0.0, 0.0, 0.0, 0.0, 0.0, 0.0, 0.0]}, {"time": 6.129032258064516, "step_sample_count": 256, "data": [0.17080928225316352, 0.4526086151043792, -3.1261511016348558, -1.660888899494048, 0.804117526792618, 2.763783572480145, -7.563301342537361, 0.8041003156859294, 2.8319233346706434, 3.870088958723151, 1.5299190701639918, -3.791939890723586, 11.77418614872538, 1.5299114694027203, -0.022132257382244985, -6.104981800731449, 0.07034397910529404, 0.029288444518585224, -0.014804560779721396, -0.054534773765725714, -0.022132257382244985, -6.414397138727222, -2.055250294304791, 2.0291393504446043, 6.387827608636385, -6.104981800731449], "data_imag": [-5.677887233188156e-19, 7.758686744122156e-19, 0.0, 0.0, 0.0, 0.0, 0.0, 0.0, 0.0, 0.0, 0.0, 0.0, 0.0, 0.0, 0.0, 0.0, 0.0, 0.0, 0.0, 0.0, 0.0, 0.0, 0.0, 0.0, 0.0, 0.0]}, {"time": 6.451612903225806, "step_sample_count": 256, "data": [0.17033262569472438, 0.45138025483008337, -2.9752027233668303, -1.4731410666921938, 0.7255908070361271, 2.907352390135931, -7.371734800827964, 0.7255735958778442, 3.3244934524137584, 4.5242335907223055, 1.5564616081250238, -4.544273118837542, 13.750782010006859, 1.556454007097638, -0.01325175023210685, -6.42011104908489, 0.08271942412997604, 0.011632493775912694, -0.008307263825849377, -0.07776783709623743, -0.01325175023210685, -6.806413675216397, -2.1677504201619087, 2.132869778723671, 6.771289913201005, -6.42011104908489], "data_imag": [7.912478798181989e-20, -1.0782026315585402e-19, 0.0, 0.0, 0.0, 0.0, 0.0, 0.0, 0.0, 0.0, 0.0, 0.0, 0.0, 0.0, 0.0, 0.0, 0.0, 0.0, 0.0, 0.0, 0.0, 0.0, 0.0, 0.0, 0.0, 0.0]}, {"time": 6.774193548387097, "step_sample_count": 256, "data": [0.17035656042283015, 0.45015381800016363, -2.6514070922282573, -1.1647499917747857, 0.6492317479805859, 2.897368507594991, -6.730377508438833, 0.6492145368208132, 3.616271441159319, 5.084950735013289, 1.6169717546189197, -5.014512965814561, 15.145451640472093, 1.6169641535882724, -0.00021250106917525702, -6.740148015747913, 0.07960149225659592, -0.009319985435101446, -0.0018004576983513525, -0.08901872074691851, -0.00021250106917525702, -7.168127820651042, -2.2778671812575197, 2.2386925257479566, 7.12892231369059, -6.740148015747913], "data_imag": [7.768816666088304e-19, -1.0587751086322896e-18, 0.0, 0.0, 0.0, 0.0, 0.0, 0.0, 0.0, 0.0, 0.0, 0.0, 0.0, 0.0, 0.0, 0.0, 0.0, 0.0, 0.0, 0.0, 0.0, 0.0, 0.0, 0.0, 0.0, 0.0]}, {"time": 7.096774193548387, "step_sample_count": 256, "data": [0.17094079401353135, 0.44931672925891947, -2.302482905410917, -0.9353440191744926, 0.5975125275666184, 2.847084235824256, -6.102274386884475, 0.5974953164069232, 3.7442847353532427, 5.526601852265175, 1.707050351053166, -5.234951701148824, 16.002534467595833, 1.7070427500226746, 0.014949572541357266, -7.065118924255694, 0.07438494253121228, -0.030930234906676294, 0.00431427174474199, -0.099348342862359, 0.014949572541357266, -7.502540672348158, -2.384384546584695, 2.346039792800832, 7.46430630059663, -7.065118924255694], "data_imag": [-7.890844553867928e-19, 1.0790937867804264e-18, 0.0, 0.0, 0.0, 0.0, 0.0, 0.0, 0.0, 0.0, 0.0, 0.0, 0.0, 0.0, 0.0, 0.0, 0.0, 0.0, 0.0, 0.0, 0.0, 0.0, 0.0, 0.0, 0.0, 0.0]}, {"time": 7.419354838709677, "step_sample_count": 256, "data": [0.1719091753265424, 0.4493465017439959, -1.9697290197944584, -0.835571665658345, 0.5886061396931239, 2.7681899813258077, -5.591327479050064, 0.5885889285267467, 3.8015030525820404, 5.876642350572392, 1.8096857644440458, -5.29548298205101, 16.53423904406921, 1.80967816340688, 0.029758474945591914, -7.394111974598312, 0.06957986338621439, -0.051027190867969835, 0.010166129221530524, -0.10888928013259683, 0.029758474945591914, -7.819277929746132, -2.48667945304301, 2.4539272244595, 7.786713842330617, -7.394111974598312], "data_imag": [-7.884447994019556e-20, 1.0843271620455311e-19, 0.0, 0.0, 0.0, 0.0, 0.0, 0.0, 0.0, 0.0, 0.0, 0.0, 0.0, 0.0, 0.0, 0.0, 0.0, 0.0, 0.0, 0.0, 0.0, 0.0, 0.0, 0.0, 0.0, 0.0]}, {"time": 7.741935483870968, "step_sample_count": 256, "data": [0.17287975080381576, 0.4504709398470415, -1.6451501614465545, -0.8453749287510623, 0.6276133056690211, 2.634340747279713, -5.142508882999145, 0.6275960945024864, 3.8514707448836103, 6.144158120311221, 1.8992946644658124, -5.257999615001298, 16.876516134501475, 1.899287063428564, 0.04208732410338008, -7.725786277766985, 0.06292730970866492, -0.06818535800648112, 0.0160733133657133, -0.11360416297393292, 0.04208732410338008, -8.126050980778846, -2.5849327711736727, 2.561353595595077, 8.102710747950963, -7.725786277766985], "data_imag": [4.4646514632841e-19, -6.17478265918757e-19, 0.0, 0.0, 0.0, 0.0, 0.0, 0.0, 0.0, 0.0, 0.0, 0.0, 0.0, 0.0, 0.0, 0.0, 0.0, 0.0, 0.0, 0.0, 0.0, 0.0, 0.0, 0.0, 0.0, 0.0]}, {"time": 8.064516129032258, "step_sample_count": 256, "data": [0.17345605563232036, 0.4524692850988685, -1.3165969359925787, -0.9307475782056167, 0.702484564129613, 2.4293742768355275, -4.692987021389826, 0.7024673529631179, 3.9433237213937278, 6.331370236593486, 1.9525447883965041, -5.17004289621451, 17.129498674262557, 1.952537187359283, 0.05089197707935363, -8.058692492881775, 0.05221675293773569, -0.08177845595443305, 0.02211521698601862, -0.11056657271012844, 0.05089197707935363, -8.429887415311565, -2.680128038429807, 2.6675665590337294, 8.417615968276198, -8.058692492881775], "data_imag": [9.182921803509274e-20, -1.2742667161734018e-19, 0.0, 0.0, 0.0, 0.0, 0.0, 0.0, 0.0, 0.0, 0.0, 0.0, 0.0, 0.0, 0.0, 0.0, 0.0, 0.0, 0.0, 0.0, 0.0, 0.0, 0.0, 0.0, 0.0, 0.0]}, {"time": 8.387096774193548, "step_sample_count": 256, "data": [0.17337795802575978, 0.4547326055351499, -0.9863021059611932, -1.0596324359270293, 0.7886905955241016, 2.1655835494447544, -4.225202470021242, 0.7886733843576704, 4.1188711854904785, 6.434075064174333, 1.9593867701020224, -5.071895922701967, 17.372177982707164, 1.9593791690649662, 0.05648989458648517, -8.391368202341976, 0.037078444500460925, -0.09186617232080285, 0.02789907298856322, -0.099866367442919, 0.05648989458648517, -8.73727957636357, -2.773848678960351, 2.7721882855341993, 8.735963708476213, -8.391368202341976], "data_imag": [-8.778045166753516e-19, 1.2175356371756914e-18, 0.0, 0.0, 0.0, 0.0, 0.0, 0.0, 0.0, 0.0, 0.0, 0.0, 0.0, 0.0, 0.0, 0.0, 0.0, 0.0, 0.0, 0.0, 0.0, 0.0, 0.0, 0.0, 0.0, 0.0]}, {"time": 8.709677419354838, "step_sample_count": 256, "data": [0.17256088811054812, 0.4565058310578537, -0.6751381218911743, -1.1928468041113678, 0.8597224784632304, 1.8851495038831516, -3.7634916245967744, 0.8597052672968154, 4.402120972896558, 6.435096059067206, 1.9264408010986183, -4.98987897611848, 17.63839322567134, 1.9264332000615345, 0.060321435765230406, -8.722525031560156, 0.01912739368035514, -0.09904743350841351, 0.03261286509232738, -0.08454557798817972, 0.060321435765230406, -9.052513503148258, -2.8677726691561816, 2.8752114004603975, 9.060343854460697, -8.722525031560156], "data_imag": [2.616994057486319e-20, -3.612726549918926e-20, 0.0, 0.0, 0.0, 0.0, 0.0, 0.0, 0.0, 0.0, 0.0, 0.0, 0.0, 0.0, 0.0, 0.0, 0.0, 0.0, 0.0, 0.0, 0.0, 0.0, 0.0, 0.0, 0.0, 0.0]}, {"time": 9.032258064516128, "step_sample_count": 256, "data": [0.17106727839194363, 0.45712972021946086, -0.41476834705357346, -1.26582125126452, 0.8962196597558872, 1.6465605102849177, -3.334152091802857, 0.8962024485887907, 4.788671224409361, 6.320628008043854, 1.8717894621499935, -4.930969598933874, 17.91695714609602, 1.8717818611125248, 0.06439203444782375, -9.051425723723673, 0.0009470702210299647, -0.1043909953533413, 0.03534301841504329, -0.06917378646153627, 0.06439203444782375, -9.376228758101073, -2.9629506729902824, 2.9768368939401904, 9.390539570596706, -9.051425723723673], "data_imag": [-1.0197466450307193e-18, 1.3955622657177645e-18, 0.0, 0.0, 0.0, 0.0, 0.0, 0.0, 0.0, 0.0, 0.0, 0.0, 0.0, 0.0, 0.0, 0.0, 0.0, 0.0, 0.0, 0.0, 0.0, 0.0, 0.0, 0.0, 0.0, 0.0]}, {"time": 9.35483870967742, "step_sample_count": 256, "data": [0.16913909364004534, 0.4562459607962814, -0.23476829539702243, -1.199687426376597, 0.8893764397672803, 1.503941804398375, -2.9426684801269327, 0.8893592286001515, 5.243739600573125, 6.122671772237826, 1.8176436888529521, -4.883438377216213, 18.192752426418366, 1.8176360878153643, 0.07066530362934839, -9.37816722826091, -0.015219682728539477, -0.10932837236541185, 0.03545622313361708, -0.0580302468826332, 0.07066530362934839, -9.705270668429106, -3.0592991502275684, 3.077229920268588, 9.723641277148849, -9.37816722826091], "data_imag": [5.1613595433152625e-19, -6.983901400853937e-19, 0.0, 0.0, 0.0, 0.0, 0.0, 0.0, 0.0, 0.0, 0.0, 0.0, 0.0, 0.0, 0.0, 0.0, 0.0, 0.0, 0.0, 0.0, 0.0, 0.0, 0.0, 0.0, 0.0, 0.0]}, {"time": 9.67741935483871, "step_sample_count": 256, "data": [0.16727411888164273, 0.45402723387380717, -0.14622747633206368, -0.9606775540147281, 0.8402740540712867, 1.4833823426018187, -2.5926970110592302, 0.8402568429041546, 5.710970255468855, 5.933826726438648, 1.7862818557480065, -4.825356616964636, 18.479075139372203, 1.7862742547102262, 0.08056327032873412, -9.70367791146687, -0.028920394502492022, -0.11526027411130373, 0.03275779376866636, -0.05311780025594634, 0.08056327032873412, -10.03394521497719, -3.1556462141789097, 3.176427848938783, 10.055155371552182, -9.70367791146687], "data_imag": [1.016747053987718e-18, -1.360603740650413e-18, 0.0, 0.0, 0.0, 0.0, 0.0, 0.0, 0.0, 0.0, 0.0, 0.0, 0.0, 0.0, 0.0, 0.0, 0.0, 0.0, 0.0, 0.0, 0.0, 0.0, 0.0, 0.0, 0.0, 0.0]}], "random_generator": {"seed": "very_nice_seed"}, "realworld_total_calculation_time": 3.245}