{"hamiltonian": {"U": 1.0, "E": 0.8, "J": 0.1, "phi": 2.5132741228718345, "type": "FirstOrderVariationalClassicalNetworkHamiltonian", "eta_calculation_sampler": {"system_geometry": {"type": "LinearChainNonPeriodicState", "size": 4}, "initial_system_state": {"type": "HomogenousInitialSystemState"}, "type": "ExactSampler"}, "psi_selection": {"type": "ChainDirectionDependentAllSameFirstOrder", "number_of_psis": 6, "J": 0.1}, "random_generator": {"seed": "46954944"}, "init_sigma": 1e-05, "pseudo_inverse_cutoff": 1e-10, "effective_time_step_size": 0.010080645161290322, "number_workers": 16, "variational_step_fraction_multiplier": 32, "ue_might_change": true, "ue_variational": true}, "start_time": 0.0, "time_step": 0.3225806451612903, "number_of_time_steps": 31, "sampler": {"system_geometry": {"type": "LinearChainNonPeriodicState", "size": 4}, "initial_system_state": {"type": "HomogenousInitialSystemState"}, "type": "ExactSampler"}, "observables": [{"type": "Energy", "label": "Energy per site"}, {"type": "EnergyVariance", "label": "Energy Variance per site"}, {"type": "VCNFactor", "label": "Re-Part of VCN Parameter 0", "param_real_part": true, "param_index": 0, "can_return_value": true}, {"type": "VCNFactor", "label": "Re-Part of VCN Parameter 1", "param_real_part": true, "param_index": 1, "can_return_value": true}, {"type": "VCNFactor", "label": "Re-Part of VCN Parameter 2", "param_real_part": true, "param_index": 2, "can_return_value": true}, {"type": "VCNFactor", "label": "Re-Part of VCN Parameter 3", "param_real_part": true, "param_index": 3, "can_return_value": true}, {"type": "VCNFactor", "label": "Re-Part of VCN Parameter 4", "param_real_part": true, "param_index": 4, "can_return_value": true}, {"type": "VCNFactor", "label": "Re-Part of VCN Parameter 5", "param_real_part": true, "param_index": 5, "can_return_value": true}, {"type": "VCNFactor", "label": "Im-Part of VCN Parameter 0", "param_real_part": false, "param_index": 0, "can_return_value": true}, {"type": "VCNFactor", "label": "Im-Part of VCN Parameter 1", "param_real_part": false, "param_index": 1, "can_return_value": true}, {"type": "VCNFactor", "label": "Im-Part of VCN Parameter 2", "param_real_part": false, "param_index": 2, "can_return_value": true}, {"type": "VCNFactor", "label": "Im-Part of VCN Parameter 3", "param_real_part": false, "param_index": 3, "can_return_value": true}, {"type": "VCNFactor", "label": "Im-Part of VCN Parameter 4", "param_real_part": false, "param_index": 4, "can_return_value": true}, {"type": "VCNFactor", "label": "Im-Part of VCN Parameter 5", "param_real_part": false, "param_index": 5, "can_return_value": true}, {"type": "BaseEnergyFactor", "label": "Re-Part of BE-Factor U", "param_real_part": true, "param_index": -1, "can_return_value": true, "kind": "U"}, {"type": "BaseEnergyFactor", "label": "Im-Part of BE-Factor U", "param_real_part": false, "param_index": -1, "can_return_value": true, "kind": "U"}, {"type": "BaseEnergyFactor", "label": "Re-Part of BE-Factor eps-0", "param_real_part": true, "param_index": 0, "can_return_value": true, "kind": "eps"}, {"type": "BaseEnergyFactor", "label": "Re-Part of BE-Factor eps-1", "param_real_part": true, "param_index": 1, "can_return_value": true, "kind": "eps"}, {"type": "BaseEnergyFactor", "label": "Re-Part of BE-Factor eps-2", "param_real_part": true, "param_index": 2, "can_return_value": true, "kind": "eps"}, {"type": "BaseEnergyFactor", "label": "Re-Part of BE-Factor eps-3", "param_real_part": true, "param_index": 3, "can_return_value": true, "kind": "eps"}, {"type": "BaseEnergyFactor", "label": "Re-Part of BE-Factor eps-4", "param_real_part": true, "param_index": 4, "can_return_value": true, "kind": "eps"}, {"type": "BaseEnergyFactor", "label": "Im-Part of BE-Factor eps-0", "param_real_part": false, "param_index": 0, "can_return_value": true, "kind": "eps"}, {"type": "BaseEnergyFactor", "label": "Im-Part of BE-Factor eps-1", "param_real_part": false, "param_index": 1, "can_return_value": true, "kind": "eps"}, {"type": "BaseEnergyFactor", "label": "Im-Part of BE-Factor eps-2", "param_real_part": false, "param_index": 2, "can_return_value": true, "kind": "eps"}, {"type": "BaseEnergyFactor", "label": "Im-Part of BE-Factor eps-3", "param_real_part": false, "param_index": 3, "can_return_value": true, "kind": "eps"}, {"type": "BaseEnergyFactor", "label": "Im-Part of BE-Factor eps-4", "param_real_part": false, "param_index": 4, "can_return_value": true, "kind": "eps"}], "measurements": [{"time": 0.0, "step_sample_count": 256, "data": [0.17499515035564026, 0.4530504236516649, -2.409211346512654e-05, 1.3364613742072939e-05, 1.5426940819682473e-06, -2.3095526437844924e-06, 2.9577584621232426e-06, -1.5668367408516222e-05, 1.0073359691169309e-05, -1.2604172898632618e-05, -1.1358230129747497e-05, 3.80637423358691e-06, 2.8480717089983352e-06, -1.895923534861108e-05, -2.4229613465669603e-06, 1.5791125000597532e-06, -1.1357545410297846e-05, 4.318272037258513e-06, -1.4618044943022195e-05, 1.2968369814907847e-06, -2.4229613465669603e-06, 1.2658790972584678e-05, -4.320935634434884e-06, -4.807979398987998e-06, -1.0283182688040512e-05, 1.5791125000597532e-06], "data_imag": [-1.075387878249898e-23, 1.505501307559791e-23, 0.0, 0.0, 0.0, 0.0, 0.0, 0.0, 0.0, 0.0, 0.0, 0.0, 0.0, 0.0, 0.0, 0.0, 0.0, 0.0, 0.0, 0.0, 0.0, 0.0, 0.0, 0.0, 0.0, 0.0]}, {"time": 0.3225806451612903, "step_sample_count": 256, "data": [0.17507908762557392, 0.4532663446375305, 0.003185433221835768, -0.046321076049969497, 0.05484793037126099, 0.0037887188190027414, -0.04627181967460857, 0.05483071930976434, 0.3075209028769073, 0.2993021739795368, 0.31105836584558233, 0.3318049639923215, 0.33742496540809575, 0.31105076484035604, 0.0006749991229188843, -0.3228487425033854, -0.0037037371025262188, -0.0004679189627494101, -0.0005162293377837066, 0.0027205799423757697, 0.0006749991229188843, -0.3118708191666759, -0.10439017893466637, 0.10459075378572025, 0.31208291165317914, -0.3228487425033854], "data_imag": [-2.6428507942876155e-19, 3.701663246355193e-19, 0.0, 0.0, 0.0, 0.0, 0.0, 0.0, 0.0, 0.0, 0.0, 0.0, 0.0, 0.0, 0.0, 0.0, 0.0, 0.0, 0.0, 0.0, 0.0, 0.0, 0.0, 0.0, 0.0, 0.0]}, {"time": 0.6451612903225806, "step_sample_count": 256, "data": [0.1751024660251188, 0.4536489302488965, 0.00967559582712371, -0.1831332481808746, 0.19962645959674935, 0.015482275417028802, -0.18642058752129345, 0.19960924853525042, 0.618860800645063, 0.5507844394064723, 0.5583800181459647, 0.6249019767496533, 0.6700133373977845, 0.5583724171408148, 0.0024132966182255815, -0.6471722942006449, -0.01428958198704313, -0.0015016847820950097, -0.0019880558012841726, 0.010802717838874671, 0.0024132966182255815, -0.625507691732338, -0.20879047049859445, 0.21034924237979838, 0.6270782546667991, -0.6471722942006449], "data_imag": [-1.8973304324313732e-19, 2.657817900665908e-19, 0.0, 0.0, 0.0, 0.0, 0.0, 0.0, 0.0, 0.0, 0.0, 0.0, 0.0, 0.0, 0.0, 0.0, 0.0, 0.0, 0.0, 0.0, 0.0, 0.0, 0.0, 0.0, 0.0, 0.0]}, {"time": 0.967741935483871, "step_sample_count": 256, "data": [0.17507735871962718, 0.45391683417876977, 0.00823131661686761, -0.3889353415401715, 0.3800449179215259, 0.03764922891253006, -0.4130440232420785, 0.3800277068600321, 0.9410001210166353, 0.7035179282139267, 0.7103723124277556, 0.8440627476864622, 0.9895042153114435, 0.7103647114226346, 0.004357223698398261, -0.9734349483645867, -0.029664769987203705, -0.002104826449371436, -0.0042453240993908445, 0.023326433273322626, 0.004357223698398261, -0.9429684021811419, -0.31344305158090385, 0.3178640190114621, 0.9474059409131869, -0.9734349483645867], "data_imag": [-7.927309789143731e-19, 1.1103139677084234e-18, 0.0, 0.0, 0.0, 0.0, 0.0, 0.0, 0.0, 0.0, 0.0, 0.0, 0.0, 0.0, 0.0, 0.0, 0.0, 0.0, 0.0, 0.0, 0.0, 0.0, 0.0, 0.0, 0.0, 0.0]}, {"time": 1.2903225806451613, "step_sample_count": 256, "data": [0.17499310444485275, 0.45369452457082127, -0.022872339588367242, -0.6105057865135365, 0.5434280363897562, 0.08190107134271757, -0.7067844942092354, 0.5434108253282698, 1.2828021716439826, 0.7119473333550255, 0.7747592082784469, 0.9637193515698526, 1.2851222434437477, 0.7747516072733373, 0.00572367537137999, -1.3006616702539362, -0.046653697267819545, -0.0014171388629964424, -0.007079439124582906, 0.03819223242355243, 0.00572367537137999, -1.2663993197171954, -0.41884963031931244, 0.4268180327693364, 1.2744067858914783, -1.3006616702539362], "data_imag": [5.690730523574269e-19, -7.9667088070347545e-19, 0.0, 0.0, 0.0, 0.0, 0.0, 0.0, 0.0, 0.0, 0.0, 0.0, 0.0, 0.0, 0.0, 0.0, 0.0, 0.0, 0.0, 0.0, 0.0, 0.0, 0.0, 0.0, 0.0, 0.0]}, {"time": 1.6129032258064515, "step_sample_count": 256, "data": [0.17482529502004598, 0.4527382742896899, -0.11602626671087743, -0.7542268250772766, 0.6578100469691848, 0.17349472526228535, -1.032417274718759, 0.6577928359076841, 1.6436126837805753, 0.5676852251120537, 0.7812866134059298, 0.9772854612535061, 1.5544443242658994, 0.7812790124007947, 0.006455151671764948, -1.627137765015884, -0.0614362554252138, 0.0006395745692219241, -0.010377292609912775, 0.05176806523766656, 0.006455151671764948, -1.5966696867725951, -0.525433607826333, 0.5362095194244128, 1.6075342849096548, -1.627137765015884], "data_imag": [-4.335388608022157e-19, 6.06348473939216e-19, 0.0, 0.0, 0.0, 0.0, 0.0, 0.0, 0.0, 0.0, 0.0, 0.0, 0.0, 0.0, 0.0, 0.0, 0.0, 0.0, 0.0, 0.0, 0.0, 0.0, 0.0, 0.0, 0.0, 0.0]}, {"time": 1.935483870967742, "step_sample_count": 256, "data": [0.17463013630626478, 0.45124128554985093, -0.3010970000976072, -0.7237322910934249, 0.7121561220467034, 0.3395573003600982, -1.3512827970531893, 0.7121389109852015, 1.9954754374903452, 0.3423574095470014, 0.763952667135908, 0.9079169190327985, 1.8174193648553354, 0.7639450661307401, 0.007244440955567493, -1.951586155106245, -0.07078907159764444, 0.003338419618717776, -0.01407903347989824, 0.0601477707348229, 0.007244440955567493, -1.9314564435292918, -0.6330679323959768, 0.6449243369281513, 1.943463130374666, -1.951586155106245], "data_imag": [-7.315428584081265e-19, 1.0219954326214858e-18, 0.0, 0.0, 0.0, 0.0, 0.0, 0.0, 0.0, 0.0, 0.0, 0.0, 0.0, 0.0, 0.0, 0.0, 0.0, 0.0, 0.0, 0.0, 0.0, 0.0, 0.0, 0.0, 0.0, 0.0]}, {"time": 2.258064516129032, "step_sample_count": 256, "data": [0.17454845947781172, 0.44984619478608207, -0.5784227649413477, -0.5034728266592925, 0.7097335425562064, 0.5795500561968144, -1.6477855422097218, 0.7097163314947202, 2.2852803745375754, 0.16803313213175275, 0.7527021762530665, 0.8001847215252152, 2.107401100046281, 0.7526945752478964, 0.008884460874107922, -2.2738726521326216, -0.07436431384660039, 0.005630598954922414, -0.017969256448539948, 0.0621356394040712, 0.008884460874107922, -2.2655562716350914, -0.7410007663915451, 0.7523075412334456, 2.277052082765004, -2.2738726521326216], "data_imag": [4.7410175378746715e-19, -6.620298460746495e-19, 0.0, 0.0, 0.0, 0.0, 0.0, 0.0, 0.0, 0.0, 0.0, 0.0, 0.0, 0.0, 0.0, 0.0, 0.0, 0.0, 0.0, 0.0, 0.0, 0.0, 0.0, 0.0, 0.0, 0.0]}, {"time": 2.5806451612903225, "step_sample_count": 256, "data": [0.174623655524879, 0.4492118249876166, -0.9124474061517105, -0.17674806373740512, 0.663916264465263, 0.8550915724822251, -1.9307553541610023, 0.6638990534037923, 2.466730258378964, 0.13942853597340135, 0.7715282122498502, 0.6868159006471276, 2.439274197914791, 0.7715206112447007, 0.011541082024963924, -2.595003268056087, -0.07497676280110067, 0.006732006982010083, -0.021576750460264197, 0.06023901664362251, 0.011541082024963924, -2.5944030713680846, -0.8483695070996199, 0.8585811742416375, 2.6047951761399295, -2.595003268056087], "data_imag": [-1.1512276459722927e-18, 1.608252639047864e-18, 0.0, 0.0, 0.0, 0.0, 0.0, 0.0, 0.0, 0.0, 0.0, 0.0, 0.0, 0.0, 0.0, 0.0, 0.0, 0.0, 0.0, 0.0, 0.0, 0.0, 0.0, 0.0, 0.0, 0.0]}, {"time": 2.903225806451613, "step_sample_count": 256, "data": [0.1746991500006217, 0.44957276246701555, -1.257490664183877, 0.15197106919088335, 0.5971995591474681, 1.1147310022433015, -2.206830037495789, 0.5971823480859945, 2.522865521949973, 0.2686811729119299, 0.8367864567787533, 0.5703698768859369, 2.8055461429713042, 0.8367788557735922, 0.014481908251603696, -2.9165907726933797, -0.07586975264837575, 0.006688493054648235, -0.024436987956356182, 0.058234741990640375, 0.014481908251603696, -2.916740467385916, -0.9548592459536015, 0.9648247398135626, 2.9268379880484905, -2.9165907726933797], "data_imag": [2.1666933607113968e-19, -3.0281559074261723e-19, 0.0, 0.0, 0.0, 0.0, 0.0, 0.0, 0.0, 0.0, 0.0, 0.0, 0.0, 0.0, 0.0, 0.0, 0.0, 0.0, 0.0, 0.0, 0.0, 0.0, 0.0, 0.0, 0.0, 0.0]}, {"time": 3.225806451612903, "step_sample_count": 256, "data": [0.17458140095240585, 0.4507178008080329, -1.5792484834731497, 0.4104928936481729, 0.5389389772173364, 1.319774519140673, -2.4748001495902945, 0.5389217661558691, 2.4634372018288966, 0.5250984074992785, 0.952163096045982, 0.4335147157285644, 3.2030817365063102, 0.952155495040755, 0.01641067031826631, -3.2399658250782633, -0.07845185909015603, 0.006555713374923217, -0.02640400573373087, 0.058746631922043366, 0.01641067031826631, -3.2345030356863376, -1.060870722447692, 1.0722834561400574, 3.2459905988756033, -3.2399658250782633], "data_imag": [-1.1915511342373931e-18, 1.6641813305727382e-18, 0.0, 0.0, 0.0, 0.0, 0.0, 0.0, 0.0, 0.0, 0.0, 0.0, 0.0, 0.0, 0.0, 0.0, 0.0, 0.0, 0.0, 0.0, 0.0, 0.0, 0.0, 0.0, 0.0, 0.0]}, {"time": 3.5483870967741935, "step_sample_count": 256, "data": [0.1742144472777011, 0.452209565768951, -1.857606390967699, 0.5554445316826236, 0.5172673109821971, 1.453979660203257, -2.741689605370508, 0.5172500999207502, 2.3155535853858025, 0.8726401863726171, 1.1033422725995505, 0.25482083996588367, 3.645101094681464, 1.1033346715942347, 0.016137093217175963, -3.565325805949405, -0.08199897112406154, 0.007838589033070468, -0.027598482933831863, 0.06241906732214043, 0.016137093217175963, -3.5514008252740856, -1.1672213357515173, 1.1815441843909218, 3.5657660091319516, -3.565325805949405], "data_imag": [7.717585460803006e-19, -1.0756119082977748e-18, 0.0, 0.0, 0.0, 0.0, 0.0, 0.0, 0.0, 0.0, 0.0, 0.0, 0.0, 0.0, 0.0, 0.0, 0.0, 0.0, 0.0, 0.0, 0.0, 0.0, 0.0, 0.0, 0.0, 0.0]}, {"time": 3.870967741935484, "step_sample_count": 256, "data": [0.17367133698642748, 0.4535809677617816, -2.082327562501041, 0.5584942141737406, 0.5463821401890316, 1.5220126797842968, -3.030571076859386, 0.5463649291276194, 2.1172694072236733, 1.2766042033325253, 1.2603912489636873, 0.017004599256465098, 4.152940736578164, 1.2603836479582773, 0.013034832936025127, -3.8914661797662786, -0.08448556905537431, 0.011711739085812677, -0.02821903561334078, 0.06816284068752292, 0.013034832936025127, -3.8715392621086857, -1.2747685789663648, 1.2922443847570146, 3.8890631962036695, -3.8914661797662786], "data_imag": [-8.12355939716209e-20, 1.1286635372750375e-19, 0.0, 0.0, 0.0, 0.0, 0.0, 0.0, 0.0, 0.0, 0.0, 0.0, 0.0, 0.0, 0.0, 0.0, 0.0, 0.0, 0.0, 0.0, 0.0, 0.0, 0.0, 0.0, 0.0, 0.0]}, {"time": 4.193548387096774, "step_sample_count": 256, "data": [0.17308372407231243, 0.45452398177713055, -2.2518110766168475, 0.40363762281470855, 0.6181462489792636, 1.5447297109131752, -3.3771578393290365, 0.618129037917684, 1.9147550822079367, 1.6996434573509487, 1.390578884072882, -0.2920662417392127, 4.748163091180186, 1.390571283067828, 0.007077008275293123, -4.216265469152731, -0.08356738398168441, 0.01854667518515536, -0.02845689959035923, 0.07378476708735404, 0.007077008275293123, -4.198811970060601, -1.3840962402773327, 1.4032738335263664, 4.21805633425348, -4.216265469152731], "data_imag": [7.107797662133954e-19, -9.841952714516964e-19, 0.0, 0.0, 0.0, 0.0, 0.0, 0.0, 0.0, 0.0, 0.0, 0.0, 0.0, 0.0, 0.0, 0.0, 0.0, 0.0, 0.0, 0.0, 0.0, 0.0, 0.0, 0.0, 0.0, 0.0]}, {"time": 4.516129032258064, "step_sample_count": 256, "data": [0.1726104038173341, 0.45503181609245963, -2.375477589534731, 0.09366194507310897, 0.7064357937474673, 1.5564720489653414, -3.8229133503005053, 0.7064185826857967, 1.7594588467411656, 2.1011661873780576, 1.4735570667775677, -0.681860360856408, 5.451662045661206, 1.473549465772671, -0.0011697088535991187, -4.537657698505443, -0.0772136944180889, 0.02762381089399072, -0.028436380571714423, 0.07642863421260504, -0.0011697088535991187, -4.536863195768667, -1.4952733262948346, 1.5131583166028386, 4.554788516387787, -4.537657698505443], "data_imag": [1.5534262772653238e-18, -2.145100296153805e-18, 0.0, 0.0, 0.0, 0.0, 0.0, 0.0, 0.0, 0.0, 0.0, 0.0, 0.0, 0.0, 0.0, 0.0, 0.0, 0.0, 0.0, 0.0, 0.0, 0.0, 0.0, 0.0, 0.0, 0.0]}, {"time": 4.838709677419355, "step_sample_count": 256, "data": [0.17239237286224915, 0.45534602731196455, -2.474926694134834, -0.33714194609592135, 0.7815882976726595, 1.602328516394155, -4.400732210867191, 0.7815710866105782, 1.7015427122921347, 2.4454676504072466, 1.508002383688747, -1.1623933708233933, 6.288451651103495, 1.5079947826844995, -0.010380483771073827, -4.854614195839565, -0.06385815765904775, 0.03693823172791116, -0.028077761926363607, 0.07269019711405213, -0.010380483771073827, -4.888843938952135, -1.6078197850350866, 1.6205788829022907, 4.901520442387452, -4.854614195839565], "data_imag": [3.2867055223373395e-19, -4.532823711161536e-19, 0.0, 0.0, 0.0, 0.0, 0.0, 0.0, 0.0, 0.0, 0.0, 0.0, 0.0, 0.0, 0.0, 0.0, 0.0, 0.0, 0.0, 0.0, 0.0, 0.0, 0.0, 0.0, 0.0, 0.0]}, {"time": 5.161290322580645, "step_sample_count": 256, "data": [0.17245860077838956, 0.4557206273645613, -2.577201959285767, -0.8092615393548105, 0.8231543553856562, 1.727502126252783, -5.103800690184161, 0.8231371443250162, 1.7806873709158986, 2.725264233715027, 1.507328014101552, -1.743927636263483, 7.3015715454472, 1.5073204130952498, -0.018517894345143903, -5.167550626201235, -0.04246630170132926, 0.043473959636281485, -0.026956749032451672, 0.0590819427913731, -0.018517894345143903, -5.2565748811168875, -1.721129694910277, 1.7250722426604623, 5.260233369652968, -5.167550626201235], "data_imag": [6.598194505515495e-19, -9.10332313667888e-19, 0.0, 0.0, 0.0, 0.0, 0.0, 0.0, 0.0, 0.0, 0.0, 0.0, 0.0, 0.0, 0.0, 0.0, 0.0, 0.0, 0.0, 0.0, 0.0, 0.0, 0.0, 0.0, 0.0, 0.0]}, {"time": 5.483870967741935, "step_sample_count": 256, "data": [0.17268825805208826, 0.45621160292178414, -2.691388707048071, -1.203393812295386, 0.8233007894521345, 1.9504951027248445, -5.840457347871417, 0.8232835783934876, 2.014588515281252, 2.9936073870389666, 1.491048539550906, -2.426459473777785, 8.561709438375567, 1.4910409385411705, -0.023390193231125504, -5.4780421281585445, -0.013909341795207756, 0.04427976079789351, -0.02446516507240348, 0.0341923000356448, -0.023390193231125504, -5.639191991502551, -1.8349650493925949, 1.8274616371665813, 5.631233832514575, -5.4780421281585445], "data_imag": [2.368473139020842e-19, -3.272060004965365e-19, 0.0, 0.0, 0.0, 0.0, 0.0, 0.0, 0.0, 0.0, 0.0, 0.0, 0.0, 0.0, 0.0, 0.0, 0.0, 0.0, 0.0, 0.0, 0.0, 0.0, 0.0, 0.0, 0.0, 0.0]}, {"time": 5.806451612903226, "step_sample_count": 256, "data": [0.17290418962642107, 0.4566166160413198, -2.773901003432376, -1.4054613879737978, 0.7840704923184564, 2.226143005203375, -6.406870219105799, 0.7840532812566149, 2.376601959496119, 3.3443571466203017, 1.4782953242524561, -3.1727439261593147, 10.09788018724748, 1.4782877232509635, -0.023375247108584244, -5.788315857387876, 0.01607973383506347, 0.037729377510198024, -0.020266181827245818, 0.0023304059361040673, -0.023375247108584244, -6.030969307253063, -1.9491941077779968, 1.9293964305056717, 6.010687451970279, -5.788315857387876], "data_imag": [1.0827014295608436e-18, -1.4976289062846816e-18, 0.0, 0.0, 0.0, 0.0, 0.0, 0.0, 0.0, 0.0, 0.0, 0.0, 0.0, 0.0, 0.0, 0.0, 0.0, 0.0, 0.0, 0.0, 0.0, 0.0, 0.0, 0.0, 0.0, 0.0]}, {"time": 6.129032258064516, "step_sample_count": 256, "data": [0.17298342707321548, 0.4565815105603686, -2.7456968001828943, -1.3775186316487527, 0.7148390451706812, 2.4614172323537273, -6.591262815017622, 0.714821834108613, 2.7699759026341457, 3.8039821808723753, 1.4850254172056376, -3.878814530984944, 11.733521656950968, 1.4850178162080312, -0.017818155202937752, -6.100735997808369, 0.03857398316030631, 0.024012213455754723, -0.014580810874160074, -0.02782862655499958, -0.017818155202937752, -6.419256493024465, -2.0631702884636627, 2.0323982997706707, 6.388119130587276, -6.100735997808369], "data_imag": [-4.059931688849091e-20, 5.618407177762104e-20, 0.0, 0.0, 0.0, 0.0, 0.0, 0.0, 0.0, 0.0, 0.0, 0.0, 0.0, 0.0, 0.0, 0.0, 0.0, 0.0, 0.0, 0.0, 0.0, 0.0, 0.0, 0.0, 0.0, 0.0]}, {"time": 6.451612903225806, "step_sample_count": 256, "data": [0.17292250259747613, 0.4558660891835571, -2.589730769232045, -1.2045375011506896, 0.6316158945328005, 2.6134433480311317, -6.418061748857694, 0.6315986834707811, 3.0797556867980433, 4.300709025798203, 1.5226628123640291, -4.424374633662974, 13.159037455003162, 1.5226552113746445, -0.007121987698966103, -6.417192714762817, 0.05091775689001528, 0.00484641850381287, -0.008082014638496168, -0.0526846497711169, -0.007121987698966103, -6.7902263580056275, -2.1756308374171796, 2.1372321702716954, 6.751639916385216, -6.417192714762817], "data_imag": [-1.4073307914978184e-18, 1.9468732995863166e-18, 0.0, 0.0, 0.0, 0.0, 0.0, 0.0, 0.0, 0.0, 0.0, 0.0, 0.0, 0.0, 0.0, 0.0, 0.0, 0.0, 0.0, 0.0, 0.0, 0.0, 0.0, 0.0, 0.0, 0.0]}, {"time": 6.774193548387097, "step_sample_count": 256, "data": [0.17281725286521352, 0.4545777732128314, -2.358785785380555, -1.0222451310264125, 0.5559885392561781, 2.7012450295209693, -6.0954264680569175, 0.5559713281988501, 3.2730354097649923, 4.769977011713612, 1.5952146729501968, -4.772359720278318, 14.239083014930603, 1.5952070719770146, 0.007265179265587829, -6.73856340351619, 0.05720159803765164, -0.017218309248943457, -0.0014522362084218605, -0.07440472340606516, 0.007265179265587829, -7.139181915263228, -2.2851127749617506, 2.2437820335915237, 7.097812009974185, -6.73856340351619], "data_imag": [-3.1121043346010125e-19, 4.3026025738853637e-19, 0.0, 0.0, 0.0, 0.0, 0.0, 0.0, 0.0, 0.0, 0.0, 0.0, 0.0, 0.0, 0.0, 0.0, 0.0, 0.0, 0.0, 0.0, 0.0, 0.0, 0.0, 0.0, 0.0, 0.0]}, {"time": 7.096774193548387, "step_sample_count": 256, "data": [0.1727202961088113, 0.45318068950591156, -2.098024337431327, -0.9132033036935374, 0.5107892481607964, 2.7354208723942133, -5.7620332894220585, 0.5107720371032796, 3.3846070765315344, 5.18658600706052, 1.6951579804193309, -4.954434384448228, 15.015566466149197, 1.6951503794457685, 0.023072925388957468, -7.064606292308979, 0.06040392245904279, -0.039579017817524875, 0.005038571678748735, -0.09354493902875048, 0.023072925388957468, -7.469208772435287, -2.3904959143713795, 2.351296127709926, 7.430066397256282, -7.064606292308979], "data_imag": [-1.0824014852897745e-19, 1.4956216403829357e-19, 0.0, 0.0, 0.0, 0.0, 0.0, 0.0, 0.0, 0.0, 0.0, 0.0, 0.0, 0.0, 0.0, 0.0, 0.0, 0.0, 0.0, 0.0, 0.0, 0.0, 0.0, 0.0, 0.0, 0.0]}, {"time": 7.419354838709677, "step_sample_count": 256, "data": [0.1725625985057258, 0.4522823111252832, -1.8230198457002273, -0.897594160467708, 0.5118349495940274, 2.704194998644866, -5.441623188638262, 0.5118177385345543, 3.462186983116565, 5.539730899439182, 1.8025239207912054, -5.016246218169636, 15.57207482628647, 1.80251631981424, 0.03782761320614666, -7.394325214979212, 0.0604686333928624, -0.06013946637253207, 0.011522268308497135, -0.10777430616310923, 0.03782761320614666, -7.785728484981928, -2.4913694006143254, 2.458781290518369, 7.75326396089128, -7.394325214979212], "data_imag": [-7.035288075398046e-19, 9.712220732216262e-19, 0.0, 0.0, 0.0, 0.0, 0.0, 0.0, 0.0, 0.0, 0.0, 0.0, 0.0, 0.0, 0.0, 0.0, 0.0, 0.0, 0.0, 0.0, 0.0, 0.0, 0.0, 0.0, 0.0, 0.0]}, {"time": 7.741935483870968, "step_sample_count": 256, "data": [0.17222463158761994, 0.45232891606398357, -1.5335613065663805, -0.9640600463744441, 0.5599543397733644, 2.5928470003710427, -5.107497324601082, 0.5599371287146108, 3.5509770765706388, 5.823966718926489, 1.891263089244067, -5.001149977453087, 15.992810744287953, 1.8912554882681243, 0.04968442099382281, -7.726404861312874, 0.056100502018157486, -0.07757084935922864, 0.018162445423901365, -0.11429031346085719, 0.04968442099382281, -8.094843832572636, -2.58816802557187, 2.565349003853975, 8.072211069322943, -7.726404861312874], "data_imag": [-5.411505510889581e-19, 7.455956343578661e-19, 0.0, 0.0, 0.0, 0.0, 0.0, 0.0, 0.0, 0.0, 0.0, 0.0, 0.0, 0.0, 0.0, 0.0, 0.0, 0.0, 0.0, 0.0, 0.0, 0.0, 0.0, 0.0, 0.0, 0.0]}, {"time": 8.064516129032258, "step_sample_count": 256, "data": [0.17164551918062593, 0.453387135529325, -1.2304472251205176, -1.092363398966074, 0.6395115559683423, 2.4023950479567837, -4.74105528561167, 0.6394943449092302, 3.6942555870227847, 6.034365522169006, 1.9407797831058993, -4.949813763441577, 16.35790547073332, 1.9407721821295332, 0.058022743536017836, -8.059418323635157, 0.046589245232776084, -0.09132988835300361, 0.02479118335664717, -0.11200799274515265, 0.058022743536017836, -8.403010053233466, -2.6821238971560626, 2.6704409818282686, 8.391581116585066, -8.059418323635157], "data_imag": [-1.5962901221863126e-18, 2.1919683742845946e-18, 0.0, 0.0, 0.0, 0.0, 0.0, 0.0, 0.0, 0.0, 0.0, 0.0, 0.0, 0.0, 0.0, 0.0, 0.0, 0.0, 0.0, 0.0, 0.0, 0.0, 0.0, 0.0, 0.0, 0.0]}, {"time": 8.387096774193548, "step_sample_count": 256, "data": [0.1708602716730537, 0.4551283196485277, -0.9262011181740852, -1.2565729985006036, 0.725158211337296, 2.1592937002734374, -4.355573760525332, 0.7251410002784249, 3.9267145731970152, 6.155753458326501, 1.9449601810743176, -4.895292429512008, 16.72085572246923, 1.944952580098191, 0.06353417398856247, -8.391948664764627, 0.032701750833344374, -0.10155163254682463, 0.030790578481839623, -0.10245878731336658, 0.06353417398856247, -8.715783038222096, -2.7749556136631126, 2.7739139005899047, 8.71505476485745, -8.391948664764627], "data_imag": [-2.705361331119424e-20, 3.6979101760707136e-20, 0.0, 0.0, 0.0, 0.0, 0.0, 0.0, 0.0, 0.0, 0.0, 0.0, 0.0, 0.0, 0.0, 0.0, 0.0, 0.0, 0.0, 0.0, 0.0, 0.0, 0.0, 0.0, 0.0, 0.0]}, {"time": 8.709677419354838, "step_sample_count": 256, "data": [0.16993597261201454, 0.45695731570613274, -0.6456183231857661, -1.4100135397402997, 0.7921354430377735, 1.912149912894847, -3.978345253355297, 0.7921182319789634, 4.262761176938747, 6.16257099735958, 1.9129232410730053, -4.856298242078936, 17.089673097973428, 1.9129156400969571, 0.06785589422301128, -8.722868445469095, 0.016453429798024742, -0.10895641932288766, 0.035268698413645695, -0.08928244763410761, 0.06785589422301128, -9.036126681486397, -2.8682271338309064, 2.8759373462756677, 9.044185323499436, -8.722868445469095], "data_imag": [7.439214274682405e-19, -1.0113520905898692e-18, 0.0, 0.0, 0.0, 0.0, 0.0, 0.0, 0.0, 0.0, 0.0, 0.0, 0.0, 0.0, 0.0, 0.0, 0.0, 0.0, 0.0, 0.0, 0.0, 0.0, 0.0, 0.0, 0.0, 0.0]}, {"time": 9.032258064516128, "step_sample_count": 256, "data": [0.16888261101022123, 0.45817410884697535, -0.41975059415478055, -1.476101324722723, 0.8236886202278856, 1.718657503696704, -3.622233236706071, 0.8236714091690138, 4.689220376742786, 6.0492384366627014, 1.8632446231694908, -4.834450575695721, 17.447063252376083, 1.8632370221933203, 0.07298046824770742, -9.051708164738251, 0.00033952050316193063, -0.11477644466492858, 0.037425126686961324, -0.07699972264483557, 0.07298046824770742, -9.363482846243015, -2.962633465436245, 2.9767348610834277, 9.37794097580002, -9.051708164738251], "data_imag": [-3.7870667574668464e-19, 5.116557776568109e-19, 0.0, 0.0, 0.0, 0.0, 0.0, 0.0, 0.0, 0.0, 0.0, 0.0, 0.0, 0.0, 0.0, 0.0, 0.0, 0.0, 0.0, 0.0, 0.0, 0.0, 0.0, 0.0, 0.0, 0.0]}, {"time": 9.35483870967742, "step_sample_count": 256, "data": [0.16767675803618282, 0.45819401221066275, -0.27394564778439107, -1.3817442289780064, 0.8132160695794511, 1.625275791061029, -3.28650621232536, 0.8131988585206548, 5.164984775461994, 5.870549456725403, 1.81787407088613, -4.815215868583827, 17.791449459974768, 1.8178664699100362, 0.08067650787936416, -9.37884647970314, -0.013813136370842537, -0.12049168182598015, 0.03682488800176709, -0.06931968320054062, 0.08067650787936416, -9.693920021953454, -3.057689852714933, 3.076385794825104, 9.712958759479132, -9.37884647970314], "data_imag": [-3.719321497186008e-20, 4.989150165939453e-20, 0.0, 0.0, 0.0, 0.0, 0.0, 0.0, 0.0, 0.0, 0.0, 0.0, 0.0, 0.0, 0.0, 0.0, 0.0, 0.0, 0.0, 0.0, 0.0, 0.0, 0.0, 0.0, 0.0, 0.0]}, {"time": 9.67741935483871, "step_sample_count": 256, "data": [0.16640532689792045, 0.45685454199563935, -0.21261944310978328, -1.1219396790720566, 0.7638131011438146, 1.6451523489131339, -2.9838180840949793, 0.763795890085172, 5.634476864610129, 5.727374424625044, 1.7988234697650207, -4.779933838898185, 18.148493079260945, 1.7988158687889977, 0.09201046538174622, -9.70545048620303, -0.026131578525791673, -0.12726398486352175, 0.033414331961792006, -0.06729881042036766, 0.09201046538174622, -10.021871504941457, -3.1519790796965372, 3.174894048617409, 10.045093195632926, -9.70545048620303], "data_imag": [-1.0155719560413655e-18, 1.3519726666673916e-18, 0.0, 0.0, 0.0, 0.0, 0.0, 0.0, 0.0, 0.0, 0.0, 0.0, 0.0, 0.0, 0.0, 0.0, 0.0, 0.0, 0.0, 0.0, 0.0, 0.0, 0.0, 0.0, 0.0, 0.0]}], "random_generator": {"seed": "very_nice_seed"}, "realworld_total_calculation_time": 40.317}