{"hamiltonian": {"U": 1.0, "E": 0.8, "J": 0.1, "phi": 2.5132741228718345, "type": "FirstOrderVariationalClassicalNetworkHamiltonian", "eta_calculation_sampler": {"system_geometry": {"type": "SquareSystemNonPeriodicState", "size": 2}, "initial_system_state": {"type": "HomogenousInitialSystemState"}, "type": "ExactSampler"}, "psi_selection": {"type": "SquareDirectionDependentAllSameFirstOrder", "number_of_psis": 12, "J": 0.1}, "random_generator": {"seed": "46954944"}, "init_sigma": 1e-05, "pseudo_inverse_cutoff": 1e-10, "effective_time_step_size": 0.16129032258064516, "number_workers": 16, "variational_step_fraction_multiplier": 2, "ue_might_change": true, "ue_variational": true}, "start_time": 0.0, "time_step": 0.3225806451612903, "number_of_time_steps": 31, "sampler": {"system_geometry": {"type": "SquareSystemNonPeriodicState", "size": 2}, "initial_system_state": {"type": "HomogenousInitialSystemState"}, "type": "ExactSampler"}, "observables": [{"type": "Energy", "label": "Energy per site"}, {"type": "EnergyVariance", "label": "Energy Variance per site"}, {"type": "VCNFactor", "label": "Re-Part of VCN Parameter 0", "param_real_part": true, "param_index": 0, "can_return_value": true}, {"type": "VCNFactor", "label": "Re-Part of VCN Parameter 1", "param_real_part": true, "param_index": 1, "can_return_value": true}, {"type": "VCNFactor", "label": "Re-Part of VCN Parameter 2", "param_real_part": true, "param_index": 2, "can_return_value": true}, {"type": "VCNFactor", "label": "Re-Part of VCN Parameter 3", "param_real_part": true, "param_index": 3, "can_return_value": true}, {"type": "VCNFactor", "label": "Re-Part of VCN Parameter 4", "param_real_part": true, "param_index": 4, "can_return_value": true}, {"type": "VCNFactor", "label": "Re-Part of VCN Parameter 5", "param_real_part": true, "param_index": 5, "can_return_value": true}, {"type": "VCNFactor", "label": "Re-Part of VCN Parameter 6", "param_real_part": true, "param_index": 6, "can_return_value": true}, {"type": "VCNFactor", "label": "Re-Part of VCN Parameter 7", "param_real_part": true, "param_index": 7, "can_return_value": true}, {"type": "VCNFactor", "label": "Re-Part of VCN Parameter 8", "param_real_part": true, "param_index": 8, "can_return_value": true}, {"type": "VCNFactor", "label": "Re-Part of VCN Parameter 9", "param_real_part": true, "param_index": 9, "can_return_value": true}, {"type": "VCNFactor", "label": "Re-Part of VCN Parameter 10", "param_real_part": true, "param_index": 10, "can_return_value": true}, {"type": "VCNFactor", "label": "Re-Part of VCN Parameter 11", "param_real_part": true, "param_index": 11, "can_return_value": true}, {"type": "VCNFactor", "label": "Im-Part of VCN Parameter 0", "param_real_part": false, "param_index": 0, "can_return_value": true}, {"type": "VCNFactor", "label": "Im-Part of VCN Parameter 1", "param_real_part": false, "param_index": 1, "can_return_value": true}, {"type": "VCNFactor", "label": "Im-Part of VCN Parameter 2", "param_real_part": false, "param_index": 2, "can_return_value": true}, {"type": "VCNFactor", "label": "Im-Part of VCN Parameter 3", "param_real_part": false, "param_index": 3, "can_return_value": true}, {"type": "VCNFactor", "label": "Im-Part of VCN Parameter 4", "param_real_part": false, "param_index": 4, "can_return_value": true}, {"type": "VCNFactor", "label": "Im-Part of VCN Parameter 5", "param_real_part": false, "param_index": 5, "can_return_value": true}, {"type": "VCNFactor", "label": "Im-Part of VCN Parameter 6", "param_real_part": false, "param_index": 6, "can_return_value": true}, {"type": "VCNFactor", "label": "Im-Part of VCN Parameter 7", "param_real_part": false, "param_index": 7, "can_return_value": true}, {"type": "VCNFactor", "label": "Im-Part of VCN Parameter 8", "param_real_part": false, "param_index": 8, "can_return_value": true}, {"type": "VCNFactor", "label": "Im-Part of VCN Parameter 9", "param_real_part": false, "param_index": 9, "can_return_value": true}, {"type": "VCNFactor", "label": "Im-Part of VCN Parameter 10", "param_real_part": false, "param_index": 10, "can_return_value": true}, {"type": "VCNFactor", "label": "Im-Part of VCN Parameter 11", "param_real_part": false, "param_index": 11, "can_return_value": true}, {"type": "BaseEnergyFactor", "label": "Re-Part of BE-Factor U", "param_real_part": true, "param_index": -1, "can_return_value": true, "kind": "U"}, {"type": "BaseEnergyFactor", "label": "Im-Part of BE-Factor U", "param_real_part": false, "param_index": -1, "can_return_value": true, "kind": "U"}, {"type": "BaseEnergyFactor", "label": "Re-Part of BE-Factor eps-0", "param_real_part": true, "param_index": 0, "can_return_value": true, "kind": "eps"}, {"type": "BaseEnergyFactor", "label": "Re-Part of BE-Factor eps-1", "param_real_part": true, "param_index": 1, "can_return_value": true, "kind": "eps"}, {"type": "BaseEnergyFactor", "label": "Re-Part of BE-Factor eps-2", "param_real_part": true, "param_index": 2, "can_return_value": true, "kind": "eps"}, {"type": "BaseEnergyFactor", "label": "Re-Part of BE-Factor eps-3", "param_real_part": true, "param_index": 3, "can_return_value": true, "kind": "eps"}, {"type": "BaseEnergyFactor", "label": "Re-Part of BE-Factor eps-4", "param_real_part": true, "param_index": 4, "can_return_value": true, "kind": "eps"}, {"type": "BaseEnergyFactor", "label": "Im-Part of BE-Factor eps-0", "param_real_part": false, "param_index": 0, "can_return_value": true, "kind": "eps"}, {"type": "BaseEnergyFactor", "label": "Im-Part of BE-Factor eps-1", "param_real_part": false, "param_index": 1, "can_return_value": true, "kind": "eps"}, {"type": "BaseEnergyFactor", "label": "Im-Part of BE-Factor eps-2", "param_real_part": false, "param_index": 2, "can_return_value": true, "kind": "eps"}, {"type": "BaseEnergyFactor", "label": "Im-Part of BE-Factor eps-3", "param_real_part": false, "param_index": 3, "can_return_value": true, "kind": "eps"}, {"type": "BaseEnergyFactor", "label": "Im-Part of BE-Factor eps-4", "param_real_part": false, "param_index": 4, "can_return_value": true, "kind": "eps"}], "measurements": [{"time": 0.0, "step_sample_count": 256, "data": [0.06150994716214185, 0.23217153648874098, -2.409211346512654e-05, 1.3364613742072939e-05, 1.5426940819682473e-06, -2.3095526437844924e-06, 2.9577584621232426e-06, -1.5668367408516222e-05, 1.0073359691169309e-05, -1.2604172898632618e-05, -1.1358230129747497e-05, 3.80637423358691e-06, 2.8480717089983352e-06, -1.895923534861108e-05, -1.1357545410297846e-05, 4.318272037258513e-06, -1.4618044943022195e-05, 1.2968369814907847e-06, -2.4229613465669603e-06, 1.2658790972584678e-05, -4.320935634434884e-06, -4.807979398987998e-06, -1.0283182688040512e-05, 1.5791125000597532e-06, 1.6795899010380995e-05, -6.0341603244068835e-06, 7.2706396032623796e-06, -2.5990623020784137e-06, 2.105483127674879e-05, 1.1085069673905734e-05, -9.132533945527703e-06, -1.2101228867378676e-06, 7.2706396032623796e-06, -5.612770751019133e-06, -2.3901402852107364e-06, -7.7877375531777e-06, 4.464171819755137e-06, -2.5990623020784137e-06], "data_imag": [-8.271351266177394e-25, 4.0701630347366896e-25, 0.0, 0.0, 0.0, 0.0, 0.0, 0.0, 0.0, 0.0, 0.0, 0.0, 0.0, 0.0, 0.0, 0.0, 0.0, 0.0, 0.0, 0.0, 0.0, 0.0, 0.0, 0.0, 0.0, 0.0, 0.0, 0.0, 0.0, 0.0, 0.0, 0.0, 0.0, 0.0, 0.0, 0.0, 0.0, 0.0]}, {"time": 0.3225806451612903, "step_sample_count": 256, "data": [0.06363682990815869, 0.23379476444903569, 0.0022797793156213685, -0.023216715664443662, 0.030909888617165107, 0.0028519706529506065, -0.023116325563186636, 0.03089267755567448, 0.002775956873502819, -0.02322617610869518, 0.030949192444329827, 0.0023699496668790664, -0.02329166787679602, 0.03094159143910253, 0.3124214996891972, 0.30806519533329324, 0.3191107747444163, 0.33043625658011533, 0.33146274822308086, 0.3191380515804053, 0.3283795924738603, 0.32866975803327114, 0.31952559020115656, 0.3153076061930906, 0.3116859743714115, 0.3195298392235568, 0.0007793174377851235, -0.32269331596378914, -0.0009446471991298214, 0.002350806073359956, -0.0033788613636535937, -6.430465772433765e-05, 0.0007793174377851235, 0.000277716324277189, 0.2073140705311473, -0.15013967958154223, 0.05690340708216253, -0.32269331596378914], "data_imag": [-1.964817488408327e-19, 1.00027805048333e-19, 0.0, 0.0, 0.0, 0.0, 0.0, 0.0, 0.0, 0.0, 0.0, 0.0, 0.0, 0.0, 0.0, 0.0, 0.0, 0.0, 0.0, 0.0, 0.0, 0.0, 0.0, 0.0, 0.0, 0.0, 0.0, 0.0, 0.0, 0.0, 0.0, 0.0, 0.0, 0.0, 0.0, 0.0, 0.0, 0.0]}, {"time": 0.6451612903225806, "step_sample_count": 256, "data": [0.06536345742602921, 0.23518458410703533, 0.011831768829867213, -0.13682206099379096, 0.1707312368182961, 0.016738371092986794, -0.13786468330429935, 0.1707140257568333, 0.016027503458777362, -0.14023199603088357, 0.17282863418543645, 0.012463842895240985, -0.13947296977871362, 0.17282103318015937, 0.6257399820887548, 0.5767254118206713, 0.586610572873963, 0.6295179889814755, 0.6564441247126098, 0.586637849709952, 0.6346346869998427, 0.6511157522249269, 0.5917201483415763, 0.6320715900056159, 0.5930449269593591, 0.5917243973640499, 0.004399861160047685, -0.6475043571678287, -0.005465352605853378, 0.013786319752634404, -0.019566016981251932, -0.0002936941344285609, 0.004399861160047685, 0.0009946712472686543, 0.41845411384464914, -0.30231244808812735, 0.115151650654476, -0.6475043571678287], "data_imag": [-6.463044107321208e-19, 3.379575266811505e-19, 0.0, 0.0, 0.0, 0.0, 0.0, 0.0, 0.0, 0.0, 0.0, 0.0, 0.0, 0.0, 0.0, 0.0, 0.0, 0.0, 0.0, 0.0, 0.0, 0.0, 0.0, 0.0, 0.0, 0.0, 0.0, 0.0, 0.0, 0.0, 0.0, 0.0, 0.0, 0.0, 0.0, 0.0, 0.0, 0.0]}, {"time": 0.967741935483871, "step_sample_count": 256, "data": [0.06637097107832944, 0.2357215482900193, 0.020545894540355276, -0.33037825024711587, 0.36418477009694344, 0.038293359066738177, -0.338948777837466, 0.36416755903561215, 0.03650027824227382, -0.3528745835389649, 0.37604744195916906, 0.02365217103669611, -0.34677249483699485, 0.37603984095398896, 0.9429588680953814, 0.755637559330388, 0.7525536024409312, 0.8559940642866467, 0.9696969565841165, 0.7525808792767735, 0.8890280440752361, 0.9618853637254856, 0.7687086305488056, 0.9540177431365747, 0.8045653700024006, 0.7687128795711691, 0.009504328336002833, -0.9767634004853755, -0.012202230552077592, 0.03361264363108152, -0.04601139901372176, -0.00017270809121090706, 0.009504328336002833, 0.0026534617543355656, 0.6381019944301347, -0.4591357979303675, 0.17631794756588803, -0.9767634004853755], "data_imag": [7.002253132183426e-19, -3.717970720954302e-19, 0.0, 0.0, 0.0, 0.0, 0.0, 0.0, 0.0, 0.0, 0.0, 0.0, 0.0, 0.0, 0.0, 0.0, 0.0, 0.0, 0.0, 0.0, 0.0, 0.0, 0.0, 0.0, 0.0, 0.0, 0.0, 0.0, 0.0, 0.0, 0.0, 0.0, 0.0, 0.0, 0.0, 0.0, 0.0, 0.0]}, {"time": 1.2903225806451613, "step_sample_count": 256, "data": [0.06644044887521176, 0.2348535080844546, 0.009489048439419407, -0.569882786524898, 0.5449842412799556, 0.06549813935801867, -0.6100189860890382, 0.5449670302186307, 0.06204011811366291, -0.657384026180823, 0.5800025086115376, 0.021974816520643252, -0.6291782330046121, 0.5799949076063438, 1.273372868124317, 0.7868226518081605, 0.818140321111412, 0.9753304292627278, 1.2578927036726057, 0.8181675979472176, 1.0660323323351442, 1.2466486069849492, 0.8483659471621903, 1.2921944736373665, 0.8946766238175634, 0.848370196184517, 0.013596495713526164, -1.3099840237048859, -0.01894611246201421, 0.06034633638954936, -0.07832492797923735, 0.000995732598768541, 0.013596495713526164, 0.004731334093865037, 0.8698406358703484, -0.6244599903415484, 0.2406631817224157, -1.3099840237048859], "data_imag": [3.950596019015177e-19, -2.0998349826239454e-19, 0.0, 0.0, 0.0, 0.0, 0.0, 0.0, 0.0, 0.0, 0.0, 0.0, 0.0, 0.0, 0.0, 0.0, 0.0, 0.0, 0.0, 0.0, 0.0, 0.0, 0.0, 0.0, 0.0, 0.0, 0.0, 0.0, 0.0, 0.0, 0.0, 0.0, 0.0, 0.0, 0.0, 0.0, 0.0, 0.0]}, {"time": 1.6129032258064515, "step_sample_count": 256, "data": [0.06540365512418739, 0.23226941521866148, -0.055923026204186974, -0.7703751511557373, 0.6713634947794012, 0.1112864146141847, -0.9149123021266596, 0.6713462837180728, 0.10274987969039413, -1.0357473855252197, 0.7456076794084858, -0.017471956598682642, -0.932850764703312, 0.7456000784032909, 1.6267576265784507, 0.6262184331662695, 0.820625618877609, 0.9688452026330029, 1.5060263067944246, 0.8206528957133596, 1.1482407899688942, 1.4856694754865185, 0.8609015726018392, 1.6632524069550187, 0.8089328090495168, 0.8609058216241661, 0.01498702954117335, -1.644018440603094, -0.02365294274617407, 0.0896344807722793, -0.11036231127973242, 0.002957359495527144, 0.01498702954117335, 0.005992698894427411, 1.1154372081109307, -0.8027786393656531, 0.3066876919318405, -1.644018440603094], "data_imag": [7.251074164667459e-19, -3.793974031566525e-19, 0.0, 0.0, 0.0, 0.0, 0.0, 0.0, 0.0, 0.0, 0.0, 0.0, 0.0, 0.0, 0.0, 0.0, 0.0, 0.0, 0.0, 0.0, 0.0, 0.0, 0.0, 0.0, 0.0, 0.0, 0.0, 0.0, 0.0, 0.0, 0.0, 0.0, 0.0, 0.0, 0.0, 0.0, 0.0, 0.0]}, {"time": 1.935483870967742, "step_sample_count": 256, "data": [0.06337193947703987, 0.22821764660336274, -0.22263128265095217, -0.7930558057250868, 0.7334764432622073, 0.21012788671186175, -1.1981383968371082, 0.7334592322008718, 0.19089608799498023, -1.4505872492003544, 0.8613563754343907, -0.13497964735219137, -1.1463364365189577, 0.8613487744291545, 1.9897802622872922, 0.3065772156956912, 0.8032960083282674, 0.8501485235717259, 1.7194941013732994, 0.8033232851640548, 1.1331056897143936, 1.6669455887037348, 0.8408200567135703, 2.0727558834853617, 0.5270436216798619, 0.8408243057355304, 0.014280215555961446, -1.9757480616139511, -0.025663460517066212, 0.11263594605786025, -0.13388082400147155, 0.004469747743602968, 0.014280215555961446, 0.006491026438960086, 1.3728994356949284, -0.9948985172630019, 0.37150088694119277, -1.9757480616139511], "data_imag": [-7.169152783832783e-19, 3.6345849305496226e-19, 0.0, 0.0, 0.0, 0.0, 0.0, 0.0, 0.0, 0.0, 0.0, 0.0, 0.0, 0.0, 0.0, 0.0, 0.0, 0.0, 0.0, 0.0, 0.0, 0.0, 0.0, 0.0, 0.0, 0.0, 0.0, 0.0, 0.0, 0.0, 0.0, 0.0, 0.0, 0.0, 0.0, 0.0, 0.0, 0.0]}, {"time": 2.258064516129032, "step_sample_count": 256, "data": [0.06111880044284054, 0.22388733609539793, -0.5198030724196538, -0.5387034292943421, 0.7414567746895653, 0.38881298219934673, -1.4178572473394502, 0.7414395636277735, 0.3699832689788993, -1.8565376296140679, 0.9307682188871467, -0.3779741369052157, -1.1314048755630388, 0.9307606178821731, 2.30386536043793, -0.005452128655972527, 0.7988508491185983, 0.6792774767220908, 1.944110826672827, 0.798878125954789, 1.051477599295385, 1.8073091093281601, 0.8125674553327749, 2.486427385833579, 0.13224968072548055, 0.8125717043547533, 0.013344443842883703, -2.3040786927134866, -0.02712024585825597, 0.12006716367113408, -0.14137654368593408, 0.005942608022834091, 0.013344443842883703, 0.008075937714946649, 1.6329978824309475, -1.1925390380304637, 0.4322460776159281, -2.3040786927134866], "data_imag": [-5.336255545742213e-20, 2.6091643024977547e-20, 0.0, 0.0, 0.0, 0.0, 0.0, 0.0, 0.0, 0.0, 0.0, 0.0, 0.0, 0.0, 0.0, 0.0, 0.0, 0.0, 0.0, 0.0, 0.0, 0.0, 0.0, 0.0, 0.0, 0.0, 0.0, 0.0, 0.0, 0.0, 0.0, 0.0, 0.0, 0.0, 0.0, 0.0, 0.0, 0.0]}, {"time": 2.5806451612903225, "step_sample_count": 256, "data": [0.059814930637523155, 0.2211679364250131, -0.9153588425097868, -0.085682877200459, 0.7143306610777632, 0.6195561302128367, -1.5918016455308197, 0.7143134500159954, 0.6462230709098878, -2.2419370171892536, 0.9619331692249281, -0.7558672097796392, -0.860181307579999, 0.9619255682200418, 2.494553529154285, -0.10680670829740424, 0.8274438940831864, 0.5287929270314875, 2.2331701744334542, 0.8274711709192214, 0.9717055521292554, 1.952870397268309, 0.7912211889194193, 2.8239284053142315, -0.17774448341148943, 0.7912254379411411, 0.013554382752565177, -2.629710820970446, -0.0320046182747103, 0.11173940813377374, -0.1339237344079487, 0.010178478315300516, 0.013554382752565177, 0.010645933124893526, 1.8819233450542587, -1.3812315476021781, 0.4896101909069371, -2.629710820970446], "data_imag": [-2.7935414972427115e-19, 1.336763927124923e-19, 0.0, 0.0, 0.0, 0.0, 0.0, 0.0, 0.0, 0.0, 0.0, 0.0, 0.0, 0.0, 0.0, 0.0, 0.0, 0.0, 0.0, 0.0, 0.0, 0.0, 0.0, 0.0, 0.0, 0.0, 0.0, 0.0, 0.0, 0.0, 0.0, 0.0, 0.0, 0.0, 0.0, 0.0, 0.0, 0.0]}, {"time": 2.903225806451613, "step_sample_count": 256, "data": [0.05979189473238907, 0.22107618474912183, -1.3291846667812848, 0.36519363714393993, 0.6750154787366542, 0.8367828176198883, -1.7729323990087105, 0.6749982676756822, 0.9611312478097961, -2.646446175474778, 0.964488430074524, -1.2082603666821934, -0.4930101575786474, 0.9644808290692738, 2.5340550845628873, 0.055034056450043396, 0.8978007007262699, 0.4212502961761033, 2.5880969293393754, 0.8978279775627176, 0.9418343764940843, 2.126529937800327, 0.7861394292737284, 3.024586497338935, -0.26927231959737896, 0.7861436782953218, 0.01488753786358359, -2.9541765799876547, -0.04112278847516471, 0.09761039867150406, -0.12138409108434647, 0.018181400143178907, 0.01488753786358359, 0.011556435278114598, 2.113296652322848, -1.5533578051084183, 0.5474391672400838, -2.9541765799876547], "data_imag": [2.2536748158357166e-19, -1.0780118987958838e-19, 0.0, 0.0, 0.0, 0.0, 0.0, 0.0, 0.0, 0.0, 0.0, 0.0, 0.0, 0.0, 0.0, 0.0, 0.0, 0.0, 0.0, 0.0, 0.0, 0.0, 0.0, 0.0, 0.0, 0.0, 0.0, 0.0, 0.0, 0.0, 0.0, 0.0, 0.0, 0.0, 0.0, 0.0, 0.0, 0.0]}, {"time": 3.225806451612903, "step_sample_count": 256, "data": [0.06031810725887295, 0.22283180705217784, -1.6914007737025254, 0.672385744875289, 0.6478273956064498, 0.9978863492422211, -1.9890865657493098, 0.6478101845453283, 1.256937886896325, -3.111823734839285, 0.9505896617832219, -1.669614176241174, -0.19669661620603604, 0.9505820607777523, 2.4550586695178964, 0.38479642435838635, 1.0061094797978145, 0.3301138286548825, 2.974038966775577, 1.0061367566339687, 0.9506334834228826, 2.3106451004479647, 0.8018604936927207, 3.102372882706034, -0.18568354871906265, 0.8018647427140757, 0.016277569947393915, -3.2791371392902855, -0.05264266634876904, 0.08563120348246615, -0.11057684591705572, 0.029181602827448503, 0.016277569947393915, 0.009732897553492412, 2.33196051256572, -1.712587596773349, 0.6081181481154979, -3.2791371392902855], "data_imag": [-8.988668525697088e-19, 4.337435777979617e-19, 0.0, 0.0, 0.0, 0.0, 0.0, 0.0, 0.0, 0.0, 0.0, 0.0, 0.0, 0.0, 0.0, 0.0, 0.0, 0.0, 0.0, 0.0, 0.0, 0.0, 0.0, 0.0, 0.0, 0.0, 0.0, 0.0, 0.0, 0.0, 0.0, 0.0, 0.0, 0.0, 0.0, 0.0, 0.0, 0.0]}, {"time": 3.5483870967741935, "step_sample_count": 256, "data": [0.060949016646669504, 0.2253932390418504, -1.9755792939534034, 0.801274558141744, 0.6529996040262374, 1.0981360844182222, -2.243801291784902, 0.6529823929650314, 1.5237116345133275, -3.676057989835469, 0.9342287887768279, -2.1311721479456907, -0.027944218006815, 0.9342211877712735, 2.3127544581493877, 0.7714314086945979, 1.1354757331543426, 0.22465034630206543, 3.3673178915893796, 1.135503009990185, 0.9738516635855008, 2.482912492067335, 0.8375760806069691, 3.0962046187796397, -0.013702618888904797, 0.8375803296277741, 0.016411381170653192, -3.6055824557653997, -0.0658049699866911, 0.07632603945897717, -0.1007309211516926, 0.043417549143217216, 0.016411381170653192, 0.005067986740714781, 2.5449457468169188, -1.8653902393552517, 0.6725120553472073, -3.6055824557653997], "data_imag": [-6.727579296364662e-19, 3.2803147402073505e-19, 0.0, 0.0, 0.0, 0.0, 0.0, 0.0, 0.0, 0.0, 0.0, 0.0, 0.0, 0.0, 0.0, 0.0, 0.0, 0.0, 0.0, 0.0, 0.0, 0.0, 0.0, 0.0, 0.0, 0.0, 0.0, 0.0, 0.0, 0.0, 0.0, 0.0, 0.0, 0.0, 0.0, 0.0, 0.0, 0.0]}, {"time": 3.870967741935484, "step_sample_count": 256, "data": [0.06178528955845861, 0.2282927329897402, -2.187063755034477, 0.7657498459153423, 0.6979909537057091, 1.1489853176781215, -2.540480654638901, 0.6979737426446124, 1.7791613095048469, -4.402483107258406, 0.926897595596646, -2.6244682204323864, 5.926147686106248e-06, 0.9268899945910929, 2.148030998210985, 1.1464630783259337, 1.260010466344561, 0.08656205854591968, 3.7597945877490004, 1.260037743180046, 1.0082885721882728, 2.6032029291917924, 0.8864234426273575, 3.0126575123984605, 0.19619703635243085, 0.8864276916481441, 0.014066143011364187, -3.9334350915413587, -0.08105606831930641, 0.06683718347396335, -0.08796742517437177, 0.06220923984547164, 0.014066143011364187, -0.004004292973008805, 2.756424555359123, -2.0161864086829007, 0.74196678480212, -3.9334350915413587], "data_imag": [1.9752011792555836e-19, -9.763070143721214e-20, 0.0, 0.0, 0.0, 0.0, 0.0, 0.0, 0.0, 0.0, 0.0, 0.0, 0.0, 0.0, 0.0, 0.0, 0.0, 0.0, 0.0, 0.0, 0.0, 0.0, 0.0, 0.0, 0.0, 0.0, 0.0, 0.0, 0.0, 0.0, 0.0, 0.0, 0.0, 0.0, 0.0, 0.0, 0.0, 0.0]}, {"time": 4.193548387096774, "step_sample_count": 256, "data": [0.06292141220437956, 0.23122734442172768, -2.3408787735777383, 0.5894005191100088, 0.7732195019545915, 1.1661626534567477, -2.886881235218652, 0.7732022908936952, 2.0509107202632526, -5.3833483213425914, 0.9336445325367402, -3.1900260042092703, -0.1358600232311044, 0.9336369315313459, 1.9795012304653432, 1.474072428027339, 1.3549667181832394, -0.09752008559757828, 4.148722925709269, 1.3549939950186878, 1.076150279579988, 2.5681312081673644, 0.9371472877334039, 2.8115802507461023, 0.40343433393461253, 0.9371515367543282, 0.008420193212034795, -4.261692996940368, -0.09930832171132069, 0.05324643764468122, -0.06780332276124361, 0.08712283992630657, 0.008420193212034795, -0.021843318496899973, 2.9675660338791756, -2.1670277416298553, 0.8198110663675406, -4.261692996940368], "data_imag": [2.6413747017684088e-18, -1.3295922111695216e-18, 0.0, 0.0, 0.0, 0.0, 0.0, 0.0, 0.0, 0.0, 0.0, 0.0, 0.0, 0.0, 0.0, 0.0, 0.0, 0.0, 0.0, 0.0, 0.0, 0.0, 0.0, 0.0, 0.0, 0.0, 0.0, 0.0, 0.0, 0.0, 0.0, 0.0, 0.0, 0.0, 0.0, 0.0, 0.0, 0.0]}, {"time": 4.516129032258064, "step_sample_count": 256, "data": [0.0641123678072592, 0.2337185344393423, -2.4492514266225074, 0.2960866129757616, 0.8568739129166361, 1.1695646455632975, -3.292018966232103, 0.8568567018558635, 2.3706681482941585, -6.716674092891734, 0.9520880022025822, -3.8554004881435704, -0.4732074853494071, 0.9520804011970923, 1.812253012000519, 1.735811848797666, 1.4075743743373827, -0.3411039178412827, 4.535353155772083, 1.4076016511735645, 1.2433196479309518, 2.1317039733415286, 0.978976442942272, 2.396672214087347, 0.5264723603860261, 0.9789806919635722, -0.0005761319353284715, -4.5886990630696465, -0.12139741567457345, 0.03088439152598693, -0.03568748317052267, 0.11901983496518434, -0.0005761319353284715, -0.05767651408391769, 3.174782240129704, -2.3156482315582023, 0.9136931296909713, -4.5886990630696465], "data_imag": [1.0224797903364341e-18, -5.2442880314831e-19, 0.0, 0.0, 0.0, 0.0, 0.0, 0.0, 0.0, 0.0, 0.0, 0.0, 0.0, 0.0, 0.0, 0.0, 0.0, 0.0, 0.0, 0.0, 0.0, 0.0, 0.0, 0.0, 0.0, 0.0, 0.0, 0.0, 0.0, 0.0, 0.0, 0.0, 0.0, 0.0, 0.0, 0.0, 0.0, 0.0]}, {"time": 4.838709677419355, "step_sample_count": 256, "data": [0.06471927539574739, 0.23512866213499495, -2.5177589579153037, -0.08733506993892304, 0.9252526325673123, 1.1864931943956984, -3.7628893163236947, 0.9252354215060384, 2.7187988724838767, -8.320886310228326, 0.9749435523262276, -4.570871665232794, -1.000944972339426, 0.974935951317359, 1.6550177160448758, 1.9202165195066898, 1.4211021948964258, -0.6559783234595767, 4.929672647971323, 1.4211294717325893, 1.680948325284281, 0.7191785062289373, 1.0063348008667292, 1.573096330784914, 0.3631119459153427, 1.0063390498854257, -0.011987104345652536, -4.912576474856906, -0.14253855333871987, -0.00038003537015576447, 0.007475169640015399, 0.15217990786472071, -0.011987104345652536, -0.13109056530918756, 3.3632692612594797, -2.448737310849514, 1.0414600982705924, -4.912576474856906], "data_imag": [-6.537858762746324e-20, 3.385003854117436e-20, 0.0, 0.0, 0.0, 0.0, 0.0, 0.0, 0.0, 0.0, 0.0, 0.0, 0.0, 0.0, 0.0, 0.0, 0.0, 0.0, 0.0, 0.0, 0.0, 0.0, 0.0, 0.0, 0.0, 0.0, 0.0, 0.0, 0.0, 0.0, 0.0, 0.0, 0.0, 0.0, 0.0, 0.0, 0.0, 0.0]}, {"time": 5.161290322580645, "step_sample_count": 256, "data": [0.06397756691568698, 0.23494797527789416, -2.5534293284111227, -0.516174748618271, 0.9617792772645342, 1.2538015394582185, -4.299844406963396, 0.9617620662013895, 2.674669179309862, -8.864204780141119, 0.9942878143988817, -4.8650463037394935, -1.2965867165534875, 0.9942802133884816, 1.5383154138464543, 2.0206259919262486, 1.4110429386623824, -1.0460369097845212, 5.359910438841526, 1.4110702154946952, 2.563610438180682, -2.26097722003483, 1.019958810319812, 0.1669416256110241, -0.32291087851557027, 1.0199630593315496, -0.02397284672580901, -5.2319396703623955, -0.11762536938120952, -0.0012504635252927072, 0.020447122219407376, 0.13956851510796414, -0.02397284672580901, -0.2608479953067804, 3.516688162973694, -2.551098179762069, 1.2206432728161385, -5.2319396703623955], "data_imag": [-1.304938390063866e-19, 6.678942653692787e-20, 0.0, 0.0, 0.0, 0.0, 0.0, 0.0, 0.0, 0.0, 0.0, 0.0, 0.0, 0.0, 0.0, 0.0, 0.0, 0.0, 0.0, 0.0, 0.0, 0.0, 0.0, 0.0, 0.0, 0.0, 0.0, 0.0, 0.0, 0.0, 0.0, 0.0, 0.0, 0.0, 0.0, 0.0, 0.0, 0.0]}, {"time": 5.483870967741935, "step_sample_count": 256, "data": [0.06218046210193773, 0.2330482690538917, -2.5851378669162397, -0.906694777898438, 0.9611955248507038, 1.4138431163140783, -4.8915634990860095, 0.9611783137844749, 1.8593449878618737, -7.098916075829618, 1.0037646195384065, -4.3059732786001454, -0.9388787961886226, 1.003757018527141, 1.5128511752909455, 2.0602360977364818, 1.3980163471244915, -1.4999815281598246, 5.888424969384347, 1.3980436239607834, 2.992486017696557, -4.151259036057889, 1.0240651406670744, -0.8935234259410793, -0.7371346803947928, 1.0240693896798478, -0.03416436824860864, -5.546565727431958, -0.006012333652676886, 0.06301801570090387, -0.03395749588550663, 0.03801897428898682, -0.03416436824860864, -0.35648687036236676, 3.724219491588182, -2.712100161643277, 1.3607115388593083, -5.546565727431958], "data_imag": [-1.7833443072025144e-18, 8.871133848696989e-19, 0.0, 0.0, 0.0, 0.0, 0.0, 0.0, 0.0, 0.0, 0.0, 0.0, 0.0, 0.0, 0.0, 0.0, 0.0, 0.0, 0.0, 0.0, 0.0, 0.0, 0.0, 0.0, 0.0, 0.0, 0.0, 0.0, 0.0, 0.0, 0.0, 0.0, 0.0, 0.0, 0.0, 0.0, 0.0, 0.0]}, {"time": 5.806451612903226, "step_sample_count": 256, "data": [0.05990236433710858, 0.23025182997222512, -2.6624980077929936, -1.1570446836631039, 0.9284551220456473, 1.696812740040359, -5.516682837451571, 0.9284379109858336, 1.2056936741278717, -5.6918644360665915, 0.9986082726982365, -3.7912036122606705, -0.727200587161163, 0.9986006716731068, 1.6126685939367118, 2.151554373244216, 1.4018244149732937, -1.9871078533109507, 6.6299188448104855, 1.401851691805382, 2.8255792894853116, -4.585554319967233, 1.0214492162562663, -1.4184928954780212, -0.850600806442625, 1.0214534652807294, -0.04030591816395938, -5.857438383765683, 0.10023139442526685, 0.0969901347295734, -0.06254928955121375, -0.06269789145590746, -0.04030591816395938, -0.40113937759233453, 3.99685825970318, -2.9417885923590648, 1.4460503956576816, -5.857438383765683], "data_imag": [4.803739610401078e-19, -2.302042882582763e-19, 0.0, 0.0, 0.0, 0.0, 0.0, 0.0, 0.0, 0.0, 0.0, 0.0, 0.0, 0.0, 0.0, 0.0, 0.0, 0.0, 0.0, 0.0, 0.0, 0.0, 0.0, 0.0, 0.0, 0.0, 0.0, 0.0, 0.0, 0.0, 0.0, 0.0, 0.0, 0.0, 0.0, 0.0, 0.0, 0.0]}, {"time": 6.129032258064516, "step_sample_count": 256, "data": [0.057644261433853754, 0.22781156152663906, -2.792633506633469, -1.2608375625025277, 0.8759548730526463, 2.0791297810746725, -6.1509332072128835, 0.8759376620103236, 0.8244090389370753, -4.746079398057773, 0.9764046519191264, -3.418609469162475, -0.5517128807437889, 0.976397050903163, 1.8378174112379648, 2.4852366490044404, 1.4372124874931445, -2.4759617538899636, 7.7422966349577775, 1.4372397642953716, 2.47841179359529, -4.7613222248562685, 1.015793594027623, -1.767585502861723, -1.0685829723536309, 1.0157978430348682, -0.040895977180807536, -6.1663903578179475, 0.1860269689738853, 0.09272798882667069, -0.05887944242677371, -0.1490198435721497, -0.040895977180807536, -0.43299560680441157, 4.289516886302985, -3.1932908180408752, 1.5169612946406918, -6.1663903578179475], "data_imag": [-2.276266831605081e-18, 1.0497097626740263e-18, 0.0, 0.0, 0.0, 0.0, 0.0, 0.0, 0.0, 0.0, 0.0, 0.0, 0.0, 0.0, 0.0, 0.0, 0.0, 0.0, 0.0, 0.0, 0.0, 0.0, 0.0, 0.0, 0.0, 0.0, 0.0, 0.0, 0.0, 0.0, 0.0, 0.0, 0.0, 0.0, 0.0, 0.0, 0.0, 0.0]}, {"time": 6.451612903225806, "step_sample_count": 256, "data": [0.05586172587374138, 0.22616455016405188, -2.8918316468670486, -1.313938598602757, 0.8206799805516762, 2.46261508668274, -6.703961309990774, 0.8206627695350761, 0.6697246588070256, -4.00673781883447, 0.9358682985141242, -3.152005401375836, -0.2412553678770943, 0.9358606975156474, 2.199931153419922, 3.147101197846833, 1.5115241801385702, -2.978154906528373, 9.334842042395042, 1.5115514568789388, 2.09912019125331, -4.845319347799957, 1.0134232559593992, -2.0262078438088746, -1.3180388811477677, 1.0134275049090493, -0.035507554057290766, -6.475560533322757, 0.24466689515077011, 0.06515158187943014, -0.03821583475307743, -0.2145761178979856, -0.035507554057290766, -0.46711388473591886, 4.588147234449291, -3.450477914056881, 1.5907652208421388, -6.475560533322757], "data_imag": [1.007780844780763e-18, -4.503710183356038e-19, 0.0, 0.0, 0.0, 0.0, 0.0, 0.0, 0.0, 0.0, 0.0, 0.0, 0.0, 0.0, 0.0, 0.0, 0.0, 0.0, 0.0, 0.0, 0.0, 0.0, 0.0, 0.0, 0.0, 0.0, 0.0, 0.0, 0.0, 0.0, 0.0, 0.0, 0.0, 0.0, 0.0, 0.0, 0.0, 0.0]}, {"time": 6.774193548387097, "step_sample_count": 256, "data": [0.05460704760810203, 0.22491265599278515, -2.825679785507816, -1.3303173817903757, 0.7814679688848151, 2.7128380110790458, -6.915247606927362, 0.7814507578497153, 0.6640947727362511, -3.3937930175843745, 0.8783760693221399, -2.954006295952752, 0.16654471075126134, 0.8783684683189402, 2.6953868499769214, 4.031882175386893, 1.6227761124778406, -3.496502679515854, 11.301286108995903, 1.6228033893217648, 1.7782517973788705, -4.825565119058166, 1.0226348395726352, -2.2318155552622025, -1.4551342232929418, 1.0226390886224765, -0.024672891951280668, -6.78691910765125, 0.2692725610142991, 0.0356097167562973, -0.021154113700680335, -0.25173134919367746, -0.024672891951280668, -0.511621446106449, 4.883619665638933, -3.702247897123779, 1.6776111880029252, -6.78691910765125], "data_imag": [-2.958274823746269e-18, 1.2923412331052968e-18, 0.0, 0.0, 0.0, 0.0, 0.0, 0.0, 0.0, 0.0, 0.0, 0.0, 0.0, 0.0, 0.0, 0.0, 0.0, 0.0, 0.0, 0.0, 0.0, 0.0, 0.0, 0.0, 0.0, 0.0, 0.0, 0.0, 0.0, 0.0, 0.0, 0.0, 0.0, 0.0, 0.0, 0.0, 0.0, 0.0]}, {"time": 7.096774193548387, "step_sample_count": 256, "data": [0.05380832613824466, 0.22362505553072895, -2.5239701266719257, -1.2739093279528366, 0.7756411833702308, 2.7541831420411693, -6.599820887538233, 0.7756239723463957, 0.7233550340538349, -2.894220317191016, 0.8101995647830227, -2.7924404179655626, 0.5654103849683362, 0.8101919637797976, 3.2116136011481142, 4.905331459890886, 1.7584843136198116, -3.9225643127269683, 13.181770413890114, 1.7585115905836939, 1.5404738165840497, -4.7023316788822855, 1.0518781268174069, -2.3975561886056953, -1.4412345364715038, 1.0518823758672027, -0.00953245220147652, -7.1018323422073975, 0.2602119951609203, 0.01995016164275907, -0.022091388985279667, -0.25952829137510497, -0.00953245220147652, -0.5570291694956548, 5.16246731561301, -3.9336153469187978, 1.7694545012052298, -7.1018323422073975], "data_imag": [9.583838495603596e-19, -4.1255224594216193e-19, 0.0, 0.0, 0.0, 0.0, 0.0, 0.0, 0.0, 0.0, 0.0, 0.0, 0.0, 0.0, 0.0, 0.0, 0.0, 0.0, 0.0, 0.0, 0.0, 0.0, 0.0, 0.0, 0.0, 0.0, 0.0, 0.0, 0.0, 0.0, 0.0, 0.0, 0.0, 0.0, 0.0, 0.0, 0.0, 0.0]}, {"time": 7.419354838709677, "step_sample_count": 256, "data": [0.05346262523810453, 0.22231507113424823, -2.0870686415093633, -1.2207040743630955, 0.8136941201153328, 2.669367891817986, -6.020220175211311, 0.813676909041518, 0.794712007729038, -2.4950053797180956, 0.7430535507205231, -2.643208295499228, 0.8895738682936745, 0.7430459497234343, 3.6357869607163678, 5.5783939024541915, 1.8969364575754013, -4.155534999768462, 14.569360193509889, 1.8969637344166577, 1.3729463135893512, -4.494584965127108, 1.1066482354011402, -2.535826722938044, -1.296414717845797, 1.1066524844833185, 0.00851501936824844, -7.420861930268819, 0.23156518453480956, 0.015033994323466793, -0.03628270543655732, -0.2506630068305182, 0.00851501936824844, -0.5907435989385945, 5.416137718868392, -4.1352110427952296, 1.8543069049881695, -7.420861930268819], "data_imag": [-5.651354368015033e-19, 2.4170899253193014e-19, 0.0, 0.0, 0.0, 0.0, 0.0, 0.0, 0.0, 0.0, 0.0, 0.0, 0.0, 0.0, 0.0, 0.0, 0.0, 0.0, 0.0, 0.0, 0.0, 0.0, 0.0, 0.0, 0.0, 0.0, 0.0, 0.0, 0.0, 0.0, 0.0, 0.0, 0.0, 0.0, 0.0, 0.0, 0.0, 0.0]}, {"time": 7.741935483870968, "step_sample_count": 256, "data": [0.05354467973506138, 0.2213618076995302, -1.6352987402279107, -1.2489669385232625, 0.8938791627599216, 2.560108399854175, -5.481058224842998, 0.8938619516765451, 0.8527352589500548, -2.178344241326721, 0.6915859715907812, -2.4807674715601613, 1.104894293122092, 0.6915783705794109, 3.9740003578377636, 6.020496472646901, 2.012469527790437, -4.2275634613324025, 15.472776647948882, 2.012496804616245, 1.25781927096502, -4.220688443995062, 1.1863637352243792, -2.6587609308190996, -1.045970848038454, 1.1863679842805197, 0.02808893344928578, -7.74386028391133, 0.1971526305618603, 0.013217011724955187, -0.054692494874032244, -0.23771416249163882, 0.02808893344928578, -0.6124684852058937, 5.650308815238097, -4.312699150426871, 1.931643056768365, -7.74386028391133], "data_imag": [-1.9243658635222239e-19, 8.243164308430587e-20, 0.0, 0.0, 0.0, 0.0, 0.0, 0.0, 0.0, 0.0, 0.0, 0.0, 0.0, 0.0, 0.0, 0.0, 0.0, 0.0, 0.0, 0.0, 0.0, 0.0, 0.0, 0.0, 0.0, 0.0, 0.0, 0.0, 0.0, 0.0, 0.0, 0.0, 0.0, 0.0, 0.0, 0.0, 0.0, 0.0]}, {"time": 8.064516129032258, "step_sample_count": 256, "data": [0.053844020733458946, 0.22116904111811359, -1.204190641608431, -1.3512335359703245, 1.0005900899250122, 2.454409943731862, -5.0396796720334835, 1.0005728788483703, 0.8842900382962813, -1.9306512776833276, 0.6685558976917958, -2.281957830920194, 1.188161710809442, 0.6685482966731993, 4.265672674506117, 6.2559881074939625, 2.0843176799457463, -4.208810587435166, 16.028544597457415, 2.0843449567810617, 1.181656632288051, -3.8957508447925813, 1.2834491686133547, -2.76760037718026, -0.7184555385574197, 1.2834534176592358, 0.04801618571739841, -8.070197876141211, 0.1619622906107784, 0.013122924276138776, -0.07483298458522591, -0.22456494700562307, 0.04801618571739841, -0.6259769901948008, 5.8742540031911314, -4.47603381068049, 2.0044234256478055, -8.070197876141211], "data_imag": [1.012564905304659e-18, -4.361645260415756e-19, 0.0, 0.0, 0.0, 0.0, 0.0, 0.0, 0.0, 0.0, 0.0, 0.0, 0.0, 0.0, 0.0, 0.0, 0.0, 0.0, 0.0, 0.0, 0.0, 0.0, 0.0, 0.0, 0.0, 0.0, 0.0, 0.0, 0.0, 0.0, 0.0, 0.0, 0.0, 0.0, 0.0, 0.0, 0.0, 0.0]}, {"time": 8.387096774193548, "step_sample_count": 256, "data": [0.053998571149819874, 0.22184848845936173, -0.7908297708666119, -1.479488025308949, 1.1089035889568783, 2.351411648670252, -4.64425739755617, 1.1088863778779035, 0.8811930154023556, -1.7448969731670299, 0.6803289885455793, -2.035017047602367, 1.1261772157893137, 0.6803213875276897, 4.546411481605421, 6.307667457984591, 2.104933501800228, -4.155745947608765, 16.353701175057875, 2.10496077863382, 1.1326897105741727, -3.535194010797843, 1.3858296222278959, -2.849026901584378, -0.3554688015222218, 1.3858338712750056, 0.06745266070808963, -8.398993228029422, 0.12709131651420477, 0.01596343171933398, -0.09708543425673008, -0.21135289715017483, 0.06745266070808963, -0.6344642171510801, 6.09555883213876, -4.633892779181411, 2.074802999720543, -8.398993228029422], "data_imag": [-6.530860212541723e-19, 2.8212569588516965e-19, 0.0, 0.0, 0.0, 0.0, 0.0, 0.0, 0.0, 0.0, 0.0, 0.0, 0.0, 0.0, 0.0, 0.0, 0.0, 0.0, 0.0, 0.0, 0.0, 0.0, 0.0, 0.0, 0.0, 0.0, 0.0, 0.0, 0.0, 0.0, 0.0, 0.0, 0.0, 0.0, 0.0, 0.0, 0.0, 0.0]}, {"time": 8.709677419354838, "step_sample_count": 256, "data": [0.05368747962853138, 0.22317021582648638, -0.40079191392958524, -1.5698053577690458, 1.1931363592335855, 2.25720025364409, -4.242650461043391, 1.193119148154585, 0.840316852273228, -1.618028264259772, 0.7255603880172872, -1.744418594474588, 0.9231487679152366, 0.7255527869988853, 4.855517679603274, 6.196299273412928, 2.0827761759294496, -4.113500907353058, 16.555269432955797, 2.08280345276306, 1.096279345937664, -3.1571884949231555, 1.481523050991804, -2.8795732709121244, -0.014195712245315018, 1.4815273000383453, 0.08598172723736157, -8.72930750258492, 0.0936491676122959, 0.022117359374769302, -0.12141929519454715, -0.19853266273434006, 0.08598172723736157, -0.6407008216528768, 6.320451814418333, -4.793718377417764, 2.1446006628224046, -8.72930750258492], "data_imag": [-6.9080591854961385e-19, 2.967010294352105e-19, 0.0, 0.0, 0.0, 0.0, 0.0, 0.0, 0.0, 0.0, 0.0, 0.0, 0.0, 0.0, 0.0, 0.0, 0.0, 0.0, 0.0, 0.0, 0.0, 0.0, 0.0, 0.0, 0.0, 0.0, 0.0, 0.0, 0.0, 0.0, 0.0, 0.0, 0.0, 0.0, 0.0, 0.0, 0.0, 0.0]}, {"time": 9.032258064516128, "step_sample_count": 256, "data": [0.05284302158268844, 0.22476343184048417, -0.07042696321726855, -1.5386071096935272, 1.2351016324909243, 2.200464807646302, -3.8172731445997696, 1.2350844214131782, 0.7666503643883741, -1.546060178849937, 0.7976454130979318, -1.4296415157282303, 0.6074425358679707, 0.7976378120769694, 5.223640111439541, 5.958468690677225, 2.03889947941906, -4.109815318703569, 16.729386735152797, 2.038926756252835, 1.0528103071078354, -2.7841515243331245, 1.561940438871073, -2.835283527388856, 0.23855889381325296, 1.5619446879173209, 0.10377017183013097, -9.060312048969676, 0.06424560930395533, 0.02929606035048126, -0.14578770682181982, -0.1886966168216268, 0.10377017183013097, -0.6459104257656693, 6.553325752876031, -4.961017558669654, 2.2143283566136964, -9.060312048969676], "data_imag": [1.1501402882683382e-19, -4.862151046086668e-20, 0.0, 0.0, 0.0, 0.0, 0.0, 0.0, 0.0, 0.0, 0.0, 0.0, 0.0, 0.0, 0.0, 0.0, 0.0, 0.0, 0.0, 0.0, 0.0, 0.0, 0.0, 0.0, 0.0, 0.0, 0.0, 0.0, 0.0, 0.0, 0.0, 0.0, 0.0, 0.0, 0.0, 0.0, 0.0, 0.0]}, {"time": 9.35483870967742, "step_sample_count": 256, "data": [0.05167617405084065, 0.22628304115765144, 0.1477061900701425, -1.3038200278490943, 1.2293141473740892, 2.2225075124700706, -3.3813136221450915, 1.229296936296359, 0.6763018392962911, -1.5171882831935835, 0.8876700616680433, -1.1187503761094506, 0.23523354057387105, 0.8876624606482418, 5.641565290260246, 5.686214812676489, 2.0005109521031343, -4.135104001624901, 16.948877092458833, 2.0005382289369096, 0.981292046004102, -2.440348318985722, 1.6221564295027417, -2.700320978783212, 0.34098395077287796, 1.6221606785490632, 0.12164495551769325, -9.39141583920148, 0.041482361316373666, 0.033022815990736316, -0.16667704293628297, -0.18525603549960237, 0.12164495551769325, -0.6474964155761042, 6.794528419260959, -5.136953453334291, 2.2809075410671595, -9.39141583920148], "data_imag": [-4.0850208347606164e-19, 1.6887859812672007e-19, 0.0, 0.0, 0.0, 0.0, 0.0, 0.0, 0.0, 0.0, 0.0, 0.0, 0.0, 0.0, 0.0, 0.0, 0.0, 0.0, 0.0, 0.0, 0.0, 0.0, 0.0, 0.0, 0.0, 0.0, 0.0, 0.0, 0.0, 0.0, 0.0, 0.0, 0.0, 0.0, 0.0, 0.0, 0.0, 0.0]}, {"time": 9.67741935483871, "step_sample_count": 256, "data": [0.05040522812046696, 0.22732083889730845, 0.23457867211737216, -0.87009724430347, 1.1843527531677804, 2.337271847196615, -2.9726399461005957, 1.1843355420899748, 0.5969651730968051, -1.5069768426425934, 0.9848929782522028, -0.8436736407711576, -0.10873557144428878, 0.9848853772343146, 6.056461264923365, 5.522064522951851, 1.9942674399237124, -4.1464585592354295, 17.258602236627276, 1.9942947167574876, 0.8693132949185222, -2.141793761160815, 1.6601744258071771, -2.470306861690352, 0.2599530703346293, 1.6601786748540304, 0.14082523519603418, -9.722413149159804, 0.023598291514989093, 0.030292573102352668, -0.1824567666656698, -0.1877621347459036, 0.14082523519603418, -0.6399321730650586, 7.03991678303634, -5.317652448339702, 2.3386334415176058, -9.722413149159804], "data_imag": [-8.414600447365295e-19, 3.3931188407362487e-19, 0.0, 0.0, 0.0, 0.0, 0.0, 0.0, 0.0, 0.0, 0.0, 0.0, 0.0, 0.0, 0.0, 0.0, 0.0, 0.0, 0.0, 0.0, 0.0, 0.0, 0.0, 0.0, 0.0, 0.0, 0.0, 0.0, 0.0, 0.0, 0.0, 0.0, 0.0, 0.0, 0.0, 0.0, 0.0, 0.0]}], "random_generator": {"seed": "very_nice_seed"}, "realworld_total_calculation_time": 3.819}