{"hamiltonian": {"U": 1.0, "E": 0.8, "J": 0.1, "phi": 2.5132741228718345, "type": "FirstOrderVariationalClassicalNetworkHamiltonian", "eta_calculation_sampler": {"system_geometry": {"type": "SquareSystemNonPeriodicState", "size": 2}, "initial_system_state": {"type": "HomogenousInitialSystemState"}, "type": "ExactSampler"}, "psi_selection": {"type": "SquareDirectionDependentAllSameFirstOrder", "number_of_psis": 12, "J": 0.1}, "random_generator": {"seed": "46954944"}, "init_sigma": 1e-05, "pseudo_inverse_cutoff": 1e-10, "effective_time_step_size": 0.04032258064516129, "number_workers": 16, "variational_step_fraction_multiplier": 8, "ue_might_change": true, "ue_variational": true}, "start_time": 0.0, "time_step": 0.3225806451612903, "number_of_time_steps": 31, "sampler": {"system_geometry": {"type": "SquareSystemNonPeriodicState", "size": 2}, "initial_system_state": {"type": "HomogenousInitialSystemState"}, "type": "ExactSampler"}, "observables": [{"type": "Energy", "label": "Energy per site"}, {"type": "EnergyVariance", "label": "Energy Variance per site"}, {"type": "VCNFactor", "label": "Re-Part of VCN Parameter 0", "param_real_part": true, "param_index": 0, "can_return_value": true}, {"type": "VCNFactor", "label": "Re-Part of VCN Parameter 1", "param_real_part": true, "param_index": 1, "can_return_value": true}, {"type": "VCNFactor", "label": "Re-Part of VCN Parameter 2", "param_real_part": true, "param_index": 2, "can_return_value": true}, {"type": "VCNFactor", "label": "Re-Part of VCN Parameter 3", "param_real_part": true, "param_index": 3, "can_return_value": true}, {"type": "VCNFactor", "label": "Re-Part of VCN Parameter 4", "param_real_part": true, "param_index": 4, "can_return_value": true}, {"type": "VCNFactor", "label": "Re-Part of VCN Parameter 5", "param_real_part": true, "param_index": 5, "can_return_value": true}, {"type": "VCNFactor", "label": "Re-Part of VCN Parameter 6", "param_real_part": true, "param_index": 6, "can_return_value": true}, {"type": "VCNFactor", "label": "Re-Part of VCN Parameter 7", "param_real_part": true, "param_index": 7, "can_return_value": true}, {"type": "VCNFactor", "label": "Re-Part of VCN Parameter 8", "param_real_part": true, "param_index": 8, "can_return_value": true}, {"type": "VCNFactor", "label": "Re-Part of VCN Parameter 9", "param_real_part": true, "param_index": 9, "can_return_value": true}, {"type": "VCNFactor", "label": "Re-Part of VCN Parameter 10", "param_real_part": true, "param_index": 10, "can_return_value": true}, {"type": "VCNFactor", "label": "Re-Part of VCN Parameter 11", "param_real_part": true, "param_index": 11, "can_return_value": true}, {"type": "VCNFactor", "label": "Im-Part of VCN Parameter 0", "param_real_part": false, "param_index": 0, "can_return_value": true}, {"type": "VCNFactor", "label": "Im-Part of VCN Parameter 1", "param_real_part": false, "param_index": 1, "can_return_value": true}, {"type": "VCNFactor", "label": "Im-Part of VCN Parameter 2", "param_real_part": false, "param_index": 2, "can_return_value": true}, {"type": "VCNFactor", "label": "Im-Part of VCN Parameter 3", "param_real_part": false, "param_index": 3, "can_return_value": true}, {"type": "VCNFactor", "label": "Im-Part of VCN Parameter 4", "param_real_part": false, "param_index": 4, "can_return_value": true}, {"type": "VCNFactor", "label": "Im-Part of VCN Parameter 5", "param_real_part": false, "param_index": 5, "can_return_value": true}, {"type": "VCNFactor", "label": "Im-Part of VCN Parameter 6", "param_real_part": false, "param_index": 6, "can_return_value": true}, {"type": "VCNFactor", "label": "Im-Part of VCN Parameter 7", "param_real_part": false, "param_index": 7, "can_return_value": true}, {"type": "VCNFactor", "label": "Im-Part of VCN Parameter 8", "param_real_part": false, "param_index": 8, "can_return_value": true}, {"type": "VCNFactor", "label": "Im-Part of VCN Parameter 9", "param_real_part": false, "param_index": 9, "can_return_value": true}, {"type": "VCNFactor", "label": "Im-Part of VCN Parameter 10", "param_real_part": false, "param_index": 10, "can_return_value": true}, {"type": "VCNFactor", "label": "Im-Part of VCN Parameter 11", "param_real_part": false, "param_index": 11, "can_return_value": true}, {"type": "BaseEnergyFactor", "label": "Re-Part of BE-Factor U", "param_real_part": true, "param_index": -1, "can_return_value": true, "kind": "U"}, {"type": "BaseEnergyFactor", "label": "Im-Part of BE-Factor U", "param_real_part": false, "param_index": -1, "can_return_value": true, "kind": "U"}, {"type": "BaseEnergyFactor", "label": "Re-Part of BE-Factor eps-0", "param_real_part": true, "param_index": 0, "can_return_value": true, "kind": "eps"}, {"type": "BaseEnergyFactor", "label": "Re-Part of BE-Factor eps-1", "param_real_part": true, "param_index": 1, "can_return_value": true, "kind": "eps"}, {"type": "BaseEnergyFactor", "label": "Re-Part of BE-Factor eps-2", "param_real_part": true, "param_index": 2, "can_return_value": true, "kind": "eps"}, {"type": "BaseEnergyFactor", "label": "Re-Part of BE-Factor eps-3", "param_real_part": true, "param_index": 3, "can_return_value": true, "kind": "eps"}, {"type": "BaseEnergyFactor", "label": "Re-Part of BE-Factor eps-4", "param_real_part": true, "param_index": 4, "can_return_value": true, "kind": "eps"}, {"type": "BaseEnergyFactor", "label": "Im-Part of BE-Factor eps-0", "param_real_part": false, "param_index": 0, "can_return_value": true, "kind": "eps"}, {"type": "BaseEnergyFactor", "label": "Im-Part of BE-Factor eps-1", "param_real_part": false, "param_index": 1, "can_return_value": true, "kind": "eps"}, {"type": "BaseEnergyFactor", "label": "Im-Part of BE-Factor eps-2", "param_real_part": false, "param_index": 2, "can_return_value": true, "kind": "eps"}, {"type": "BaseEnergyFactor", "label": "Im-Part of BE-Factor eps-3", "param_real_part": false, "param_index": 3, "can_return_value": true, "kind": "eps"}, {"type": "BaseEnergyFactor", "label": "Im-Part of BE-Factor eps-4", "param_real_part": false, "param_index": 4, "can_return_value": true, "kind": "eps"}], "measurements": [{"time": 0.0, "step_sample_count": 256, "data": [0.06150994716214185, 0.23217153648874098, -2.409211346512654e-05, 1.3364613742072939e-05, 1.5426940819682473e-06, -2.3095526437844924e-06, 2.9577584621232426e-06, -1.5668367408516222e-05, 1.0073359691169309e-05, -1.2604172898632618e-05, -1.1358230129747497e-05, 3.80637423358691e-06, 2.8480717089983352e-06, -1.895923534861108e-05, -1.1357545410297846e-05, 4.318272037258513e-06, -1.4618044943022195e-05, 1.2968369814907847e-06, -2.4229613465669603e-06, 1.2658790972584678e-05, -4.320935634434884e-06, -4.807979398987998e-06, -1.0283182688040512e-05, 1.5791125000597532e-06, 1.6795899010380995e-05, -6.0341603244068835e-06, 7.2706396032623796e-06, -2.5990623020784137e-06, 2.105483127674879e-05, 1.1085069673905734e-05, -9.132533945527703e-06, -1.2101228867378676e-06, 7.2706396032623796e-06, -5.612770751019133e-06, -2.3901402852107364e-06, -7.7877375531777e-06, 4.464171819755137e-06, -2.5990623020784137e-06], "data_imag": [-8.271351266177394e-25, 4.0701630347366896e-25, 0.0, 0.0, 0.0, 0.0, 0.0, 0.0, 0.0, 0.0, 0.0, 0.0, 0.0, 0.0, 0.0, 0.0, 0.0, 0.0, 0.0, 0.0, 0.0, 0.0, 0.0, 0.0, 0.0, 0.0, 0.0, 0.0, 0.0, 0.0, 0.0, 0.0, 0.0, 0.0, 0.0, 0.0, 0.0, 0.0]}, {"time": 0.3225806451612903, "step_sample_count": 256, "data": [0.06202674327755758, 0.23266524787536005, 0.004070816057438337, -0.0410854713827704, 0.052924536154704827, 0.004742580299535226, -0.04058979484558726, 0.05290732509322547, 0.0046701384266160705, -0.04087544677888651, 0.05311186328380551, 0.004192147714280004, -0.041229361568523956, 0.053104262278582844, 0.31229555222917404, 0.30551489128168696, 0.31213968885435756, 0.32708317623441313, 0.3321976337582846, 0.31216696569026403, 0.3259539611890614, 0.32945050956741173, 0.31301380567152365, 0.3152324391358125, 0.31007404950759776, 0.31301805469388727, 0.0013454454422649836, -0.32302157057085623, -0.0016540055187531438, 0.004115721113226307, -0.00589027566517065, -0.00010139891038175686, 0.0013454454422649836, 0.0003750352965254945, 0.20770166775711113, -0.15025342672404007, 0.057079948733145994, -0.32302157057085623], "data_imag": [-4.404102762233072e-20, 2.1853772112081052e-20, 0.0, 0.0, 0.0, 0.0, 0.0, 0.0, 0.0, 0.0, 0.0, 0.0, 0.0, 0.0, 0.0, 0.0, 0.0, 0.0, 0.0, 0.0, 0.0, 0.0, 0.0, 0.0, 0.0, 0.0, 0.0, 0.0, 0.0, 0.0, 0.0, 0.0, 0.0, 0.0, 0.0, 0.0, 0.0, 0.0]}, {"time": 0.6451612903225806, "step_sample_count": 256, "data": [0.06243106183814916, 0.2331651938189679, 0.01536841315658238, -0.17451489452240168, 0.2029499671834044, 0.018192168353072247, -0.1725104495700439, 0.20293275612193812, 0.01806385945866234, -0.17640382305387944, 0.20634458041910794, 0.016048876995077975, -0.17790343645780765, 0.2063369794138765, 0.6253807025226088, 0.5659216443638223, 0.5575399349867276, 0.6140174616669806, 0.6610361045503574, 0.5575672118225788, 0.6232860057763427, 0.6560433612747955, 0.5641887714444382, 0.6318606415161575, 0.5866493822437635, 0.5641930204668203, 0.005247225183412328, -0.6489812169091601, -0.006655719485440324, 0.01741680824044883, -0.024306437218604728, -0.00021276785085777393, 0.005247225183412328, 0.001450431726138346, 0.4201821620851115, -0.3027840024728974, 0.11595280345691797, -0.6489812169091601], "data_imag": [1.4054317954206936e-18, -7.019407946336821e-19, 0.0, 0.0, 0.0, 0.0, 0.0, 0.0, 0.0, 0.0, 0.0, 0.0, 0.0, 0.0, 0.0, 0.0, 0.0, 0.0, 0.0, 0.0, 0.0, 0.0, 0.0, 0.0, 0.0, 0.0, 0.0, 0.0, 0.0, 0.0, 0.0, 0.0, 0.0, 0.0, 0.0, 0.0, 0.0, 0.0]}, {"time": 0.967741935483871, "step_sample_count": 256, "data": [0.06266401818996524, 0.233234284407266, 0.024836396425918967, -0.38919849388988653, 0.3894275637986695, 0.03478072217193461, -0.38857565188414833, 0.3894103527372551, 0.035254078780080605, -0.4078481789116027, 0.40493194337780597, 0.02847642994360875, -0.4088660866968935, 0.4049243423725387, 0.944372714096551, 0.7259663298832477, 0.7003761760133232, 0.820218688551031, 0.9778430975750307, 0.7004034528491424, 0.8627448180523152, 0.9715474809810413, 0.7186495112501836, 0.9556236774257661, 0.7858762154358742, 0.7186537602726116, 0.009931601081199141, -0.9794450770920334, -0.013388011269990955, 0.03937709081193794, -0.05244579642366819, 0.0003449745985037022, 0.009931601081199141, 0.0034047278302572017, 0.6419923816257994, -0.4606967113983202, 0.17789939922418582, -0.9794450770920334], "data_imag": [7.461960621240296e-19, -3.7407714888176516e-19, 0.0, 0.0, 0.0, 0.0, 0.0, 0.0, 0.0, 0.0, 0.0, 0.0, 0.0, 0.0, 0.0, 0.0, 0.0, 0.0, 0.0, 0.0, 0.0, 0.0, 0.0, 0.0, 0.0, 0.0, 0.0, 0.0, 0.0, 0.0, 0.0, 0.0, 0.0, 0.0, 0.0, 0.0, 0.0, 0.0]}, {"time": 1.2903225806451613, "step_sample_count": 256, "data": [0.06261069286318757, 0.23240249142551883, 0.010725300706175108, -0.6420039040015582, 0.5525783692372171, 0.05440122063296378, -0.6681078941755059, 0.5525611581757992, 0.05531156033155592, -0.7287561853873545, 0.5942609718132105, 0.02611916539108517, -0.712771372664745, 0.5942533708079043, 1.2814216004610182, 0.722299582936931, 0.7528120081117953, 0.9129748507248716, 1.265009572882008, 0.7528392849476327, 1.0197994876559422, 1.2581603750367552, 0.7844919298979348, 1.3009001288568671, 0.8503119704737719, 0.7844961789204041, 0.013028362286222828, -1.3129787637258044, -0.019641299770204804, 0.06814466982044598, -0.08576215539972998, 0.0020553681220835313, 0.013028362286222828, 0.00530841587141195, 0.8765919934960029, -0.6285763757658496, 0.2427287916019773, -1.3129787637258044], "data_imag": [-1.7733472294133848e-18, 8.882439897646886e-19, 0.0, 0.0, 0.0, 0.0, 0.0, 0.0, 0.0, 0.0, 0.0, 0.0, 0.0, 0.0, 0.0, 0.0, 0.0, 0.0, 0.0, 0.0, 0.0, 0.0, 0.0, 0.0, 0.0, 0.0, 0.0, 0.0, 0.0, 0.0, 0.0, 0.0, 0.0, 0.0, 0.0, 0.0, 0.0, 0.0]}, {"time": 1.6129032258064515, "step_sample_count": 256, "data": [0.06210654256625066, 0.23039293065155203, -0.06678225977414501, -0.8275526410760795, 0.6599264309267073, 0.09769422235535963, -0.967685369107674, 0.6599092198651983, 0.09412713625781995, -1.1157740145366843, 0.7437892562337026, -0.019839863570737727, -1.0205758486920085, 0.7437816552283674, 1.6446202512696293, 0.5168977411789272, 0.7533666375606384, 0.878116972087446, 1.5072870158486193, 0.7533939143964803, 1.0779838585509027, 1.4944339739051262, 0.792790865452161, 1.6853892597619928, 0.7236693377619617, 0.7927951144745661, 0.013574899647911533, -1.6462990447808492, -0.023607223438140024, 0.09803398494389869, -0.1175382208445827, 0.004142307366035227, 0.013574899647911533, 0.006109807299620529, 1.1255042664744521, -0.810835237102123, 0.30858660164982743, -1.6462990447808492], "data_imag": [4.972464577800394e-19, -2.4705806636826706e-19, 0.0, 0.0, 0.0, 0.0, 0.0, 0.0, 0.0, 0.0, 0.0, 0.0, 0.0, 0.0, 0.0, 0.0, 0.0, 0.0, 0.0, 0.0, 0.0, 0.0, 0.0, 0.0, 0.0, 0.0, 0.0, 0.0, 0.0, 0.0, 0.0, 0.0, 0.0, 0.0, 0.0, 0.0, 0.0, 0.0]}, {"time": 1.935483870967742, "step_sample_count": 256, "data": [0.06116950129252551, 0.22741502747433567, -0.2571797379624352, -0.7958067646371993, 0.7064808174986789, 0.20454212518701978, -1.2286880321022353, 0.7064636064371499, 0.19163167829544583, -1.5252258239992451, 0.8459015602372082, -0.1563580918429167, -1.199919481385011, 0.8458939592319213, 2.0088290570550105, 0.1762051741087126, 0.7413595670437448, 0.7412145356237452, 1.7195259257742592, 0.7413868438791054, 1.0403213698315155, 1.6726935765560482, 0.773994115149881, 2.1076237083273397, 0.40284029984380093, 0.7739983641722492, 0.012625786086195927, -1.9769197359935322, -0.02516143464185926, 0.11894830856872239, -0.13868107290211987, 0.005499336444387581, 0.012625786086195927, 0.006693097531632523, 1.3852127592154948, -1.006186434426022, 0.37231254909044875, -1.9769197359935322], "data_imag": [-5.993111340988417e-19, 2.932765055350723e-19, 0.0, 0.0, 0.0, 0.0, 0.0, 0.0, 0.0, 0.0, 0.0, 0.0, 0.0, 0.0, 0.0, 0.0, 0.0, 0.0, 0.0, 0.0, 0.0, 0.0, 0.0, 0.0, 0.0, 0.0, 0.0, 0.0, 0.0, 0.0, 0.0, 0.0, 0.0, 0.0, 0.0, 0.0, 0.0, 0.0]}, {"time": 2.258064516129032, "step_sample_count": 256, "data": [0.06024212622031293, 0.224406409441761, -0.5776188292271838, -0.4850947317795264, 0.7034330120646511, 0.39068139479092745, -1.4232982286986273, 0.7034158010033518, 0.38825993346097526, -1.9152486932922757, 0.9042260866736171, -0.42857381838362074, -1.1215206196760055, 0.9042184856688437, 2.3037494465637645, -0.1013916471284194, 0.7458828524055313, 0.5730430288421212, 1.9563622919275625, 0.7459101292407316, 0.9514252890763446, 1.8209448474317365, 0.7492915211725136, 2.517016288809929, 0.012908674333755088, 0.7492957701945564, 0.011904043446943919, -2.304324539151925, -0.02727981418143806, 0.12305585267333084, -0.14296543948827217, 0.007550360570493591, 0.011904043446943919, 0.008812765809211887, 1.644122611900632, -1.2034542128880092, 0.4316674970213492, -2.304324539151925], "data_imag": [-1.795279349173338e-18, 8.65211561228972e-19, 0.0, 0.0, 0.0, 0.0, 0.0, 0.0, 0.0, 0.0, 0.0, 0.0, 0.0, 0.0, 0.0, 0.0, 0.0, 0.0, 0.0, 0.0, 0.0, 0.0, 0.0, 0.0, 0.0, 0.0, 0.0, 0.0, 0.0, 0.0, 0.0, 0.0, 0.0, 0.0, 0.0, 0.0, 0.0, 0.0]}, {"time": 2.5806451612903225, "step_sample_count": 256, "data": [0.05987753574711543, 0.22266697784146108, -0.980027557721246, -0.021685724945629474, 0.6698214316348606, 0.6132796440587968, -1.5855441376591468, 0.6698042205729096, 0.6700548021418931, -2.2918001364348664, 0.9262584664481868, -0.8257351302165626, -0.8162035728539672, 0.9262508654435351, 2.462467692866881, -0.14177510107580818, 0.7849465026690212, 0.4365118936527729, 2.259722515838673, 0.7849737795042468, 0.881720012680754, 1.9845007859861876, 0.7325111536821747, 2.8297655969027384, -0.24359939220604446, 0.732515402704282, 0.012330656890459936, -2.629420123399641, -0.03327487204742935, 0.11368099091354737, -0.13453906375816777, 0.01287715970736303, 0.012330656890459936, 0.01128337616837525, 1.889245271117114, -1.3888501385629715, 0.4885624862150278, -2.629420123399641], "data_imag": [3.5744060425692347e-19, -1.7122130047091572e-19, 0.0, 0.0, 0.0, 0.0, 0.0, 0.0, 0.0, 0.0, 0.0, 0.0, 0.0, 0.0, 0.0, 0.0, 0.0, 0.0, 0.0, 0.0, 0.0, 0.0, 0.0, 0.0, 0.0, 0.0, 0.0, 0.0, 0.0, 0.0, 0.0, 0.0, 0.0, 0.0, 0.0, 0.0, 0.0, 0.0]}, {"time": 2.903225806451613, "step_sample_count": 256, "data": [0.05998154539301872, 0.2226576390289022, -1.3841956050313422, 0.401950923703352, 0.6288660240735223, 0.8105379626282802, -1.7639017397911068, 0.6288488130113178, 0.9729067909776327, -2.699107520522647, 0.9218937408572816, -1.279636794891253, -0.4625180727156535, 0.921886139852742, 2.4739111873498993, 0.06086049926084307, 0.865344722983436, 0.3379827482553332, 2.617868141279395, 0.865371999818446, 0.8607439289188411, 2.1721360770160523, 0.7326298406314848, 3.0067686221603114, -0.28800362357202813, 0.7326340896536652, 0.0135297056056666, -2.953753959333252, -0.042832268781652506, 0.10102335987411622, -0.12316111677423296, 0.021676492100893306, 0.0135297056056666, 0.011815895902494546, 2.1177364094095266, -1.5583479932685036, 0.5464798651798501, -2.953753959333252], "data_imag": [1.010789954512797e-18, -4.850299483153331e-19, 0.0, 0.0, 0.0, 0.0, 0.0, 0.0, 0.0, 0.0, 0.0, 0.0, 0.0, 0.0, 0.0, 0.0, 0.0, 0.0, 0.0, 0.0, 0.0, 0.0, 0.0, 0.0, 0.0, 0.0, 0.0, 0.0, 0.0, 0.0, 0.0, 0.0, 0.0, 0.0, 0.0, 0.0, 0.0, 0.0]}, {"time": 3.225806451612903, "step_sample_count": 256, "data": [0.06005941653414028, 0.2237764282056613, -1.7308334473642613, 0.6755070891731677, 0.6048657722420886, 0.9514728965147246, -1.9775995389501562, 0.6048485611798942, 1.254036289307127, -3.174730951551937, 0.9040934569686361, -1.7402790841750826, -0.192009650956893, 0.9040858559641187, 2.3784133660552, 0.4046667169385821, 0.9809034909705644, 0.24838596204601748, 2.999654001464901, 0.9809307678055765, 0.8699517299988445, 2.3662656847343677, 0.7538035818102911, 3.073797190023625, -0.18305307634530357, 0.7538078308325219, 0.01442147121009182, -3.2788309547526557, -0.05446531043211223, 0.09067788672488411, -0.1133003219825824, 0.03343783426045866, 0.01442147121009182, 0.009874883883832853, 2.3354723727900617, -1.7168068863643082, 0.6071507725624933, -3.2788309547526557], "data_imag": [2.5589563422862295e-19, -1.229515398832389e-19, 0.0, 0.0, 0.0, 0.0, 0.0, 0.0, 0.0, 0.0, 0.0, 0.0, 0.0, 0.0, 0.0, 0.0, 0.0, 0.0, 0.0, 0.0, 0.0, 0.0, 0.0, 0.0, 0.0, 0.0, 0.0, 0.0, 0.0, 0.0, 0.0, 0.0, 0.0, 0.0, 0.0, 0.0, 0.0, 0.0]}, {"time": 3.5483870967741935, "step_sample_count": 256, "data": [0.06004907802521383, 0.22545060737537007, -2.000690927477861, 0.7762588377175422, 0.6160693517957012, 1.0356475485631298, -2.229846926565193, 0.6160521407335054, 1.512972938928214, -3.763318627299538, 0.8868075630123996, -2.210883662974832, -0.046308382027619416, 0.8867999620078759, 2.228225800907946, 0.792488509443999, 1.1125341888488829, 0.1413435652938802, 3.3878693270754727, 1.1125614656838305, 0.8904927677412862, 2.5469829611814845, 0.7943148218588655, 3.0625609899124053, -0.000279817782036014, 0.7943190708810229, 0.013821666299852535, -3.6053670671806497, -0.0679915902606617, 0.08209691463669277, -0.10330769281129557, 0.04881511573119123, 0.013821666299852535, 0.00509279453642866, 2.5485851603220913, -1.8699938850118232, 0.6714559120164928, -3.6053670671806497], "data_imag": [4.442307139170681e-19, -2.1340515840961968e-19, 0.0, 0.0, 0.0, 0.0, 0.0, 0.0, 0.0, 0.0, 0.0, 0.0, 0.0, 0.0, 0.0, 0.0, 0.0, 0.0, 0.0, 0.0, 0.0, 0.0, 0.0, 0.0, 0.0, 0.0, 0.0, 0.0, 0.0, 0.0, 0.0, 0.0, 0.0, 0.0, 0.0, 0.0, 0.0, 0.0]}, {"time": 3.870967741935484, "step_sample_count": 256, "data": [0.060262563981872685, 0.22747109158388015, -2.1997861753835384, 0.7171671686979887, 0.6663160646263876, 1.0741102960859388, -2.5252042864323005, 0.6662988535641905, 1.7709315566295993, -4.540853367252814, 0.8804182847985703, -2.726244407119531, -0.04444087661365918, 0.8804106837940586, 2.059292501441975, 1.16431292001523, 1.2339387783048252, 0.0001396549849236768, 3.77627849971034, 1.2339660551401188, 0.9245131681113892, 2.6657353112230995, 0.8461226643867117, 2.968379430150297, 0.21825473571571438, 0.8461269134088003, 0.010676888570207885, -3.93307301197506, -0.08426666381583142, 0.07218018372096642, -0.08927152903446312, 0.06941598269902494, 0.010676888570207885, -0.004685848940671403, 2.76052388045645, -2.02172470437943, 0.7411492412735957, -3.93307301197506], "data_imag": [1.009156202093078e-18, -4.86514721570702e-19, 0.0, 0.0, 0.0, 0.0, 0.0, 0.0, 0.0, 0.0, 0.0, 0.0, 0.0, 0.0, 0.0, 0.0, 0.0, 0.0, 0.0, 0.0, 0.0, 0.0, 0.0, 0.0, 0.0, 0.0, 0.0, 0.0, 0.0, 0.0, 0.0, 0.0, 0.0, 0.0, 0.0, 0.0, 0.0, 0.0]}, {"time": 4.193548387096774, "step_sample_count": 256, "data": [0.06093950318702611, 0.22966731415322944, -2.341017825882947, 0.5194132592363886, 0.7430221172800101, 1.081869826434739, -2.8709717515997126, 0.7430049062176792, 2.0608895430564256, -5.6183809534097655, 0.8883496406189757, -3.328341085901416, -0.22121581793577968, 0.8883420396144983, 1.887259571140943, 1.486830670929811, 1.3226341015571985, -0.18940389108776945, 4.162516642970702, 1.322661378392861, 1.0030773236526511, 2.5899980572843244, 0.8975645794975433, 2.7372202394554717, 0.42596458146212146, 0.8975688285198108, 0.00437772471056817, -4.260824105743464, -0.10481328798175044, 0.056477572672504764, -0.06637236762894431, 0.09724738232623972, 0.00437772471056817, -0.024931115944051768, 2.9715171112406793, -2.1731615892470733, 0.8205716244099008, -4.260824105743464], "data_imag": [1.237230724088046e-18, -6.031698052292012e-19, 0.0, 0.0, 0.0, 0.0, 0.0, 0.0, 0.0, 0.0, 0.0, 0.0, 0.0, 0.0, 0.0, 0.0, 0.0, 0.0, 0.0, 0.0, 0.0, 0.0, 0.0, 0.0, 0.0, 0.0, 0.0, 0.0, 0.0, 0.0, 0.0, 0.0, 0.0, 0.0, 0.0, 0.0, 0.0, 0.0]}, {"time": 4.516129032258064, "step_sample_count": 256, "data": [0.061958602326211525, 0.23165834303281738, -2.433416653746367, 0.2055131174704459, 0.8237137484971387, 1.078825302334164, -3.274323788026936, 0.8236965374350301, 2.4182889677654575, -7.103517447182517, 0.906841804988596, -4.041690827944515, -0.6230651661306664, 0.9068342039842336, 1.7177872651415216, 1.7409740443187207, 1.3693767273794168, -0.441707677401693, 4.548708302486619, 1.3694040042154116, 1.225485252306664, 1.9689954554060574, 0.9385774008153882, 2.238449678754389, 0.505644354919942, 0.9385816498374794, -0.004901737646581864, -4.586934130070701, -0.13088308262272935, 0.029869247182704176, -0.029802844774224558, 0.13337952761848748, -0.004901737646581864, -0.06831441497704768, 3.174587730460627, -2.318655569153293, 0.920791784339082, -4.586934130070701], "data_imag": [2.6879289262572968e-20, -1.3323225553847729e-20, 0.0, 0.0, 0.0, 0.0, 0.0, 0.0, 0.0, 0.0, 0.0, 0.0, 0.0, 0.0, 0.0, 0.0, 0.0, 0.0, 0.0, 0.0, 0.0, 0.0, 0.0, 0.0, 0.0, 0.0, 0.0, 0.0, 0.0, 0.0, 0.0, 0.0, 0.0, 0.0, 0.0, 0.0, 0.0, 0.0]}, {"time": 4.838709677419355, "step_sample_count": 256, "data": [0.06278127632288459, 0.2328953014098441, -2.4802638498080545, -0.1957204256167639, 0.886055759067852, 1.0930082354673276, -3.738739495555452, 0.8860385480055168, 2.722621952295442, -8.604801784375626, 0.9280150767268589, -4.708742242439065, -1.1417456524766474, 0.9280074757222327, 1.5654930471281134, 1.9118430368877217, 1.3801409218341383, -0.7682172073030394, 4.946901181821049, 1.3801681986695298, 1.8426001229657936, -0.01671159553363344, 0.9646613125766291, 1.2020004525041257, 0.1685429444804138, 0.9646655615975606, -0.016055007498197445, -4.9096362323879434, -0.14768710016255251, 0.0022074697439828225, 0.009392814852064169, 0.16191259160852361, -0.016055007498197445, -0.16225517181248145, 3.346845887084077, -2.4367325653968552, 1.067601616611338, -4.9096362323879434], "data_imag": [-7.118859220098962e-19, 3.5754485424059803e-19, 0.0, 0.0, 0.0, 0.0, 0.0, 0.0, 0.0, 0.0, 0.0, 0.0, 0.0, 0.0, 0.0, 0.0, 0.0, 0.0, 0.0, 0.0, 0.0, 0.0, 0.0, 0.0, 0.0, 0.0, 0.0, 0.0, 0.0, 0.0, 0.0, 0.0, 0.0, 0.0, 0.0, 0.0, 0.0, 0.0]}, {"time": 5.161290322580645, "step_sample_count": 256, "data": [0.06287095651272422, 0.23295180796132003, -2.492299268017165, -0.6285205708426204, 0.9154839124890544, 1.1621387287807063, -4.258069721501046, 0.9154667014267893, 2.339389621641991, -8.136467388991557, 0.9440103806050356, -4.641451695733325, -1.1398255027049051, 0.9440027795992492, 1.4696881080924873, 1.98994142790004, 1.3714766780260144, -1.1707770185545574, 5.389128934356866, 1.371503954864551, 2.6362249441186103, -2.7710243765169755, 0.976795233464503, -0.1449467553775326, -0.44350678508732727, 0.9767994824897367, -0.02719460938821333, -5.227805125556211, -0.08884064425830414, 0.03409147776439909, -0.011359175000220923, 0.11448136284822999, -0.02719460938821333, -0.28593841441328355, 3.510978470154031, -2.5510173201769706, 1.2392459356834726, -5.227805125556211], "data_imag": [6.175525537101077e-19, -3.106089579890399e-19, 0.0, 0.0, 0.0, 0.0, 0.0, 0.0, 0.0, 0.0, 0.0, 0.0, 0.0, 0.0, 0.0, 0.0, 0.0, 0.0, 0.0, 0.0, 0.0, 0.0, 0.0, 0.0, 0.0, 0.0, 0.0, 0.0, 0.0, 0.0, 0.0, 0.0, 0.0, 0.0, 0.0, 0.0, 0.0, 0.0]}, {"time": 5.483870967741935, "step_sample_count": 256, "data": [0.06226780135092, 0.23194805236428362, -2.5088269644877927, -0.987846347116278, 0.9081309959020848, 1.3285509226777152, -4.810096722430614, 0.9081137848344474, 1.6192978211062865, -6.655690971931691, 0.9491509679445133, -4.142269602801959, -0.9076893979311431, 0.9491433669366908, 1.4801777388494495, 2.0115043249237123, 1.363664446890844, -1.6329716195235187, 5.944548497027776, 1.3636917237338273, 2.811462346975279, -3.963424857315668, 0.9778188388645095, -0.9705315420785747, -0.6584398989600786, 0.9778230878919641, -0.036077639035105066, -5.541506822504865, 0.013339302481379245, 0.08731905439035331, -0.056157022079541666, 0.02102254512934702, -0.036077639035105066, -0.35879046420710825, 3.745098039855175, -2.739534032190341, 1.3554819412497419, -5.541506822504865], "data_imag": [9.79435829855215e-19, -4.878985255151839e-19, 0.0, 0.0, 0.0, 0.0, 0.0, 0.0, 0.0, 0.0, 0.0, 0.0, 0.0, 0.0, 0.0, 0.0, 0.0, 0.0, 0.0, 0.0, 0.0, 0.0, 0.0, 0.0, 0.0, 0.0, 0.0, 0.0, 0.0, 0.0, 0.0, 0.0, 0.0, 0.0, 0.0, 0.0, 0.0, 0.0]}, {"time": 5.806451612903226, "step_sample_count": 256, "data": [0.06120187646580249, 0.2306119096645737, -2.576226784328472, -1.174758763624239, 0.8698115186097545, 1.6126593529585564, -5.3629656056783475, 0.8697943075401311, 1.0783021292493646, -5.531076814947935, 0.9395392932321638, -3.7003843586651066, -0.7884343909531858, 0.9395316922191194, 1.612677336626992, 2.124141593693362, 1.375368022932251, -2.114394654663485, 6.7345278687223225, 1.3753952997778016, 2.619233796098608, -4.407806824862877, 0.9710501183878052, -1.4745334854319094, -0.8290895214950419, 0.9710543674213911, -0.04068567265365322, -5.8519373361190645, 0.10761652666977921, 0.10924167871245775, -0.07438438365910768, -0.0693323849228773, -0.04068567265365322, -0.4020877949398502, 4.019999007873838, -2.971935652972209, 1.4390767246515928, -5.8519373361190645], "data_imag": [0.0, 0.0, 0.0, 0.0, 0.0, 0.0, 0.0, 0.0, 0.0, 0.0, 0.0, 0.0, 0.0, 0.0, 0.0, 0.0, 0.0, 0.0, 0.0, 0.0, 0.0, 0.0, 0.0, 0.0, 0.0, 0.0, 0.0, 0.0, 0.0, 0.0, 0.0, 0.0, 0.0, 0.0, 0.0, 0.0, 0.0, 0.0]}, {"time": 6.129032258064516, "step_sample_count": 256, "data": [0.05999038724550566, 0.22948522258219317, -2.6735149613791536, -1.2247223783969563, 0.8134497142552859, 1.9671647294383585, -5.881494774190452, 0.8134325031859239, 0.766744483878702, -4.682490924765243, 0.9123128782635662, -3.3603540090107686, -0.6050896641484927, 0.9123052772467356, 1.8536249359365138, 2.5047042646023776, 1.4203059601422328, -2.58178182085337, 7.88766022747236, 1.420333236986903, 2.2801274040526, -4.6409574242859994, 0.9614422837179221, -1.8202727579594973, -1.0991550161607277, 0.9614465327616253, -0.03979621491188635, -6.160953426281058, 0.18263059270971294, 0.10032512571636863, -0.06770677798879296, -0.1464441612135348, -0.03979621491188635, -0.43417352116752217, 4.310047564035317, -3.2208005849628183, 1.510426729631644, -6.160953426281058], "data_imag": [4.1209692219606253e-19, -1.9777483156178246e-19, 0.0, 0.0, 0.0, 0.0, 0.0, 0.0, 0.0, 0.0, 0.0, 0.0, 0.0, 0.0, 0.0, 0.0, 0.0, 0.0, 0.0, 0.0, 0.0, 0.0, 0.0, 0.0, 0.0, 0.0, 0.0, 0.0, 0.0, 0.0, 0.0, 0.0, 0.0, 0.0, 0.0, 0.0, 0.0, 0.0]}, {"time": 6.451612903225806, "step_sample_count": 256, "data": [0.05874321911321801, 0.22846218671630103, -2.7066840969734196, -1.2348049014431055, 0.7563835338124879, 2.290510779508211, -6.262740486507357, 0.7563663227494817, 0.6543728596958734, -3.9820215759563222, 0.8661366410140403, -3.1111850596362443, -0.27201632550596455, 0.8661290399884509, 2.20244744007099, 3.16835838191769, 1.504749042183842, -3.037270824536398, 9.420511845281474, 1.504776318999236, 1.9272126588672112, -4.750373227740066, 0.9561880965215752, -2.0793583785964387, -1.34583625799534, 0.9561923456057244, -0.03322072668778997, -6.470614740496281, 0.2298049837685184, 0.07422070335562023, -0.04984836521684722, -0.20178697136281296, -0.03322072668778997, -0.4676197444088561, 4.601793027961177, -3.4706666537807545, 1.5842289009835686, -6.470614740496281], "data_imag": [-6.445703752649978e-19, 3.029131103046474e-19, 0.0, 0.0, 0.0, 0.0, 0.0, 0.0, 0.0, 0.0, 0.0, 0.0, 0.0, 0.0, 0.0, 0.0, 0.0, 0.0, 0.0, 0.0, 0.0, 0.0, 0.0, 0.0, 0.0, 0.0, 0.0, 0.0, 0.0, 0.0, 0.0, 0.0, 0.0, 0.0, 0.0, 0.0, 0.0, 0.0]}, {"time": 6.774193548387097, "step_sample_count": 256, "data": [0.057491705759049556, 0.2271530422533159, -2.5851347135922227, -1.2282081941876744, 0.7179114250389054, 2.4924495314578383, -6.345206074326344, 0.7178942139757342, 0.6638920959379154, -3.39620262363439, 0.8031947081680015, -2.921784743939971, 0.13314762717531914, 0.803187107143799, 2.6288879116584334, 3.9727691092534445, 1.6253637392312408, -3.455119305076561, 11.13342534672926, 1.6253910160269778, 1.6350271264760563, -4.7369783369828244, 0.9641205261099307, -2.2849798621865034, -1.459132346740615, 0.9641247751690208, -0.021605409883745735, -6.782730275097914, 0.24673863559913062, 0.047796670455890866, -0.03677736612630793, -0.232087553291941, -0.021605409883745735, -0.5061948390475765, 4.884859277989264, -3.709304170917217, 1.6660882658143499, -6.782730275097914], "data_imag": [-6.1910981800302e-20, 2.847494359133467e-20, 0.0, 0.0, 0.0, 0.0, 0.0, 0.0, 0.0, 0.0, 0.0, 0.0, 0.0, 0.0, 0.0, 0.0, 0.0, 0.0, 0.0, 0.0, 0.0, 0.0, 0.0, 0.0, 0.0, 0.0, 0.0, 0.0, 0.0, 0.0, 0.0, 0.0, 0.0, 0.0, 0.0, 0.0, 0.0, 0.0]}, {"time": 7.096774193548387, "step_sample_count": 256, "data": [0.05634780585385155, 0.2253968967368557, -2.30401175833121, -1.2192180545221472, 0.7153271391894134, 2.5598932992619505, -6.124689572925181, 0.7153099281309788, 0.7225458975666493, -2.9182958217418844, 0.7309193479747874, -2.7651929877217754, 0.5148715511521607, 0.7309117469485159, 3.056558023466326, 4.735273257140514, 1.7680556015303088, -3.7642313768787456, 12.693150682930087, 1.7680828783665168, 1.4174216024001167, -4.615280658207488, 0.9935067138222315, -2.4510636393565273, -1.4251518108161545, 0.993510962866155, -0.006105103906742285, -7.098453132737351, 0.23909337091537589, 0.029522356229691467, -0.035512171438791186, -0.24172156022745156, -0.006105103906742285, -0.5430954660196152, 5.150608526836302, -3.9267269470256867, 1.7504057036256586, -7.098453132737351], "data_imag": [8.328973803357155e-19, -3.7545551906670785e-19, 0.0, 0.0, 0.0, 0.0, 0.0, 0.0, 0.0, 0.0, 0.0, 0.0, 0.0, 0.0, 0.0, 0.0, 0.0, 0.0, 0.0, 0.0, 0.0, 0.0, 0.0, 0.0, 0.0, 0.0, 0.0, 0.0, 0.0, 0.0, 0.0, 0.0, 0.0, 0.0, 0.0, 0.0, 0.0, 0.0]}, {"time": 7.419354838709677, "step_sample_count": 256, "data": [0.05546852922989548, 0.223444963212656, -1.9349454879781414, -1.255060343123338, 0.7578744056969474, 2.546582381515253, -5.77611227713816, 0.7578571946470508, 0.7871934004666331, -2.5343902780882925, 0.661666936299848, -2.617619574496591, 0.8185878842429914, 0.6616593352662021, 3.439042322651421, 5.343436112839209, 1.9097901900097753, -3.933647899970141, 13.908397206321487, 1.909817466877795, 1.2621585845100334, -4.407265605828672, 1.0489189589978885, -2.5912006317699756, -1.2652396474344756, 1.0489232080146305, 0.011932924392615825, -7.418142529966566, 0.21719798260260342, 0.018208471703717383, -0.04335453688979119, -0.23972147019676812, 0.011932924392615825, -0.5726506677128783, 5.397423245356231, -4.120710766230295, 1.831880403705065, -7.418142529966566], "data_imag": [1.979526561966826e-18, -8.78411415710491e-19, 0.0, 0.0, 0.0, 0.0, 0.0, 0.0, 0.0, 0.0, 0.0, 0.0, 0.0, 0.0, 0.0, 0.0, 0.0, 0.0, 0.0, 0.0, 0.0, 0.0, 0.0, 0.0, 0.0, 0.0, 0.0, 0.0, 0.0, 0.0, 0.0, 0.0, 0.0, 0.0, 0.0, 0.0, 0.0, 0.0]}, {"time": 7.741935483870968, "step_sample_count": 256, "data": [0.054923405671268355, 0.2218335899022413, -1.538654812581153, -1.35815229355274, 0.8414740837626619, 2.4974376514887267, -5.429548981453303, 0.8414568727127515, 0.8359922727297987, -2.2281189538860873, 0.6097753372228054, -2.453785367471967, 1.0127136938873185, 0.6097677361924472, 3.776260437717079, 5.762905478391309, 2.0250158005061127, -3.9903637626635464, 14.772559561245195, 2.0250430773736765, 1.15508212229389, -4.131281537021459, 1.1286438025217056, -2.7149188401878406, -1.0034930679109781, 1.128648051548512, 0.031236299857521545, -7.7415005565567645, 0.18874407425636336, 0.011517298736709447, -0.0566958112771068, -0.23262707508133793, 0.031236299857521545, -0.5943359412405226, 5.630093467224809, -4.296231776817589, 1.90959400777423, -7.7415005565567645], "data_imag": [6.88645614629142e-19, -3.0258209964813028e-19, 0.0, 0.0, 0.0, 0.0, 0.0, 0.0, 0.0, 0.0, 0.0, 0.0, 0.0, 0.0, 0.0, 0.0, 0.0, 0.0, 0.0, 0.0, 0.0, 0.0, 0.0, 0.0, 0.0, 0.0, 0.0, 0.0, 0.0, 0.0, 0.0, 0.0, 0.0, 0.0, 0.0, 0.0, 0.0, 0.0]}, {"time": 8.064516129032258, "step_sample_count": 256, "data": [0.054601997215135596, 0.22107732951887704, -1.1368274326941559, -1.5092726626265027, 0.9484344920014706, 2.4288897513548466, -5.104668065222956, 0.948417280948444, 0.8563349243177294, -1.9882908718828622, 0.5869157842289279, -2.253105009648257, 1.0747845348394414, 0.5869081831997038, 4.085857004706193, 5.9919857522617574, 2.0950200676447497, -3.979761741121234, 15.348590855620753, 2.0950473445069675, 1.0848613142672456, -3.803193377693305, 1.2243723596008131, -2.8198067113021006, -0.6706642039804872, 1.2243766086300603, 0.0507703760780502, -8.067841124221568, 0.1573259552094376, 0.009177391944805255, -0.07426341911117929, -0.22301284125195994, 0.0507703760780502, -0.6097680746502643, 5.855143258558269, -4.460596154025803, 1.9843124580266296, -8.067841124221568], "data_imag": [-2.807472609416235e-19, 1.2263488928073173e-19, 0.0, 0.0, 0.0, 0.0, 0.0, 0.0, 0.0, 0.0, 0.0, 0.0, 0.0, 0.0, 0.0, 0.0, 0.0, 0.0, 0.0, 0.0, 0.0, 0.0, 0.0, 0.0, 0.0, 0.0, 0.0, 0.0, 0.0, 0.0, 0.0, 0.0, 0.0, 0.0, 0.0, 0.0, 0.0, 0.0]}, {"time": 8.387096774193548, "step_sample_count": 256, "data": [0.05426448777840376, 0.22139810948446845, -0.7359303184154679, -1.6643268954282338, 1.053202504879808, 2.348235806416962, -4.771400875379422, 1.053185293827425, 0.8403353809806048, -1.8094968391273045, 0.5981553057250817, -2.007371419719498, 0.9938309523675448, 0.598147704695503, 4.3975923594230455, 6.038507682234588, 2.1151277422180934, -3.9480425552976235, 15.722052490858065, 2.1151550190809028, 1.0395018018223898, -3.440076123458365, 1.3240522430568002, -2.8906679103767994, -0.31203748054071867, 1.3240564920858384, 0.06980669497820134, -8.396340766603277, 0.12475793155577486, 0.011613082315049815, -0.09575195603232822, -0.21180145716751045, 0.06980669497820134, -0.621288874680839, 6.079014983277779, -4.621303198846966, 2.0574482533619296, -8.396340766603277], "data_imag": [1.3098680023520538e-18, -5.686345296396414e-19, 0.0, 0.0, 0.0, 0.0, 0.0, 0.0, 0.0, 0.0, 0.0, 0.0, 0.0, 0.0, 0.0, 0.0, 0.0, 0.0, 0.0, 0.0, 0.0, 0.0, 0.0, 0.0, 0.0, 0.0, 0.0, 0.0, 0.0, 0.0, 0.0, 0.0, 0.0, 0.0, 0.0, 0.0, 0.0, 0.0]}, {"time": 8.709677419354838, "step_sample_count": 256, "data": [0.053730661306357244, 0.22269729408218125, -0.35804291202754296, -1.7572821090937654, 1.1309522179695768, 2.274326604767411, -4.405270653641065, 1.1309350069188413, 0.78611186323437, -1.6888022955372073, 0.6413566455379427, -1.7237558473154428, 0.7778873800062185, 0.6413490445086633, 4.749475600468473, 5.916926638327309, 2.0959295496431825, -3.93640485526116, 15.98827391776592, 2.095956826507005, 1.0026858714009148, -3.0625600765663283, 1.4162336273940817, -2.9054510055540175, 0.012495661919709966, 1.4162378764231198, 0.0880088647556517, -8.726205410767196, 0.09336789197710559, 0.01788939000084428, -0.11991491434781387, -0.200742488754037, 0.0880088647556517, -0.6312117834772036, 6.307564380039376, -4.785288797188982, 2.130559647798759, -8.726205410767196], "data_imag": [-2.138055147535722e-19, 9.190329358924444e-20, 0.0, 0.0, 0.0, 0.0, 0.0, 0.0, 0.0, 0.0, 0.0, 0.0, 0.0, 0.0, 0.0, 0.0, 0.0, 0.0, 0.0, 0.0, 0.0, 0.0, 0.0, 0.0, 0.0, 0.0, 0.0, 0.0, 0.0, 0.0, 0.0, 0.0, 0.0, 0.0, 0.0, 0.0, 0.0, 0.0]}, {"time": 9.032258064516128, "step_sample_count": 256, "data": [0.05302625325944434, 0.2246710593200548, -0.05358033295024881, -1.6963329542896686, 1.1652333538144177, 2.2470921765409377, -4.006229632487646, 1.1652161427636956, 0.7008435619989197, -1.6202933955146743, 0.7096262272343621, -1.4217674682394654, 0.45951992635465116, 0.7096186262036674, 5.162516997759156, 5.6735475948170055, 2.059332289572677, -3.963650611785482, 16.234148810812002, 2.0593595664364868, 0.9537106600779409, -2.6953716899891917, 1.4927650688829042, -2.844209300184292, 0.23673540628878909, 1.4927693179114725, 0.1055958144429325, -9.056755311059533, 0.06674084765094962, 0.02440687319768707, -0.14347009339480543, -0.19349360443694522, 0.1055958144429325, -0.6396999233718463, 6.544314591192804, -4.9570311273802306, 2.2032467941027525, -9.056755311059533], "data_imag": [6.412650260820789e-19, -2.7203105343561985e-19, 0.0, 0.0, 0.0, 0.0, 0.0, 0.0, 0.0, 0.0, 0.0, 0.0, 0.0, 0.0, 0.0, 0.0, 0.0, 0.0, 0.0, 0.0, 0.0, 0.0, 0.0, 0.0, 0.0, 0.0, 0.0, 0.0, 0.0, 0.0, 0.0, 0.0, 0.0, 0.0, 0.0, 0.0, 0.0, 0.0]}, {"time": 9.35483870967742, "step_sample_count": 256, "data": [0.05226180793605942, 0.22680901527324238, 0.1272460617013221, -1.4126635357466215, 1.1525782889321627, 2.3058319814858073, -3.5963045614610984, 1.152561077881705, 0.6027825495409361, -1.5889472538752183, 0.7935226136507432, -1.1273315183770305, 0.09822600808902207, 0.793515012620443, 5.610618476275736, 5.426133495180182, 2.0325168916755323, -4.006585550540956, 16.527136153826405, 2.0325441685393875, 0.8730559448116727, -2.362549879301076, 1.548989125513612, -2.694306666968355, 0.3038200098515072, 1.5489933745422446, 0.12336810993840382, -9.387479977533964, 0.04705564287920753, 0.02661606571192914, -0.16282170275624766, -0.19304898317804392, 0.12336810993840382, -0.6427783600092688, 6.788058599651946, -5.136011539154465, 2.271094191266318, -9.387479977533964], "data_imag": [-9.616512163701137e-19, 4.020610493713026e-19, 0.0, 0.0, 0.0, 0.0, 0.0, 0.0, 0.0, 0.0, 0.0, 0.0, 0.0, 0.0, 0.0, 0.0, 0.0, 0.0, 0.0, 0.0, 0.0, 0.0, 0.0, 0.0, 0.0, 0.0, 0.0, 0.0, 0.0, 0.0, 0.0, 0.0, 0.0, 0.0, 0.0, 0.0, 0.0, 0.0]}, {"time": 9.67741935483871, "step_sample_count": 256, "data": [0.05137454707374533, 0.2283602611554707, 0.1824992300552238, -0.9515885410653658, 1.1035809812207549, 2.449528433403143, -3.2213907298084483, 1.103563770169786, 0.5211450803257343, -1.5680005616045813, 0.8813815277326129, -0.8717658165831133, -0.21790133309891643, 0.881373926702555, 6.03709825840476, 5.316525823910843, 2.0415798993998573, -4.021621242350234, 16.90680682752677, 2.0416071762635566, 0.7526506162599073, -2.076164113258679, 1.5835658465291407, -2.4533756008063383, 0.19108753708022966, 1.5835700955579661, 0.1424243393328531, -9.718216440843188, 0.03087753416218029, 0.02274538892495842, -0.17745729422890952, -0.19717080168986104, 0.1424243393328531, -0.6351407468632861, 7.034098966077258, -5.317694748154792, 2.3286369388466177, -9.718216440843188], "data_imag": [1.3351921358179077e-18, -5.487591298725732e-19, 0.0, 0.0, 0.0, 0.0, 0.0, 0.0, 0.0, 0.0, 0.0, 0.0, 0.0, 0.0, 0.0, 0.0, 0.0, 0.0, 0.0, 0.0, 0.0, 0.0, 0.0, 0.0, 0.0, 0.0, 0.0, 0.0, 0.0, 0.0, 0.0, 0.0, 0.0, 0.0, 0.0, 0.0, 0.0, 0.0]}], "random_generator": {"seed": "very_nice_seed"}, "realworld_total_calculation_time": 10.619}