{"hamiltonian": {"U": 1.0, "E": 0.8, "J": 0.1, "phi": 2.5132741228718345, "type": "FirstOrderVariationalClassicalNetworkHamiltonian", "eta_calculation_sampler": {"system_geometry": {"type": "LinearChainNonPeriodicState", "size": 4}, "initial_system_state": {"type": "HomogenousInitialSystemState"}, "type": "ExactSampler"}, "psi_selection": {"type": "ChainDirectionDependentAllSameFirstOrder", "number_of_psis": 6, "J": 0.1}, "random_generator": {"seed": "46954944"}, "init_sigma": 1e-05, "pseudo_inverse_cutoff": 1e-10, "effective_time_step_size": 0.3225806451612903, "number_workers": 16, "variational_step_fraction_multiplier": 1, "ue_might_change": true, "ue_variational": true}, "start_time": 0.0, "time_step": 0.3225806451612903, "number_of_time_steps": 31, "sampler": {"system_geometry": {"type": "LinearChainNonPeriodicState", "size": 4}, "initial_system_state": {"type": "HomogenousInitialSystemState"}, "type": "ExactSampler"}, "observables": [{"type": "Energy", "label": "Energy per site"}, {"type": "EnergyVariance", "label": "Energy Variance per site"}, {"type": "VCNFactor", "label": "Re-Part of VCN Parameter 0", "param_real_part": true, "param_index": 0, "can_return_value": true}, {"type": "VCNFactor", "label": "Re-Part of VCN Parameter 1", "param_real_part": true, "param_index": 1, "can_return_value": true}, {"type": "VCNFactor", "label": "Re-Part of VCN Parameter 2", "param_real_part": true, "param_index": 2, "can_return_value": true}, {"type": "VCNFactor", "label": "Re-Part of VCN Parameter 3", "param_real_part": true, "param_index": 3, "can_return_value": true}, {"type": "VCNFactor", "label": "Re-Part of VCN Parameter 4", "param_real_part": true, "param_index": 4, "can_return_value": true}, {"type": "VCNFactor", "label": "Re-Part of VCN Parameter 5", "param_real_part": true, "param_index": 5, "can_return_value": true}, {"type": "VCNFactor", "label": "Im-Part of VCN Parameter 0", "param_real_part": false, "param_index": 0, "can_return_value": true}, {"type": "VCNFactor", "label": "Im-Part of VCN Parameter 1", "param_real_part": false, "param_index": 1, "can_return_value": true}, {"type": "VCNFactor", "label": "Im-Part of VCN Parameter 2", "param_real_part": false, "param_index": 2, "can_return_value": true}, {"type": "VCNFactor", "label": "Im-Part of VCN Parameter 3", "param_real_part": false, "param_index": 3, "can_return_value": true}, {"type": "VCNFactor", "label": "Im-Part of VCN Parameter 4", "param_real_part": false, "param_index": 4, "can_return_value": true}, {"type": "VCNFactor", "label": "Im-Part of VCN Parameter 5", "param_real_part": false, "param_index": 5, "can_return_value": true}, {"type": "BaseEnergyFactor", "label": "Re-Part of BE-Factor U", "param_real_part": true, "param_index": -1, "can_return_value": true, "kind": "U"}, {"type": "BaseEnergyFactor", "label": "Im-Part of BE-Factor U", "param_real_part": false, "param_index": -1, "can_return_value": true, "kind": "U"}, {"type": "BaseEnergyFactor", "label": "Re-Part of BE-Factor eps-0", "param_real_part": true, "param_index": 0, "can_return_value": true, "kind": "eps"}, {"type": "BaseEnergyFactor", "label": "Re-Part of BE-Factor eps-1", "param_real_part": true, "param_index": 1, "can_return_value": true, "kind": "eps"}, {"type": "BaseEnergyFactor", "label": "Re-Part of BE-Factor eps-2", "param_real_part": true, "param_index": 2, "can_return_value": true, "kind": "eps"}, {"type": "BaseEnergyFactor", "label": "Re-Part of BE-Factor eps-3", "param_real_part": true, "param_index": 3, "can_return_value": true, "kind": "eps"}, {"type": "BaseEnergyFactor", "label": "Re-Part of BE-Factor eps-4", "param_real_part": true, "param_index": 4, "can_return_value": true, "kind": "eps"}, {"type": "BaseEnergyFactor", "label": "Im-Part of BE-Factor eps-0", "param_real_part": false, "param_index": 0, "can_return_value": true, "kind": "eps"}, {"type": "BaseEnergyFactor", "label": "Im-Part of BE-Factor eps-1", "param_real_part": false, "param_index": 1, "can_return_value": true, "kind": "eps"}, {"type": "BaseEnergyFactor", "label": "Im-Part of BE-Factor eps-2", "param_real_part": false, "param_index": 2, "can_return_value": true, "kind": "eps"}, {"type": "BaseEnergyFactor", "label": "Im-Part of BE-Factor eps-3", "param_real_part": false, "param_index": 3, "can_return_value": true, "kind": "eps"}, {"type": "BaseEnergyFactor", "label": "Im-Part of BE-Factor eps-4", "param_real_part": false, "param_index": 4, "can_return_value": true, "kind": "eps"}], "measurements": [{"time": 0.0, "step_sample_count": 256, "data": [0.17499515035564026, 0.4530504236516649, -2.409211346512654e-05, 1.3364613742072939e-05, 1.5426940819682473e-06, -2.3095526437844924e-06, 2.9577584621232426e-06, -1.5668367408516222e-05, 1.0073359691169309e-05, -1.2604172898632618e-05, -1.1358230129747497e-05, 3.80637423358691e-06, 2.8480717089983352e-06, -1.895923534861108e-05, -2.4229613465669603e-06, 1.5791125000597532e-06, -1.1357545410297846e-05, 4.318272037258513e-06, -1.4618044943022195e-05, 1.2968369814907847e-06, -2.4229613465669603e-06, 1.2658790972584678e-05, -4.320935634434884e-06, -4.807979398987998e-06, -1.0283182688040512e-05, 1.5791125000597532e-06], "data_imag": [-1.075387878249898e-23, 1.505501307559791e-23, 0.0, 0.0, 0.0, 0.0, 0.0, 0.0, 0.0, 0.0, 0.0, 0.0, 0.0, 0.0, 0.0, 0.0, 0.0, 0.0, 0.0, 0.0, 0.0, 0.0, 0.0, 0.0, 0.0, 0.0]}, {"time": 0.3225806451612903, "step_sample_count": 256, "data": [0.17856559457672685, 0.45563589806052385, -2.2598952399288113e-05, 1.3662230692909622e-05, -5.526738014465731e-07, -2.2529401630812632e-06, 4.6213229620842164e-06, -1.7763735291931162e-05, 0.3070123620486355, 0.3069855291099334, 0.3225701591487, 0.3381649486520301, 0.3381639884878285, 0.3225625581431007, -2.4409272542680543e-06, -0.3225789334806042, -1.082265156349873e-05, 3.7899876412874263e-06, -1.446821051572436e-05, 1.125720468177703e-06, -2.4409272542680543e-06, -0.31159671936406647, -0.1043948069527074, 0.10438554429563461, 0.3115989458050156, -0.3225789334806042], "data_imag": [1.3892026056198306e-19, -1.984510314080347e-19, 0.0, 0.0, 0.0, 0.0, 0.0, 0.0, 0.0, 0.0, 0.0, 0.0, 0.0, 0.0, 0.0, 0.0, 0.0, 0.0, 0.0, 0.0, 0.0, 0.0, 0.0, 0.0, 0.0, 0.0]}, {"time": 0.6451612903225806, "step_sample_count": 256, "data": [0.18147343395713167, 0.45778028585069486, 0.0048512466073787185, -0.09074663423271243, 0.1127495986290753, 0.00941928229358653, -0.09400787236639087, 0.11273238756753882, 0.6164718796326694, 0.5808991542025839, 0.6197594292945776, 0.6577299968359633, 0.6645465169818029, 0.6197518282892167, 0.0013835152593310383, -0.6455190228586292, -0.007484623108507677, -0.000989748842715009, -0.0010142927704227935, 0.005482249732188987, 0.0013835152593310383, -0.6243314754564309, -0.2088573257565122, 0.2091228357624121, 0.624608529953421, -0.6455190228586292], "data_imag": [7.583044727016277e-19, -1.100896933169731e-18, 0.0, 0.0, 0.0, 0.0, 0.0, 0.0, 0.0, 0.0, 0.0, 0.0, 0.0, 0.0, 0.0, 0.0, 0.0, 0.0, 0.0, 0.0, 0.0, 0.0, 0.0, 0.0, 0.0, 0.0]}, {"time": 0.967741935483871, "step_sample_count": 256, "data": [0.18305566308107918, 0.4586897260763555, 0.0054291425938559805, -0.2559970898863699, 0.2998014175473005, 0.03200591761846371, -0.2788983997549612, 0.29978420648575993, 0.9317108599669637, 0.7762618491189444, 0.8310469572054923, 0.9210559036849869, 0.9750836734247582, 0.8310393562001588, 0.003698459002200302, -0.9702329344329859, -0.020959258705968736, -0.002363366801484806, -0.0029054298672661007, 0.01569429018753419, 0.003698459002200302, -0.9398046380896761, -0.31334868704589425, 0.31528172176731084, 0.9417492478668983, -0.9702329344329859], "data_imag": [6.886705346341184e-19, -1.0085203308947987e-18, 0.0, 0.0, 0.0, 0.0, 0.0, 0.0, 0.0, 0.0, 0.0, 0.0, 0.0, 0.0, 0.0, 0.0, 0.0, 0.0, 0.0, 0.0, 0.0, 0.0, 0.0, 0.0, 0.0, 0.0]}, {"time": 1.2903225806451613, "step_sample_count": 256, "data": [0.18298641977382993, 0.4578908842169808, -0.015145455351723392, -0.4614090876200604, 0.49789023589118847, 0.07429746632237036, -0.5441569564915248, 0.4978730248299241, 1.2585621292432863, 0.8493448000445069, 0.93838822511369, 1.0971373672050537, 1.2632515733222043, 0.9383806241080448, 0.005955253979846358, -1.2968919434532122, -0.03764415899228557, -0.003018131348258738, -0.005435410634068589, 0.029205266287776428, 0.005955253979846358, -1.259775620836529, -0.41804074875954356, 0.4231773077724966, 1.264929697070209, -1.2968919434532122], "data_imag": [1.8155717473615192e-18, -2.6577997911376063e-18, 0.0, 0.0, 0.0, 0.0, 0.0, 0.0, 0.0, 0.0, 0.0, 0.0, 0.0, 0.0, 0.0, 0.0, 0.0, 0.0, 0.0, 0.0, 0.0, 0.0, 0.0, 0.0, 0.0, 0.0]}, {"time": 1.6129032258064515, "step_sample_count": 256, "data": [0.18129815964258067, 0.4552688216732902, -0.08259510003373023, -0.6417938375489352, 0.6560756597887575, 0.15152224466273853, -0.8661654102503964, 0.6560584487274945, 1.6017233636471668, 0.7718568059363106, 0.9645364574074548, 1.1682099256518705, 1.5234250995354683, 0.9645288564018646, 0.007356350517668392, -1.6241804945671385, -0.05392147281246275, -0.002166773824492235, -0.008359040466274977, 0.04343514444764198, 0.007356350517668392, -1.5858029423042574, -0.5234120297767367, 0.532194073591057, 1.5946308189555822, -1.6241804945671385], "data_imag": [2.0096076693831806e-19, -2.914705376502292e-19, 0.0, 0.0, 0.0, 0.0, 0.0, 0.0, 0.0, 0.0, 0.0, 0.0, 0.0, 0.0, 0.0, 0.0, 0.0, 0.0, 0.0, 0.0, 0.0, 0.0, 0.0, 0.0, 0.0, 0.0]}, {"time": 1.935483870967742, "step_sample_count": 256, "data": [0.17846299764206733, 0.45124361090820464, -0.2280310707365632, -0.7028594578204724, 0.7514864269394184, 0.2891943211709427, -1.2080096193297072, 0.7514692158782352, 1.9520391502710464, 0.5643724906342787, 0.9484631940077569, 1.1386001700466475, 1.7625264020869431, 0.9484555930025518, 0.008049839491445844, -1.9502667071393607, -0.06608340318358759, 4.390310463656729e-05, -0.011630471976998258, 0.054567798084065026, 0.008049839491445844, -1.917793550731439, -0.6298603133577516, 0.6412049393923948, 1.929240967085492, -1.9502667071393607], "data_imag": [1.8703036635353462e-19, -2.6702399863636667e-19, 0.0, 0.0, 0.0, 0.0, 0.0, 0.0, 0.0, 0.0, 0.0, 0.0, 0.0, 0.0, 0.0, 0.0, 0.0, 0.0, 0.0, 0.0, 0.0, 0.0, 0.0, 0.0, 0.0, 0.0]}, {"time": 2.258064516129032, "step_sample_count": 256, "data": [0.17557386624655014, 0.4471075785716322, -0.4715274904768252, -0.57010616905232, 0.7833879593056423, 0.5073891292494976, -1.5359118970387928, 0.7833707482444608, 2.272176699766443, 0.3275264515405811, 0.9264746078515564, 1.0411413483721261, 2.0102743611498144, 0.9264670068463147, 0.00898291537794148, -2.2741115171681994, -0.0717703298358283, 0.0026883186775299925, -0.015314527210135667, 0.059237484804927125, 0.00898291537794148, -2.2523963627372128, -0.7371756735223998, 0.7492312666874918, 2.2646144250281184, -2.2741115171681994], "data_imag": [1.2123102295428828e-18, -1.702799952728693e-18, 0.0, 0.0, 0.0, 0.0, 0.0, 0.0, 0.0, 0.0, 0.0, 0.0, 0.0, 0.0, 0.0, 0.0, 0.0, 0.0, 0.0, 0.0, 0.0, 0.0, 0.0, 0.0, 0.0, 0.0]}, {"time": 2.5806451612903225, "step_sample_count": 256, "data": [0.1739307957663332, 0.4446819567155409, -0.7972392875690958, -0.2684521886276309, 0.7634994299549541, 0.7914335630678955, -1.844160157134631, 0.7634822188937722, 2.506499872355208, 0.2007007722647234, 0.9263901942740962, 0.9221567346113118, 2.303029331979453, 0.9263825932689644, 0.011004890047537939, -2.5960158384434577, -0.07201380547300194, 0.004682125686952051, -0.019259578015425244, 0.05753391332812664, 0.011004890047537939, -2.5840777518098665, -0.8445236505871804, 0.8559258977132516, 2.5956616733484115, -2.5960158384434577], "data_imag": [-8.22500187970176e-19, 1.1444648976928903e-18, 0.0, 0.0, 0.0, 0.0, 0.0, 0.0, 0.0, 0.0, 0.0, 0.0, 0.0, 0.0, 0.0, 0.0, 0.0, 0.0, 0.0, 0.0, 0.0, 0.0, 0.0, 0.0, 0.0, 0.0]}, {"time": 2.903225806451613, "step_sample_count": 256, "data": [0.17398812211056935, 0.4449737898546229, -1.1565938873361499, 0.086524860130683, 0.7114883256986854, 1.0897344381200795, -2.1474049204221455, 0.7114711146373954, 2.61783521112976, 0.2533778026066535, 0.9672847943989844, 0.8052472910848252, 2.6489038720730593, 0.9672771933937794, 0.01407220076574993, -2.917375119730449, -0.07067791001444201, 0.0053766984423021, -0.022946175794477337, 0.053206436342245755, 0.01407220076574993, -2.9091754108845413, -0.9510790721945519, 0.9618549244582136, 2.920091288776285, -2.917375119730449], "data_imag": [3.0350089387006127e-19, -4.2244440466664937e-19, 0.0, 0.0, 0.0, 0.0, 0.0, 0.0, 0.0, 0.0, 0.0, 0.0, 0.0, 0.0, 0.0, 0.0, 0.0, 0.0, 0.0, 0.0, 0.0, 0.0, 0.0, 0.0, 0.0, 0.0]}, {"time": 3.225806451612903, "step_sample_count": 256, "data": [0.17522245899659036, 0.44755892790882074, -1.5031560233850088, 0.3895683822118488, 0.6536860471126246, 1.3481140430059366, -2.449571498900137, 0.6536688360513415, 2.6040618081258398, 0.46317076295844006, 1.0579817804204499, 0.6803274755087902, 3.0336924496500517, 1.0579741794150983, 0.017095002703471935, -3.2399569082300115, -0.07089453523516027, 0.0051449684462453885, -0.02585546881298123, 0.05030621451880046, 0.017095002703471935, -3.2280504880519802, -1.0567279381679622, 1.0683228746696802, 3.2397082583510075, -3.2399569082300115], "data_imag": [-4.728456202712792e-19, 6.628253784776121e-19, 0.0, 0.0, 0.0, 0.0, 0.0, 0.0, 0.0, 0.0, 0.0, 0.0, 0.0, 0.0, 0.0, 0.0, 0.0, 0.0, 0.0, 0.0, 0.0, 0.0, 0.0, 0.0, 0.0, 0.0]}, {"time": 3.5483870967741935, "step_sample_count": 256, "data": [0.17690474165350042, 0.4512993347965357, -1.8114417011817385, 0.5850877343440587, 0.6193322987578792, 1.5353792807446356, -2.7493347770803562, 0.6193150876965937, 2.4866894350630706, 0.7813230684849691, 1.1926182720346163, 0.5234274673005914, 3.454832101252289, 1.1926106710293747, 0.018485935538092392, -3.5648642270075444, -0.07305175095593645, 0.005447123339885714, -0.027839569870403078, 0.05083185102662497, 0.018485935538092392, -3.543983563666215, -1.1620932293487252, 1.1764816416189925, 3.558372292055999, -3.5648642270075444], "data_imag": [-3.1434432314761037e-19, 4.448720102133797e-19, 0.0, 0.0, 0.0, 0.0, 0.0, 0.0, 0.0, 0.0, 0.0, 0.0, 0.0, 0.0, 0.0, 0.0, 0.0, 0.0, 0.0, 0.0, 0.0, 0.0, 0.0, 0.0, 0.0, 0.0]}, {"time": 3.870967741935484, "step_sample_count": 256, "data": [0.17846277916906908, 0.4550059040599315, -2.0720840271268606, 0.6444158028577662, 0.6310452341498276, 1.647203763843223, -3.061885603626119, 0.6310280230885504, 2.2992493499407574, 1.1665573547257053, 1.3480337016380688, 0.3138681587901142, 3.926048082890267, 1.3480261006330838, 0.01700145988202576, -3.8917114964531816, -0.07529778191142136, 0.007926933467826776, -0.028971354855391845, 0.05446495951005875, 0.01700145988202576, -3.86128632070025, -1.2681062564021826, 1.286523284148154, 3.879694255233861, -3.8917114964531816], "data_imag": [-2.3542656940015064e-19, 3.361190389231249e-19, 0.0, 0.0, 0.0, 0.0, 0.0, 0.0, 0.0, 0.0, 0.0, 0.0, 0.0, 0.0, 0.0, 0.0, 0.0, 0.0, 0.0, 0.0, 0.0, 0.0, 0.0, 0.0, 0.0, 0.0]}, {"time": 4.193548387096774, "step_sample_count": 256, "data": [0.17945040802183446, 0.45771869076482835, -2.2839987104148127, 0.5498479657218831, 0.6929101318292269, 1.700594498589492, -3.4213337885273196, 0.6928929207675123, 2.082233638901608, 1.5820381391855824, 1.4902666758981988, 0.03896156203637474, 4.464328040800547, 1.4902590748938005, 0.01219931989156133, -4.2186439732213765, -0.07484158089694445, 0.01350334132775542, -0.02935837439073086, 0.05917186331986456, 0.01219931989156133, -4.184010659629022, -1.3756098506386882, 1.3976199279845627, 4.206052793637453, -4.2186439732213765], "data_imag": [-1.1166488833932097e-18, 1.6030647819362988e-18, 0.0, 0.0, 0.0, 0.0, 0.0, 0.0, 0.0, 0.0, 0.0, 0.0, 0.0, 0.0, 0.0, 0.0, 0.0, 0.0, 0.0, 0.0, 0.0, 0.0, 0.0, 0.0, 0.0, 0.0]}, {"time": 4.516129032258064, "step_sample_count": 256, "data": [0.1795447128324179, 0.4588914085669235, -2.454011110221918, 0.29519156527235874, 0.7861248729300598, 1.7284181633025828, -3.8741467992323924, 0.7861076618690878, 1.8815620143515763, 1.9894567299446384, 1.5899780177818823, -0.30810129181353363, 5.084591579976703, 1.5899704167763105, 0.004374334699686401, -4.543156250861024, -0.06891590641198987, 0.022019760110149847, -0.029115926916767815, 0.061892080486568676, 0.004374334699686401, -4.515633737467432, -1.4850524027330485, 1.5083140928736085, 4.538966906707353, -4.543156250861024], "data_imag": [5.730696158282716e-19, -8.231329568549687e-19, 0.0, 0.0, 0.0, 0.0, 0.0, 0.0, 0.0, 0.0, 0.0, 0.0, 0.0, 0.0, 0.0, 0.0, 0.0, 0.0, 0.0, 0.0, 0.0, 0.0, 0.0, 0.0, 0.0, 0.0]}, {"time": 4.838709677419355, "step_sample_count": 256, "data": [0.17859023153827377, 0.4584445209672417, -2.6010792728861922, -0.10687181412260105, 0.8788398951627631, 1.7772891309305636, -4.473825818912114, 0.8788226841017147, 1.745536427910057, 2.351289795813464, 1.63632376168642, -0.7320658578665729, 5.8028060610079555, 1.636316160680958, -0.005496551669006141, -4.863246241756292, -0.055167669011522404, 0.03211253283630906, -0.02832394324311823, 0.05887521967329636, -0.005496551669006141, -4.859138357866768, -1.5962860488083623, 1.617003486929961, 4.879886640037288, -4.863246241756292], "data_imag": [1.758476891420405e-18, -2.512374361547792e-18, 0.0, 0.0, 0.0, 0.0, 0.0, 0.0, 0.0, 0.0, 0.0, 0.0, 0.0, 0.0, 0.0, 0.0, 0.0, 0.0, 0.0, 0.0, 0.0, 0.0, 0.0, 0.0, 0.0, 0.0]}, {"time": 5.161290322580645, "step_sample_count": 256, "data": [0.17660079089558142, 0.45663026622153935, -2.758658517149885, -0.6158790733954934, 0.9433752737087905, 1.9047969074035138, -5.271613152829029, 0.9433580626547932, 1.7182259893675969, 2.643880006898372, 1.6385875881508312, -1.239846616153526, 6.646694497693339, 1.6385799871378879, -0.015651938215583652, -5.178375563143222, -0.031469212964614086, 0.04121223287964246, -0.026893706569928226, 0.04564313451999488, -0.015651938215583652, -5.216767126000497, -1.708617653628378, 1.7225301645952897, 5.2305369327066895, -5.178375563143222], "data_imag": [5.070294602285929e-19, -7.163344294698338e-19, 0.0, 0.0, 0.0, 0.0, 0.0, 0.0, 0.0, 0.0, 0.0, 0.0, 0.0, 0.0, 0.0, 0.0, 0.0, 0.0, 0.0, 0.0, 0.0, 0.0, 0.0, 0.0, 0.0, 0.0]}, {"time": 5.483870967741935, "step_sample_count": 256, "data": [0.17381040243159776, 0.45389702992270214, -2.9692369470658297, -1.1605392895819766, 0.9665185746139384, 2.169153582184768, -6.2976342605011055, 0.9665013635352415, 1.835757438493438, 2.8868983765561884, 1.6169262811122977, -1.8441961695599653, 7.685111037323892, 1.6169186801240172, -0.023777181865570183, -5.489647752090675, 0.004427190220398128, 0.04606732373407306, -0.024420422172487556, 0.01728165433138161, -0.023777181865570183, -5.589674639558973, -1.8213311172503304, 1.8248594715968485, 5.592801109128668, -5.489647752090675], "data_imag": [-3.219656526093538e-19, 4.476878371934703e-19, 0.0, 0.0, 0.0, 0.0, 0.0, 0.0, 0.0, 0.0, 0.0, 0.0, 0.0, 0.0, 0.0, 0.0, 0.0, 0.0, 0.0, 0.0, 0.0, 0.0, 0.0, 0.0, 0.0, 0.0]}, {"time": 5.806451612903226, "step_sample_count": 256, "data": [0.17083768382952372, 0.4508827120154977, -3.261957718946425, -1.6559620291365333, 0.9483151163734795, 2.603815531356387, -7.5300397700459385, 0.9482979052952122, 2.1345903632624204, 3.1844131503563164, 1.5924476614958394, -2.5694890544853943, 9.08327529061899, 1.5924400605071738, -0.027734563030389407, -5.799239729298517, 0.0536812959022771, 0.043999617932582794, -0.020374207359173252, -0.029464754358942608, -0.027734563030389407, -5.978580115343319, -1.9341937635942257, 1.9253326769334969, 5.969132359816516, -5.799239729298517], "data_imag": [-1.2339710573827303e-18, 1.6864700588474717e-18, 0.0, 0.0, 0.0, 0.0, 0.0, 0.0, 0.0, 0.0, 0.0, 0.0, 0.0, 0.0, 0.0, 0.0, 0.0, 0.0, 0.0, 0.0, 0.0, 0.0, 0.0, 0.0, 0.0, 0.0]}, {"time": 6.129032258064516, "step_sample_count": 256, "data": [0.16860024563379675, 0.4482362834877729, -3.592829657844747, -2.0227669820253316, 0.8968314111070842, 3.156513393866123, -8.792160483072323, 0.8968142000338768, 2.671427149673988, 3.729379572452812, 1.5822774725180377, -3.4652025612419397, 11.141044713624192, 1.582269871521139, -0.026277877311307034, -6.109724807832659, 0.11068111467932398, 0.03418468899335328, -0.014670656272159754, -0.0899245046546456, -0.026277877311307034, -6.385963208721833, -2.047089046472346, 2.0259588915841893, 6.364276314200266, -6.109724807832659], "data_imag": [9.365864349253532e-19, -1.263269623885572e-18, 0.0, 0.0, 0.0, 0.0, 0.0, 0.0, 0.0, 0.0, 0.0, 0.0, 0.0, 0.0, 0.0, 0.0, 0.0, 0.0, 0.0, 0.0, 0.0, 0.0, 0.0, 0.0, 0.0, 0.0]}, {"time": 6.451612903225806, "step_sample_count": 256, "data": [0.1677010119474219, 0.44619539983506207, -3.711093003140803, -2.0895985265432837, 0.8253931039238342, 3.5554249936440208, -9.384825504380998, 0.8253758928668536, 3.473106461564984, 4.658471191517603, 1.5982383709133188, -4.552553527237702, 14.043352052306345, 1.5982307698368392, -0.019315081044535835, -6.423502292526553, 0.14944557666842467, 0.017951227266700485, -0.007982595762584583, -0.13774558136909246, -0.019315081044535835, -6.811712561076682, -2.159299384743605, 2.128293881747189, 6.780382464330024, -6.423502292526553], "data_imag": [1.459054936302326e-18, -1.9574799144382503e-18, 0.0, 0.0, 0.0, 0.0, 0.0, 0.0, 0.0, 0.0, 0.0, 0.0, 0.0, 0.0, 0.0, 0.0, 0.0, 0.0, 0.0, 0.0, 0.0, 0.0, 0.0, 0.0, 0.0, 0.0]}, {"time": 6.774193548387097, "step_sample_count": 256, "data": [0.16796356629907233, 0.4447378657184434, -3.2267701830725954, -1.5848276054827355, 0.7519899298205976, 3.378963290204428, -8.216709929103345, 0.7519727187431884, 4.152063621977048, 5.592816466756361, 1.6460811901946444, -5.438516898005875, 16.62277918937599, 1.6460735890729834, -0.007843847689792892, -6.742171299736411, 0.13010002598573633, -0.0019166975197367174, -0.0014136052965693256, -0.1314897079903886, -0.007843847689792892, -7.215188969186757, -2.269523304208012, 2.2328883833446307, 7.1785196215346145, -6.742171299736411], "data_imag": [-2.5516464831813077e-19, 3.4286691459969483e-19, 0.0, 0.0, 0.0, 0.0, 0.0, 0.0, 0.0, 0.0, 0.0, 0.0, 0.0, 0.0, 0.0, 0.0, 0.0, 0.0, 0.0, 0.0, 0.0, 0.0, 0.0, 0.0, 0.0, 0.0]}, {"time": 7.096774193548387, "step_sample_count": 256, "data": [0.16911766013449028, 0.4442799269991413, -2.608264348043152, -1.0490430801037196, 0.6971039117875483, 3.059929050867268, -6.738507413875628, 0.6970867006926421, 4.299425095679393, 6.061971566408618, 1.7239463606279701, -5.706598797666875, 17.575230496732587, 1.723938759495307, 0.006294850292509832, -7.065988915557007, 0.09829256230294162, -0.022464386337223398, 0.004295581959250638, -0.11451849049484475, 0.006294850292509832, -7.554614023819989, -2.376688297981356, 2.3395159558978196, 7.517622606368777, -7.065988915557007], "data_imag": [8.900931592958182e-19, -1.2042437792145986e-18, 0.0, 0.0, 0.0, 0.0, 0.0, 0.0, 0.0, 0.0, 0.0, 0.0, 0.0, 0.0, 0.0, 0.0, 0.0, 0.0, 0.0, 0.0, 0.0, 0.0, 0.0, 0.0, 0.0, 0.0]}, {"time": 7.419354838709677, "step_sample_count": 256, "data": [0.17119829642198803, 0.44518549768129456, -2.16005550089712, -0.8040359951176671, 0.6800902794732394, 2.8728621921627986, -5.856564715887668, 0.6800730683789349, 4.296755751557419, 6.373316189206326, 1.8192500961122773, -5.731761598363682, 17.972217048739754, 1.8192424949799626, 0.020823534229623825, -7.394143778212222, 0.08286686851562045, -0.04163682463092114, 0.009315924103631294, -0.11334500961314321, 0.020823534229623825, -7.868098375281786, -2.4801844869136627, 2.4474175185530687, 7.8356230278234635, -7.394143778212222], "data_imag": [1.776434047763139e-19, -2.4329798614645273e-19, 0.0, 0.0, 0.0, 0.0, 0.0, 0.0, 0.0, 0.0, 0.0, 0.0, 0.0, 0.0, 0.0, 0.0, 0.0, 0.0, 0.0, 0.0, 0.0, 0.0, 0.0, 0.0, 0.0, 0.0]}, {"time": 7.741935483870968, "step_sample_count": 256, "data": [0.17360785429864584, 0.4474606303522071, -1.787319243457536, -0.7430160368479177, 0.7108161005689436, 2.701704664830358, -5.250797568356435, 0.7107988894749763, 4.280477802245761, 6.602009871271601, 1.907671047849808, -5.648333795074623, 18.1624794848301, 1.9076634467175482, 0.03342260687201036, -7.725311701633938, 0.07276868635129191, -0.05800919281543228, 0.014164843254801425, -0.11490912159241551, 0.03342260687201036, -8.170257166301548, -2.5798933791859993, 2.5555090916143186, 8.146209311024343, -7.725311701633938], "data_imag": [1.0388748029108339e-18, -1.4428546033462271e-18, 0.0, 0.0, 0.0, 0.0, 0.0, 0.0, 0.0, 0.0, 0.0, 0.0, 0.0, 0.0, 0.0, 0.0, 0.0, 0.0, 0.0, 0.0, 0.0, 0.0, 0.0, 0.0, 0.0, 0.0]}, {"time": 8.064516129032258, "step_sample_count": 256, "data": [0.17558872929426586, 0.4505988152534206, -1.43629177170485, -0.7887727879789843, 0.7817504555444635, 2.4845329741011097, -4.726883153019999, 0.7817332444427882, 4.299155748085305, 6.74871421200708, 1.9632730889224783, -5.504250055124119, 18.244384825446346, 1.96326548778866, 0.042616363133669045, -8.058021805485458, 0.061405705140127914, -0.07091226078050658, 0.01921119839604387, -0.11155207710752438, 0.042616363133669045, -8.467906129142591, -2.6765056434656738, 2.6628651239245964, 8.45462828588082, -8.058021805485458], "data_imag": [1.3909201306427726e-19, -1.9538391863150302e-19, 0.0, 0.0, 0.0, 0.0, 0.0, 0.0, 0.0, 0.0, 0.0, 0.0, 0.0, 0.0, 0.0, 0.0, 0.0, 0.0, 0.0, 0.0, 0.0, 0.0, 0.0, 0.0, 0.0, 0.0]}, {"time": 8.387096774193548, "step_sample_count": 256, "data": [0.17652000194444706, 0.4536719972269768, -1.0846233119135746, -0.8872234301576991, 0.8699123855494645, 2.2049765564414803, -4.191434215121945, 0.869895174441759, 4.395344783919146, 6.813209601719228, 1.9713215995221018, -5.341517198756482, 18.30342444906045, 1.97131399838733, 0.048279714812939925, -8.390806152289159, 0.04579520144054959, -0.08038368396354673, 0.024365425876433977, -0.10041555498071764, 0.048279714812939925, -8.767765507346008, -2.7713796496624394, 2.7688682533762266, 8.765649451984094, -8.390806152289159], "data_imag": [3.7831745393858096e-19, -5.342447816388526e-19, 0.0, 0.0, 0.0, 0.0, 0.0, 0.0, 0.0, 0.0, 0.0, 0.0, 0.0, 0.0, 0.0, 0.0, 0.0, 0.0, 0.0, 0.0, 0.0, 0.0, 0.0, 0.0, 0.0, 0.0]}, {"time": 8.709677419354838, "step_sample_count": 256, "data": [0.17607985014988353, 0.45567008684994326, -0.741652318479868, -0.9978428203170032, 0.9470737448904811, 1.890453352182836, -3.6408861021662333, 0.947056533779241, 4.603946622446365, 6.789941716363906, 1.9351300446794264, -5.196337669019112, 18.406109293561396, 1.9351224435437926, 0.05157257492001217, -8.722265650657945, 0.02636427784964262, -0.08697177956219064, 0.029005576790414912, -0.0831134272494221, 0.05157257492001217, -9.075605730520708, -2.8661813638450204, 2.873250835687553, 9.083113438912493, -8.722265650657945], "data_imag": [3.520327928712823e-19, -4.958870513329632e-19, 0.0, 0.0, 0.0, 0.0, 0.0, 0.0, 0.0, 0.0, 0.0, 0.0, 0.0, 0.0, 0.0, 0.0, 0.0, 0.0, 0.0, 0.0, 0.0, 0.0, 0.0, 0.0, 0.0, 0.0]}, {"time": 9.032258064516128, "step_sample_count": 256, "data": [0.1742929799583467, 0.45585484007387056, -0.43999027226565723, -1.0707948140330203, 0.9908556832724588, 1.5991709884279899, -3.1169501231374594, 0.9908384721611767, 4.932839482108015, 6.6642350636222725, 1.8722396125417342, -5.0847672722978166, 18.562030691864088, 1.8722320114062472, 0.05443878570229211, -9.05138859131533, 0.00581452485120398, -0.09158955846193717, 0.0321810273543842, -0.06422755333604564, 0.05443878570229211, -9.393735044842545, -2.9622474205117317, 2.976061158641551, 9.408040005306432, -9.05138859131533], "data_imag": [1.5677271034235549e-19, -2.1859506289372676e-19, 0.0, 0.0, 0.0, 0.0, 0.0, 0.0, 0.0, 0.0, 0.0, 0.0, 0.0, 0.0, 0.0, 0.0, 0.0, 0.0, 0.0, 0.0, 0.0, 0.0, 0.0, 0.0, 0.0, 0.0]}, {"time": 9.35483870967742, "step_sample_count": 256, "data": [0.17159062440618117, 0.4540080592334623, -0.2161552685779226, -1.031824011271196, 0.9898803828763343, 1.3940337598182233, -2.645590226021758, 0.9898631717668218, 5.355097709758879, 6.4446352950983306, 1.80547090744073, -4.998808151684793, 18.744375285244224, 1.8054633063054815, 0.058970393989411236, -9.377941340050201, -0.012918478446719346, -0.09548831807079153, 0.0330299976028064, -0.048791937143971724, 0.058970393989411236, -9.720064211390508, -3.059941025614599, 3.0774916283262916, 9.738163386784334, -9.377941340050201], "data_imag": [-8.452148403664718e-20, 1.1602475377268294e-19, 0.0, 0.0, 0.0, 0.0, 0.0, 0.0, 0.0, 0.0, 0.0, 0.0, 0.0, 0.0, 0.0, 0.0, 0.0, 0.0, 0.0, 0.0, 0.0, 0.0, 0.0, 0.0, 0.0, 0.0]}, {"time": 9.67741935483871, "step_sample_count": 256, "data": [0.16891223003235306, 0.4506486907758867, -0.09135603449565995, -0.8203072754072954, 0.943160765913936, 1.3166046022963487, -2.2294138807365003, 0.943143554803847, 5.8152406932171745, 6.203761596217031, 1.7572804277283962, -4.91331451079753, 18.944112847956667, 1.7572728265929642, 0.06688592925140832, -9.702549433530281, -0.028453235885605832, -0.10012157259147496, 0.031125807403610973, -0.04001451611872479, 0.06688592925140832, -10.04903173162871, -3.1584649335380774, 3.1776612614473994, 10.068815056840641, -9.702549433530281], "data_imag": [-1.0936845599367503e-19, 1.477893583766953e-19, 0.0, 0.0, 0.0, 0.0, 0.0, 0.0, 0.0, 0.0, 0.0, 0.0, 0.0, 0.0, 0.0, 0.0, 0.0, 0.0, 0.0, 0.0, 0.0, 0.0, 0.0, 0.0, 0.0, 0.0]}], "random_generator": {"seed": "very_nice_seed"}, "realworld_total_calculation_time": 2.497}