{"hamiltonian": {"U": 1.0, "E": 0.8, "J": 0.1, "phi": 2.5132741228718345, "type": "FirstOrderVariationalClassicalNetworkHamiltonian", "eta_calculation_sampler": {"system_geometry": {"type": "SquareSystemNonPeriodicState", "size": 2}, "initial_system_state": {"type": "HomogenousInitialSystemState"}, "type": "ExactSampler"}, "psi_selection": {"type": "SquareDirectionDependentAllSameFirstOrder", "number_of_psis": 12, "J": 0.1}, "random_generator": {"seed": "46954944"}, "init_sigma": 1e-05, "pseudo_inverse_cutoff": 1e-10, "effective_time_step_size": 0.3225806451612903, "number_workers": 16, "variational_step_fraction_multiplier": 1, "ue_might_change": true, "ue_variational": true}, "start_time": 0.0, "time_step": 0.3225806451612903, "number_of_time_steps": 31, "sampler": {"system_geometry": {"type": "SquareSystemNonPeriodicState", "size": 2}, "initial_system_state": {"type": "HomogenousInitialSystemState"}, "type": "ExactSampler"}, "observables": [{"type": "Energy", "label": "Energy per site"}, {"type": "EnergyVariance", "label": "Energy Variance per site"}, {"type": "VCNFactor", "label": "Re-Part of VCN Parameter 0", "param_real_part": true, "param_index": 0, "can_return_value": true}, {"type": "VCNFactor", "label": "Re-Part of VCN Parameter 1", "param_real_part": true, "param_index": 1, "can_return_value": true}, {"type": "VCNFactor", "label": "Re-Part of VCN Parameter 2", "param_real_part": true, "param_index": 2, "can_return_value": true}, {"type": "VCNFactor", "label": "Re-Part of VCN Parameter 3", "param_real_part": true, "param_index": 3, "can_return_value": true}, {"type": "VCNFactor", "label": "Re-Part of VCN Parameter 4", "param_real_part": true, "param_index": 4, "can_return_value": true}, {"type": "VCNFactor", "label": "Re-Part of VCN Parameter 5", "param_real_part": true, "param_index": 5, "can_return_value": true}, {"type": "VCNFactor", "label": "Re-Part of VCN Parameter 6", "param_real_part": true, "param_index": 6, "can_return_value": true}, {"type": "VCNFactor", "label": "Re-Part of VCN Parameter 7", "param_real_part": true, "param_index": 7, "can_return_value": true}, {"type": "VCNFactor", "label": "Re-Part of VCN Parameter 8", "param_real_part": true, "param_index": 8, "can_return_value": true}, {"type": "VCNFactor", "label": "Re-Part of VCN Parameter 9", "param_real_part": true, "param_index": 9, "can_return_value": true}, {"type": "VCNFactor", "label": "Re-Part of VCN Parameter 10", "param_real_part": true, "param_index": 10, "can_return_value": true}, {"type": "VCNFactor", "label": "Re-Part of VCN Parameter 11", "param_real_part": true, "param_index": 11, "can_return_value": true}, {"type": "VCNFactor", "label": "Im-Part of VCN Parameter 0", "param_real_part": false, "param_index": 0, "can_return_value": true}, {"type": "VCNFactor", "label": "Im-Part of VCN Parameter 1", "param_real_part": false, "param_index": 1, "can_return_value": true}, {"type": "VCNFactor", "label": "Im-Part of VCN Parameter 2", "param_real_part": false, "param_index": 2, "can_return_value": true}, {"type": "VCNFactor", "label": "Im-Part of VCN Parameter 3", "param_real_part": false, "param_index": 3, "can_return_value": true}, {"type": "VCNFactor", "label": "Im-Part of VCN Parameter 4", "param_real_part": false, "param_index": 4, "can_return_value": true}, {"type": "VCNFactor", "label": "Im-Part of VCN Parameter 5", "param_real_part": false, "param_index": 5, "can_return_value": true}, {"type": "VCNFactor", "label": "Im-Part of VCN Parameter 6", "param_real_part": false, "param_index": 6, "can_return_value": true}, {"type": "VCNFactor", "label": "Im-Part of VCN Parameter 7", "param_real_part": false, "param_index": 7, "can_return_value": true}, {"type": "VCNFactor", "label": "Im-Part of VCN Parameter 8", "param_real_part": false, "param_index": 8, "can_return_value": true}, {"type": "VCNFactor", "label": "Im-Part of VCN Parameter 9", "param_real_part": false, "param_index": 9, "can_return_value": true}, {"type": "VCNFactor", "label": "Im-Part of VCN Parameter 10", "param_real_part": false, "param_index": 10, "can_return_value": true}, {"type": "VCNFactor", "label": "Im-Part of VCN Parameter 11", "param_real_part": false, "param_index": 11, "can_return_value": true}, {"type": "BaseEnergyFactor", "label": "Re-Part of BE-Factor U", "param_real_part": true, "param_index": -1, "can_return_value": true, "kind": "U"}, {"type": "BaseEnergyFactor", "label": "Im-Part of BE-Factor U", "param_real_part": false, "param_index": -1, "can_return_value": true, "kind": "U"}, {"type": "BaseEnergyFactor", "label": "Re-Part of BE-Factor eps-0", "param_real_part": true, "param_index": 0, "can_return_value": true, "kind": "eps"}, {"type": "BaseEnergyFactor", "label": "Re-Part of BE-Factor eps-1", "param_real_part": true, "param_index": 1, "can_return_value": true, "kind": "eps"}, {"type": "BaseEnergyFactor", "label": "Re-Part of BE-Factor eps-2", "param_real_part": true, "param_index": 2, "can_return_value": true, "kind": "eps"}, {"type": "BaseEnergyFactor", "label": "Re-Part of BE-Factor eps-3", "param_real_part": true, "param_index": 3, "can_return_value": true, "kind": "eps"}, {"type": "BaseEnergyFactor", "label": "Re-Part of BE-Factor eps-4", "param_real_part": true, "param_index": 4, "can_return_value": true, "kind": "eps"}, {"type": "BaseEnergyFactor", "label": "Im-Part of BE-Factor eps-0", "param_real_part": false, "param_index": 0, "can_return_value": true, "kind": "eps"}, {"type": "BaseEnergyFactor", "label": "Im-Part of BE-Factor eps-1", "param_real_part": false, "param_index": 1, "can_return_value": true, "kind": "eps"}, {"type": "BaseEnergyFactor", "label": "Im-Part of BE-Factor eps-2", "param_real_part": false, "param_index": 2, "can_return_value": true, "kind": "eps"}, {"type": "BaseEnergyFactor", "label": "Im-Part of BE-Factor eps-3", "param_real_part": false, "param_index": 3, "can_return_value": true, "kind": "eps"}, {"type": "BaseEnergyFactor", "label": "Im-Part of BE-Factor eps-4", "param_real_part": false, "param_index": 4, "can_return_value": true, "kind": "eps"}], "measurements": [{"time": 0.0, "step_sample_count": 256, "data": [0.06150994716214185, 0.23217153648874098, -2.409211346512654e-05, 1.3364613742072939e-05, 1.5426940819682473e-06, -2.3095526437844924e-06, 2.9577584621232426e-06, -1.5668367408516222e-05, 1.0073359691169309e-05, -1.2604172898632618e-05, -1.1358230129747497e-05, 3.80637423358691e-06, 2.8480717089983352e-06, -1.895923534861108e-05, -1.1357545410297846e-05, 4.318272037258513e-06, -1.4618044943022195e-05, 1.2968369814907847e-06, -2.4229613465669603e-06, 1.2658790972584678e-05, -4.320935634434884e-06, -4.807979398987998e-06, -1.0283182688040512e-05, 1.5791125000597532e-06, 1.6795899010380995e-05, -6.0341603244068835e-06, 7.2706396032623796e-06, -2.5990623020784137e-06, 2.105483127674879e-05, 1.1085069673905734e-05, -9.132533945527703e-06, -1.2101228867378676e-06, 7.2706396032623796e-06, -5.612770751019133e-06, -2.3901402852107364e-06, -7.7877375531777e-06, 4.464171819755137e-06, -2.5990623020784137e-06], "data_imag": [-8.271351266177394e-25, 4.0701630347366896e-25, 0.0, 0.0, 0.0, 0.0, 0.0, 0.0, 0.0, 0.0, 0.0, 0.0, 0.0, 0.0, 0.0, 0.0, 0.0, 0.0, 0.0, 0.0, 0.0, 0.0, 0.0, 0.0, 0.0, 0.0, 0.0, 0.0, 0.0, 0.0, 0.0, 0.0, 0.0, 0.0, 0.0, 0.0, 0.0, 0.0]}, {"time": 0.3225806451612903, "step_sample_count": 256, "data": [0.06580564499158881, 0.23530253666047654, -2.5574361520128594e-05, 1.389820383353526e-05, 1.7370296317954828e-06, -2.17630246673773e-06, 1.978474378721892e-06, -1.5474031858688987e-05, 1.0561220009068168e-05, -1.275211536477848e-05, -1.2021422817657618e-05, 3.051540530478831e-06, 3.990282545766423e-06, -1.9622428036521208e-05, 0.31223685435167065, 0.3122440098343803, 0.32257014196574385, 0.3329180621734968, 0.33291101386124894, 0.3225974188018795, 0.33008317852732144, 0.3300827998578087, 0.322574839794132, 0.31507249591869824, 0.3150843178882999, 0.3225790888164956, 7.174830759607685e-06, -0.32258311109502186, 2.101747184944672e-05, 1.0978299169128863e-05, -9.515128326456611e-06, -4.970656188174604e-07, 7.174830759607685e-06, 0.00027570443444424977, 0.20699157499738338, -0.1499086587314249, 0.05681393245468137, -0.32258311109502186], "data_imag": [2.922102975328201e-19, -1.538326968186504e-19, 0.0, 0.0, 0.0, 0.0, 0.0, 0.0, 0.0, 0.0, 0.0, 0.0, 0.0, 0.0, 0.0, 0.0, 0.0, 0.0, 0.0, 0.0, 0.0, 0.0, 0.0, 0.0, 0.0, 0.0, 0.0, 0.0, 0.0, 0.0, 0.0, 0.0, 0.0, 0.0, 0.0, 0.0, 0.0, 0.0]}, {"time": 0.6451612903225806, "step_sample_count": 256, "data": [0.06942388311168576, 0.237914573955105, 0.0076708020034710975, -0.0887800944322124, 0.11997034788835681, 0.01242997148295605, -0.09095077262277972, 0.11995313682683252, 0.011591867891412005, -0.09192521609483197, 0.12079323719152385, 0.008134013780630436, -0.09033676647978282, 0.12078563618630485, 0.6258326601314514, 0.5916554546326735, 0.6179818354574779, 0.6462593501557818, 0.6544217178486442, 0.6180091122935402, 0.6467254513506931, 0.648955362826694, 0.6211460395256831, 0.631951034259548, 0.6033176608559925, 0.6211502885480467, 0.0029962649665520734, -0.6460222171897134, -0.003717277067249912, 0.00915708042984294, -0.013141663875490662, -0.00024691286725951736, 0.0029962649665520734, 0.0005729369647970708, 0.4165136211066249, -0.3016250919076552, 0.11432009943100346, -0.6460222171897134], "data_imag": [8.1359430111793e-19, -4.518630052891591e-19, 0.0, 0.0, 0.0, 0.0, 0.0, 0.0, 0.0, 0.0, 0.0, 0.0, 0.0, 0.0, 0.0, 0.0, 0.0, 0.0, 0.0, 0.0, 0.0, 0.0, 0.0, 0.0, 0.0, 0.0, 0.0, 0.0, 0.0, 0.0, 0.0, 0.0, 0.0, 0.0, 0.0, 0.0, 0.0, 0.0]}, {"time": 0.967741935483871, "step_sample_count": 256, "data": [0.07161499172796672, 0.23911556095495368, 0.01581872046435031, -0.2555174482809436, 0.31785538375923794, 0.03748146731642648, -0.2698188329583386, 0.31783817269770653, 0.03406642535536106, -0.27807395172615085, 0.3254797429899755, 0.018201399146817017, -0.26759730430211165, 0.3254721419847596, 0.941570839565356, 0.7930708613678403, 0.8191577510834078, 0.8984852038988662, 0.9624970877738105, 0.8191850279194701, 0.9200792160169513, 0.9540066189534953, 0.8323333311883402, 0.9523255627985577, 0.8299854023734794, 0.8323375802107037, 0.008262088969305269, -0.9733632509698493, -0.010258394831021278, 0.026479321429321228, -0.03727864872256585, -0.0005185476688206135, 0.008262088969305269, 0.0016752402367142493, 0.6333548592841466, -0.4573357948617918, 0.17434683646295474, -0.9733632509698493], "data_imag": [4.595612322897603e-19, -2.6329179079140284e-19, 0.0, 0.0, 0.0, 0.0, 0.0, 0.0, 0.0, 0.0, 0.0, 0.0, 0.0, 0.0, 0.0, 0.0, 0.0, 0.0, 0.0, 0.0, 0.0, 0.0, 0.0, 0.0, 0.0, 0.0, 0.0, 0.0, 0.0, 0.0, 0.0, 0.0, 0.0, 0.0, 0.0, 0.0, 0.0, 0.0]}, {"time": 1.2903225806451613, "step_sample_count": 256, "data": [0.07197855031735557, 0.23826802080811862, 0.008641531826689761, -0.4746179945143344, 0.5221795460328542, 0.07302810398903581, -0.5253516309714881, 0.5221623349713197, 0.06524627904968194, -0.5578105028246214, 0.5489989590746691, 0.017938508594341693, -0.5206368831016686, 0.5489913580692377, 1.2650675243955098, 0.8650892310684346, 0.9080591712009165, 1.0527248447089836, 1.2489768280290674, 0.9080864480369788, 1.1230932402742877, 1.2351349499308624, 0.9358977953754744, 1.283202807834134, 0.9503344171171916, 0.9359020443978379, 0.01358524154843784, -1.3055323848534175, -0.017567515300403104, 0.050626359095999066, -0.06831833844375135, -9.866022168587249e-05, 0.01358524154843784, 0.003672102416688282, 0.8613716175411834, -0.6199211466862983, 0.23778485416754253, -1.3055323848534175], "data_imag": [-1.637701427967744e-19, 9.430349971022508e-20, 0.0, 0.0, 0.0, 0.0, 0.0, 0.0, 0.0, 0.0, 0.0, 0.0, 0.0, 0.0, 0.0, 0.0, 0.0, 0.0, 0.0, 0.0, 0.0, 0.0, 0.0, 0.0, 0.0, 0.0, 0.0, 0.0, 0.0, 0.0, 0.0, 0.0, 0.0, 0.0, 0.0, 0.0, 0.0, 0.0]}, {"time": 1.6129032258064515, "step_sample_count": 256, "data": [0.07039019827721148, 0.23507594446334173, -0.04308297600151282, -0.6829956366799228, 0.6765873310787827, 0.12438065956419411, -0.8300684797401541, 0.6765701200169933, 0.10955114461989568, -0.9192085259746877, 0.7386259973276629, -0.014008095644210253, -0.8110778080265146, 0.7386183963222306, 1.6057563571880127, 0.7611172521198275, 0.9161757692696497, 1.0851230274176005, 1.501183664395174, 0.9162030461056387, 1.236533611524203, 1.4754756220399599, 0.9567675696975008, 1.6385551874082736, 0.913697267263412, 0.9567718187197909, 0.016381204010175277, -1.6401355119279961, -0.023269752894123162, 0.07861243672103893, -0.10049340273159126, 0.0014165282634241985, 0.016381204010175277, 0.005494678837284266, 1.102631038491798, -0.7934316200072725, 0.3037191884732362, -1.6401355119279961], "data_imag": [1.136265859454293e-18, -6.398558331409104e-19, 0.0, 0.0, 0.0, 0.0, 0.0, 0.0, 0.0, 0.0, 0.0, 0.0, 0.0, 0.0, 0.0, 0.0, 0.0, 0.0, 0.0, 0.0, 0.0, 0.0, 0.0, 0.0, 0.0, 0.0, 0.0, 0.0, 0.0, 0.0, 0.0, 0.0, 0.0, 0.0, 0.0, 0.0, 0.0, 0.0]}, {"time": 1.935483870967742, "step_sample_count": 256, "data": [0.06705994301667452, 0.22978818648809096, -0.18136575910221597, -0.7642499841664913, 0.7618314367758089, 0.21628509984070132, -1.1359639533698274, 0.7618142257140277, 0.1894364093657787, -1.3329770082195023, 0.8746306791709331, -0.1106378332820938, -1.0529757647418025, 0.874623078165566, 1.9615075843611627, 0.4822354032092287, 0.892304124552572, 0.9971974606313092, 1.7165726690200511, 0.8923314013886343, 1.2535290817391793, 1.6604051695513475, 0.9351290049912159, 2.0293534137317097, 0.6872522731156918, 0.9351332540140195, 0.016283872946316974, -1.97334544674925, -0.026100510333058064, 0.10350861398169692, -0.12655009591032002, 0.0030938727206154242, 0.016283872946316974, 0.006255895088932701, 1.3563696276406934, -0.9805222567525474, 0.36959177510595376, -1.97334544674925], "data_imag": [6.564325592908639e-19, -3.521626401626812e-19, 0.0, 0.0, 0.0, 0.0, 0.0, 0.0, 0.0, 0.0, 0.0, 0.0, 0.0, 0.0, 0.0, 0.0, 0.0, 0.0, 0.0, 0.0, 0.0, 0.0, 0.0, 0.0, 0.0, 0.0, 0.0, 0.0, 0.0, 0.0, 0.0, 0.0, 0.0, 0.0, 0.0, 0.0, 0.0, 0.0]}, {"time": 2.258064516129032, "step_sample_count": 256, "data": [0.06300267079891148, 0.22371148090660348, -0.44462186038801843, -0.5928556450062199, 0.786005340889573, 0.3821679497531386, -1.391094667705776, 0.7859881298277973, 0.34549798654711594, -1.7554848474157048, 0.9597981860633311, -0.31613869166755015, -1.116120163093025, 0.9597905850579637, 2.2923918312806553, 0.14346535222577234, 0.8755200107559968, 0.8316337051977872, 1.9260650476901677, 0.8755472875921692, 1.1902555462481326, 1.7943661407088751, 0.9013948758526357, 2.4396085198946453, 0.30822239606629215, 0.9013991248754759, 0.015129851057035626, -2.303060757536584, -0.027087958244265367, 0.11556692937440316, -0.1385562425130379, 0.004180939565899121, 0.015129851057035626, 0.0071665871114353595, 1.6163954977486683, -1.176879556157607, 0.4322635711423101, -2.303060757536584], "data_imag": [1.0345699784173545e-18, -5.214453741493239e-19, 0.0, 0.0, 0.0, 0.0, 0.0, 0.0, 0.0, 0.0, 0.0, 0.0, 0.0, 0.0, 0.0, 0.0, 0.0, 0.0, 0.0, 0.0, 0.0, 0.0, 0.0, 0.0, 0.0, 0.0, 0.0, 0.0, 0.0, 0.0, 0.0, 0.0, 0.0, 0.0, 0.0, 0.0, 0.0, 0.0]}, {"time": 2.5806451612903225, "step_sample_count": 256, "data": [0.060116983187923766, 0.2193776128528678, -0.8250612445312497, -0.1721593806597882, 0.7686237251653957, 0.6178226378922591, -1.5869611286698475, 0.7686065141046566, 0.6054034206574812, -2.1559548974617777, 1.0036830600685067, -0.6604213749698675, -0.9107881214277351, 1.0036754590631427, 2.523032906968979, -0.041648012051987204, 0.8895916159074762, 0.6641513305517018, 2.1892619704890453, 0.8896188927433918, 1.1020049282092614, 1.9152123422783827, 0.873200539158695, 2.8047227082028865, -0.06329144051571789, 0.8732047881814619, 0.01488167671704256, -2.6295424928765163, -0.030164638738246423, 0.11006810158207798, -0.1336419331451476, 0.0068308648330714095, 0.01488167671704256, 0.009569178217943746, 1.869843068770072, -1.3693423281304302, 0.49062418722070755, -2.6295424928765163], "data_imag": [-1.0519716868352702e-18, 5.059309136931822e-19, 0.0, 0.0, 0.0, 0.0, 0.0, 0.0, 0.0, 0.0, 0.0, 0.0, 0.0, 0.0, 0.0, 0.0, 0.0, 0.0, 0.0, 0.0, 0.0, 0.0, 0.0, 0.0, 0.0, 0.0, 0.0, 0.0, 0.0, 0.0, 0.0, 0.0, 0.0, 0.0, 0.0, 0.0, 0.0, 0.0]}, {"time": 2.903225806451613, "step_sample_count": 256, "data": [0.05967840399866752, 0.21890932399094765, -1.2503177679040625, 0.31166592295472195, 0.7328260447577559, 0.8615696930856178, -1.773621585695729, 0.7328088336970108, 0.9320759041648656, -2.557258671364097, 1.0163699627569371, -1.106910896241684, -0.5345092115049045, 1.0163623617515731, 2.6022965866065624, 0.05260062411187266, 0.9457661245112897, 0.5417795257177412, 2.531978139327357, 0.9457934013471503, 1.0564923678638865, 2.0645476277145733, 0.860712170535033, 3.0421415685476916, -0.23252457339368368, 0.8607164195577631, 0.01616521972958274, -2.954286125544969, -0.03819839836345994, 0.09443418028843363, -0.11976154878824699, 0.01348958995768259, 0.01616521972958274, 0.01117125226718193, 2.1058200953263726, -1.545710530789539, 0.548201514226182, -2.954286125544969], "data_imag": [1.3753179491353437e-18, -6.566142415609429e-19, 0.0, 0.0, 0.0, 0.0, 0.0, 0.0, 0.0, 0.0, 0.0, 0.0, 0.0, 0.0, 0.0, 0.0, 0.0, 0.0, 0.0, 0.0, 0.0, 0.0, 0.0, 0.0, 0.0, 0.0, 0.0, 0.0, 0.0, 0.0, 0.0, 0.0, 0.0, 0.0, 0.0, 0.0, 0.0, 0.0]}, {"time": 3.225806451612903, "step_sample_count": 256, "data": [0.06081706934661541, 0.2215559515432439, -1.6357169002185188, 0.6683951204815235, 0.7027624878258271, 1.0529080087844758, -1.9942261646809452, 0.7027452767645064, 1.249897482478457, -3.008914378704719, 1.0088492037435124, -1.5726360448529313, -0.19778697954847896, 1.00884160273815, 2.546846751987683, 0.3583243996265871, 1.0432846119388386, 0.44783003600633714, 2.920493738331084, 1.0433118887740207, 1.062698760419126, 2.233728875269481, 0.8690235088857848, 3.1381483184858205, -0.18504327002387308, 0.8690277579085149, 0.018100648947599465, -3.2790990404185263, -0.04944684193082996, 0.07987816500625432, -0.10717985965598875, 0.02341556570035275, 0.018100648947599465, 0.009693610894379987, 2.3260983420918815, -1.706391059960952, 0.6086867807670606, -3.2790990404185263], "data_imag": [-2.964757223788545e-19, 1.4424627654002147e-19, 0.0, 0.0, 0.0, 0.0, 0.0, 0.0, 0.0, 0.0, 0.0, 0.0, 0.0, 0.0, 0.0, 0.0, 0.0, 0.0, 0.0, 0.0, 0.0, 0.0, 0.0, 0.0, 0.0, 0.0, 0.0, 0.0, 0.0, 0.0, 0.0, 0.0, 0.0, 0.0, 0.0, 0.0, 0.0, 0.0]}, {"time": 3.5483870967741935, "step_sample_count": 256, "data": [0.06236962244131998, 0.22540665735564047, -1.9407442051188486, 0.8370599233725011, 0.700512955781006, 1.1773591699054855, -2.254557015087961, 0.7004957447196896, 1.530372155063032, -3.5441154704259583, 0.9946403106364742, -2.0259630002727453, 0.005419694449867202, 0.9946327096312481, 2.4146866384655272, 0.7430693431408897, 1.1682536555686687, 0.3450253211857388, 3.3192949910985554, 1.1682809324038508, 1.0895664702553989, 2.394351740650575, 0.8981211049930266, 3.138556533633559, -0.02758857381274174, 0.8981253540163434, 0.01921462675030057, -3.605352542473144, -0.06217523341234346, 0.06923603956687654, -0.09720536016662455, 0.036131926452045236, 0.01921462675030057, 0.005195865661433084, 2.5389187587502113, -1.8587675023370351, 0.6731092559975994, -3.605352542473144], "data_imag": [-1.4115438480370063e-18, 7.042996548914881e-19, 0.0, 0.0, 0.0, 0.0, 0.0, 0.0, 0.0, 0.0, 0.0, 0.0, 0.0, 0.0, 0.0, 0.0, 0.0, 0.0, 0.0, 0.0, 0.0, 0.0, 0.0, 0.0, 0.0, 0.0, 0.0, 0.0, 0.0, 0.0, 0.0, 0.0, 0.0, 0.0, 0.0, 0.0, 0.0, 0.0]}, {"time": 3.870967741935484, "step_sample_count": 256, "data": [0.06410587166536398, 0.2295569012792051, -2.1688521603538096, 0.8329117185831927, 0.7381715775090542, 1.2466938334374136, -2.5551539387299305, 0.7381543664476995, 1.7866648223933244, -4.211346185108815, 0.9864972567745783, -2.4935075940496962, 0.06715954694626201, 0.9864896557694173, 2.254619231433968, 1.1224351887178785, 1.295972062038918, 0.21136748248051893, 3.716025058800734, 1.2959993388741182, 1.1253188148867628, 2.5137569582122636, 0.942582148938666, 3.066269455841642, 0.17158010929567014, 0.9425863979615795, 0.01803984722732182, -3.933304945477255, -0.0763132015588229, 0.059882174932146, -0.08586219398244266, 0.052629988215485854, 0.01803984722732182, -0.0030909946413453957, 2.7496656475622494, -2.0082693502757403, 0.7423115636780371, -3.933304945477255], "data_imag": [-9.846577153518484e-19, 5.0497872907724875e-19, 0.0, 0.0, 0.0, 0.0, 0.0, 0.0, 0.0, 0.0, 0.0, 0.0, 0.0, 0.0, 0.0, 0.0, 0.0, 0.0, 0.0, 0.0, 0.0, 0.0, 0.0, 0.0, 0.0, 0.0, 0.0, 0.0, 0.0, 0.0, 0.0, 0.0, 0.0, 0.0, 0.0, 0.0, 0.0, 0.0]}, {"time": 4.193548387096774, "step_sample_count": 256, "data": [0.06594366759087571, 0.23353707187755093, -2.338214699133616, 0.6840066934318204, 0.8108139741104101, 1.2778614007931117, -2.9037216404342683, 0.8107967630489608, 2.0422042710828356, -5.08497797774402, 0.9915786390600716, -3.0164366806682095, -0.021381568626863023, 0.9915710380546314, 2.08989832879488, 1.456165003713992, 1.3992404597022239, 0.03441477500238882, 4.107172786655136, 1.3992677365373876, 1.1840342596007287, 2.515179928882999, 0.9919240189450085, 2.8966000077658576, 0.37452166918344676, 0.9919282679685821, 0.013439096402359081, -4.262153077915714, -0.09221958954142274, 0.04825849449921855, -0.06871231362695175, 0.07417145698962069, 0.013439096402359081, -0.018376402914436867, 2.9604202340812216, -2.157776821683228, 0.8186251776216709, -4.262153077915714], "data_imag": [-8.917735650419048e-20, 4.704545563156283e-20, 0.0, 0.0, 0.0, 0.0, 0.0, 0.0, 0.0, 0.0, 0.0, 0.0, 0.0, 0.0, 0.0, 0.0, 0.0, 0.0, 0.0, 0.0, 0.0, 0.0, 0.0, 0.0, 0.0, 0.0, 0.0, 0.0, 0.0, 0.0, 0.0, 0.0, 0.0, 0.0, 0.0, 0.0, 0.0, 0.0]}, {"time": 4.516129032258064, "step_sample_count": 256, "data": [0.06748795114774214, 0.23674643141099078, -2.46537558942349, 0.41649512585682363, 0.8982534105638524, 1.2909076080530437, -3.3114438543405016, 0.8982361995023808, 2.322596493241717, -6.24623039168041, 1.0094309302192326, -3.624731514840835, -0.28495613021478305, 1.009423329213787, 1.925827784797819, 1.726027572823849, 1.4603468377391746, -0.19763954473619785, 4.49268749708925, 1.46037411457421, 1.307962477174078, 2.229469909830704, 1.0345512425760308, 2.5593252392447328, 0.5258345895968243, 1.0345554915996962, 0.005025659641289369, -4.590310691720743, -0.11006299620694723, 0.030396262482934436, -0.04160282157990426, 0.10126428644963414, 0.005025659641289369, -0.047288894738052895, 3.170012574564346, -2.307426542350322, 0.9071542806783506, -4.590310691720743], "data_imag": [-2.0287975885030842e-18, 1.0953551403324257e-18, 0.0, 0.0, 0.0, 0.0, 0.0, 0.0, 0.0, 0.0, 0.0, 0.0, 0.0, 0.0, 0.0, 0.0, 0.0, 0.0, 0.0, 0.0, 0.0, 0.0, 0.0, 0.0, 0.0, 0.0, 0.0, 0.0, 0.0, 0.0, 0.0, 0.0, 0.0, 0.0, 0.0, 0.0, 0.0, 0.0]}, {"time": 4.838709677419355, "step_sample_count": 256, "data": [0.06801249317804388, 0.23842926880320758, -2.5598580155419417, 0.05578110891049143, 0.9750539346268594, 1.3121292815292465, -3.7896925804766086, 0.9750367235634577, 2.6393337419358076, -7.713148554170077, 1.0335934689000006, -4.309198379948982, -0.7391820165265646, 1.0335858678946168, 1.76494257781621, 1.9238761020417003, 1.4783251116286782, -0.4963412431705405, 4.87947768035461, 1.4783523884639886, 1.5955010128455758, 1.3057380551436704, 1.0631796320554092, 1.927983922091199, 0.5031137432035582, 1.0631838810790561, -0.006544713655070672, -4.9157860736578805, -0.128095151048965, 0.003197875757662283, -0.002207350123171928, 0.13151989716713172, -0.006544713655070672, -0.10225085534275316, 3.371026416395091, -2.4513827377210227, 1.0184739120375417, -4.9157860736578805], "data_imag": [-6.685597857858858e-19, 3.637633429590162e-19, 0.0, 0.0, 0.0, 0.0, 0.0, 0.0, 0.0, 0.0, 0.0, 0.0, 0.0, 0.0, 0.0, 0.0, 0.0, 0.0, 0.0, 0.0, 0.0, 0.0, 0.0, 0.0, 0.0, 0.0, 0.0, 0.0, 0.0, 0.0, 0.0, 0.0, 0.0, 0.0, 0.0, 0.0, 0.0, 0.0]}, {"time": 5.161290322580645, "step_sample_count": 256, "data": [0.06666122315253618, 0.23795757694097985, -2.627341320482589, -0.3637940096655478, 1.0214771697998026, 1.377196382249892, -4.346648618351066, 1.0214599587377815, 2.873011650760515, -9.074449049551463, 1.056005339241048, -4.905072022295825, -1.262195137784027, 1.0559977382376384, 1.6256700496153624, 2.0464261588376393, 1.4669500250253682, -0.8678776994550155, 5.289476734899469, 1.4669773018632457, 2.241351152443765, -0.903402122238536, 1.0773081120632588, 0.7988392857134248, 0.064977570382867, 1.0773123610901698, -0.01955835855211368, -5.236844237437062, -0.1311428065612986, -0.024056705211610654, 0.03836975300989363, 0.14799878683075757, -0.01955835855211368, -0.20447494579279166, 3.545351068482451, -2.5729372907561756, 1.172221312000341, -5.236844237437062], "data_imag": [-9.16662200967372e-19, 4.888465882734476e-19, 0.0, 0.0, 0.0, 0.0, 0.0, 0.0, 0.0, 0.0, 0.0, 0.0, 0.0, 0.0, 0.0, 0.0, 0.0, 0.0, 0.0, 0.0, 0.0, 0.0, 0.0, 0.0, 0.0, 0.0, 0.0, 0.0, 0.0, 0.0, 0.0, 0.0, 0.0, 0.0, 0.0, 0.0, 0.0, 0.0]}, {"time": 5.483870967741935, "step_sample_count": 256, "data": [0.06291098271839392, 0.23516623850193846, -2.6851787393234314, -0.7816481655506486, 1.0295229021953431, 1.529543687777998, -4.983776533962343, 1.0295056911300484, 2.3954003958421053, -8.336121714255883, 1.0708397424855423, -4.728252382726589, -1.1979501647897002, 1.0708321414822881, 1.5522527956079406, 2.107336731991089, 1.4469866783136383, -1.3060684873919235, 5.774361787496105, 1.4470139551659282, 3.176939510754907, -4.251811864222384, 1.0814957596112431, -0.7402689787516457, -0.8016570974350186, 1.081500008637439, -0.03157722515158331, -5.552834273963643, -0.05328707833377361, 0.008292611223817376, 0.017906905844939675, 0.08215200106280678, -0.03157722515158331, -0.3470870008269392, 3.6996309828416623, -2.679269840958397, 1.3610062329178976, -5.552834273963643], "data_imag": [1.2509960705418216e-20, -6.2961113739708185e-21, 0.0, 0.0, 0.0, 0.0, 0.0, 0.0, 0.0, 0.0, 0.0, 0.0, 0.0, 0.0, 0.0, 0.0, 0.0, 0.0, 0.0, 0.0, 0.0, 0.0, 0.0, 0.0, 0.0, 0.0, 0.0, 0.0, 0.0, 0.0, 0.0, 0.0, 0.0, 0.0, 0.0, 0.0, 0.0, 0.0]}, {"time": 5.806451612903226, "step_sample_count": 256, "data": [0.058898862385736266, 0.23044398692329918, -2.7776558390307944, -1.1092611413210518, 1.0038059504597852, 1.8080716206275973, -5.6966874430804495, 1.0037887393952771, 1.4037874632980782, -5.958061698251168, 1.073866253698487, -3.929351629545573, -0.650940643304464, 1.0738586527061902, 1.595972689994706, 2.1808900106458524, 1.4390228040960122, -1.7888949562459182, 6.436901801584739, 1.439050080948018, 3.0993772680770157, -4.84398348945352, 1.0825509877897799, -1.3439382353852263, -0.9015572666990387, 1.0825552368088611, -0.039969777111382304, -5.864586106137451, 0.08766502796818915, 0.07778520295279047, -0.04382002835959785, -0.05104445815222079, -0.039969777111382304, -0.3977469091467587, 3.962252780038643, -2.898027699173848, 1.4533704013663518, -5.864586106137451], "data_imag": [-2.981948522676085e-19, 1.405067005427586e-19, 0.0, 0.0, 0.0, 0.0, 0.0, 0.0, 0.0, 0.0, 0.0, 0.0, 0.0, 0.0, 0.0, 0.0, 0.0, 0.0, 0.0, 0.0, 0.0, 0.0, 0.0, 0.0, 0.0, 0.0, 0.0, 0.0, 0.0, 0.0, 0.0, 0.0, 0.0, 0.0, 0.0, 0.0, 0.0, 0.0]}, {"time": 6.129032258064516, "step_sample_count": 256, "data": [0.05508747488968486, 0.2259553364193461, -2.943967959240649, -1.2993797828476907, 0.9558198523897952, 2.219517373674617, -6.4838829458745675, 0.9558026413456667, 0.9107168522776189, -4.815094568331057, 1.0584547922891951, -3.499005005387967, -0.4522504953141461, 1.0584471913136753, 1.7773675475540978, 2.438235193191837, 1.4610447086893414, -2.2881737868861216, 7.439479718993995, 1.4610719855183438, 2.7356448667528395, -4.892710276560267, 1.0811654927748298, -1.6865285805399677, -1.0165718506174317, 1.081169741774355, -0.042775688661228294, -6.173611299606722, 0.18900265108370587, 0.08255344525019781, -0.04675558840024473, -0.15060049960075345, -0.042775688661228294, -0.42676783387035555, 4.2571479499148595, -3.1516564563753975, 1.5214159965015888, -6.173611299606722], "data_imag": [5.530132752394327e-19, -2.43712839307317e-19, 0.0, 0.0, 0.0, 0.0, 0.0, 0.0, 0.0, 0.0, 0.0, 0.0, 0.0, 0.0, 0.0, 0.0, 0.0, 0.0, 0.0, 0.0, 0.0, 0.0, 0.0, 0.0, 0.0, 0.0, 0.0, 0.0, 0.0, 0.0, 0.0, 0.0, 0.0, 0.0, 0.0, 0.0, 0.0, 0.0]}, {"time": 6.451612903225806, "step_sample_count": 256, "data": [0.05235971625633641, 0.22311971496425884, -3.145163061141121, -1.4339143804908028, 0.902283708290773, 2.6996920023196096, -7.321141644306705, 0.9022664972484651, 0.6872228918699077, -4.018219514542821, 1.0251016220041897, -3.206260737594048, -0.18198333556071283, 1.0250940209828923, 2.1192178608433334, 3.047840946019635, 1.5215475078262275, -2.8170696541595355, 8.986775305701777, 1.5215747846518928, 2.3235004875297056, -4.924152261036792, 1.0815836286563114, -1.944602245158488, -1.248573471244918, 1.081587877739149, -0.03925761905699966, -6.48221635984478, 0.26583369801755546, 0.052672349871684454, -0.021713167873791264, -0.2323896278309276, -0.03925761905699966, -0.458438504338866, 4.561203021019555, -3.414764248615928, 1.5920189755995267, -6.48221635984478], "data_imag": [9.881743992254002e-19, -4.139242492417411e-19, 0.0, 0.0, 0.0, 0.0, 0.0, 0.0, 0.0, 0.0, 0.0, 0.0, 0.0, 0.0, 0.0, 0.0, 0.0, 0.0, 0.0, 0.0, 0.0, 0.0, 0.0, 0.0, 0.0, 0.0, 0.0, 0.0, 0.0, 0.0, 0.0, 0.0, 0.0, 0.0, 0.0, 0.0, 0.0, 0.0]}, {"time": 6.774193548387097, "step_sample_count": 256, "data": [0.05101031584250188, 0.22176786565254195, -3.2402514874664514, -1.5655158010336778, 0.861980088028153, 3.102993985685165, -7.968393308623515, 0.8619628771913994, 0.6524686796972088, -3.371640656671494, 0.9744829432470474, -2.9969266497998217, 0.2176839048422191, 0.974475342225402, 2.685557581566755, 4.014595937720475, 1.6202932736427216, -3.4492501379236895, 11.223985260319887, 1.6203205497658573, 1.9603463817332558, -4.895774156806886, 1.0912065428702262, -2.150933018163789, -1.4206991846817525, 1.0912107919542373, -0.029751207767133636, -6.792606148075462, 0.31044801382504994, 0.011071307546558606, 0.008868378745428868, -0.288191075315737, -0.029751207767133636, -0.5085085815962122, 4.871634841379745, -3.682408665377986, 1.6832202844310218, -6.792606148075462], "data_imag": [3.390302887777457e-18, -1.3835233688581938e-18, 0.0, 0.0, 0.0, 0.0, 0.0, 0.0, 0.0, 0.0, 0.0, 0.0, 0.0, 0.0, 0.0, 0.0, 0.0, 0.0, 0.0, 0.0, 0.0, 0.0, 0.0, 0.0, 0.0, 0.0, 0.0, 0.0, 0.0, 0.0, 0.0, 0.0, 0.0, 0.0, 0.0, 0.0, 0.0, 0.0]}, {"time": 7.096774193548387, "step_sample_count": 256, "data": [0.05074591382988312, 0.2210394168919584, -2.993212662258776, -1.5254825107970307, 0.8526051859392321, 3.1921947023581128, -7.7740862924429, 0.8525879751030272, 0.7095899688178214, -2.8422121804875675, 0.9108646059977108, -2.8296688704742783, 0.6382729987442214, 0.9108570049759152, 3.4315960596826467, 5.150059140688424, 1.7466366309039774, -4.145322919353963, 13.876606818952677, 1.746663907034796, 1.691089302672515, -4.774895717750677, 1.1184391566814935, -2.3183557712924134, -1.4405889073212461, 1.118443405763396, -0.015386264231129893, -7.106438605737521, 0.30809850850074416, -0.008965253223279339, 0.013139295683805622, -0.3018769769903889, -0.015386264231129893, -0.5762388509753136, 5.179770658318478, -3.944177158639696, 1.7960559973726136, -7.106438605737521], "data_imag": [-7.735415232977266e-19, 3.1403257188082363e-19, 0.0, 0.0, 0.0, 0.0, 0.0, 0.0, 0.0, 0.0, 0.0, 0.0, 0.0, 0.0, 0.0, 0.0, 0.0, 0.0, 0.0, 0.0, 0.0, 0.0, 0.0, 0.0, 0.0, 0.0, 0.0, 0.0, 0.0, 0.0, 0.0, 0.0, 0.0, 0.0, 0.0, 0.0, 0.0, 0.0]}, {"time": 7.419354838709677, "step_sample_count": 256, "data": [0.05113408283723955, 0.22051872991789173, -2.37173365995052, -1.2601104025668957, 0.8860285924456881, 2.918615685266774, -6.6017340401505695, 0.8860113816182472, 0.7889005283798446, -2.419565961450359, 0.8439949819208925, -2.678590218240819, 0.9920987648164725, 0.8439873809006355, 4.012487843188069, 6.013661087637392, 1.8798755573287345, -4.567230471422392, 15.80744606444525, 1.8799028334740022, 1.5051189735778372, -4.5715584739230835, 1.1704564315724457, -2.4557608280369387, -1.320490312094683, 1.1704606806569156, 0.002309974741485643, -7.424501572057076, 0.261280584669486, 0.004118344060089738, -0.018649523541800526, -0.2743460994786184, 0.002309974741485643, -0.6256515238224146, 5.453045052521111, -4.166459446925598, 1.8954662242932119, -7.424501572057076], "data_imag": [-6.675077543998178e-20, 2.7305917446384027e-20, 0.0, 0.0, 0.0, 0.0, 0.0, 0.0, 0.0, 0.0, 0.0, 0.0, 0.0, 0.0, 0.0, 0.0, 0.0, 0.0, 0.0, 0.0, 0.0, 0.0, 0.0, 0.0, 0.0, 0.0, 0.0, 0.0, 0.0, 0.0, 0.0, 0.0, 0.0, 0.0, 0.0, 0.0, 0.0, 0.0]}, {"time": 7.741935483870968, "step_sample_count": 256, "data": [0.05204796556790955, 0.22043081537387152, -1.7662700639694306, -1.1118527429933247, 0.9622764821771495, 2.6496891633622464, -5.566655884133848, 0.9622592714511544, 0.8579311496420297, -2.085889655315698, 0.7892243360013246, -2.519273066665608, 1.2388430078924133, 0.789216734874187, 4.339489236547806, 6.473658701224325, 1.9942622275302944, -4.647733513042369, 16.725931475380833, 1.9942895037663466, 1.3791877465913018, -4.304346208288254, 1.2496897895881889, -2.577643924397539, -1.0891082290944458, 1.2496940385770152, 0.02188330864544307, -7.746764712609139, 0.21121245735527605, 0.01674654026465751, -0.05140085304152016, -0.24549003062497862, 0.02188330864544307, -0.6462433313795288, 5.687869646840755, -4.345461897154476, 1.9708809393390472, -7.746764712609139], "data_imag": [1.1495244239793628e-19, -4.7864326110999125e-20, 0.0, 0.0, 0.0, 0.0, 0.0, 0.0, 0.0, 0.0, 0.0, 0.0, 0.0, 0.0, 0.0, 0.0, 0.0, 0.0, 0.0, 0.0, 0.0, 0.0, 0.0, 0.0, 0.0, 0.0, 0.0, 0.0, 0.0, 0.0, 0.0, 0.0, 0.0, 0.0, 0.0, 0.0, 0.0, 0.0]}, {"time": 8.064516129032258, "step_sample_count": 256, "data": [0.05322756106863667, 0.22103740300733182, -1.2707581598875657, -1.1260512433950969, 1.068291502563319, 2.4677778597670796, -4.89396366556245, 1.0682742918363255, 0.9027115722204975, -1.8248551502748689, 0.7619417498909311, -2.325393106937292, 1.3539495224096274, 0.7619341487637714, 4.586562425384702, 6.692621918864295, 2.067209795103814, -4.594660417527481, 17.184527609271996, 2.067237071339188, 1.2957023241079273, -3.987957058487195, 1.3498290911132882, -2.69109082560427, -0.7730710174754962, 1.3498333401020597, 0.042063470219684866, -8.072749088710786, 0.16861093753084566, 0.02230372666955366, -0.07732348798985639, -0.22489626202506097, 0.042063470219684866, -0.6550650152657008, 5.907822765295719, -4.505239976522988, 2.038656284786423, -8.072749088710786], "data_imag": [-5.67469175460829e-19, 2.4164000153128133e-19, 0.0, 0.0, 0.0, 0.0, 0.0, 0.0, 0.0, 0.0, 0.0, 0.0, 0.0, 0.0, 0.0, 0.0, 0.0, 0.0, 0.0, 0.0, 0.0, 0.0, 0.0, 0.0, 0.0, 0.0, 0.0, 0.0, 0.0, 0.0, 0.0, 0.0, 0.0, 0.0, 0.0, 0.0, 0.0, 0.0]}, {"time": 8.387096774193548, "step_sample_count": 256, "data": [0.05413928706618589, 0.22230978741925694, -0.838896326255252, -1.2141020409261418, 1.1804026180772942, 2.3293927391304425, -4.403548294085989, 1.1803854073502245, 0.9151610985642067, -1.6267692804055958, 0.7709347927189366, -2.07956924775135, 1.3213712070414523, 0.7709271915917688, 4.816043295860596, 6.7311464879180525, 2.0873254936441787, -4.498327363870051, 17.3999512565751, 2.087352769879516, 1.2420896043957617, -3.6361475213178283, 1.4583733327527773, -2.786874343232872, -0.40915243538515345, 1.4583775817415119, 0.061823803652262185, -8.401613427808972, 0.13041788855069614, 0.026257029742177727, -0.10091552116198027, -0.20844249867378478, 0.061823803652262185, -0.6582836823886207, 6.1241042913425305, -4.658023522861719, 2.103885160112953, -8.401613427808972], "data_imag": [-1.2291492124299577e-18, 5.323620964713744e-19, 0.0, 0.0, 0.0, 0.0, 0.0, 0.0, 0.0, 0.0, 0.0, 0.0, 0.0, 0.0, 0.0, 0.0, 0.0, 0.0, 0.0, 0.0, 0.0, 0.0, 0.0, 0.0, 0.0, 0.0, 0.0, 0.0, 0.0, 0.0, 0.0, 0.0, 0.0, 0.0, 0.0, 0.0, 0.0, 0.0]}, {"time": 8.709677419354838, "step_sample_count": 256, "data": [0.05427601392593811, 0.22385761418740951, -0.44261522834159284, -1.297085732981551, 1.2718814857959402, 2.212388191050915, -3.965277738606061, 1.2718642750654339, 0.8910699349276393, -1.4876203625993922, 0.8163012862457713, -1.7814097392127073, 1.1403504600243972, 0.81629368511858, 5.06321821940454, 6.616474905150415, 2.059796663470601, -4.405024338250129, 17.482878464761292, 2.059823939705498, 1.2057864756944012, -3.264319102637441, 1.5619871655377577, -2.841089957086202, -0.05016839235122461, 1.561991414526584, 0.08059568011297243, -8.732282144944456, 0.09494881981702066, 0.03180546254894183, -0.12480505975374465, -0.1936635227978915, 0.08059568011297243, -0.6587645357406758, 6.343055737264315, -4.811490846133988, 2.168254467934702, -8.732282144944456], "data_imag": [-1.0822388092469858e-19, 4.6991686945504074e-20, 0.0, 0.0, 0.0, 0.0, 0.0, 0.0, 0.0, 0.0, 0.0, 0.0, 0.0, 0.0, 0.0, 0.0, 0.0, 0.0, 0.0, 0.0, 0.0, 0.0, 0.0, 0.0, 0.0, 0.0, 0.0, 0.0, 0.0, 0.0, 0.0, 0.0, 0.0, 0.0, 0.0, 0.0, 0.0, 0.0]}, {"time": 9.032258064516128, "step_sample_count": 256, "data": [0.053407952225832556, 0.22515966640423873, -0.0918253936167488, -1.2961034222440062, 1.3221665178904745, 2.1244625168419637, -3.517968247515694, 1.3221493071622028, 0.8326243147110969, -1.4053709812871997, 0.8916123468105315, -1.448792889144498, 0.8328620568625376, 0.8916047456810028, 5.362800009139037, 6.378627761134488, 2.0044379490193305, -4.347387490090494, 17.532062470888434, 2.0044652252540076, 1.1699904837904138, -2.8912548715250628, 1.65096050282628, -2.8243338278535095, 0.23811214221057292, 1.6509647518153263, 0.0984371287344732, -9.063688625196527, 0.0628680918239089, 0.03894946326580152, -0.14909598779755767, -0.1810624639226426, 0.0984371287344732, -0.6585121931455626, 6.569412154502963, -4.971723349289969, 2.2327799767875915, -9.063688625196527], "data_imag": [-5.158511271218555e-19, 2.2040441882372755e-19, 0.0, 0.0, 0.0, 0.0, 0.0, 0.0, 0.0, 0.0, 0.0, 0.0, 0.0, 0.0, 0.0, 0.0, 0.0, 0.0, 0.0, 0.0, 0.0, 0.0, 0.0, 0.0, 0.0, 0.0, 0.0, 0.0, 0.0, 0.0, 0.0, 0.0, 0.0, 0.0, 0.0, 0.0, 0.0, 0.0]}, {"time": 9.35483870967742, "step_sample_count": 256, "data": [0.05174301906422696, 0.2259080637525477, 0.16880705445746852, -1.1259607897004467, 1.3230975082130274, 2.1001186371732614, -3.0567094326714903, 1.3230802974813136, 0.7523097578398714, -1.3732800943737298, 0.988065577629535, -1.1127429936286262, 0.4492154421175188, 0.9880579765037354, 5.725787558195676, 6.080548898093052, 1.948841938646004, -4.332526497582379, 17.6288634631902, 1.9488692148814148, 1.1134712494333865, -2.53982716959461, 1.7199830227655177, -2.7141222023723386, 0.3883689660751055, 1.7199872717537756, 0.11615954531226808, -9.39505155657494, 0.03644142396352223, 0.044290928135482084, -0.17131904266994, -0.1736551047314344, 0.11615954531226808, -0.6567778649983413, 6.805253626556688, -5.141848462582723, 2.296080708003779, -9.39505155657494], "data_imag": [1.1967716534117134e-18, -4.953966278240695e-19, 0.0, 0.0, 0.0, 0.0, 0.0, 0.0, 0.0, 0.0, 0.0, 0.0, 0.0, 0.0, 0.0, 0.0, 0.0, 0.0, 0.0, 0.0, 0.0, 0.0, 0.0, 0.0, 0.0, 0.0, 0.0, 0.0, 0.0, 0.0, 0.0, 0.0, 0.0, 0.0, 0.0, 0.0, 0.0, 0.0]}, {"time": 9.67741935483871, "step_sample_count": 256, "data": [0.04981826493618215, 0.22609244203652398, 0.30047550682442037, -0.7454495202599869, 1.2808035634921866, 2.1700594661258634, -2.6107017460620248, 1.2807863527604757, 0.6754139733714836, -1.3720762098426025, 1.0960108899529066, -0.8087338536820438, 0.06995989328757551, 1.0960032888253497, 6.114305433193996, 5.845097483756428, 1.9208484911484656, -4.3276399515319435, 17.82400932217867, 1.920875767383913, 1.018616133181637, -2.2302856594303524, 1.7665543182804626, -2.502270902654544, 0.3540389284925544, 1.766558567268904, 0.13514390474248822, -9.726073850549097, 0.015890084031114787, 0.043530400574334854, -0.1886960841402868, -0.17313502021339067, 0.13514390474248822, -0.6487445264941384, 7.048010029168716, -5.319747440902042, 2.353118109665967, -9.726073850549097], "data_imag": [-8.116758081958241e-19, 3.2349024363991483e-19, 0.0, 0.0, 0.0, 0.0, 0.0, 0.0, 0.0, 0.0, 0.0, 0.0, 0.0, 0.0, 0.0, 0.0, 0.0, 0.0, 0.0, 0.0, 0.0, 0.0, 0.0, 0.0, 0.0, 0.0, 0.0, 0.0, 0.0, 0.0, 0.0, 0.0, 0.0, 0.0, 0.0, 0.0, 0.0, 0.0]}], "random_generator": {"seed": "very_nice_seed"}, "realworld_total_calculation_time": 2.686}