{"hamiltonian": {"U": 1.0, "E": 0.8, "J": 0.1, "phi": 1.8849555921538759, "type": "FirstOrderVariationalClassicalNetworkHamiltonian", "eta_calculation_sampler": {"system_geometry": {"type": "SquareSystemNonPeriodicState", "size": 2}, "initial_system_state": {"type": "HomogenousInitialSystemState"}, "type": "ExactSampler"}, "psi_selection": {"type": "SquareDirectionDependentAllSameFirstOrder", "number_of_psis": 12, "J": 0.1}, "random_generator": {"seed": "46954944"}, "init_sigma": 1e-05, "pseudo_inverse_cutoff": 1e-10, "effective_time_step_size": 0.0006127450980392157, "number_workers": 16, "variational_step_fraction_multiplier": 800, "ue_might_change": true, "ue_variational": true}, "start_time": 0.0, "time_step": 0.49019607843137253, "number_of_time_steps": 51, "sampler": {"system_geometry": {"type": "SquareSystemNonPeriodicState", "size": 2}, "initial_system_state": {"type": "HomogenousInitialSystemState"}, "type": "ExactSampler"}, "observables": [{"type": "Energy", "label": "Energy per site"}, {"type": "EnergyVariance", "label": "Energy Variance per site"}, {"type": "VCNFactor", "label": "Re-Part of VCN Parameter 0", "param_real_part": true, "param_index": 0, "can_return_value": true}, {"type": "VCNFactor", "label": "Re-Part of VCN Parameter 1", "param_real_part": true, "param_index": 1, "can_return_value": true}, {"type": "VCNFactor", "label": "Re-Part of VCN Parameter 2", "param_real_part": true, "param_index": 2, "can_return_value": true}, {"type": "VCNFactor", "label": "Re-Part of VCN Parameter 3", "param_real_part": true, "param_index": 3, "can_return_value": true}, {"type": "VCNFactor", "label": "Re-Part of VCN Parameter 4", "param_real_part": true, "param_index": 4, "can_return_value": true}, {"type": "VCNFactor", "label": "Re-Part of VCN Parameter 5", "param_real_part": true, "param_index": 5, "can_return_value": true}, {"type": "VCNFactor", "label": "Re-Part of VCN Parameter 6", "param_real_part": true, "param_index": 6, "can_return_value": true}, {"type": "VCNFactor", "label": "Re-Part of VCN Parameter 7", "param_real_part": true, "param_index": 7, "can_return_value": true}, {"type": "VCNFactor", "label": "Re-Part of VCN Parameter 8", "param_real_part": true, "param_index": 8, "can_return_value": true}, {"type": "VCNFactor", "label": "Re-Part of VCN Parameter 9", "param_real_part": true, "param_index": 9, "can_return_value": true}, {"type": "VCNFactor", "label": "Re-Part of VCN Parameter 10", "param_real_part": true, "param_index": 10, "can_return_value": true}, {"type": "VCNFactor", "label": "Re-Part of VCN Parameter 11", "param_real_part": true, "param_index": 11, "can_return_value": true}, {"type": "VCNFactor", "label": "Im-Part of VCN Parameter 0", "param_real_part": false, "param_index": 0, "can_return_value": true}, {"type": "VCNFactor", "label": "Im-Part of VCN Parameter 1", "param_real_part": false, "param_index": 1, "can_return_value": true}, {"type": "VCNFactor", "label": "Im-Part of VCN Parameter 2", "param_real_part": false, "param_index": 2, "can_return_value": true}, {"type": "VCNFactor", "label": "Im-Part of VCN Parameter 3", "param_real_part": false, "param_index": 3, "can_return_value": true}, {"type": "VCNFactor", "label": "Im-Part of VCN Parameter 4", "param_real_part": false, "param_index": 4, "can_return_value": true}, {"type": "VCNFactor", "label": "Im-Part of VCN Parameter 5", "param_real_part": false, "param_index": 5, "can_return_value": true}, {"type": "VCNFactor", "label": "Im-Part of VCN Parameter 6", "param_real_part": false, "param_index": 6, "can_return_value": true}, {"type": "VCNFactor", "label": "Im-Part of VCN Parameter 7", "param_real_part": false, "param_index": 7, "can_return_value": true}, {"type": "VCNFactor", "label": "Im-Part of VCN Parameter 8", "param_real_part": false, "param_index": 8, "can_return_value": true}, {"type": "VCNFactor", "label": "Im-Part of VCN Parameter 9", "param_real_part": false, "param_index": 9, "can_return_value": true}, {"type": "VCNFactor", "label": "Im-Part of VCN Parameter 10", "param_real_part": false, "param_index": 10, "can_return_value": true}, {"type": "VCNFactor", "label": "Im-Part of VCN Parameter 11", "param_real_part": false, "param_index": 11, "can_return_value": true}, {"type": "BaseEnergyFactor", "label": "Re-Part of BE-Factor U", "param_real_part": true, "param_index": -1, "can_return_value": true, "kind": "U"}, {"type": "BaseEnergyFactor", "label": "Im-Part of BE-Factor U", "param_real_part": false, "param_index": -1, "can_return_value": true, "kind": "U"}, {"type": "BaseEnergyFactor", "label": "Re-Part of BE-Factor eps-0", "param_real_part": true, "param_index": 0, "can_return_value": true, "kind": "eps"}, {"type": "BaseEnergyFactor", "label": "Re-Part of BE-Factor eps-1", "param_real_part": true, "param_index": 1, "can_return_value": true, "kind": "eps"}, {"type": "BaseEnergyFactor", "label": "Re-Part of BE-Factor eps-2", "param_real_part": true, "param_index": 2, "can_return_value": true, "kind": "eps"}, {"type": "BaseEnergyFactor", "label": "Re-Part of BE-Factor eps-3", "param_real_part": true, "param_index": 3, "can_return_value": true, "kind": "eps"}, {"type": "BaseEnergyFactor", "label": "Re-Part of BE-Factor eps-4", "param_real_part": true, "param_index": 4, "can_return_value": true, "kind": "eps"}, {"type": "BaseEnergyFactor", "label": "Im-Part of BE-Factor eps-0", "param_real_part": false, "param_index": 0, "can_return_value": true, "kind": "eps"}, {"type": "BaseEnergyFactor", "label": "Im-Part of BE-Factor eps-1", "param_real_part": false, "param_index": 1, "can_return_value": true, "kind": "eps"}, {"type": "BaseEnergyFactor", "label": "Im-Part of BE-Factor eps-2", "param_real_part": false, "param_index": 2, "can_return_value": true, "kind": "eps"}, {"type": "BaseEnergyFactor", "label": "Im-Part of BE-Factor eps-3", "param_real_part": false, "param_index": 3, "can_return_value": true, "kind": "eps"}, {"type": "BaseEnergyFactor", "label": "Im-Part of BE-Factor eps-4", "param_real_part": false, "param_index": 4, "can_return_value": true, "kind": "eps"}], "measurements": [{"time": 0.0, "step_sample_count": 256, "data": [0.4068200343803896, 0.4338893723952918, -2.409211346512654e-05, 1.3364613742072939e-05, 1.5426940819682473e-06, -2.3095526437844924e-06, 2.9577584621232426e-06, -1.5668367408516222e-05, 1.0073359691169309e-05, -1.2604172898632618e-05, -1.1358230129747497e-05, 3.80637423358691e-06, 2.8480717089983352e-06, -1.895923534861108e-05, -1.1357545410297846e-05, 4.318272037258513e-06, -1.4618044943022195e-05, 1.2968369814907847e-06, -2.4229613465669603e-06, 1.2658790972584678e-05, -4.320935634434884e-06, -4.807979398987998e-06, -1.0283182688040512e-05, 1.5791125000597532e-06, 1.6795899010380995e-05, -6.0341603244068835e-06, 7.2706396032623796e-06, -2.5990623020784137e-06, 2.105483127674879e-05, 1.1085069673905734e-05, -9.132533945527703e-06, -1.2101228867378676e-06, 7.2706396032623796e-06, -5.612770751019133e-06, -2.3901402852107364e-06, -7.7877375531777e-06, 4.464171819755137e-06, -2.5990623020784137e-06], "data_imag": [-8.271351266177394e-25, 2.691961125182853e-24, 0.0, 0.0, 0.0, 0.0, 0.0, 0.0, 0.0, 0.0, 0.0, 0.0, 0.0, 0.0, 0.0, 0.0, 0.0, 0.0, 0.0, 0.0, 0.0, 0.0, 0.0, 0.0, 0.0, 0.0, 0.0, 0.0, 0.0, 0.0, 0.0, 0.0, 0.0, 0.0, 0.0, 0.0, 0.0, 0.0]}, {"time": 0.49019607843137253, "step_sample_count": 256, "data": [0.4066212816855533, 0.43369011112721273, 0.010900976812923244, -0.11035120442819288, 0.13354120811440606, 0.011322288027192753, -0.10960226410723914, 0.13352399705291723, 0.011445853299413779, -0.10537013588932748, 0.12990793375017734, 0.01018957133806959, -0.10763202976583362, 0.12990033274495935, 0.4833950709687045, 0.4724732740688549, 0.45106652528827224, 0.48563888576217773, 0.4944248272727074, 0.45109380212415634, 0.478138726177932, 0.5069416057986003, 0.44211244406173894, 0.4708868810279932, 0.4397767158127449, 0.44211669308407314, 0.003360851167193341, -0.4922005726799343, 0.003727875421397139, 0.009511231186485192, -0.013940171052040913, -0.008136815868107048, 0.003360851167193341, 0.000580476962615746, 0.12153265190699651, -0.3716412152561126, -0.2506833671519679, -0.4922005726799343], "data_imag": [5.793380667084236e-19, -1.884569497713678e-18, 0.0, 0.0, 0.0, 0.0, 0.0, 0.0, 0.0, 0.0, 0.0, 0.0, 0.0, 0.0, 0.0, 0.0, 0.0, 0.0, 0.0, 0.0, 0.0, 0.0, 0.0, 0.0, 0.0, 0.0, 0.0, 0.0, 0.0, 0.0, 0.0, 0.0, 0.0, 0.0, 0.0, 0.0, 0.0, 0.0]}, {"time": 0.9803921568627451, "step_sample_count": 256, "data": [0.4062367842759604, 0.43291940939617446, 0.03411694078491856, -0.4582732124110932, 0.4351010815670625, 0.03604264129896776, -0.45572441206298275, 0.43508387050556707, 0.032235763506869235, -0.3970058322100467, 0.38906457760093316, 0.023463905330500832, -0.4012835297471655, 0.3890569765957183, 0.9687889289640716, 0.8574769099687658, 0.7218347579312361, 0.9105982245962088, 0.9652512901202358, 0.7218620347671293, 0.7792663706708505, 0.9909365515766327, 0.67088681751837, 0.9447840465660827, 0.6730039441339783, 0.6708910665407316, 0.010122917780764627, -0.9933559034878074, 0.014816961990655486, 0.037119084580390725, -0.05051046367586295, -0.028183382037730593, 0.010122917780764627, 0.010939896831776059, 0.2588327823604997, -0.7512736058146574, -0.5033733903864244, -0.9933559034878074], "data_imag": [-7.114599223230506e-19, 2.312169527885924e-18, 0.0, 0.0, 0.0, 0.0, 0.0, 0.0, 0.0, 0.0, 0.0, 0.0, 0.0, 0.0, 0.0, 0.0, 0.0, 0.0, 0.0, 0.0, 0.0, 0.0, 0.0, 0.0, 0.0, 0.0, 0.0, 0.0, 0.0, 0.0, 0.0, 0.0, 0.0, 0.0, 0.0, 0.0, 0.0, 0.0]}, {"time": 1.4705882352941175, "step_sample_count": 256, "data": [0.40568096075776405, 0.4308015274685824, 0.04026361141553972, -1.0392364790807427, 0.7400051496582175, 0.06804776957708102, -1.0577421668724847, 0.739987938596666, 0.06667398543169553, -0.770782704973696, 0.5666872686227612, -0.04524732363833317, -0.6837675005455353, 0.5666796676175557, 1.4921272534931012, 1.0016668492268908, 0.8032074243993612, 1.2299329558037417, 1.3415234472629132, 0.8032347012352863, 0.7743689553923943, 1.393303309613685, 0.705701837784127, 1.4453281713150659, 0.4852302124271842, 0.7057060868065005, 0.013159005968627143, -1.5000636776421457, 0.029872610130948614, 0.07619103924683479, -0.09474110117788856, -0.04839063101247416, 0.013159005968627143, 0.0339130939088139, 0.42219334199304187, -1.1518009175773452, -0.7635018190784563, -1.5000636776421457], "data_imag": [-6.911212106456407e-19, 2.2429977338783408e-18, 0.0, 0.0, 0.0, 0.0, 0.0, 0.0, 0.0, 0.0, 0.0, 0.0, 0.0, 0.0, 0.0, 0.0, 0.0, 0.0, 0.0, 0.0, 0.0, 0.0, 0.0, 0.0, 0.0, 0.0, 0.0, 0.0, 0.0, 0.0, 0.0, 0.0, 0.0, 0.0, 0.0, 0.0, 0.0, 0.0]}, {"time": 1.9607843137254901, "step_sample_count": 256, "data": [0.40456189675327436, 0.42650411449061, -0.04126748438877052, -1.6876167449180353, 0.9747234844638175, 0.16278582427935828, -1.8785624011167084, 0.9747062734021874, 0.2104537536893837, -1.024521442405627, 0.5873964195561371, -0.34984277542625486, -0.4966519790344511, 0.5873888185510042, 2.1075956653825707, 0.697537943582199, 0.7726331468708634, 1.4129040875917527, 1.5022275408968173, 0.7726604237067518, 0.508384887087379, 1.7281100130426428, 0.6961425012836788, 1.9082510996624182, 0.001316590259175695, 0.6961467503060489, 0.012020932658876663, -2.002138369338636, 0.03881816239666318, 0.10426689616180615, -0.12341596030257279, -0.05790397373088241, 0.012020932658876663, 0.05712115242897754, 0.6070990179049627, -1.5776404822990135, -1.0276818093685904, -2.002138369338636], "data_imag": [1.0027901180478058e-18, -3.2455253776228823e-18, 0.0, 0.0, 0.0, 0.0, 0.0, 0.0, 0.0, 0.0, 0.0, 0.0, 0.0, 0.0, 0.0, 0.0, 0.0, 0.0, 0.0, 0.0, 0.0, 0.0, 0.0, 0.0, 0.0, 0.0, 0.0, 0.0, 0.0, 0.0, 0.0, 0.0, 0.0, 0.0, 0.0, 0.0, 0.0, 0.0]}, {"time": 2.4509803921568625, "step_sample_count": 256, "data": [0.40336478719631763, 0.42120454344234504, -0.35183659833835446, -1.9674031472996314, 1.1247572587544836, 0.45671458140240656, -2.7657044874592716, 1.1247400476928304, 0.45958334462338585, -1.0985401443327585, 0.49898480712338905, -0.8758158149197811, 0.2025697355359459, 0.4989772061181662, 2.7454510602813884, -0.04789730468060404, 0.6788155423524925, 1.5028161088526137, 1.338910889156708, 0.6788428191882947, 0.2288744058912933, 2.1634163101177726, 0.7609852976835346, 2.1149497907150967, -0.1358825803390368, 0.7609895467057303, 0.011984234903477843, -2.4971065593650836, 0.0502181760388096, 0.10129459108204283, -0.12141027058365084, -0.07010409418907346, 0.011984234903477843, 0.06396007672420188, 0.7849048613978022, -2.0021922303435793, -1.281448247783229, -2.4971065593650836], "data_imag": [1.3415523539678331e-18, -4.3290798381676305e-18, 0.0, 0.0, 0.0, 0.0, 0.0, 0.0, 0.0, 0.0, 0.0, 0.0, 0.0, 0.0, 0.0, 0.0, 0.0, 0.0, 0.0, 0.0, 0.0, 0.0, 0.0, 0.0, 0.0, 0.0, 0.0, 0.0, 0.0, 0.0, 0.0, 0.0, 0.0, 0.0, 0.0, 0.0, 0.0, 0.0]}, {"time": 2.941176470588235, "step_sample_count": 256, "data": [0.40321584378633457, 0.41892312195995407, -0.8871106447197392, -1.7398345961114081, 1.1792179580086624, 0.9412578589835633, -3.568167270389085, 1.1792007469470407, 0.6466605894189663, -1.1413106682514282, 0.3968013154879756, -1.3939688107113903, 0.8631838184596416, 0.3967937144827905, 3.152166866444685, -0.7525392371722207, 0.5528089083910795, 1.6971728368372865, 0.8735944859979271, 0.5528361852270516, 0.03171838048189347, 2.722234690261605, 0.9465364087249722, 1.9913201497620128, 0.26942891794809537, 0.9465406577472739, 0.014852600201246567, -2.9894636444765434, 0.07911629488555084, 0.07891130146949324, -0.10195167811943821, -0.10150419486747177, 0.014852600201246567, 0.07185757174715453, 0.927840160164659, -2.393991674355311, -1.5386209839866118, -2.9894636444765434], "data_imag": [-1.8225894752979266e-18, 5.8791756252667706e-18, 0.0, 0.0, 0.0, 0.0, 0.0, 0.0, 0.0, 0.0, 0.0, 0.0, 0.0, 0.0, 0.0, 0.0, 0.0, 0.0, 0.0, 0.0, 0.0, 0.0, 0.0, 0.0, 0.0, 0.0, 0.0, 0.0, 0.0, 0.0, 0.0, 0.0, 0.0, 0.0, 0.0, 0.0, 0.0, 0.0]}, {"time": 3.4313725490196076, "step_sample_count": 256, "data": [0.40432426812561123, 0.4218092280629227, -1.4574481659986631, -1.3661055370890944, 1.1355552051230935, 1.405890536348812, -4.240314852052694, 1.1355379940614723, 0.6926898997427552, -1.2211673982087035, 0.3782118261224405, -1.7119969583802968, 1.1434464798834538, 0.378204225117298, 3.237350467368348, -1.2341303304219033, 0.43842662688677964, 2.0951587149102706, 0.09531475427692787, 0.4384539037227725, -0.16872382180882856, 3.2902131306133753, 1.222821365181118, 1.6543159140500168, 0.8966217281948322, 1.2228256142035072, 0.018122302160537437, -3.484271517065161, 0.11549683468647831, 0.06047864960518048, -0.08554245290034161, -0.1393461982665781, 0.018122302160537437, 0.1008490253910024, 1.0376928546652069, -2.751445490968155, -1.8157996544936625, -3.484271517065161], "data_imag": [-2.710141081899758e-20, 8.766206475650171e-20, 0.0, 0.0, 0.0, 0.0, 0.0, 0.0, 0.0, 0.0, 0.0, 0.0, 0.0, 0.0, 0.0, 0.0, 0.0, 0.0, 0.0, 0.0, 0.0, 0.0, 0.0, 0.0, 0.0, 0.0, 0.0, 0.0, 0.0, 0.0, 0.0, 0.0, 0.0, 0.0, 0.0, 0.0, 0.0, 0.0]}, {"time": 3.9215686274509802, "step_sample_count": 256, "data": [0.4067598104267347, 0.4270737383508949, -1.9444574630252829, -0.9182670257744363, 1.0188709821886033, 1.6560943304987465, -4.5349469039683115, 1.0188537711269856, 0.6095338245821992, -1.3176574024187435, 0.4889697506180146, -1.7592387923903323, 1.0060748671855875, 0.48896214961279605, 3.03382350613797, -1.611618644289021, 0.38321814076926664, 2.7058787013311023, -1.0901664073856654, 0.38324541760529146, -0.44852871977262077, 3.791950919252251, 1.4930551056581498, 1.280748102071735, 1.4138939157229435, 1.493059354680277, 0.01933261827651246, -3.9835425346802444, 0.1420130424692467, 0.060540963408092056, -0.08402961550069357, -0.16395418745486728, 0.01933261827651246, 0.15775548691427946, 1.126131667897946, -3.0854197527140736, -2.118765269253952, -3.9835425346802444], "data_imag": [-8.265876410403835e-19, 2.6897810573653454e-18, 0.0, 0.0, 0.0, 0.0, 0.0, 0.0, 0.0, 0.0, 0.0, 0.0, 0.0, 0.0, 0.0, 0.0, 0.0, 0.0, 0.0, 0.0, 0.0, 0.0, 0.0, 0.0, 0.0, 0.0, 0.0, 0.0, 0.0, 0.0, 0.0, 0.0, 0.0, 0.0, 0.0, 0.0, 0.0, 0.0]}, {"time": 4.411764705882352, "step_sample_count": 256, "data": [0.4098900392001236, 0.4298275395958775, -2.223346310978618, -0.28219225447675184, 0.880093349429044, 1.5136799191023411, -4.027291253819582, 0.880076138367581, 0.4361838593581296, -1.3813363279794408, 0.6799317048484794, -1.5852401225269928, 0.5910950082357116, 0.6799241038433451, 2.716441591671307, -1.759962508849649, 0.4117381126922205, 3.3683657866317884, -2.214115798950705, 0.4117653895280454, -0.8400996097591982, 4.177514050670744, 1.6619409761077641, 1.0027009979078383, 1.6037989650758928, 1.6619452251298161, 0.017873329932117408, -4.485602446992022, 0.13436923268684556, 0.09307343112838788, -0.11153521625493165, -0.15108291178147226, 0.017873329932117408, 0.2294144049619742, 1.2193942703822578, -3.4241459954271223, -2.436460468438874, -4.485602446992022], "data_imag": [8.130332786271002e-20, -2.666033939579737e-19, 0.0, 0.0, 0.0, 0.0, 0.0, 0.0, 0.0, 0.0, 0.0, 0.0, 0.0, 0.0, 0.0, 0.0, 0.0, 0.0, 0.0, 0.0, 0.0, 0.0, 0.0, 0.0, 0.0, 0.0, 0.0, 0.0, 0.0, 0.0, 0.0, 0.0, 0.0, 0.0, 0.0, 0.0, 0.0, 0.0]}, {"time": 4.901960784313725, "step_sample_count": 256, "data": [0.4121607286569214, 0.4278090863496955, -2.3851527136340738, 0.3189514975642473, 0.7719255363095033, 1.139250578439229, -3.196101473580517, 0.7719083252481644, 0.24574790120815534, -1.320174998382064, 0.8481040202737194, -1.3190436921903606, 0.19641935663457652, 0.8480964192685937, 2.551360729916847, -1.5079911625714801, 0.5102327012582664, 3.8320484858706356, -2.577457691476827, 0.5102599780940513, -1.314621103689882, 4.4360526170937185, 1.713812244154457, 0.8770798585771477, 1.4260637920083699, 1.7138164931764825, 0.014977748231969278, -4.987060800260137, 0.09222556926447834, 0.13783127076272536, -0.14991579109059844, -0.10213408785293993, 0.014977748231969278, 0.2895776571219981, 1.347294206295915, -3.800364594926958, -2.745912529771294, -4.987060800260137], "data_imag": [1.5176482020753704e-18, -5.0041199104980115e-18, 0.0, 0.0, 0.0, 0.0, 0.0, 0.0, 0.0, 0.0, 0.0, 0.0, 0.0, 0.0, 0.0, 0.0, 0.0, 0.0, 0.0, 0.0, 0.0, 0.0, 0.0, 0.0, 0.0, 0.0, 0.0, 0.0, 0.0, 0.0, 0.0, 0.0, 0.0, 0.0, 0.0, 0.0, 0.0, 0.0]}, {"time": 5.3921568627450975, "step_sample_count": 256, "data": [0.4128912556660404, 0.42354778535145665, -2.5280775072312007, 0.6379327830145188, 0.7240661918795196, 0.7960442727384061, -2.657453898091871, 0.7240489808181678, 0.1154814363716872, -1.0761665027337792, 0.9231809051859341, -1.1036243174755656, 0.10321717423656487, 0.9231733041808047, 2.5715117727915735, -1.070594415371944, 0.6416520252053345, 4.112978522003847, -2.3788516086081, 0.6416793020410878, -1.73250486522633, 4.670192811930036, 1.7133521850265445, 0.8891343540017309, 1.1410851353856637, 1.7133564340485539, 0.013572915587170825, -5.485002733976499, 0.024852535208767356, 0.16723325289565336, -0.17506189111459178, -0.030207424699700086, 0.013572915587170825, 0.3304622044958902, 1.4988068096914275, -4.204696608662502, -3.040989310245478, -5.485002733976499], "data_imag": [-5.4200912809466264e-20, 1.7903266358516876e-19, 0.0, 0.0, 0.0, 0.0, 0.0, 0.0, 0.0, 0.0, 0.0, 0.0, 0.0, 0.0, 0.0, 0.0, 0.0, 0.0, 0.0, 0.0, 0.0, 0.0, 0.0, 0.0, 0.0, 0.0, 0.0, 0.0, 0.0, 0.0, 0.0, 0.0, 0.0, 0.0, 0.0, 0.0, 0.0, 0.0]}, {"time": 5.88235294117647, "step_sample_count": 256, "data": [0.41286091595488367, 0.42207750870481064, -2.5916286928210956, 0.6462357197383038, 0.7415517752086815, 0.6059764290772135, -2.503763637586913, 0.7415345641473262, 0.042360119115896835, -0.7492805421996321, 0.9141277014958501, -0.9861514899822521, 0.253244792354084, 0.9141201004907266, 2.7543922779349574, -0.7564949795035252, 0.7671491622105219, 4.234521757774837, -1.97592976024811, 0.7671764390462877, -1.9095786072205947, 5.035449309914723, 1.7466213531748913, 0.9864269724067027, 1.146791814882488, 1.7466256021968805, 0.01788823229501687, -5.97935648042758, -0.058471116621997304, 0.178435035313871, -0.1895344255826606, 0.049501263680479315, 0.01788823229501687, 0.34591625457620767, 1.6524839807673053, -4.614362443639147, -3.314026834998059, -5.97935648042758], "data_imag": [-2.7100144206438065e-20, 8.95087228766356e-20, 0.0, 0.0, 0.0, 0.0, 0.0, 0.0, 0.0, 0.0, 0.0, 0.0, 0.0, 0.0, 0.0, 0.0, 0.0, 0.0, 0.0, 0.0, 0.0, 0.0, 0.0, 0.0, 0.0, 0.0, 0.0, 0.0, 0.0, 0.0, 0.0, 0.0, 0.0, 0.0, 0.0, 0.0, 0.0, 0.0]}, {"time": 6.372549019607843, "step_sample_count": 256, "data": [0.41255970811166914, 0.42544829019669395, -2.5021143255309486, 0.4308627902136862, 0.8088233171354926, 0.6152841339573288, -2.6223785840487053, 0.8088061060741547, -0.03076209866317866, -0.5311072586076918, 0.8907977119261773, -0.9105248044989551, 0.3359205426181039, 0.890790110921052, 3.0748311105378456, -0.7766563210252749, 0.8520405479053155, 4.142022175966689, -1.5511158601532822, 0.8520678247410713, -1.797441033273278, 5.561255656010772, 1.8581397748246264, 1.150313213719228, 1.5411762934121078, 1.8581440238466111, 0.03110426699053146, -6.4754160277196675, -0.14086789070723332, 0.17916372180844833, -0.20530549267936224, 0.11611794253118474, 0.03110426699053146, 0.3375460781471028, 1.8050372347315695, -5.0203593267057505, -3.5605788764081887, -6.4754160277196675], "data_imag": [1.2737127546730642e-18, -4.203860498288236e-18, 0.0, 0.0, 0.0, 0.0, 0.0, 0.0, 0.0, 0.0, 0.0, 0.0, 0.0, 0.0, 0.0, 0.0, 0.0, 0.0, 0.0, 0.0, 0.0, 0.0, 0.0, 0.0, 0.0, 0.0, 0.0, 0.0, 0.0, 0.0, 0.0, 0.0, 0.0, 0.0, 0.0, 0.0, 0.0, 0.0]}, {"time": 6.862745098039215, "step_sample_count": 256, "data": [0.41182449155504575, 0.430950202321606, -2.339808732082765, 0.15218033164631062, 0.8884875338731881, 0.7751527216533268, -2.8860595409977456, 0.8884703228118949, -0.11751118758107414, -0.5259278986865941, 0.9259299921705563, -0.8054181085416894, 0.1583995709982396, 0.9259223911654054, 3.4978443368557692, -1.180556935512142, 0.8781683222586771, 3.794728953544956, -1.148403626247199, 0.8781955990944958, -1.501981036586728, 6.1525710162349965, 2.020732074171448, 1.3906111048776602, 2.1108560454396508, 2.0207363231933804, 0.05111332248504727, -6.981131271469701, -0.20753923660250204, 0.17584498065005888, -0.22566944649373213, 0.15804634263265935, 0.05111332248504727, 0.3168188716814496, 1.9663170308462135, -5.424600097473405, -3.7837626532417166, -6.981131271469701], "data_imag": [-1.4905478687916657e-18, 4.910752945628677e-18, 0.0, 0.0, 0.0, 0.0, 0.0, 0.0, 0.0, 0.0, 0.0, 0.0, 0.0, 0.0, 0.0, 0.0, 0.0, 0.0, 0.0, 0.0, 0.0, 0.0, 0.0, 0.0, 0.0, 0.0, 0.0, 0.0, 0.0, 0.0, 0.0, 0.0, 0.0, 0.0, 0.0, 0.0, 0.0, 0.0]}, {"time": 7.352941176470588, "step_sample_count": 256, "data": [0.4107468086717171, 0.4348119971319798, -2.3754137892867964, 0.07744488853848361, 0.9375776442601441, 0.9847901238058916, -3.1985190994703117, 0.9375604331988577, -0.20696206492436695, -0.7360307482196335, 1.0369392640623523, -0.6472247006423756, -0.2953941094956236, 1.0369316630571868, 3.967128940624391, -1.8755675858535867, 0.8648497435474436, 3.215499822345047, -0.7544344266667766, 0.8648770203832138, -1.1697247818434113, 6.724387371184331, 2.1609742662232514, 1.72055908023156, 2.6078937720300694, 2.160978515245094, 0.06932037983306623, -7.498120248862611, -0.24777999735065315, 0.1738893097995198, -0.24544956589343025, 0.1751645732507975, 0.06932037983306623, 0.29311773677429126, 2.145130222798937, -5.8335520190555386, -3.9905677520980203, -7.498120248862611], "data_imag": [1.2737754162631097e-18, -4.185593497556482e-18, 0.0, 0.0, 0.0, 0.0, 0.0, 0.0, 0.0, 0.0, 0.0, 0.0, 0.0, 0.0, 0.0, 0.0, 0.0, 0.0, 0.0, 0.0, 0.0, 0.0, 0.0, 0.0, 0.0, 0.0, 0.0, 0.0, 0.0, 0.0, 0.0, 0.0, 0.0, 0.0, 0.0, 0.0, 0.0, 0.0]}, {"time": 7.8431372549019605, "step_sample_count": 256, "data": [0.40944369961065763, 0.43457961838886694, -2.8367413097117584, 0.4592669730095578, 0.9454100943495101, 1.200612802032059, -3.4918838788192086, 0.9453928832882029, -0.282269319185869, -1.1270936146407702, 1.1774997445392386, -0.49091213011995916, -0.9185220937207742, 1.1774921435340004, 4.363284798446681, -2.468182196547035, 0.8620564037573517, 2.5740021211525526, -0.26813921133235996, 0.8620836805931635, -0.9323238535632841, 7.191781758281379, 2.222624973984468, 2.1609240008216934, 2.791665809055439, 2.222629223006322, 0.07925308252547603, -8.018451696952518, -0.2584241166168045, 0.17372280301302767, -0.25765921195595753, 0.1721106630608857, 0.07925308252547603, 0.27932595650780256, 2.337569229042775, -6.250686136652452, -4.20136998614293, -8.018451696952518], "data_imag": [1.0027782351199548e-18, -3.2846498438124815e-18, 0.0, 0.0, 0.0, 0.0, 0.0, 0.0, 0.0, 0.0, 0.0, 0.0, 0.0, 0.0, 0.0, 0.0, 0.0, 0.0, 0.0, 0.0, 0.0, 0.0, 0.0, 0.0, 0.0, 0.0, 0.0, 0.0, 0.0, 0.0, 0.0, 0.0, 0.0, 0.0, 0.0, 0.0, 0.0, 0.0]}, {"time": 8.333333333333332, "step_sample_count": 256, "data": [0.40845238634109965, 0.4311778182110906, -3.644520712070103, 1.0924639658099804, 0.9422534541996089, 1.3630568881643943, -3.8286037598356066, 0.9422362431383783, -0.258002373406868, -1.5660273353797431, 1.2828069658073589, -0.49356174825231325, -1.330931321384535, 1.2827993648022287, 4.548252114646695, -2.4859714173208323, 0.9080323814181347, 2.0831229202914097, 0.42656000316697684, 0.9080596582539151, -0.8437693978477349, 7.434087034276654, 2.204287179519076, 2.685029136445857, 2.5131215202568336, 2.2042914285409654, 0.08267363819351507, -8.533829047811452, -0.26110433503346486, 0.17299884055566342, -0.26187660202392543, 0.16900316389855372, 0.08267363819351507, 0.2871457911710179, 2.5285331023784887, -6.669426278785373, -4.436834984863479, -8.533829047811452], "data_imag": [-1.06291863818356e-18, 3.4732132340200564e-18, 0.0, 0.0, 0.0, 0.0, 0.0, 0.0, 0.0, 0.0, 0.0, 0.0, 0.0, 0.0, 0.0, 0.0, 0.0, 0.0, 0.0, 0.0, 0.0, 0.0, 0.0, 0.0, 0.0, 0.0, 0.0, 0.0, 0.0, 0.0, 0.0, 0.0, 0.0, 0.0, 0.0, 0.0, 0.0, 0.0]}, {"time": 8.823529411764705, "step_sample_count": 256, "data": [0.4078020212674889, 0.4273050158960259, -4.54638530008926, 1.5618739225078035, 0.9657796070931232, 1.4183940500956043, -4.313288510627157, 0.965762396031869, -0.07068021956262273, -1.8393206993494968, 1.3177810164924155, -0.7504243221109578, -1.156622513491781, 1.3177734154873988, 4.466339581040273, -1.9400844375175685, 1.0034192316029835, 1.7511311908113443, 1.2547934927936173, 1.0034465084387318, -0.7922071479450786, 7.524328482628735, 2.1505756635214635, 3.122149651827936, 2.1334743757120234, 2.1505799125434684, 0.08436390915599283, -9.042846382982722, -0.27876232008699536, 0.1708851913201367, -0.2624382426765742, 0.18396761185954327, 0.08436390915599283, 0.3006012761340105, 2.7034647562925396, -7.0774828316848355, -4.683694567262073, -9.042846382982722], "data_imag": [-9.485759190661368e-19, 3.094649416966692e-18, 0.0, 0.0, 0.0, 0.0, 0.0, 0.0, 0.0, 0.0, 0.0, 0.0, 0.0, 0.0, 0.0, 0.0, 0.0, 0.0, 0.0, 0.0, 0.0, 0.0, 0.0, 0.0, 0.0, 0.0, 0.0, 0.0, 0.0, 0.0, 0.0, 0.0, 0.0, 0.0, 0.0, 0.0, 0.0, 0.0]}, {"time": 9.313725490196077, "step_sample_count": 256, "data": [0.4066398711087384, 0.4244093888580636, -5.291795326427249, 1.637701611081669, 1.036978829609713, 1.4058149597400653, -4.965035832641509, 1.0369616185484547, 0.17009453674953967, -1.9612777909878905, 1.293573263352941, -1.1294478922396305, -0.654645983278991, 1.2935656623479341, 4.179483500331752, -1.1716930970898798, 1.1180942212665452, 1.4640512019460574, 2.054583696164355, 1.1181214981023047, -0.7075475352603755, 7.751201801775323, 2.1164251266500207, 3.3833373166398504, 2.1041479401831187, 2.1164293756720505, 0.08628441533151292, -9.548505395973994, -0.3031631971054159, 0.17240050194904083, -0.26652608197090005, 0.20652283886951475, 0.08628441533151292, 0.3034063166125928, 2.8623972729124176, -7.47278360172079, -4.923373265604819, -9.548505395973994], "data_imag": [-3.929755362134547e-19, 1.2783961711578128e-18, 0.0, 0.0, 0.0, 0.0, 0.0, 0.0, 0.0, 0.0, 0.0, 0.0, 0.0, 0.0, 0.0, 0.0, 0.0, 0.0, 0.0, 0.0, 0.0, 0.0, 0.0, 0.0, 0.0, 0.0, 0.0, 0.0, 0.0, 0.0, 0.0, 0.0, 0.0, 0.0, 0.0, 0.0, 0.0, 0.0]}, {"time": 9.80392156862745, "step_sample_count": 256, "data": [0.40530625672282566, 0.42287407279303746, -5.827515449601511, 1.3004052773484687, 1.150403911167751, 1.3873339044342328, -5.815063612574774, 1.1503867001065264, 0.3837179864872719, -2.134353701088513, 1.250428263290106, -1.5090683628324555, -0.23158597806109196, 1.2504206622851048, 3.8944114509566194, -0.5303402451703927, 1.2088149617389785, 1.1668993181884806, 2.739387000473683, 1.2088422385747473, -0.6501213932634835, 8.28635803242357, 2.1297759901591458, 3.530798694554413, 2.471729620803148, 2.129780239181081, 0.08613544973157754, -10.052969895596924, -0.3214937272640496, 0.1762258419207469, -0.270778875462339, 0.22519039205555316, 0.08613544973157754, 0.299535020103505, 3.015627083754352, -7.864103451525138, -5.158088042579068, -10.052969895596924], "data_imag": [-9.21447911523493e-19, 2.9877488302772194e-18, 0.0, 0.0, 0.0, 0.0, 0.0, 0.0, 0.0, 0.0, 0.0, 0.0, 0.0, 0.0, 0.0, 0.0, 0.0, 0.0, 0.0, 0.0, 0.0, 0.0, 0.0, 0.0, 0.0, 0.0, 0.0, 0.0, 0.0, 0.0, 0.0, 0.0, 0.0, 0.0, 0.0, 0.0, 0.0, 0.0]}, {"time": 10.294117647058822, "step_sample_count": 256, "data": [0.40480327950251016, 0.42213726575879573, -6.404711246390112, 0.6589013006669072, 1.2678207121141885, 1.3897407844980396, -7.034566278342623, 1.2678035010528355, 0.5552426615946036, -2.5227524172811338, 1.2232869969034725, -1.829943546154971, -0.1256489845228615, 1.223279395898373, 3.6670959877615075, -0.1647591234346043, 1.2459952817337128, 0.8418953373968899, 3.235446241796397, 1.246022558569615, -0.6740788993008994, 9.088857535178823, 2.1776202146317027, 3.60864578471066, 3.093871928490698, 2.1776244636537263, 0.07939705352265852, -10.554683457746561, -0.32704094381630117, 0.17848621979532542, -0.26685917991415803, 0.23734237083525658, 0.07939705352265852, 0.2927605195056151, 3.1731665758097956, -8.26327496380422, -5.393677527575865, -10.554683457746561], "data_imag": [-6.504288652320819e-19, 2.1063659018323442e-18, 0.0, 0.0, 0.0, 0.0, 0.0, 0.0, 0.0, 0.0, 0.0, 0.0, 0.0, 0.0, 0.0, 0.0, 0.0, 0.0, 0.0, 0.0, 0.0, 0.0, 0.0, 0.0, 0.0, 0.0, 0.0, 0.0, 0.0, 0.0, 0.0, 0.0, 0.0, 0.0, 0.0, 0.0, 0.0, 0.0]}, {"time": 10.784313725490195, "step_sample_count": 256, "data": [0.4055649652521245, 0.42218826435752344, -7.38798325309668, -0.2623887962105692, 1.3394798189663653, 1.4899427628708837, -9.04433221879802, 1.339462607903879, 0.6763786046363192, -3.1405640033143403, 1.2182911089228075, -2.049830360013256, -0.40134927530686243, 1.218283507917179, 3.1857668803734263, -0.09332094763579696, 1.2354033668715796, 0.42368946348491915, 3.281602187643283, 1.235430643707533, -0.8259368797407357, 10.075104513434274, 2.227765599023707, 3.6557715233885166, 3.7985680875999233, 2.2277698480457175, 0.06413864191622852, -11.048884814008666, -0.30960745200233036, 0.1706830627480038, -0.24421035223192827, 0.2352092614044602, 0.06413864191622852, 0.27928447525533817, 3.349413996485219, -8.689068060768568, -5.630784054469711, -11.048884814008666], "data_imag": [1.4905508271327973e-19, -4.836121555301106e-19, 0.0, 0.0, 0.0, 0.0, 0.0, 0.0, 0.0, 0.0, 0.0, 0.0, 0.0, 0.0, 0.0, 0.0, 0.0, 0.0, 0.0, 0.0, 0.0, 0.0, 0.0, 0.0, 0.0, 0.0, 0.0, 0.0, 0.0, 0.0, 0.0, 0.0, 0.0, 0.0, 0.0, 0.0, 0.0, 0.0]}, {"time": 11.274509803921568, "step_sample_count": 256, "data": [0.4067739101485117, 0.4230742070085516, -9.108714607528894, -1.6934585787548158, 1.340496016405281, 2.187091728255351, -12.924088949687187, 1.3404788053469634, 0.736494797718333, -3.8967399035431183, 1.2182520468519744, -2.155989900680507, -0.9913310359030774, 1.218244445837036, 1.6760429583932177, -0.6532767394214091, 1.2112434515684392, 0.08281260434832373, 1.5895594232280947, 1.2112707284126933, -1.1696383522462332, 11.227957004836014, 2.2635769123766507, 3.7583825869920138, 4.415077916730041, 2.2635811613823584, 0.04454700777749227, -11.5308099922973, -0.2223498233393751, 0.10343240824501265, -0.1578358484360163, 0.16802578936105067, 0.04454700777749227, 0.2810887830580458, 3.5354882282213222, -9.136944918427417, -5.895329919756777, -11.5308099922973], "data_imag": [3.116568180716458e-19, -1.0141909000915734e-18, 0.0, 0.0, 0.0, 0.0, 0.0, 0.0, 0.0, 0.0, 0.0, 0.0, 0.0, 0.0, 0.0, 0.0, 0.0, 0.0, 0.0, 0.0, 0.0, 0.0, 0.0, 0.0, 0.0, 0.0, 0.0, 0.0, 0.0, 0.0, 0.0, 0.0, 0.0, 0.0, 0.0, 0.0, 0.0, 0.0]}, {"time": 11.76470588235294, "step_sample_count": 256, "data": [0.4068891498723717, 0.42382882950909806, -9.041885239525916, -1.3825987730675096, 1.2818782296286628, 1.9302147138694752, -12.282415351221026, 1.2818610183736474, 0.7603909227109484, -4.563433736924644, 1.2047339870569345, -2.1976208519531317, -1.5928300106325384, 1.2047263861253292, -2.193454165203963, -2.998876724934377, 1.2105397574128378, 1.2135365305583725, -5.776321256930046, 1.2105670352456126, -1.774404069192389, 12.540492052634876, 2.297761932914891, 4.0359428719074, 4.74455431875182, 2.2977661814851613, 0.029031114775491255, -11.999822805347321, -0.2312746712485778, 0.12938685758340185, -0.1690796684081615, 0.19297701419548657, 0.029031114775491255, 0.44541029763077505, 3.599872483194964, -9.47592557865505, -6.334969931176428, -11.999822805347321], "data_imag": [-2.540680213411864e-19, 8.270201697061676e-19, 0.0, 0.0, 0.0, 0.0, 0.0, 0.0, 0.0, 0.0, 0.0, 0.0, 0.0, 0.0, 0.0, 0.0, 0.0, 0.0, 0.0, 0.0, 0.0, 0.0, 0.0, 0.0, 0.0, 0.0, 0.0, 0.0, 0.0, 0.0, 0.0, 0.0, 0.0, 0.0, 0.0, 0.0, 0.0, 0.0]}, {"time": 12.254901960784313, "step_sample_count": 256, "data": [0.40544327902354366, 0.4234677203502613, -7.3068610385944455, 0.08206528779380091, 1.1922598189407183, 1.287169407862136, -8.41610458466232, 1.1922426077026782, 0.8367994030914432, -4.79357506824479, 1.1749592822369865, -2.280995145098796, -1.6603298671123397, 1.1749516813782348, -4.025959770971582, -3.0595690962028463, 1.2522072859941107, 0.7073442067551442, -7.116835621476856, 1.252234563821597, -2.5439081542840145, 13.993180638949529, 2.3604522430166606, 4.454391093565987, 4.901576696808961, 2.360456491551498, 0.024381641214540617, -12.461343377630905, -0.2949032628785131, 0.1829352899458453, -0.21912374361823034, 0.2615279421094203, 0.024381641214540617, 0.457142046813823, 3.84446745446101, -10.002356546766329, -6.629351256974063, -12.461343377630905], "data_imag": [8.401131021179829e-19, -2.7249456869868494e-18, 0.0, 0.0, 0.0, 0.0, 0.0, 0.0, 0.0, 0.0, 0.0, 0.0, 0.0, 0.0, 0.0, 0.0, 0.0, 0.0, 0.0, 0.0, 0.0, 0.0, 0.0, 0.0, 0.0, 0.0, 0.0, 0.0, 0.0, 0.0, 0.0, 0.0, 0.0, 0.0, 0.0, 0.0, 0.0, 0.0]}, {"time": 12.745098039215685, "step_sample_count": 256, "data": [0.4031361774155614, 0.4223174232974781, -5.8198658381239525, 0.8439577744173801, 1.1033484447599506, 1.2874851955071969, -6.168560605809972, 1.103331233522147, 0.9305478824577834, -4.560622429434489, 1.151749710596279, -2.353244389605661, -1.256876965023449, 1.1517421097373606, -4.85794015817758, -2.619417705603888, 1.3393293506457238, 0.34069122352219816, -7.101562179612474, 1.3393566284732232, -3.1779786080026047, 15.492414377929787, 2.476389391214203, 4.79377609697282, 5.324569586666635, 2.476393639748998, 0.0329217384633947, -12.924043352521203, -0.30782972462375924, 0.16424596235689334, -0.2101607713450353, 0.2659745745125603, 0.0329217384633947, 0.4722967187326811, 4.062443873399098, -10.500554364060287, -6.925876268808501, -12.924043352521203], "data_imag": [1.937651370210328e-18, -6.249098932404931e-18, 0.0, 0.0, 0.0, 0.0, 0.0, 0.0, 0.0, 0.0, 0.0, 0.0, 0.0, 0.0, 0.0, 0.0, 0.0, 0.0, 0.0, 0.0, 0.0, 0.0, 0.0, 0.0, 0.0, 0.0, 0.0, 0.0, 0.0, 0.0, 0.0, 0.0, 0.0, 0.0, 0.0, 0.0, 0.0, 0.0]}, {"time": 13.235294117647058, "step_sample_count": 256, "data": [0.401218238891047, 0.42063238893048416, -4.791602027615294, 1.2681903290868133, 1.0473921623521891, 1.3752132783397808, -4.808106148849496, 1.047374951114372, 0.9480909845589586, -4.137485026221852, 1.175207047441394, -2.27709217759804, -0.8901016754274985, 1.1751994465824875, -5.066871738585154, -2.1676599738732336, 1.4615385257087847, 0.1595811414646336, -6.646292304169855, 1.461565803536272, -3.5451757645104283, 16.818299427012708, 2.638922075074123, 5.004203099964286, 5.980138226025729, 2.6389263236089557, 0.05209476844776438, -13.395518702696279, -0.3123452906844042, 0.1379948727739062, -0.20360775255887076, 0.2511248629812514, 0.05209476844776438, 0.4894782560557226, 4.237058687232154, -10.946069011675174, -7.215487772279122, -13.395518702696279], "data_imag": [2.2221643064621443e-18, -7.132582796522291e-18, 0.0, 0.0, 0.0, 0.0, 0.0, 0.0, 0.0, 0.0, 0.0, 0.0, 0.0, 0.0, 0.0, 0.0, 0.0, 0.0, 0.0, 0.0, 0.0, 0.0, 0.0, 0.0, 0.0, 0.0, 0.0, 0.0, 0.0, 0.0, 0.0, 0.0, 0.0, 0.0, 0.0, 0.0, 0.0, 0.0]}, {"time": 13.72549019607843, "step_sample_count": 256, "data": [0.4003228488082133, 0.41839100375844673, -4.192105469541657, 1.5222368656558298, 1.0486607894480127, 1.4277060569637385, -4.010924303963146, 1.0486435782102035, 0.8812538974567755, -3.7299453535964857, 1.2716692063678572, -2.022554094993263, -0.8042345491903634, 1.2716616055089442, -5.062411533120133, -1.6911458380881679, 1.5914525160182165, 0.03894092078340229, -6.017697732375475, 1.5914797938457448, -3.681291681486935, 17.863850471668798, 2.7995367333696164, 5.1683881664507725, 6.641032745249962, 2.7995409819044372, 0.0763290322200207, -13.87957479273951, -0.3143853624142449, 0.11730313730761122, -0.2064440157417098, 0.22825555215495696, 0.0763290322200207, 0.5031741317388712, 4.386630757112345, -11.353174700982864, -7.488669557100251, -13.87957479273951], "data_imag": [8.536246122144765e-19, -2.7338034925960453e-18, 0.0, 0.0, 0.0, 0.0, 0.0, 0.0, 0.0, 0.0, 0.0, 0.0, 0.0, 0.0, 0.0, 0.0, 0.0, 0.0, 0.0, 0.0, 0.0, 0.0, 0.0, 0.0, 0.0, 0.0, 0.0, 0.0, 0.0, 0.0, 0.0, 0.0, 0.0, 0.0, 0.0, 0.0, 0.0, 0.0]}, {"time": 14.215686274509803, "step_sample_count": 256, "data": [0.4001612404480919, 0.4163580498697888, -3.7335061092956137, 1.559075333127098, 1.109833059098067, 1.4543377909002717, -3.5463784934392835, 1.1098158478602564, 0.7341494675677519, -3.4068608168945103, 1.4242753518488989, -1.6168945602312028, -1.0364537039518789, 1.4242677509899937, -5.097781428093479, -1.1045229527619742, 1.696099756232903, -0.08619509212991129, -5.315034141189136, 1.6961270340604817, -3.665472646354431, 18.61568494500427, 2.8967979114431253, 5.3565071142714595, 7.14066539908241, 2.8968021599779616, 0.10066005868483438, -14.375365814184079, -0.3103057050833201, 0.1016367227883537, -0.21350764802675576, 0.19833515912785132, 0.10066005868483438, 0.5135581617963675, 4.52956385097191, -11.741124080808724, -7.746422121502283, -14.375365814184079], "data_imag": [4.064862075917272e-19, -1.3012802004395694e-18, 0.0, 0.0, 0.0, 0.0, 0.0, 0.0, 0.0, 0.0, 0.0, 0.0, 0.0, 0.0, 0.0, 0.0, 0.0, 0.0, 0.0, 0.0, 0.0, 0.0, 0.0, 0.0, 0.0, 0.0, 0.0, 0.0, 0.0, 0.0, 0.0, 0.0, 0.0, 0.0, 0.0, 0.0, 0.0, 0.0]}, {"time": 14.705882352941176, "step_sample_count": 256, "data": [0.39991653165909036, 0.4162750182163677, -3.142207961416882, 1.2332987658403955, 1.2132663311004286, 1.4676756760137246, -3.2990036984298086, 1.2132491198625932, 0.5081376666936245, -3.100103512813922, 1.5751968822504971, -1.0995036446497835, -1.4783110833766124, 1.57518928139151, -5.16514002162314, -0.44517377835299027, 1.7633672236490545, -0.23013943297646117, -4.551263261415677, 1.763394501476679, -3.603350563927343, 19.107065230201183, 2.906094925747374, 5.6376184212379155, 7.332429275027569, 2.9060991742823044, 0.12312224976379317, -14.878321677335842, -0.2975169355518972, 0.09243174387440858, -0.2247279598721976, 0.16101959109578998, 0.12312224976379317, 0.5254627675147269, 4.681867463308956, -12.131136182263802, -7.998473649118693, -14.878321677335842], "data_imag": [-1.6056270880069718e-18, 5.136934529389067e-18, 0.0, 0.0, 0.0, 0.0, 0.0, 0.0, 0.0, 0.0, 0.0, 0.0, 0.0, 0.0, 0.0, 0.0, 0.0, 0.0, 0.0, 0.0, 0.0, 0.0, 0.0, 0.0, 0.0, 0.0, 0.0, 0.0, 0.0, 0.0, 0.0, 0.0, 0.0, 0.0, 0.0, 0.0, 0.0, 0.0]}, {"time": 15.196078431372548, "step_sample_count": 256, "data": [0.3995086423108459, 0.41951224519720953, -2.3897495100759234, 0.4872004101138235, 1.3476211363470378, 1.4340439987547142, -3.2621440774817563, 1.3476039251092888, 0.2963024168834389, -2.684405047074044, 1.6619229027650482, -0.5993783597685707, -1.780512704068481, 1.6619153019060753, -5.049336931380033, 0.008193361057536097, 1.8049661945927282, -0.43265417134745654, -3.7478771721728146, 1.8049934724202903, -3.6294505570356095, 19.46662314719908, 2.861243920802765, 6.123696280834494, 7.0926477374304575, 2.8612481693376877, 0.14553069180936828, -15.383296057303992, -0.28686157830485987, 0.08942751949206192, -0.24176918330164887, 0.12631642998405118, 0.14553069180936828, 0.5451356109050143, 4.860871378939725, -12.546445882189815, -8.256103209072604, -15.383296057303992], "data_imag": [8.468498648129913e-22, -2.706590717860492e-21, 0.0, 0.0, 0.0, 0.0, 0.0, 0.0, 0.0, 0.0, 0.0, 0.0, 0.0, 0.0, 0.0, 0.0, 0.0, 0.0, 0.0, 0.0, 0.0, 0.0, 0.0, 0.0, 0.0, 0.0, 0.0, 0.0, 0.0, 0.0, 0.0, 0.0, 0.0, 0.0, 0.0, 0.0, 0.0, 0.0]}, {"time": 15.686274509803921, "step_sample_count": 256, "data": [0.39984124537274546, 0.4246269608465324, -1.668122228953705, -0.4153654868691187, 1.5196233779934465, 1.368320104271792, -3.3785939618000023, 1.5196061667555667, 0.30515850447741, -2.1087930278758917, 1.6593005772063623, -0.3591138446707126, -1.437126778991341, 1.6592929763475104, -4.60990998054375, -0.12065725207738318, 1.8270866729118753, -0.8155578246127181, -3.0148372864972175, 1.8271139507394432, -3.701244743425941, 19.87743369449375, 2.832131901291564, 6.749089434245338, 6.715110688704403, 2.8321361498265323, 0.1722419777441099, -15.888657322523505, -0.29544919607777625, 0.07642258717198931, -0.2526866340811226, 0.1074646645018387, 0.1722419777441099, 0.5554757711529812, 5.069090690871664, -12.9918273249479, -8.503764856330484, -15.888657322523505], "data_imag": [1.165252436108742e-18, -3.72732788181876e-18, 0.0, 0.0, 0.0, 0.0, 0.0, 0.0, 0.0, 0.0, 0.0, 0.0, 0.0, 0.0, 0.0, 0.0, 0.0, 0.0, 0.0, 0.0, 0.0, 0.0, 0.0, 0.0, 0.0, 0.0, 0.0, 0.0, 0.0, 0.0, 0.0, 0.0, 0.0, 0.0, 0.0, 0.0, 0.0, 0.0]}, {"time": 16.176470588235293, "step_sample_count": 256, "data": [0.40033382889398966, 0.42714038805247095, -1.225666370678627, -0.8590615270314389, 1.7240491521534156, 1.4077046545312588, -3.424816474417902, 1.724031940915524, 0.4963165972566586, -1.5378647089190896, 1.6010805209731038, -0.34258344793234413, -0.6904385936258078, 1.6010729201145275, -3.918919570896393, -0.7846377698999355, 1.8124020454451342, -1.3796905128347883, -2.37767743268508, 1.8124293232727613, -3.6216483728750726, 20.432628499303533, 2.885897267567353, 7.267092725473739, 6.7465080314933, 2.885901516102523, 0.20554386977720984, -16.39708666089472, -0.3006088245210257, 0.044713171837718155, -0.25074629522281705, 0.07997698553396466, 0.20554386977720984, 0.5365586356619283, 5.279728992128021, -13.438228099262505, -8.719548329695442, -16.39708666089472], "data_imag": [5.419620213981334e-20, -1.7357258491315287e-19, 0.0, 0.0, 0.0, 0.0, 0.0, 0.0, 0.0, 0.0, 0.0, 0.0, 0.0, 0.0, 0.0, 0.0, 0.0, 0.0, 0.0, 0.0, 0.0, 0.0, 0.0, 0.0, 0.0, 0.0, 0.0, 0.0, 0.0, 0.0, 0.0, 0.0, 0.0, 0.0, 0.0, 0.0, 0.0, 0.0]}, {"time": 16.666666666666664, "step_sample_count": 256, "data": [0.40030304624985047, 0.4246977355116629, -1.1694683630045388, -0.6674440840255401, 1.915361298220672, 1.5475055275102962, -3.32930837650536, 1.9153440869827536, 0.722141191987659, -1.1274687638477219, 1.5676512126963746, -0.3514168503045853, -0.04868434638823919, 1.5676436118377919, -3.240607026403503, -1.3028701184852007, 1.7429453658341718, -1.887134239621454, -1.667576571597625, 1.7429726436618496, -3.4145572678391667, 21.06751851064481, 3.0433652933551323, 7.651336266017568, 7.1254666257928285, 3.0433695418904234, 0.2416815147962895, -16.911280986723483, -0.27784310255399347, 0.005905111674894936, -0.2435204311305952, 0.023711833875252174, 0.2416815147962895, 0.5121466850984939, 5.467385483508985, -13.857351207501333, -8.924970495980206, -16.911280986723483], "data_imag": [1.3006480617387355e-18, -4.165227049703835e-18, 0.0, 0.0, 0.0, 0.0, 0.0, 0.0, 0.0, 0.0, 0.0, 0.0, 0.0, 0.0, 0.0, 0.0, 0.0, 0.0, 0.0, 0.0, 0.0, 0.0, 0.0, 0.0, 0.0, 0.0, 0.0, 0.0, 0.0, 0.0, 0.0, 0.0, 0.0, 0.0, 0.0, 0.0, 0.0, 0.0]}, {"time": 17.15686274509804, "step_sample_count": 256, "data": [0.4001998117706536, 0.4195913840618505, -1.3343238610201504, -0.3205332401873231, 2.0347562804139487, 1.6482774131024693, -3.2635525875151985, 2.0347390691760485, 0.9353232906944535, -0.9258900748934392, 1.6366289649853278, -0.30660512045940297, 0.3125380704657727, 1.636621364126722, -2.705618567474093, -1.3745145380543018, 1.6454075728622226, -2.2026655470877694, -0.8532675645762335, 1.6454348506899434, -3.197638040343049, 21.72689263686572, 3.2554464317300966, 7.959732580735526, 7.617879270027443, 3.2554506802654086, 0.27430399293423074, -17.42754682459388, -0.2316291113768203, -0.02497068881861926, -0.2403910802374569, -0.05134573595208597, 0.27430399293423074, 0.49824939571710564, 5.6297944301523115, -14.249532535643699, -9.13912145822121, -17.42754682459388], "data_imag": [2.1947331948050594e-18, -7.02665449158232e-18, 0.0, 0.0, 0.0, 0.0, 0.0, 0.0, 0.0, 0.0, 0.0, 0.0, 0.0, 0.0, 0.0, 0.0, 0.0, 0.0, 0.0, 0.0, 0.0, 0.0, 0.0, 0.0, 0.0, 0.0, 0.0, 0.0, 0.0, 0.0, 0.0, 0.0, 0.0, 0.0, 0.0, 0.0, 0.0, 0.0]}, {"time": 17.64705882352941, "step_sample_count": 256, "data": [0.40033184850030024, 0.41576325098099376, -1.523393689880171, -0.11820715926732957, 2.072416103544487, 1.7554845004598512, -3.375396767037422, 2.0723988923065915, 1.1063456158704976, -0.9441533978079035, 1.8264768421806623, -0.22377993281990388, 0.36937935620043477, 1.8264692413220527, -2.2956209524619022, -1.0836875862675095, 1.5849663475558844, -2.3090573523553766, -0.01576617757282295, 1.5849936253835544, -3.101388216090042, 22.343891017037073, 3.4273587447603666, 8.220051818929264, 7.994935948835761, 3.427362993295649, 0.3027489923906779, -17.93947320591826, -0.16717248577838567, -0.0495770444537116, -0.24099335918943748, -0.14181847591091873, 0.3027489923906779, 0.49623477133064464, 5.778454854486268, -14.631658623096376, -9.369072445044797, -17.93947320591826], "data_imag": [-1.7069506820362199e-18, 5.466773774707265e-18, 0.0, 0.0, 0.0, 0.0, 0.0, 0.0, 0.0, 0.0, 0.0, 0.0, 0.0, 0.0, 0.0, 0.0, 0.0, 0.0, 0.0, 0.0, 0.0, 0.0, 0.0, 0.0, 0.0, 0.0, 0.0, 0.0, 0.0, 0.0, 0.0, 0.0, 0.0, 0.0, 0.0, 0.0, 0.0, 0.0]}, {"time": 18.137254901960784, "step_sample_count": 256, "data": [0.40108072899227837, 0.4168379503666651, -1.6605358399067944, -0.21888895422091617, 2.074441787200025, 1.98106573160661, -3.8594774533177567, 2.0744245759621145, 1.233165779085647, -1.0945629820737088, 2.075752669615259, -0.1631391598036782, 0.2703298632948464, 2.0757450687567482, -1.9864436740719225, -0.5135715173456444, 1.6077957196921127, -2.1888071840240846, 0.7695990961120471, 1.607822997519877, -3.2636308344661806, 22.814053363697116, 3.4843270579221173, 8.432585494614644, 8.009853559131706, 3.484331306457218, 0.3313621361700885, -18.446510170739757, -0.09282882943852286, -0.0781266993447506, -0.2402619575175226, -0.24494886452054493, 0.3313621361700885, 0.5129397086215957, 5.926295838587258, -15.017770324012636, -9.623099245765557, -18.446510170739757], "data_imag": [-2.3029823610418916e-18, 7.389454753784325e-18, 0.0, 0.0, 0.0, 0.0, 0.0, 0.0, 0.0, 0.0, 0.0, 0.0, 0.0, 0.0, 0.0, 0.0, 0.0, 0.0, 0.0, 0.0, 0.0, 0.0, 0.0, 0.0, 0.0, 0.0, 0.0, 0.0, 0.0, 0.0, 0.0, 0.0, 0.0, 0.0, 0.0, 0.0, 0.0, 0.0]}, {"time": 18.627450980392155, "step_sample_count": 256, "data": [0.40238995065025057, 0.42272583030501554, -1.8161542938626947, -0.7707872954317446, 2.101616311688019, 2.397524074396942, -5.007698848976251, 2.1015991004506893, 1.3779858283855082, -1.1773016504878446, 2.2835081535422597, -0.20088712308995565, 0.3589735024017333, 2.2835005526834036, -1.791889370239399, 0.13112896689426887, 1.7109487865343294, -1.8278987618754954, 1.2693163603003876, 1.7109760643618968, -3.7282516989102703, 23.111579839641717, 3.427742425243981, 8.55538843620361, 7.6332055414841715, 3.4277466737790134, 0.36337398446971797, -18.95228288457994, -0.020934497410104783, -0.1268734651540402, -0.2237059601221402, -0.3502143463680667, 0.36337398446971797, 0.5564190252347145, 6.076453766375479, -15.408220325382404, -9.906518875577309, -18.95228288457994], "data_imag": [-3.793110363186096e-19, 1.2210475934827263e-18, 0.0, 0.0, 0.0, 0.0, 0.0, 0.0, 0.0, 0.0, 0.0, 0.0, 0.0, 0.0, 0.0, 0.0, 0.0, 0.0, 0.0, 0.0, 0.0, 0.0, 0.0, 0.0, 0.0, 0.0, 0.0, 0.0, 0.0, 0.0, 0.0, 0.0, 0.0, 0.0, 0.0, 0.0, 0.0, 0.0]}, {"time": 19.11764705882353, "step_sample_count": 256, "data": [0.40303126331552724, 0.42802602820832314, -2.0583970658246526, -1.7941664990862112, 2.198610596343826, 3.009702629319412, -6.912978829606711, 2.198593385102382, 1.5719988185209894, -1.0522313846455489, 2.3819732844044625, -0.368698523401382, 0.8420828685480447, 2.3819656835440757, -1.9147645274806269, 0.3652310195887681, 1.8498812306653099, -1.0491180488006735, 0.6088662208546157, 1.84990850849083, -4.351861209720723, 23.363425049736932, 3.3331182609113816, 8.488604694517823, 7.239737386539102, 3.333122509445996, 0.39866749627442594, -19.45887022738845, 0.03915467208115134, -0.20370299224973695, -0.18206468928008002, -0.4464488763434802, 0.39866749627442594, 0.6402029284212741, 6.1955510980217365, -15.767079365703795, -10.22965455968032, -19.45887022738845], "data_imag": [-1.1921034227096004e-18, 3.8436395876593155e-18, 0.0, 0.0, 0.0, 0.0, 0.0, 0.0, 0.0, 0.0, 0.0, 0.0, 0.0, 0.0, 0.0, 0.0, 0.0, 0.0, 0.0, 0.0, 0.0, 0.0, 0.0, 0.0, 0.0, 0.0, 0.0, 0.0, 0.0, 0.0, 0.0, 0.0, 0.0, 0.0, 0.0, 0.0, 0.0, 0.0]}, {"time": 19.6078431372549, "step_sample_count": 256, "data": [0.4026964217817671, 0.427998025738589, -1.7480837255340707, -2.446186098559073, 2.3742647111730806, 3.068695935706036, -7.315568054877366, 2.37424749992797, 1.730451648425164, -0.7708531011064198, 2.3818087062469213, -0.5463260826184813, 1.46052066321715, 2.381801105378956, -2.5325166956720766, -0.2620498486776029, 1.9527733881836695, 0.28606268401269896, -1.9862826745337692, 1.9528006660074588, -4.9289556591629955, 23.69740493787187, 3.296139917216258, 8.171930499646002, 7.228808282828231, 3.2961441657455346, 0.4354079138611866, -19.967089455763197, 0.02304734303640894, -0.22887457493784324, -0.19289236432759985, -0.467108893019947, 0.4354079138611866, 0.7703815804417073, 6.250540038257004, -16.059858476669884, -10.596595229606763, -19.967089455763197], "data_imag": [1.1378941472742953e-18, -3.665807211790191e-18, 0.0, 0.0, 0.0, 0.0, 0.0, 0.0, 0.0, 0.0, 0.0, 0.0, 0.0, 0.0, 0.0, 0.0, 0.0, 0.0, 0.0, 0.0, 0.0, 0.0, 0.0, 0.0, 0.0, 0.0, 0.0, 0.0, 0.0, 0.0, 0.0, 0.0, 0.0, 0.0, 0.0, 0.0, 0.0, 0.0]}, {"time": 20.098039215686274, "step_sample_count": 256, "data": [0.4027994304962227, 0.4249579282177386, -0.9514091263886035, -2.5174205156465908, 2.58123810488078, 2.5245499492304257, -6.02310728779367, 2.581220893628936, 1.7798311987837498, -0.432726607226235, 2.3538684676976254, -0.552679931234795, 1.856316479500888, 2.3538608668308676, -2.586500676096116, -0.7736213549711957, 1.9548257110902572, 1.0506108529188063, -3.3099271608630008, 1.9548529889230826, -5.361666013756404, 24.10455984819441, 3.3710183652828642, 7.683613611021324, 7.611609873621701, 3.3710226138097874, 0.47059762771806585, -20.47676949702972, -0.05599681718364693, -0.19311851422441964, -0.26182967942775387, -0.42210044308546185, 0.47059762771806585, 0.8369222959381263, 6.348634309923367, -16.39385931904202, -10.897557935711182, -20.47676949702972], "data_imag": [-1.9070334426455314e-19, 6.14521587707897e-19, 0.0, 0.0, 0.0, 0.0, 0.0, 0.0, 0.0, 0.0, 0.0, 0.0, 0.0, 0.0, 0.0, 0.0, 0.0, 0.0, 0.0, 0.0, 0.0, 0.0, 0.0, 0.0, 0.0, 0.0, 0.0, 0.0, 0.0, 0.0, 0.0, 0.0, 0.0, 0.0, 0.0, 0.0, 0.0, 0.0]}, {"time": 20.588235294117645, "step_sample_count": 256, "data": [0.4044059598289499, 0.4254821346560528, -0.376778098632772, -2.6141289334487707, 2.7334398574767973, 2.0810219443892732, -5.084018653767911, 2.7334226462241213, 1.7210768911695091, -0.09267539016643962, 2.3770994843710365, -0.3011188492998732, 1.887695121839909, 2.377091883504373, -2.2743338450977038, -1.282121280941127, 1.8493042347651174, 1.3743564400091837, -3.808310161688303, 1.8493315125985255, -5.644810412186341, 24.53429328583553, 3.5411028703958585, 7.183807167362817, 8.180436932865968, 3.5411071189227212, 0.5014608334022089, -20.98638926266079, -0.11835266470131872, -0.1668197523788817, -0.3155069396132792, -0.3880521202955934, 0.5014608334022089, 0.8598839409887507, 6.479044712399509, -16.759769440850626, -11.153960002625011, -20.98638926266079], "data_imag": [-1.0023906141448028e-18, 3.2429819074940764e-18, 0.0, 0.0, 0.0, 0.0, 0.0, 0.0, 0.0, 0.0, 0.0, 0.0, 0.0, 0.0, 0.0, 0.0, 0.0, 0.0, 0.0, 0.0, 0.0, 0.0, 0.0, 0.0, 0.0, 0.0, 0.0, 0.0, 0.0, 0.0, 0.0, 0.0, 0.0, 0.0, 0.0, 0.0, 0.0, 0.0]}, {"time": 21.07843137254902, "step_sample_count": 256, "data": [0.407039407556272, 0.43210259277371527, 0.021568870586602753, -2.54847262067264, 2.7758721125370194, 1.7686032384238262, -4.295882672529952, 2.7758549012843368, 1.5664839904032462, 0.2022872498260186, 2.501563138391222, 0.17697413918388458, 1.5506531655100046, 2.5015555375245873, -1.831853229884148, -1.9108670263077852, 1.696932766349021, 1.47868202269328, -4.070465570257669, 1.6969600441824042, -5.835797780414835, 24.93445399509465, 3.7426403855640356, 6.840063802645258, 8.655406086144357, 3.742644634090864, 0.5306726232946966, -21.494060060709078, -0.162271326221123, -0.15181773455733868, -0.3556684235998609, -0.3699943507261534, 0.5306726232946966, 0.8665628227227479, 6.626446181752473, -17.14428225519703, -11.394842361892684, -21.494060060709078], "data_imag": [-2.1402024457390322e-18, 6.969173884512802e-18, 0.0, 0.0, 0.0, 0.0, 0.0, 0.0, 0.0, 0.0, 0.0, 0.0, 0.0, 0.0, 0.0, 0.0, 0.0, 0.0, 0.0, 0.0, 0.0, 0.0, 0.0, 0.0, 0.0, 0.0, 0.0, 0.0, 0.0, 0.0, 0.0, 0.0, 0.0, 0.0, 0.0, 0.0, 0.0, 0.0]}, {"time": 21.56862745098039, "step_sample_count": 256, "data": [0.40988610945176146, 0.4414092327158217, 0.2244707097383293, -2.089918206458315, 2.729121612886143, 1.642414407487128, -3.5032413848040513, 2.7291044016335197, 1.3593971662130693, 0.4568255793441193, 2.7280806498981893, 0.7607996708441955, 1.014641120880031, 2.728073049031392, -1.3047189646567592, -2.3671387821446195, 1.5816739781677125, 1.496419650421545, -3.9853992091851747, 1.581701256001058, -6.039131337296595, 25.207762887960367, 3.9111861582556458, 6.773287910933616, 8.709795365843451, 3.9111904067824668, 0.5677222799996812, -21.998227022683334, -0.192217005649816, -0.15683392026535783, -0.3838557179353853, -0.3731491044995347, 0.5677222799996812, 0.8737976769062358, 6.791747048183561, -17.550498525773005, -11.639709850667757, -21.998227022683334], "data_imag": [2.709067388724992e-20, -8.883272737657035e-20, 0.0, 0.0, 0.0, 0.0, 0.0, 0.0, 0.0, 0.0, 0.0, 0.0, 0.0, 0.0, 0.0, 0.0, 0.0, 0.0, 0.0, 0.0, 0.0, 0.0, 0.0, 0.0, 0.0, 0.0, 0.0, 0.0, 0.0, 0.0, 0.0, 0.0, 0.0, 0.0, 0.0, 0.0, 0.0, 0.0]}, {"time": 22.058823529411764, "step_sample_count": 256, "data": [0.41172895458364883, 0.4479341048179073, 0.2911464138197883, -1.4287989516696018, 2.677622649559938, 1.7081688692147765, -2.84068783477429, 2.677605438307376, 1.2270028043456647, 0.7694596092456444, 3.0069210716051025, 1.2310625428953157, 0.7286233513458065, 3.006913470738405, -0.7685882891707295, -2.359376850420427, 1.5517773072602432, 1.5899350414438949, -3.5045321543458603, 1.5518045850937632, -6.280465013165392, 25.309888190988417, 4.012847667383811, 6.99999202846334, 8.255620366126323, 4.012851915910626, 0.6246918313711511, -22.502313555457548, -0.22965862037673215, -0.19231815644387534, -0.40187804615964917, -0.3879982823531021, 0.6246918313711511, 0.8987479940938672, 6.967697257168839, -17.96831005679432, -11.9036228869397, -22.502313555457548], "data_imag": [5.14707744280484e-19, -1.695360651749694e-18, 0.0, 0.0, 0.0, 0.0, 0.0, 0.0, 0.0, 0.0, 0.0, 0.0, 0.0, 0.0, 0.0, 0.0, 0.0, 0.0, 0.0, 0.0, 0.0, 0.0, 0.0, 0.0, 0.0, 0.0, 0.0, 0.0, 0.0, 0.0, 0.0, 0.0, 0.0, 0.0, 0.0, 0.0, 0.0, 0.0]}, {"time": 22.549019607843135, "step_sample_count": 256, "data": [0.4116682110040727, 0.44911779411797054, 0.39929380752253496, -0.8705512126893571, 2.7351492426115853, 1.95610701821827, -2.421875266707277, 2.7351320313590293, 1.2398012015125657, 1.175760893673291, 3.282724017005987, 1.4428900583983655, 0.9451258392908088, 3.2827164161392828, -0.2618716388099593, -2.0175146177895114, 1.5813780519678178, 1.7402710759265012, -2.7784187623021337, 1.5814053298013215, -6.373248986275099, 25.408667052187308, 4.060333514021224, 7.356665713249038, 7.817664825925764, 4.060337762547992, 0.7127224235827465, -23.019090809785048, -0.29527026700708386, -0.25701781464947576, -0.42220401703143806, -0.4056803977794117, 0.7127224235827465, 0.9337159664791232, 7.140779819852361, -18.370963929288482, -12.165685914413949, -23.019090809785048], "data_imag": [3.1558415287002966e-18, -1.0393277090659275e-17, 0.0, 0.0, 0.0, 0.0, 0.0, 0.0, 0.0, 0.0, 0.0, 0.0, 0.0, 0.0, 0.0, 0.0, 0.0, 0.0, 0.0, 0.0, 0.0, 0.0, 0.0, 0.0, 0.0, 0.0, 0.0, 0.0, 0.0, 0.0, 0.0, 0.0, 0.0, 0.0, 0.0, 0.0, 0.0, 0.0]}, {"time": 23.03921568627451, "step_sample_count": 256, "data": [0.4105444964445015, 0.4462579500769791, 0.649063238583161, -0.5281043550084056, 2.979670428620006, 2.3908221185646497, -2.2627152943213225, 2.979653217367434, 1.3104457319976546, 1.535928626334878, 3.555013444135154, 1.5105698651799608, 1.3174058786616047, 3.5550058432684364, 0.14865134563498267, -1.573076321267472, 1.5532910703197647, 1.787640995106864, -1.9448967567355013, 1.5533183481531108, -6.193791090588932, 25.645448233911782, 4.100224086382428, 7.710244717517425, 7.799721630924868, 4.1002283349091755, 0.8349023252982649, -23.570182651854342, -0.38127004785387075, -0.3354441946952956, -0.4631864020042017, -0.43764834364248384, 0.8349023252982649, 0.9746185197439907, 7.310039076137989, -18.734374232621, -12.398146482962838, -23.570182651854342], "data_imag": [-2.57334024465152e-19, 8.451765399366629e-19, 0.0, 0.0, 0.0, 0.0, 0.0, 0.0, 0.0, 0.0, 0.0, 0.0, 0.0, 0.0, 0.0, 0.0, 0.0, 0.0, 0.0, 0.0, 0.0, 0.0, 0.0, 0.0, 0.0, 0.0, 0.0, 0.0, 0.0, 0.0, 0.0, 0.0, 0.0, 0.0, 0.0, 0.0, 0.0, 0.0]}, {"time": 23.52941176470588, "step_sample_count": 256, "data": [0.4098786161007837, 0.4423896940696536, 0.9935154180674057, -0.4146317828648714, 3.3550350104245545, 2.898732347156525, -2.3100267720846146, 3.3550177991719865, 1.3925561263220905, 1.7393094867496353, 3.8789774182329397, 1.577990293735127, 1.5404287381430681, 3.8789698173662215, 0.33696110297167214, -1.1623393459651288, 1.2920670176968845, 1.5545476798294418, -1.08811591191101, 1.2920942955302857, -5.8400128850052235, 25.999428457392845, 4.1378218895944165, 8.043115534618424, 8.099525435637725, 4.137826138121125, 0.9708669929989002, -24.182263711447792, -0.46683070271507754, -0.40807966105035753, -0.5244316979027431, -0.48507883598619794, 0.9708669929989002, 1.0368258727384205, 7.49397026247446, -19.049066067069308, -12.588154181691651, -24.182263711447792], "data_imag": [8.261703588606304e-19, -2.709036506826265e-18, 0.0, 0.0, 0.0, 0.0, 0.0, 0.0, 0.0, 0.0, 0.0, 0.0, 0.0, 0.0, 0.0, 0.0, 0.0, 0.0, 0.0, 0.0, 0.0, 0.0, 0.0, 0.0, 0.0, 0.0, 0.0, 0.0, 0.0, 0.0, 0.0, 0.0, 0.0, 0.0, 0.0, 0.0, 0.0, 0.0]}, {"time": 24.019607843137255, "step_sample_count": 256, "data": [0.41018227210141067, 0.43944763589565533, 1.2556386582558037, -0.5158310342823859, 3.6329985523940316, 3.235391896874458, -2.4826558581163933, 3.632981341141465, 1.48990510616609, 1.7482775050734924, 4.283801901560758, 1.704238310533008, 1.5200082723045811, 4.283794300694053, 0.29561799290791047, -0.7999940593972915, 0.7617834580070468, 1.0270121384326634, -0.21445265596018878, 0.7618107358404, -5.496388545081747, 26.401972209337536, 4.1010221511437, 8.32471179472347, 8.490864243310247, 4.101026399670506, 1.0721264560898862, -24.85515510660787, -0.5237614566723616, -0.44973612422804726, -0.5840677716474896, -0.5289244514604535, 1.0721264560898862, 1.124464625277419, 7.705710132040953, -19.329119008276333, -12.741052859285796, -24.85515510660787], "data_imag": [-3.622204418236259e-18, 1.188611230630334e-17, 0.0, 0.0, 0.0, 0.0, 0.0, 0.0, 0.0, 0.0, 0.0, 0.0, 0.0, 0.0, 0.0, 0.0, 0.0, 0.0, 0.0, 0.0, 0.0, 0.0, 0.0, 0.0, 0.0, 0.0, 0.0, 0.0, 0.0, 0.0, 0.0, 0.0, 0.0, 0.0, 0.0, 0.0, 0.0, 0.0]}, {"time": 24.509803921568626, "step_sample_count": 256, "data": [0.411365017069066, 0.43820737453732483, 1.3191781916443481, -0.8410238954234972, 3.6615292928218377, 3.269382908951008, -2.774871918863772, 3.66151208156928, 1.5904711359333474, 1.5747686553595803, 4.702362522844458, 1.8779324504579031, 1.2678442719173582, 4.70235492197776, 0.27277733761866935, -0.46463391766202633, 0.2056315604309654, 0.4503477734989911, 0.7027626189106608, 0.2056588382643715, -5.335980229419359, 26.772683116518557, 3.9283637934848796, 8.523513068567325, 8.74745644929506, 3.928368042011707, 1.1094687529980074, -25.534878489939533, -0.5380135736963148, -0.4470369095215505, -0.6261451549418992, -0.5536703756400723, 1.1094687529980074, 1.2142945504876472, 7.934357444851054, -19.619257527980164, -12.889694531708985, -25.534878489939533], "data_imag": [-6.366030053420524e-19, 2.0950096492700173e-18, 0.0, 0.0, 0.0, 0.0, 0.0, 0.0, 0.0, 0.0, 0.0, 0.0, 0.0, 0.0, 0.0, 0.0, 0.0, 0.0, 0.0, 0.0, 0.0, 0.0, 0.0, 0.0, 0.0, 0.0, 0.0, 0.0, 0.0, 0.0, 0.0, 0.0, 0.0, 0.0, 0.0, 0.0, 0.0, 0.0]}], "random_generator": {"seed": "very_nice_seed"}, "realworld_total_calculation_time": 3045.746}