{"hamiltonian": {"U": 1.0, "E": 0.8, "J": 0.1, "phi": 2.5132741228718345, "type": "FirstOrderVariationalClassicalNetworkHamiltonian", "eta_calculation_sampler": {"system_geometry": {"type": "LinearChainNonPeriodicState", "size": 4}, "initial_system_state": {"type": "HomogenousInitialSystemState"}, "type": "ExactSampler"}, "psi_selection": {"type": "ChainDirectionDependentAllSameFirstOrder", "number_of_psis": 6, "J": 0.1}, "random_generator": {"seed": "46954944"}, "init_sigma": 1e-05, "pseudo_inverse_cutoff": 1e-10, "effective_time_step_size": 0.08064516129032258, "number_workers": 16, "variational_step_fraction_multiplier": 4, "ue_might_change": true, "ue_variational": true}, "start_time": 0.0, "time_step": 0.3225806451612903, "number_of_time_steps": 31, "sampler": {"system_geometry": {"type": "LinearChainNonPeriodicState", "size": 4}, "initial_system_state": {"type": "HomogenousInitialSystemState"}, "type": "ExactSampler"}, "observables": [{"type": "Energy", "label": "Energy per site"}, {"type": "EnergyVariance", "label": "Energy Variance per site"}, {"type": "VCNFactor", "label": "Re-Part of VCN Parameter 0", "param_real_part": true, "param_index": 0, "can_return_value": true}, {"type": "VCNFactor", "label": "Re-Part of VCN Parameter 1", "param_real_part": true, "param_index": 1, "can_return_value": true}, {"type": "VCNFactor", "label": "Re-Part of VCN Parameter 2", "param_real_part": true, "param_index": 2, "can_return_value": true}, {"type": "VCNFactor", "label": "Re-Part of VCN Parameter 3", "param_real_part": true, "param_index": 3, "can_return_value": true}, {"type": "VCNFactor", "label": "Re-Part of VCN Parameter 4", "param_real_part": true, "param_index": 4, "can_return_value": true}, {"type": "VCNFactor", "label": "Re-Part of VCN Parameter 5", "param_real_part": true, "param_index": 5, "can_return_value": true}, {"type": "VCNFactor", "label": "Im-Part of VCN Parameter 0", "param_real_part": false, "param_index": 0, "can_return_value": true}, {"type": "VCNFactor", "label": "Im-Part of VCN Parameter 1", "param_real_part": false, "param_index": 1, "can_return_value": true}, {"type": "VCNFactor", "label": "Im-Part of VCN Parameter 2", "param_real_part": false, "param_index": 2, "can_return_value": true}, {"type": "VCNFactor", "label": "Im-Part of VCN Parameter 3", "param_real_part": false, "param_index": 3, "can_return_value": true}, {"type": "VCNFactor", "label": "Im-Part of VCN Parameter 4", "param_real_part": false, "param_index": 4, "can_return_value": true}, {"type": "VCNFactor", "label": "Im-Part of VCN Parameter 5", "param_real_part": false, "param_index": 5, "can_return_value": true}, {"type": "BaseEnergyFactor", "label": "Re-Part of BE-Factor U", "param_real_part": true, "param_index": -1, "can_return_value": true, "kind": "U"}, {"type": "BaseEnergyFactor", "label": "Im-Part of BE-Factor U", "param_real_part": false, "param_index": -1, "can_return_value": true, "kind": "U"}, {"type": "BaseEnergyFactor", "label": "Re-Part of BE-Factor eps-0", "param_real_part": true, "param_index": 0, "can_return_value": true, "kind": "eps"}, {"type": "BaseEnergyFactor", "label": "Re-Part of BE-Factor eps-1", "param_real_part": true, "param_index": 1, "can_return_value": true, "kind": "eps"}, {"type": "BaseEnergyFactor", "label": "Re-Part of BE-Factor eps-2", "param_real_part": true, "param_index": 2, "can_return_value": true, "kind": "eps"}, {"type": "BaseEnergyFactor", "label": "Re-Part of BE-Factor eps-3", "param_real_part": true, "param_index": 3, "can_return_value": true, "kind": "eps"}, {"type": "BaseEnergyFactor", "label": "Re-Part of BE-Factor eps-4", "param_real_part": true, "param_index": 4, "can_return_value": true, "kind": "eps"}, {"type": "BaseEnergyFactor", "label": "Im-Part of BE-Factor eps-0", "param_real_part": false, "param_index": 0, "can_return_value": true, "kind": "eps"}, {"type": "BaseEnergyFactor", "label": "Im-Part of BE-Factor eps-1", "param_real_part": false, "param_index": 1, "can_return_value": true, "kind": "eps"}, {"type": "BaseEnergyFactor", "label": "Im-Part of BE-Factor eps-2", "param_real_part": false, "param_index": 2, "can_return_value": true, "kind": "eps"}, {"type": "BaseEnergyFactor", "label": "Im-Part of BE-Factor eps-3", "param_real_part": false, "param_index": 3, "can_return_value": true, "kind": "eps"}, {"type": "BaseEnergyFactor", "label": "Im-Part of BE-Factor eps-4", "param_real_part": false, "param_index": 4, "can_return_value": true, "kind": "eps"}], "measurements": [{"time": 0.0, "step_sample_count": 256, "data": [0.17499515035564026, 0.4530504236516649, -2.409211346512654e-05, 1.3364613742072939e-05, 1.5426940819682473e-06, -2.3095526437844924e-06, 2.9577584621232426e-06, -1.5668367408516222e-05, 1.0073359691169309e-05, -1.2604172898632618e-05, -1.1358230129747497e-05, 3.80637423358691e-06, 2.8480717089983352e-06, -1.895923534861108e-05, -2.4229613465669603e-06, 1.5791125000597532e-06, -1.1357545410297846e-05, 4.318272037258513e-06, -1.4618044943022195e-05, 1.2968369814907847e-06, -2.4229613465669603e-06, 1.2658790972584678e-05, -4.320935634434884e-06, -4.807979398987998e-06, -1.0283182688040512e-05, 1.5791125000597532e-06], "data_imag": [-1.075387878249898e-23, 1.505501307559791e-23, 0.0, 0.0, 0.0, 0.0, 0.0, 0.0, 0.0, 0.0, 0.0, 0.0, 0.0, 0.0, 0.0, 0.0, 0.0, 0.0, 0.0, 0.0, 0.0, 0.0, 0.0, 0.0, 0.0, 0.0]}, {"time": 0.3225806451612903, "step_sample_count": 256, "data": [0.1758557099089449, 0.45379416370243375, 0.0024432453275869733, -0.03574185562678554, 0.04306426042474147, 0.0030258376647054833, -0.03581589532922799, 0.04304704936324992, 0.30744863783525245, 0.30087042190220886, 0.3155182822435236, 0.33388795787843395, 0.33681594930138575, 0.3155106812381534, 0.0005315114125413113, -0.32272374767120166, -0.0028801174374937857, -0.00037312911775226783, -0.0004036573194769112, 0.002104306239852861, 0.0005315114125413113, -0.3118095890194825, -0.10439881920126173, 0.10450180823619187, 0.3119240908232559, -0.32272374767120166], "data_imag": [2.3039274035763035e-19, -3.2412703130766655e-19, 0.0, 0.0, 0.0, 0.0, 0.0, 0.0, 0.0, 0.0, 0.0, 0.0, 0.0, 0.0, 0.0, 0.0, 0.0, 0.0, 0.0, 0.0, 0.0, 0.0, 0.0, 0.0, 0.0, 0.0]}, {"time": 0.6451612903225806, "step_sample_count": 256, "data": [0.17648950791052817, 0.45454837885922517, 0.008427043504664252, -0.16192867259539503, 0.18246681876421408, 0.01462629904306016, -0.1658801969179819, 0.18244960770268986, 0.6182669150306405, 0.5575126220623885, 0.5745800436176217, 0.6335282821746253, 0.6674274892845851, 0.5745724426123364, 0.0022377789552812375, -0.646714219212605, -0.012796236632937892, -0.0014393007066854245, -0.0017793662999218299, 0.009579972853837574, 0.0022377789552812375, -0.6252170281094015, -0.20880257487416276, 0.21000445110122232, 0.6264305210316801, -0.646714219212605], "data_imag": [-7.247770247277985e-19, 1.0233243235125269e-18, 0.0, 0.0, 0.0, 0.0, 0.0, 0.0, 0.0, 0.0, 0.0, 0.0, 0.0, 0.0, 0.0, 0.0, 0.0, 0.0, 0.0, 0.0, 0.0, 0.0, 0.0, 0.0, 0.0, 0.0]}, {"time": 0.967741935483871, "step_sample_count": 256, "data": [0.1767758890670708, 0.4549330187933804, 0.007288763624301782, -0.35877509057509593, 0.36570295561958344, 0.037324599255655955, -0.3838661778319559, 0.36568574455809055, 0.9385178540603191, 0.7204617615347985, 0.7388704559495453, 0.8630377837792825, 0.9847707949183242, 0.7388628549442646, 0.004311780859589946, -0.9726824873091677, -0.027777083536612953, -0.002253081612672649, -0.003964216888570543, 0.0215692975075779, 0.004311780859589946, -0.9421578505649567, -0.31337575844589416, 0.31722003672030846, 0.9460169859548071, -0.9726824873091677], "data_imag": [-1.1099667940795867e-18, 1.5697229348667616e-18, 0.0, 0.0, 0.0, 0.0, 0.0, 0.0, 0.0, 0.0, 0.0, 0.0, 0.0, 0.0, 0.0, 0.0, 0.0, 0.0, 0.0, 0.0, 0.0, 0.0, 0.0, 0.0, 0.0, 0.0]}, {"time": 1.2903225806451613, "step_sample_count": 256, "data": [0.17664525143139995, 0.45455311122330716, -0.021354197942926104, -0.578287775181432, 0.5370097461808543, 0.08110097541218822, -0.6726437907354854, 0.5369925351193148, 1.2765264028845553, 0.7442452201862567, 0.8115829102859523, 0.9955185532369741, 1.2789529700120803, 0.8115753092806397, 0.005876670500321599, -1.2998774917444562, -0.04472599556230512, -0.001862558287021049, -0.00672902553457781, 0.03616447977214955, 0.005876670500321599, -1.2647256963948903, -0.4185681118708724, 0.4259674446795221, 1.272158510869964, -1.2998774917444562], "data_imag": [1.2170687956235977e-19, -1.719915387297932e-19, 0.0, 0.0, 0.0, 0.0, 0.0, 0.0, 0.0, 0.0, 0.0, 0.0, 0.0, 0.0, 0.0, 0.0, 0.0, 0.0, 0.0, 0.0, 0.0, 0.0, 0.0, 0.0, 0.0, 0.0]}, {"time": 1.6129032258064515, "step_sample_count": 256, "data": [0.17609034272541554, 0.4531871098812289, -0.10826944253826348, -0.7334146906120874, 0.6607231577644403, 0.16884272834156888, -0.9995318278007179, 0.6607059467028525, 1.6335733223298512, 0.6142282373691639, 0.8217385449150267, 1.02143256263861, 1.5462432091974276, 0.8217309439096406, 0.00671152873512432, -1.6266085146338056, -0.05987807742391688, -3.0304022108125538e-05, -0.00993958005606119, 0.04997115686012816, 0.00671152873512432, -1.5940453826289174, -0.5248568571182748, 0.535313839604691, 1.604581944413216, -1.6266085146338056], "data_imag": [-9.458472508531983e-20, 1.3324365325490542e-19, 0.0, 0.0, 0.0, 0.0, 0.0, 0.0, 0.0, 0.0, 0.0, 0.0, 0.0, 0.0, 0.0, 0.0, 0.0, 0.0, 0.0, 0.0, 0.0, 0.0, 0.0, 0.0, 0.0, 0.0]}, {"time": 1.935483870967742, "step_sample_count": 256, "data": [0.1752910438117423, 0.4511040285365048, -0.28441904561360987, -0.7251254085112302, 0.7237850007887263, 0.3284290517380669, -1.3250810756211464, 0.72376778972714, 1.9865318192669663, 0.3894504074280124, 0.8044490775980815, 0.959368095549232, 1.8034998155827429, 0.8044414765927504, 0.00743416854982474, -1.951445399513858, -0.06983618123633073, 0.0026176976660344286, -0.013560933657577903, 0.05898701862679395, 0.00743416854982474, -1.9283589222176156, -0.6322483695412098, 0.6441303515379527, 1.9403831277220793, -1.951445399513858], "data_imag": [2.0255646757325902e-19, -2.8405067705388723e-19, 0.0, 0.0, 0.0, 0.0, 0.0, 0.0, 0.0, 0.0, 0.0, 0.0, 0.0, 0.0, 0.0, 0.0, 0.0, 0.0, 0.0, 0.0, 0.0, 0.0, 0.0, 0.0, 0.0, 0.0]}, {"time": 2.258064516129032, "step_sample_count": 256, "data": [0.17463362312073905, 0.44913503677449657, -0.5552660232981701, -0.5221877612616399, 0.7287508622688201, 0.5649168250494511, -1.6288419974863666, 0.7287336512072694, 2.2846809524964264, 0.19894694884244868, 0.7907757286150339, 0.852520140886198, 2.084845286156387, 0.7907681276097762, 0.008911544501812177, -2.2740602567370773, -0.07374591783181408, 0.005035011261357776, -0.01744951879737583, 0.06143910099632307, 0.008911544501812177, -2.262743011008508, -0.7400856075754263, 0.7516734249732393, 2.274517451448858, -2.2740602567370773], "data_imag": [-1.98353580526528e-18, 2.771136354105508e-18, 0.0, 0.0, 0.0, 0.0, 0.0, 0.0, 0.0, 0.0, 0.0, 0.0, 0.0, 0.0, 0.0, 0.0, 0.0, 0.0, 0.0, 0.0, 0.0, 0.0, 0.0, 0.0, 0.0, 0.0]}, {"time": 2.5806451612903225, "step_sample_count": 256, "data": [0.17440007376388844, 0.44817368549671427, -0.8884260798306267, -0.19874535374850605, 0.6884922529736928, 0.8439405297659232, -1.9177430988227107, 0.6884750419121076, 2.4785516540986117, 0.15001859933619405, 0.8053045964957385, 0.7376662589121801, 2.410445152694114, 0.8052969954905359, 0.011466726796012983, -2.5953237532592994, -0.07415825180794154, 0.006346377875600311, -0.021181021890798023, 0.05942929098025956, 0.011466726796012983, -2.5922794533427727, -0.8474691392903557, 0.8580239898747829, 2.603017333790746, -2.5953237532592994], "data_imag": [4.31307940741442e-19, -6.017610934420663e-19, 0.0, 0.0, 0.0, 0.0, 0.0, 0.0, 0.0, 0.0, 0.0, 0.0, 0.0, 0.0, 0.0, 0.0, 0.0, 0.0, 0.0, 0.0, 0.0, 0.0, 0.0, 0.0, 0.0, 0.0]}, {"time": 2.903225806451613, "step_sample_count": 256, "data": [0.1745106265327301, 0.4485647693719918, -1.2368230593461735, 0.13603460319785476, 0.6246837427247567, 1.112862211555259, -2.2005020094340777, 0.62466653166315, 2.547195013028537, 0.26439125845589245, 0.8649501905040012, 0.6212835380644621, 2.774391922650999, 0.8649425894986246, 0.014492766915590342, -2.916832203438239, -0.074543850272754, 0.006434114401943119, -0.024246975749893703, 0.05684162970114922, 0.014492766915590342, -2.915216824373554, -0.9539596661454365, 0.9641687753051461, 2.925560273423056, -2.916832203438239], "data_imag": [1.1846370423161694e-18, -1.6538540197477997e-18, 0.0, 0.0, 0.0, 0.0, 0.0, 0.0, 0.0, 0.0, 0.0, 0.0, 0.0, 0.0, 0.0, 0.0, 0.0, 0.0, 0.0, 0.0, 0.0, 0.0, 0.0, 0.0, 0.0, 0.0]}, {"time": 3.225806451612903, "step_sample_count": 256, "data": [0.17469689884204828, 0.4500411657827579, -1.5640240713796707, 0.4041370756452817, 0.5659788845820914, 1.3296313336807113, -2.4761824682944944, 0.565961673520497, 2.4980914795113494, 0.5114610828082549, 0.9747464204687397, 0.48705537924062353, 3.1703094053211234, 0.9747388194630421, 0.01669889010501627, -3.2400406500726278, -0.07664981623627616, 0.006239547541059318, -0.026421313194472416, 0.05660769221800621, 0.01669889010501627, -3.233199118286267, -1.0598626393513897, 1.0713995974422728, 3.2448083097626426, -3.2400406500726278], "data_imag": [6.455483016912237e-19, -9.022022908656625e-19, 0.0, 0.0, 0.0, 0.0, 0.0, 0.0, 0.0, 0.0, 0.0, 0.0, 0.0, 0.0, 0.0, 0.0, 0.0, 0.0, 0.0, 0.0, 0.0, 0.0, 0.0, 0.0, 0.0, 0.0]}, {"time": 3.5483870967741935, "step_sample_count": 256, "data": [0.17477122322199481, 0.45202956584724524, -1.849261397934634, 0.5603943917557259, 0.5410029253440057, 1.4750809676300634, -2.749980181068356, 0.5409857142823682, 2.357059956437541, 0.8528629462793164, 1.1224354236147178, 0.31302118080576896, 3.608336835077614, 1.1224278226091393, 0.016787071386371998, -3.5653466246906436, -0.07994062136032168, 0.007292266270584522, -0.027776849453995348, 0.05963620336210776, 0.016787071386371998, -3.549869092695751, -1.165968120404179, 1.1804324053416233, 3.564367244703638, -3.5653466246906436], "data_imag": [-5.779988991932417e-19, 8.081405970637546e-19, 0.0, 0.0, 0.0, 0.0, 0.0, 0.0, 0.0, 0.0, 0.0, 0.0, 0.0, 0.0, 0.0, 0.0, 0.0, 0.0, 0.0, 0.0, 0.0, 0.0, 0.0, 0.0, 0.0, 0.0]}, {"time": 3.870967741935484, "step_sample_count": 256, "data": [0.1746725100367436, 0.45391296435536, -2.0825126560920046, 0.5763240479649623, 0.5661377654915014, 1.5522332364923115, -3.0436748111251366, 0.566120554429848, 2.1610170787286918, 1.2530342213179864, 1.2794427961787533, 0.08131530759268793, 4.108412014319434, 1.279435195173175, 0.014010334034007876, -3.8917023521450016, -0.08239852011969395, 0.010867878854242098, -0.028487570496307194, 0.06497071209971364, 0.014010334034007876, -3.869376780847463, -1.273158868210048, 1.2910130571378597, 3.887268643642763, -3.8917023521450016], "data_imag": [7.794007548439553e-19, -1.0891190893850109e-18, 0.0, 0.0, 0.0, 0.0, 0.0, 0.0, 0.0, 0.0, 0.0, 0.0, 0.0, 0.0, 0.0, 0.0, 0.0, 0.0, 0.0, 0.0, 0.0, 0.0, 0.0, 0.0, 0.0, 0.0]}, {"time": 4.193548387096774, "step_sample_count": 256, "data": [0.17440933267658223, 0.4552384986156837, -2.262066662363057, 0.4351889475585335, 0.6359489259576815, 1.5812947745613537, -3.3929638223455627, 0.6359317148962296, 1.9548126250639015, 1.675037779748114, 1.412443602113672, -0.22024415671083125, 4.691238880690359, 1.4124360011076351, 0.008271587565818065, -4.217014971553829, -0.08156412292656688, 0.017448484862554178, -0.028730549322248167, 0.07042144456089697, 0.008271587565818065, -4.195632411617925, -1.3820809143042148, 1.4020819977055679, 4.215695985853072, -4.217014971553829], "data_imag": [-1.208921581430945e-18, 1.686777650205517e-18, 0.0, 0.0, 0.0, 0.0, 0.0, 0.0, 0.0, 0.0, 0.0, 0.0, 0.0, 0.0, 0.0, 0.0, 0.0, 0.0, 0.0, 0.0, 0.0, 0.0, 0.0, 0.0, 0.0, 0.0]}, {"time": 4.516129032258064, "step_sample_count": 256, "data": [0.17403557760527447, 0.4558737978632381, -2.3967088500623124, 0.1371754369770114, 0.7256048660355324, 1.596423228957848, -3.8411162902258242, 0.7255876549739033, 1.7888710802855043, 2.0790233520552364, 1.499015459062858, -0.6005536112328256, 5.376839829610116, 1.49900785805716, 7.740514101695593e-05, -4.539095382196924, -0.07523193603331278, 0.02644385980663174, -0.02863779026295947, 0.07307047944028994, 7.740514101695593e-05, -4.532240154951311, -1.4928890740777785, 1.5121614509674717, 4.551562911222846, -4.539095382196924], "data_imag": [6.040127720842495e-19, -8.409576933651627e-19, 0.0, 0.0, 0.0, 0.0, 0.0, 0.0, 0.0, 0.0, 0.0, 0.0, 0.0, 0.0, 0.0, 0.0, 0.0, 0.0, 0.0, 0.0, 0.0, 0.0, 0.0, 0.0, 0.0, 0.0]}, {"time": 4.838709677419355, "step_sample_count": 256, "data": [0.1736228003049199, 0.45598248143010234, -2.5078407774169924, -0.28948431556317566, 0.8047359082199387, 1.6434740574675815, -4.427683318173753, 0.8047186971606488, 1.7135241143817035, 2.4290419385976727, 1.5359308326270191, -1.0688041217316304, 6.189317759449997, 1.5359232316181857, -0.009331475583772258, -4.856697833966843, -0.06164410670578945, 0.03600023500440218, -0.02818127555281655, 0.06941311382449955, -0.009331475583772258, -4.882362084926259, -1.6051599753519998, 1.6198551431430304, 4.896998967627763, -4.856697833966843], "data_imag": [6.545578784065158e-19, -9.091693744846923e-19, 0.0, 0.0, 0.0, 0.0, 0.0, 0.0, 0.0, 0.0, 0.0, 0.0, 0.0, 0.0, 0.0, 0.0, 0.0, 0.0, 0.0, 0.0, 0.0, 0.0, 0.0, 0.0, 0.0, 0.0]}, {"time": 5.161290322580645, "step_sample_count": 256, "data": [0.1731994363217272, 0.45582496029255587, -2.6251225691899625, -0.7756477197050048, 0.8513821381157224, 1.7715266839883603, -5.162778319337018, 0.85136492705457, 1.7710528550146716, 2.7142401149256723, 1.5358337344928628, -1.6362144415299826, 7.171739886330037, 1.5358261334863856, -0.01797136501222261, -5.170056153710741, -0.039441102751272675, 0.04318196762656756, -0.02701404234955414, 0.055644330907550284, -0.01797136501222261, -5.24808889572536, -1.71823174590102, 1.7245260376670488, 5.254121057540158, -5.170056153710741], "data_imag": [-1.2058573502157557e-19, 1.6708305067342446e-19, 0.0, 0.0, 0.0, 0.0, 0.0, 0.0, 0.0, 0.0, 0.0, 0.0, 0.0, 0.0, 0.0, 0.0, 0.0, 0.0, 0.0, 0.0, 0.0, 0.0, 0.0, 0.0, 0.0, 0.0]}, {"time": 5.483870967741935, "step_sample_count": 256, "data": [0.1727518893922467, 0.45558214471285774, -2.7663179884770837, -1.2117506854348776, 0.8566689236967906, 2.0090349877288256, -5.98327988020771, 0.8566517126398773, 1.9883205383289768, 2.9833147546461087, 1.5183294951237596, -2.310934560415354, 8.407945970741702, 1.5183218941110936, -0.023607922759452865, -5.480665233871282, -0.00868645636144122, 0.0449281895065174, -0.024547537159438415, 0.02945025671633334, -0.023607922759452865, -5.629525432200705, -1.83176876686638, 1.826822984713958, 5.6241209451138285, -5.480665233871282], "data_imag": [4.687119178792436e-20, -6.477669551544234e-20, 0.0, 0.0, 0.0, 0.0, 0.0, 0.0, 0.0, 0.0, 0.0, 0.0, 0.0, 0.0, 0.0, 0.0, 0.0, 0.0, 0.0, 0.0, 0.0, 0.0, 0.0, 0.0, 0.0, 0.0]}, {"time": 5.806451612903226, "step_sample_count": 256, "data": [0.17230921790436898, 0.45527738957623864, -2.895698797923676, -1.4779507465499346, 0.8221384100692247, 2.3199207998678815, -6.696691660854338, 0.8221211990125159, 2.3617627260376026, 3.343528683220884, 1.5028562816787254, -3.078492689703628, 9.986668949336899, 1.502848680665711, -0.024504003695764998, -5.79074050925648, 0.025597930318534315, 0.03938315974185365, -0.02039378782028454, -0.005716331520614409, -0.024504003695764998, -6.023274790475009, -1.9456790857177115, 1.9283816799846043, 6.005458906302809, -5.79074050925648], "data_imag": [-5.622870329654088e-19, 7.750979111043019e-19, 0.0, 0.0, 0.0, 0.0, 0.0, 0.0, 0.0, 0.0, 0.0, 0.0, 0.0, 0.0, 0.0, 0.0, 0.0, 0.0, 0.0, 0.0, 0.0, 0.0, 0.0, 0.0, 0.0, 0.0]}, {"time": 6.129032258064516, "step_sample_count": 256, "data": [0.17193348072162185, 0.4547502026464858, -2.9080969378542, -1.4946388273143179, 0.7566287351977059, 2.5862792036589304, -6.998056449544213, 0.7566115241555227, 2.813930984407011, 3.8483202880771987, 1.5055253298173652, -3.854001191662772, 11.797074581895801, 1.5055177287540122, -0.01988328378776718, -6.102689611860666, 0.05183718254897782, 0.026560850070540185, -0.01473149144950099, -0.038678724075251844, -0.01988328378776718, -6.418558838778183, -2.059467671481834, 2.0308642408671944, 6.389547559102868, -6.102689611860666], "data_imag": [-1.7396874700293462e-19, 2.392884176719501e-19, 0.0, 0.0, 0.0, 0.0, 0.0, 0.0, 0.0, 0.0, 0.0, 0.0, 0.0, 0.0, 0.0, 0.0, 0.0, 0.0, 0.0, 0.0, 0.0, 0.0, 0.0, 0.0, 0.0, 0.0]}, {"time": 6.451612903225806, "step_sample_count": 256, "data": [0.17167708805438953, 0.45382120667702563, -2.7457020840373927, -1.3054226280024754, 0.6753276390471509, 2.7256896525929712, -6.789327607867692, 0.6753104280046646, 3.1920798924222464, 4.402302280739725, 1.537974395712424, -4.478929509718149, 13.429157077079838, 1.5379667946463846, -0.01002616817045562, -6.418520831227281, 0.06331886785395667, 0.008101058002596603, -0.00824446705091508, -0.06191466487385769, -0.01002616817045562, -6.797662706798673, -2.1719948993609366, 2.1352194506295397, 6.7606764691661265, -6.418520831227281], "data_imag": [7.35536363790961e-19, -1.0101979287499704e-18, 0.0, 0.0, 0.0, 0.0, 0.0, 0.0, 0.0, 0.0, 0.0, 0.0, 0.0, 0.0, 0.0, 0.0, 0.0, 0.0, 0.0, 0.0, 0.0, 0.0, 0.0, 0.0, 0.0, 0.0]}, {"time": 6.774193548387097, "step_sample_count": 256, "data": [0.17164192765752184, 0.45258242609726135, -2.4798128994366504, -1.0728113364870349, 0.5990286788603572, 2.7765656172007374, -6.343748275492647, 0.5990114678304679, 3.420521959428988, 4.903926183186831, 1.6050169124947455, -4.872808013445609, 14.623526022148381, 1.6050093114672133, 0.003758314917827647, -6.739274123765573, 0.06606234588392502, -0.01346407714101519, -0.0016740848626491049, -0.07962298064834458, 0.003758314917827647, -7.151481389003316, -2.281823725724509, 2.241478748665039, 7.1111024992190295, -6.739274123765573], "data_imag": [2.1382078313573185e-19, -2.936048911252637e-19, 0.0, 0.0, 0.0, 0.0, 0.0, 0.0, 0.0, 0.0, 0.0, 0.0, 0.0, 0.0, 0.0, 0.0, 0.0, 0.0, 0.0, 0.0, 0.0, 0.0, 0.0, 0.0, 0.0, 0.0]}, {"time": 7.096774193548387, "step_sample_count": 256, "data": [0.17187655791420098, 0.45146238525862953, -2.1858839297013284, -0.9159230856651225, 0.5504899546477997, 2.779723398665137, -5.89768456975288, 0.5504727436143592, 3.538931123326588, 5.331361740843464, 1.7005745277912374, -5.07155706384821, 15.434677095229329, 1.7005669267572963, 0.019301295838244553, -7.064827972979075, 0.06614762665397357, -0.035511993590182776, 0.004649951819301469, -0.09549503210454117, 0.019301295838244553, -7.483444123124392, -2.3877720090073313, 2.348959692001493, 7.444712779688994, -7.064827972979075], "data_imag": [-9.616644429924313e-19, 1.3223005946401322e-18, 0.0, 0.0, 0.0, 0.0, 0.0, 0.0, 0.0, 0.0, 0.0, 0.0, 0.0, 0.0, 0.0, 0.0, 0.0, 0.0, 0.0, 0.0, 0.0, 0.0, 0.0, 0.0, 0.0, 0.0]}, {"time": 7.419354838709677, "step_sample_count": 256, "data": [0.17224925306489527, 0.4510044334749752, -1.8876605816568883, -0.8649916317657336, 0.5466987438886193, 2.730354205010028, -5.500222873331169, 0.5466815328553047, 3.6086562768185724, 5.684344350313336, 1.806011966091449, -5.134089904955343, 15.983889582524343, 1.8060043650581998, 0.03411466310614299, -7.394218452970054, 0.06432014626090066, -0.055902656712245626, 0.010857666250183166, -0.10794550045353524, 0.03411466310614299, -7.800193021245538, -2.489325185940562, 2.4566640224684213, 7.767682718697699, -7.394218452970054], "data_imag": [1.3351522427587426e-19, -1.839831812344905e-19, 0.0, 0.0, 0.0, 0.0, 0.0, 0.0, 0.0, 0.0, 0.0, 0.0, 0.0, 0.0, 0.0, 0.0, 0.0, 0.0, 0.0, 0.0, 0.0, 0.0, 0.0, 0.0, 0.0, 0.0]}, {"time": 7.741935483870968, "step_sample_count": 256, "data": [0.1725130094885981, 0.4515488624740477, -1.582957593449986, -0.9061704378616253, 0.5904838108617956, 2.609899338139464, -5.116291689781889, 0.5904665998272454, 3.681011731125267, 5.962043017535539, 1.8954204362186469, -5.110044529107716, 16.372485995778067, 1.8954128351844668, 0.04621293186032248, -7.726117669357329, 0.05899424908399653, -0.07325624947668945, 0.017184724673852098, -0.11375005366126513, 0.04621293186032248, -8.108348865014456, -2.58679900142124, 2.5636459495985706, 8.085403548945768, -7.726117669357329], "data_imag": [1.8552093312786518e-18, -2.560381959761679e-18, 0.0, 0.0, 0.0, 0.0, 0.0, 0.0, 0.0, 0.0, 0.0, 0.0, 0.0, 0.0, 0.0, 0.0, 0.0, 0.0, 0.0, 0.0, 0.0, 0.0, 0.0, 0.0, 0.0, 0.0]}, {"time": 8.064516129032258, "step_sample_count": 256, "data": [0.17245191133347332, 0.45302727936016274, -1.2679534701140216, -1.0143052459038093, 0.6678184560235589, 2.412759508618059, -4.711009392953336, 0.6678012449890675, 3.801919719073131, 6.163012848587409, 1.9468914179933243, -5.043199442913709, 16.68989183019599, 1.9468838169592129, 0.054777024664767415, -8.05908863816166, 0.04890457203375005, -0.08698637154614113, 0.02357609244820095, -0.11110821345377722, 0.054777024664767415, -8.41463682734701, -2.681312601449411, 2.669253607876539, 8.402846600474541, -8.05908863816166], "data_imag": [6.536733854989381e-19, -9.018177977369134e-19, 0.0, 0.0, 0.0, 0.0, 0.0, 0.0, 0.0, 0.0, 0.0, 0.0, 0.0, 0.0, 0.0, 0.0, 0.0, 0.0, 0.0, 0.0, 0.0, 0.0, 0.0, 0.0, 0.0, 0.0]}, {"time": 8.387096774193548, "step_sample_count": 256, "data": [0.17196934395818805, 0.45498464456445, -0.9514243900287871, -1.161870019893818, 0.7536693731258568, 2.1598511034408667, -4.286674341875284, 0.7536521620921449, 4.009542234668307, 6.277425679031829, 1.9525189295587624, -4.970026358675044, 17.001923039455352, 1.9525113285253064, 0.06032959129797635, -8.391689059013327, 0.034398293861567876, -0.09718688664824437, 0.02951171205869893, -0.10099109446493619, 0.06032959129797635, -8.725070404190461, -2.774531609366194, 2.7732360273971532, 8.724102497536018, -8.391689059013327], "data_imag": [-2.799712054921208e-19, 3.8517171628530446e-19, 0.0, 0.0, 0.0, 0.0, 0.0, 0.0, 0.0, 0.0, 0.0, 0.0, 0.0, 0.0, 0.0, 0.0, 0.0, 0.0, 0.0, 0.0, 0.0, 0.0, 0.0, 0.0, 0.0, 0.0]}, {"time": 8.709677419354838, "step_sample_count": 256, "data": [0.1710697665223171, 0.4567608265980956, -0.6567981538261831, -1.306387423239018, 0.8224461325139841, 1.8973399032231728, -3.870932108623907, 0.8224289214809467, 4.32257185021164, 6.283188820645594, 1.9203123590651374, -4.912492665305796, 17.327703531929636, 1.920304758032204, 0.0644243024317208, -8.722711898019528, 0.01735358129044058, -0.10451537852088318, 0.03412643664373197, -0.08681380469139786, 0.0644243024317208, -9.043206876320793, -2.86808723214396, 2.875691024045019, 9.051180312731846, -8.722711898019528], "data_imag": [3.5309388833181173e-19, -4.83229512299041e-19, 0.0, 0.0, 0.0, 0.0, 0.0, 0.0, 0.0, 0.0, 0.0, 0.0, 0.0, 0.0, 0.0, 0.0, 0.0, 0.0, 0.0, 0.0, 0.0, 0.0, 0.0, 0.0, 0.0, 0.0]}, {"time": 9.032258064516128, "step_sample_count": 256, "data": [0.16979649378381867, 0.45768598158037394, -0.41533052120223496, -1.3766015516533203, 0.8562063369760626, 1.683380436126885, -3.4826445261186683, 0.8561891259429634, 4.731765636008985, 6.170142060572673, 1.8686186271056469, -4.874540249160423, 17.651701881763067, 1.8686110260726536, 0.06906834823258111, -9.051563326621283, 0.0002998410940629453, -0.11013086000825041, 0.03656124649958465, -0.07312143327340284, 0.06906834823258111, -9.369019021069068, -2.962847188283547, 2.976844314851352, 9.38340557019247, -9.051563326621283], "data_imag": [-3.329879215176012e-20, 4.523214523684007e-20, 0.0, 0.0, 0.0, 0.0, 0.0, 0.0, 0.0, 0.0, 0.0, 0.0, 0.0, 0.0, 0.0, 0.0, 0.0, 0.0, 0.0, 0.0, 0.0, 0.0, 0.0, 0.0, 0.0, 0.0]}, {"time": 9.35483870967742, "step_sample_count": 256, "data": [0.16825740737671327, 0.45728868620193697, -0.25422236976106777, -1.295689095083389, 0.8473491062074948, 1.5680569156304938, -3.122871640460687, 0.8473318951746293, 5.198885998714857, 5.982480897075498, 1.819483791868183, -4.842929636660158, 17.965961184382657, 1.8194761908354418, 0.07612923264263712, -9.378494733954028, -0.014754194665865023, -0.11550700814302901, 0.0362930198800033, -0.06388789741355684, 0.07612923264263712, -9.69891698669354, -3.0585077973130472, 3.0768179175803936, 9.717614763871591, -9.378494733954028], "data_imag": [4.860536205481131e-19, -6.542569763159224e-19, 0.0, 0.0, 0.0, 0.0, 0.0, 0.0, 0.0, 0.0, 0.0, 0.0, 0.0, 0.0, 0.0, 0.0, 0.0, 0.0, 0.0, 0.0, 0.0, 0.0, 0.0, 0.0, 0.0, 0.0]}, {"time": 9.67741935483871, "step_sample_count": 256, "data": [0.16672672581598166, 0.4555604517420085, -0.18076757829857662, -1.0450844151527656, 0.7980274173714202, 1.5703895512968984, -2.799522174467774, 0.7980102063383622, 5.667781750160532, 5.818327193136343, 1.7950574504366437, -4.797438697679739, 18.291231510130498, 1.7950498494038658, 0.08684585077498165, -9.704569370318984, -0.027689330445151795, -0.12193452536581373, 0.03320985924733896, -0.060596730100806934, 0.08684585077498165, -10.027244705456084, -3.153750773269388, 3.175624257571716, 10.049479217843219, -9.704569370318984], "data_imag": [3.8020258105975504e-19, -5.071194518950267e-19, 0.0, 0.0, 0.0, 0.0, 0.0, 0.0, 0.0, 0.0, 0.0, 0.0, 0.0, 0.0, 0.0, 0.0, 0.0, 0.0, 0.0, 0.0, 0.0, 0.0, 0.0, 0.0, 0.0, 0.0]}], "random_generator": {"seed": "very_nice_seed"}, "realworld_total_calculation_time": 5.914}