{"hamiltonian": {"U": 1.0, "E": 0.8, "J": 0.1, "phi": 1.8849555921538759, "type": "FirstOrderVariationalClassicalNetworkHamiltonian", "eta_calculation_sampler": {"system_geometry": {"type": "SquareSystemNonPeriodicState", "size": 2}, "initial_system_state": {"type": "HomogenousInitialSystemState"}, "type": "ExactSampler"}, "psi_selection": {"type": "SquareDirectionDependentAllSameFirstOrder", "number_of_psis": 12, "J": 0.1}, "random_generator": {"seed": "46954944"}, "init_sigma": 1e-05, "pseudo_inverse_cutoff": 1e-10, "effective_time_step_size": 0.09803921568627451, "number_workers": 16, "variational_step_fraction_multiplier": 5, "ue_might_change": true, "ue_variational": true}, "start_time": 0.0, "time_step": 0.49019607843137253, "number_of_time_steps": 51, "sampler": {"system_geometry": {"type": "SquareSystemNonPeriodicState", "size": 2}, "initial_system_state": {"type": "HomogenousInitialSystemState"}, "type": "ExactSampler"}, "observables": [{"type": "Energy", "label": "Energy per site"}, {"type": "EnergyVariance", "label": "Energy Variance per site"}, {"type": "VCNFactor", "label": "Re-Part of VCN Parameter 0", "param_real_part": true, "param_index": 0, "can_return_value": true}, {"type": "VCNFactor", "label": "Re-Part of VCN Parameter 1", "param_real_part": true, "param_index": 1, "can_return_value": true}, {"type": "VCNFactor", "label": "Re-Part of VCN Parameter 2", "param_real_part": true, "param_index": 2, "can_return_value": true}, {"type": "VCNFactor", "label": "Re-Part of VCN Parameter 3", "param_real_part": true, "param_index": 3, "can_return_value": true}, {"type": "VCNFactor", "label": "Re-Part of VCN Parameter 4", "param_real_part": true, "param_index": 4, "can_return_value": true}, {"type": "VCNFactor", "label": "Re-Part of VCN Parameter 5", "param_real_part": true, "param_index": 5, "can_return_value": true}, {"type": "VCNFactor", "label": "Re-Part of VCN Parameter 6", "param_real_part": true, "param_index": 6, "can_return_value": true}, {"type": "VCNFactor", "label": "Re-Part of VCN Parameter 7", "param_real_part": true, "param_index": 7, "can_return_value": true}, {"type": "VCNFactor", "label": "Re-Part of VCN Parameter 8", "param_real_part": true, "param_index": 8, "can_return_value": true}, {"type": "VCNFactor", "label": "Re-Part of VCN Parameter 9", "param_real_part": true, "param_index": 9, "can_return_value": true}, {"type": "VCNFactor", "label": "Re-Part of VCN Parameter 10", "param_real_part": true, "param_index": 10, "can_return_value": true}, {"type": "VCNFactor", "label": "Re-Part of VCN Parameter 11", "param_real_part": true, "param_index": 11, "can_return_value": true}, {"type": "VCNFactor", "label": "Im-Part of VCN Parameter 0", "param_real_part": false, "param_index": 0, "can_return_value": true}, {"type": "VCNFactor", "label": "Im-Part of VCN Parameter 1", "param_real_part": false, "param_index": 1, "can_return_value": true}, {"type": "VCNFactor", "label": "Im-Part of VCN Parameter 2", "param_real_part": false, "param_index": 2, "can_return_value": true}, {"type": "VCNFactor", "label": "Im-Part of VCN Parameter 3", "param_real_part": false, "param_index": 3, "can_return_value": true}, {"type": "VCNFactor", "label": "Im-Part of VCN Parameter 4", "param_real_part": false, "param_index": 4, "can_return_value": true}, {"type": "VCNFactor", "label": "Im-Part of VCN Parameter 5", "param_real_part": false, "param_index": 5, "can_return_value": true}, {"type": "VCNFactor", "label": "Im-Part of VCN Parameter 6", "param_real_part": false, "param_index": 6, "can_return_value": true}, {"type": "VCNFactor", "label": "Im-Part of VCN Parameter 7", "param_real_part": false, "param_index": 7, "can_return_value": true}, {"type": "VCNFactor", "label": "Im-Part of VCN Parameter 8", "param_real_part": false, "param_index": 8, "can_return_value": true}, {"type": "VCNFactor", "label": "Im-Part of VCN Parameter 9", "param_real_part": false, "param_index": 9, "can_return_value": true}, {"type": "VCNFactor", "label": "Im-Part of VCN Parameter 10", "param_real_part": false, "param_index": 10, "can_return_value": true}, {"type": "VCNFactor", "label": "Im-Part of VCN Parameter 11", "param_real_part": false, "param_index": 11, "can_return_value": true}, {"type": "BaseEnergyFactor", "label": "Re-Part of BE-Factor U", "param_real_part": true, "param_index": -1, "can_return_value": true, "kind": "U"}, {"type": "BaseEnergyFactor", "label": "Im-Part of BE-Factor U", "param_real_part": false, "param_index": -1, "can_return_value": true, "kind": "U"}, {"type": "BaseEnergyFactor", "label": "Re-Part of BE-Factor eps-0", "param_real_part": true, "param_index": 0, "can_return_value": true, "kind": "eps"}, {"type": "BaseEnergyFactor", "label": "Re-Part of BE-Factor eps-1", "param_real_part": true, "param_index": 1, "can_return_value": true, "kind": "eps"}, {"type": "BaseEnergyFactor", "label": "Re-Part of BE-Factor eps-2", "param_real_part": true, "param_index": 2, "can_return_value": true, "kind": "eps"}, {"type": "BaseEnergyFactor", "label": "Re-Part of BE-Factor eps-3", "param_real_part": true, "param_index": 3, "can_return_value": true, "kind": "eps"}, {"type": "BaseEnergyFactor", "label": "Re-Part of BE-Factor eps-4", "param_real_part": true, "param_index": 4, "can_return_value": true, "kind": "eps"}, {"type": "BaseEnergyFactor", "label": "Im-Part of BE-Factor eps-0", "param_real_part": false, "param_index": 0, "can_return_value": true, "kind": "eps"}, {"type": "BaseEnergyFactor", "label": "Im-Part of BE-Factor eps-1", "param_real_part": false, "param_index": 1, "can_return_value": true, "kind": "eps"}, {"type": "BaseEnergyFactor", "label": "Im-Part of BE-Factor eps-2", "param_real_part": false, "param_index": 2, "can_return_value": true, "kind": "eps"}, {"type": "BaseEnergyFactor", "label": "Im-Part of BE-Factor eps-3", "param_real_part": false, "param_index": 3, "can_return_value": true, "kind": "eps"}, {"type": "BaseEnergyFactor", "label": "Im-Part of BE-Factor eps-4", "param_real_part": false, "param_index": 4, "can_return_value": true, "kind": "eps"}], "measurements": [{"time": 0.0, "step_sample_count": 256, "data": [0.4068200343803896, 0.4338893723952918, -2.409211346512654e-05, 1.3364613742072939e-05, 1.5426940819682473e-06, -2.3095526437844924e-06, 2.9577584621232426e-06, -1.5668367408516222e-05, 1.0073359691169309e-05, -1.2604172898632618e-05, -1.1358230129747497e-05, 3.80637423358691e-06, 2.8480717089983352e-06, -1.895923534861108e-05, -1.1357545410297846e-05, 4.318272037258513e-06, -1.4618044943022195e-05, 1.2968369814907847e-06, -2.4229613465669603e-06, 1.2658790972584678e-05, -4.320935634434884e-06, -4.807979398987998e-06, -1.0283182688040512e-05, 1.5791125000597532e-06, 1.6795899010380995e-05, -6.0341603244068835e-06, 7.2706396032623796e-06, -2.5990623020784137e-06, 2.105483127674879e-05, 1.1085069673905734e-05, -9.132533945527703e-06, -1.2101228867378676e-06, 7.2706396032623796e-06, -5.612770751019133e-06, -2.3901402852107364e-06, -7.7877375531777e-06, 4.464171819755137e-06, -2.5990623020784137e-06], "data_imag": [-8.271351266177394e-25, 2.691961125182853e-24, 0.0, 0.0, 0.0, 0.0, 0.0, 0.0, 0.0, 0.0, 0.0, 0.0, 0.0, 0.0, 0.0, 0.0, 0.0, 0.0, 0.0, 0.0, 0.0, 0.0, 0.0, 0.0, 0.0, 0.0, 0.0, 0.0, 0.0, 0.0, 0.0, 0.0, 0.0, 0.0, 0.0, 0.0, 0.0, 0.0]}, {"time": 0.49019607843137253, "step_sample_count": 256, "data": [0.4085212511029218, 0.4350276315127076, 0.008661731206877037, -0.0873488866778133, 0.11004137170579403, 0.009447564758522873, -0.08719701825488241, 0.11002416064431011, 0.01025949158947021, -0.08461589357724646, 0.10781619419632428, 0.007919377445767699, -0.08509280454607035, 0.10780859319107089, 0.4840545298791745, 0.4727384841939102, 0.4649291837824225, 0.48908370861930295, 0.4918591982524497, 0.46495646061833806, 0.4871492572866066, 0.5044994870605992, 0.45821219583031164, 0.4714906980197054, 0.4458811319263595, 0.45821644485258606, 0.002776752341494132, -0.49142224725475764, 0.002941647510076882, 0.007562321428278968, -0.011220579359333085, -0.006580037977017861, 0.002776752341494132, 1.6315539040397803e-05, 0.12074115019389765, -0.37150623727248383, -0.2507758009282188, -0.49142224725475764], "data_imag": [-1.022776920794062e-18, 3.342608858255874e-18, 0.0, 0.0, 0.0, 0.0, 0.0, 0.0, 0.0, 0.0, 0.0, 0.0, 0.0, 0.0, 0.0, 0.0, 0.0, 0.0, 0.0, 0.0, 0.0, 0.0, 0.0, 0.0, 0.0, 0.0, 0.0, 0.0, 0.0, 0.0, 0.0, 0.0, 0.0, 0.0, 0.0, 0.0, 0.0, 0.0]}, {"time": 0.9803921568627451, "step_sample_count": 256, "data": [0.40917095247533947, 0.43461347834902136, 0.03017963645288514, -0.40515841991039764, 0.41211472930800125, 0.03568124068438861, -0.40665847575726655, 0.41209751824652124, 0.038120299216336376, -0.36095976425710746, 0.3743521765014328, 0.020334484369455372, -0.3549257912005673, 0.37434457549608247, 0.9693334985555352, 0.862599223917274, 0.7616483762755422, 0.9241494485000795, 0.9571556837035928, 0.7616756531110118, 0.8154112784473868, 0.9858775857177994, 0.7150676969176191, 0.9443349301993496, 0.7051689402525898, 0.7150719459397151, 0.009959980855926533, -0.9911838821769404, 0.012929593315206957, 0.032867541537976254, -0.045908674723989774, -0.025946943473940547, 0.009959980855926533, 0.008947373948822416, 0.2557849651876867, -0.7501154034987851, -0.5032725544193741, -0.9911838821769404], "data_imag": [9.460984877163114e-20, -3.096928154834891e-19, 0.0, 0.0, 0.0, 0.0, 0.0, 0.0, 0.0, 0.0, 0.0, 0.0, 0.0, 0.0, 0.0, 0.0, 0.0, 0.0, 0.0, 0.0, 0.0, 0.0, 0.0, 0.0, 0.0, 0.0, 0.0, 0.0, 0.0, 0.0, 0.0, 0.0, 0.0, 0.0, 0.0, 0.0, 0.0, 0.0]}, {"time": 1.4705882352941175, "step_sample_count": 256, "data": [0.4084532674846964, 0.4317578194942011, 0.03590076647142017, -0.9527633375909952, 0.7320701800287183, 0.0708193952635922, -0.9791015050417724, 0.7320529689672411, 0.08148346328193565, -0.7387289046786722, 0.5768018055026323, -0.0378848921831285, -0.6427980017997879, 0.5767942044971603, 1.484260572600728, 1.0297235390177364, 0.8561879398770311, 1.2581775664739212, 1.332851821408482, 0.8562152167130358, 0.8477708444282868, 1.396934734012053, 0.7590741753305136, 1.4377369514376621, 0.5713695538192558, 0.7590784243521639, 0.014159643520469372, -1.4981386240303192, 0.027519201915480376, 0.0703490718609004, -0.0897497631164608, -0.04689082411062486, 0.014159643520469372, 0.030815412756678526, 0.41601255836498985, -1.1473225403880347, -0.7621105802542377, -1.4981386240303192], "data_imag": [-4.849267837245153e-19, 1.5845594344249831e-18, 0.0, 0.0, 0.0, 0.0, 0.0, 0.0, 0.0, 0.0, 0.0, 0.0, 0.0, 0.0, 0.0, 0.0, 0.0, 0.0, 0.0, 0.0, 0.0, 0.0, 0.0, 0.0, 0.0, 0.0, 0.0, 0.0, 0.0, 0.0, 0.0, 0.0, 0.0, 0.0, 0.0, 0.0, 0.0, 0.0]}, {"time": 1.9607843137254901, "step_sample_count": 256, "data": [0.40622350244813576, 0.42618150250129705, -0.03524852726340626, -1.595993387477049, 0.9807495080484564, 0.1579422701918775, -1.776576150041802, 0.98073229698613, 0.21972354166672373, -1.0257839932275883, 0.6179182074066044, -0.31479389555405946, -0.5228378127752438, 0.6179106064006628, 2.0820525521492685, 0.7787834135871524, 0.8292551125031459, 1.4623794287046292, 1.5071310036272685, 0.8292823893390615, 0.5987265645181875, 1.7361324703563548, 0.7409073050259674, 1.9096964816334354, 0.10004755145135749, 0.7409115540476624, 0.013323060473390205, -2.001636172626008, 0.03730999241146724, 0.10026705325181112, -0.12063867059792296, -0.05763118659862913, 0.013323060473390205, 0.05567109997656851, 0.5990278978499166, -1.5700327956000841, -1.0266885844088516, -2.001636172626008], "data_imag": [-2.686932031585868e-19, 8.73195952568717e-19, 0.0, 0.0, 0.0, 0.0, 0.0, 0.0, 0.0, 0.0, 0.0, 0.0, 0.0, 0.0, 0.0, 0.0, 0.0, 0.0, 0.0, 0.0, 0.0, 0.0, 0.0, 0.0, 0.0, 0.0, 0.0, 0.0, 0.0, 0.0, 0.0, 0.0, 0.0, 0.0, 0.0, 0.0, 0.0, 0.0]}, {"time": 2.4509803921568625, "step_sample_count": 256, "data": [0.4038267183509606, 0.4199073363879184, -0.3126528423328084, -1.9382452874147886, 1.1435046790762247, 0.42361942211829495, -2.6636507760615453, 1.1434874680141223, 0.475726726962286, -1.1228129897190628, 0.5388780909347924, -0.8301633594146973, 0.1494862626312668, 0.5388704899294221, 2.722147029059807, 0.06042197450898959, 0.7378552739966818, 1.5606174780636217, 1.3647626105398045, 0.7378825508320624, 0.3034984659098169, 2.161841759360159, 0.7900231154562926, 2.1524688727468493, -0.09935793109021233, 0.7900273644789685, 0.012861465045078338, -2.497577651148331, 0.046435187599979194, 0.10061654133150191, -0.1216807737232217, -0.0673101727448702, 0.012861465045078338, 0.06507805577815665, 0.7791967793634482, -1.996118415909438, -1.2821699449615798, -2.497577651148331], "data_imag": [-6.569041259269055e-19, 2.1222034995541476e-18, 0.0, 0.0, 0.0, 0.0, 0.0, 0.0, 0.0, 0.0, 0.0, 0.0, 0.0, 0.0, 0.0, 0.0, 0.0, 0.0, 0.0, 0.0, 0.0, 0.0, 0.0, 0.0, 0.0, 0.0, 0.0, 0.0, 0.0, 0.0, 0.0, 0.0, 0.0, 0.0, 0.0, 0.0, 0.0, 0.0]}, {"time": 2.941176470588235, "step_sample_count": 256, "data": [0.40317993069935537, 0.41735652557468267, -0.8309340152076858, -1.741227782123589, 1.2115121662466166, 0.8976222026157786, -3.4685267777096844, 1.2114949551848966, 0.6850819280072072, -1.1679219659112012, 0.4347898148348244, -1.36165487008843, 0.843748166393003, 0.43478221382899523, 3.1630007805039626, -0.6832360172929366, 0.6125320386168914, 1.735058315045309, 0.9156190081446605, 0.6125593154540553, 0.09487175167272587, 2.726884347147465, 0.9597596575772114, 2.061182617938287, 0.26776478207369314, 0.9597639065975244, 0.015586733603171095, -2.990078049240226, 0.07285732394787314, 0.07879168161518524, -0.10283702422986421, -0.0963149632649752, 0.015586733603171095, 0.07176546115499258, 0.9265809936465518, -2.3921386523942765, -1.5378722408063275, -2.990078049240226], "data_imag": [1.397969812444909e-18, -4.509066976810633e-18, 0.0, 0.0, 0.0, 0.0, 0.0, 0.0, 0.0, 0.0, 0.0, 0.0, 0.0, 0.0, 0.0, 0.0, 0.0, 0.0, 0.0, 0.0, 0.0, 0.0, 0.0, 0.0, 0.0, 0.0, 0.0, 0.0, 0.0, 0.0, 0.0, 0.0, 0.0, 0.0, 0.0, 0.0, 0.0, 0.0]}, {"time": 3.4313725490196076, "step_sample_count": 256, "data": [0.40437118253281107, 0.42066620685312595, -1.402120769519433, -1.3575074605159834, 1.1803236310087795, 1.3742999576654626, -4.143685902962681, 1.1803064199477027, 0.7513791238841412, -1.2476074318508483, 0.4045361613709842, -1.7031038485193881, 1.1680508175314233, 0.4045285603653921, 3.2794696128719165, -1.1782710981487305, 0.4939580645095364, 2.1093087585414776, 0.18001803945734382, 0.49398534134839445, -0.10619938121820924, 3.3122778245379574, 1.2276238371504826, 1.7399645509525934, 0.8957653967181086, 1.2276280861712858, 0.0192038414150526, -3.4845022913517045, 0.10876762726588128, 0.05932540103161757, -0.0860189031295488, -0.1342696339415408, 0.0192038414150526, 0.09846137439522988, 1.0396519693853725, -2.752845277040172, -1.8127966956097348, -3.4845022913517045], "data_imag": [1.202176984831799e-19, -3.8890058317613106e-19, 0.0, 0.0, 0.0, 0.0, 0.0, 0.0, 0.0, 0.0, 0.0, 0.0, 0.0, 0.0, 0.0, 0.0, 0.0, 0.0, 0.0, 0.0, 0.0, 0.0, 0.0, 0.0, 0.0, 0.0, 0.0, 0.0, 0.0, 0.0, 0.0, 0.0, 0.0, 0.0, 0.0, 0.0, 0.0, 0.0]}, {"time": 3.9215686274509802, "step_sample_count": 256, "data": [0.4068712444759683, 0.4265619778045393, -1.9080591826784188, -0.9282058645008202, 1.0717149770952976, 1.6600667481435165, -4.512463277799855, 1.071697766034425, 0.6852560699655997, -1.3434991887501744, 0.5025574593668124, -1.771502785979188, 1.0694465107535727, 0.5025498583613262, 3.1050470844826408, -1.5506853509102125, 0.42991121996050713, 2.6948345318585516, -0.9450927952961565, 0.4299384967993652, -0.3835196606385553, 3.8327500736188935, 1.5022706281061384, 1.366571775196597, 1.4341343126079538, 1.5022748771277439, 0.02088495647626082, -3.9833135982941945, 0.13782577078355307, 0.05630846111713609, -0.0821091748460372, -0.162022492764908, 0.02088495647626082, 0.1527467498510747, 1.1304751684488388, -3.0891598273311915, -2.1131318658178633, -3.9833135982941945], "data_imag": [6.005539893131546e-20, -1.9547851920548053e-19, 0.0, 0.0, 0.0, 0.0, 0.0, 0.0, 0.0, 0.0, 0.0, 0.0, 0.0, 0.0, 0.0, 0.0, 0.0, 0.0, 0.0, 0.0, 0.0, 0.0, 0.0, 0.0, 0.0, 0.0, 0.0, 0.0, 0.0, 0.0, 0.0, 0.0, 0.0, 0.0, 0.0, 0.0, 0.0, 0.0]}, {"time": 4.411764705882352, "step_sample_count": 256, "data": [0.4098081206941865, 0.4296701321258522, -2.2177778168135336, -0.3195297365646679, 0.9347850750190958, 1.5588092038593346, -4.105885783033978, 0.9347678639610477, 0.5258516075137979, -1.4091220274723766, 0.6909043212379744, -1.609570716223837, 0.678265658457778, 0.6908967202332379, 2.7711552688150247, -1.738026850223574, 0.44901521499798897, 3.3787221901996425, -2.1468759262114587, 0.4490424918321212, -0.7724895926458892, 4.240411206577383, 1.6829093283932826, 1.0802296639707432, 1.6574004372752216, 1.682913577411143, 0.019767779989991185, -4.485159715633738, 0.1349148455635554, 0.08511632734079663, -0.10622099975785794, -0.15422854053676885, 0.019767779989991185, 0.22598498092387695, 1.2206744270508127, -3.4244857159021276, -2.4320403625759965, -4.485159715633738], "data_imag": [8.399297736750806e-19, -2.7536803365190264e-18, 0.0, 0.0, 0.0, 0.0, 0.0, 0.0, 0.0, 0.0, 0.0, 0.0, 0.0, 0.0, 0.0, 0.0, 0.0, 0.0, 0.0, 0.0, 0.0, 0.0, 0.0, 0.0, 0.0, 0.0, 0.0, 0.0, 0.0, 0.0, 0.0, 0.0, 0.0, 0.0, 0.0, 0.0, 0.0, 0.0]}, {"time": 4.901960784313725, "step_sample_count": 256, "data": [0.41164825331232247, 0.42727058046747607, -2.3773496326119483, 0.3062335370215153, 0.823664227780679, 1.1740831879065365, -3.2375989078112424, 0.8236470167235658, 0.3410654284432855, -1.3591665447913888, 0.8681288938262794, -1.340834371296562, 0.2747671000371255, 0.8681212928226952, 2.5750481740525277, -1.5203424737429851, 0.5418634718992472, 3.8747286870891924, -2.6091746406683205, 0.5418907487327107, -1.252621401666943, 4.518631622168994, 1.7422890614216027, 0.9404164813617555, 1.5083111562128846, 1.7422933104388836, 0.017030683086060087, -4.9868243346540435, 0.09469689380403323, 0.13155188613802182, -0.14629003425727444, -0.10725706990608515, 0.017030683086060087, 0.2888521109860338, 1.3446375350700148, -3.796130462408838, -2.7434760804831457, -4.9868243346540435], "data_imag": [-3.993469251057156e-19, 1.3151237134833177e-18, 0.0, 0.0, 0.0, 0.0, 0.0, 0.0, 0.0, 0.0, 0.0, 0.0, 0.0, 0.0, 0.0, 0.0, 0.0, 0.0, 0.0, 0.0, 0.0, 0.0, 0.0, 0.0, 0.0, 0.0, 0.0, 0.0, 0.0, 0.0, 0.0, 0.0, 0.0, 0.0, 0.0, 0.0, 0.0, 0.0]}, {"time": 5.3921568627450975, "step_sample_count": 256, "data": [0.41192346774223815, 0.4221581735355508, -2.5194066047577794, 0.657747141528052, 0.7714500590144338, 0.8049870292609889, -2.6393731228931365, 0.7714328479577816, 0.20957922757173797, -1.1258593713327623, 0.9555917858885494, -1.1085125268123883, 0.15190794615106068, 0.955584184884656, 2.578016283723978, -1.0729374581949045, 0.6720265861082584, 4.168500328210375, -2.430890472148422, 0.6720538629416772, -1.6982372580543943, 4.755732511695692, 1.7390006830115927, 0.9383463420995133, 1.212457878252522, 1.7390049320283387, 0.01549811621333184, -5.485400528352364, 0.028941531015949776, 0.16396448210204723, -0.1740338178156513, -0.036438873070099284, 0.01549811621333184, 0.3314830374055558, 1.4963495693264088, -4.199874102072598, -3.039473983768474, -5.485400528352364], "data_imag": [-1.328713759256137e-18, 4.378627034796906e-18, 0.0, 0.0, 0.0, 0.0, 0.0, 0.0, 0.0, 0.0, 0.0, 0.0, 0.0, 0.0, 0.0, 0.0, 0.0, 0.0, 0.0, 0.0, 0.0, 0.0, 0.0, 0.0, 0.0, 0.0, 0.0, 0.0, 0.0, 0.0, 0.0, 0.0, 0.0, 0.0, 0.0, 0.0, 0.0, 0.0]}, {"time": 5.88235294117647, "step_sample_count": 256, "data": [0.4118930903352301, 0.4202492229025433, -2.5968491881791187, 0.6910800457531441, 0.7858073298413807, 0.5925832479669412, -2.4520526412613326, 0.7857901187847902, 0.13797093204687186, -0.7902597378630019, 0.9526092006538587, -0.9746517779042319, 0.29554248707064296, 0.9526015996500272, 2.749744257661773, -0.722776529902784, 0.7998798107894586, 4.305561080306864, -2.0185657606205973, 0.7999070876231897, -1.9199861962632314, 5.111241755811182, 1.7613358822930236, 1.0240169962269603, 1.1746341122520039, 1.761340131309591, 0.019231485160995997, -5.980377459557659, -0.05359454241576101, 0.17666938304186247, -0.1889410551310801, 0.04367671058294148, 0.019231485160995997, 0.3489537710729151, 1.6521235969667265, -4.611149970279989, -3.3140875320528904, -5.980377459557659], "data_imag": [4.773352765040564e-19, -1.572888817322219e-18, 0.0, 0.0, 0.0, 0.0, 0.0, 0.0, 0.0, 0.0, 0.0, 0.0, 0.0, 0.0, 0.0, 0.0, 0.0, 0.0, 0.0, 0.0, 0.0, 0.0, 0.0, 0.0, 0.0, 0.0, 0.0, 0.0, 0.0, 0.0, 0.0, 0.0, 0.0, 0.0, 0.0, 0.0, 0.0, 0.0]}, {"time": 6.372549019607843, "step_sample_count": 256, "data": [0.4121727260190187, 0.4239813766932511, -2.526108686780815, 0.496411110933441, 0.8537932495255184, 0.5913032578861254, -2.558003889457109, 0.8537760384690839, 0.06587062270341021, -0.5475759515749196, 0.9251140998379783, -0.8923656335508102, 0.3974045181517696, 0.9251064988338646, 3.0644284876816195, -0.7001251926883137, 0.890006118944107, 4.238577516118978, -1.5822837442105264, 0.8900333957778828, -1.8450800922800716, 5.634893300885948, 1.8616782088964627, 1.1769675660067054, 1.5400208371553776, 1.86168245791303, 0.031620158712135187, -6.47624818969054, -0.1364879012319894, 0.1776061023054673, -0.2036668190746599, 0.11209281987740255, 0.031620158712135187, 0.34181210565684533, 1.8056173093239791, -5.018572454625724, -3.5625165445205482, -6.47624818969054], "data_imag": [6.616839992080214e-19, -2.1818247817338913e-18, 0.0, 0.0, 0.0, 0.0, 0.0, 0.0, 0.0, 0.0, 0.0, 0.0, 0.0, 0.0, 0.0, 0.0, 0.0, 0.0, 0.0, 0.0, 0.0, 0.0, 0.0, 0.0, 0.0, 0.0, 0.0, 0.0, 0.0, 0.0, 0.0, 0.0, 0.0, 0.0, 0.0, 0.0, 0.0, 0.0]}, {"time": 6.862745098039215, "step_sample_count": 256, "data": [0.41218728578551184, 0.4301417452333338, -2.36086834272007, 0.22981113709647596, 0.9405420916091185, 0.7628709053259891, -2.8183268157831387, 0.9405248805528452, -0.024828310898162734, -0.5175855038582636, 0.94975310862851, -0.7888888163094401, 0.24285021216788977, 0.9497455076245302, 3.4835861281514626, -1.058226608170636, 0.9208335788867771, 3.9243716527464167, -1.1711103585352425, 0.9208608557208204, -1.5695928339153635, 6.233243990627613, 2.0208399159660213, 1.408750398093457, 2.1049915457643014, 2.020844164982544, 0.051507879748706714, -6.980968216751261, -0.20434020365193706, 0.17328006048854613, -0.22285962947075655, 0.1554172574677727, 0.051507879748706714, 0.32195666612297325, 1.9658987229438378, -5.423269564395696, -3.788237534760719, -6.980968216751261], "data_imag": [-1.0571741608434415e-19, 3.486029983685074e-19, 0.0, 0.0, 0.0, 0.0, 0.0, 0.0, 0.0, 0.0, 0.0, 0.0, 0.0, 0.0, 0.0, 0.0, 0.0, 0.0, 0.0, 0.0, 0.0, 0.0, 0.0, 0.0, 0.0, 0.0, 0.0, 0.0, 0.0, 0.0, 0.0, 0.0, 0.0, 0.0, 0.0, 0.0, 0.0, 0.0]}, {"time": 7.352941176470588, "step_sample_count": 256, "data": [0.41165775508547053, 0.43452260926364955, -2.3556153815996868, 0.1271474208498491, 1.0013319281007564, 0.9948038321756596, -3.140020899959059, 1.001314717044394, -0.11640625463563985, -0.7048068392578102, 1.0527072537820275, -0.6340226692610179, -0.1863071401742194, 1.0526996527781793, 3.9471363613832864, -1.71212899503154, 0.905829661840464, 3.374021810481734, -0.7713563029414022, 0.9058569386753991, -1.2414297502677738, 6.814633753224959, 2.1666536843406536, 1.7321949546950588, 2.613941925907293, 2.166657933357756, 0.07086747159534952, -7.497482198577127, -0.24698303776230215, 0.16957985134425974, -0.24226745834557611, 0.17356278152568694, 0.07086747159534952, 0.299607811990703, 2.142606564567429, -5.83113310513529, -3.997594101522638, -7.497482198577127], "data_imag": [2.903838106771041e-19, -9.563099809320074e-19, 0.0, 0.0, 0.0, 0.0, 0.0, 0.0, 0.0, 0.0, 0.0, 0.0, 0.0, 0.0, 0.0, 0.0, 0.0, 0.0, 0.0, 0.0, 0.0, 0.0, 0.0, 0.0, 0.0, 0.0, 0.0, 0.0, 0.0, 0.0, 0.0, 0.0, 0.0, 0.0, 0.0, 0.0, 0.0, 0.0]}, {"time": 7.8431372549019605, "step_sample_count": 256, "data": [0.4104543667233963, 0.43431937990227193, -2.761316309978024, 0.44944852475811287, 1.0185367588600713, 1.2281136012642648, -3.4545660948873116, 1.018519547803078, -0.19280269796164307, -1.0722090955497787, 1.1929746186206394, -0.471940401813412, -0.7922117311498404, 1.1929670176167202, 4.347174221117714, -2.3246395238497697, 0.8933014162077312, 2.730190028462615, -0.29883655161241185, 0.8933286930437809, -0.9949398462385162, 7.303346982711283, 2.2369952651508096, 2.1633450278732833, 2.837634201307078, 2.236999514168626, 0.08216650506226988, -8.018754685012448, -0.2600281661503753, 0.1680577746443697, -0.25472964775520435, 0.17122152670502916, 0.08216650506226988, 0.285497801810116, 2.3343006698382394, -6.2470461163502335, -4.207704844545074, -8.018754685012448], "data_imag": [1.1864265744697551e-19, -3.8957917463023337e-19, 0.0, 0.0, 0.0, 0.0, 0.0, 0.0, 0.0, 0.0, 0.0, 0.0, 0.0, 0.0, 0.0, 0.0, 0.0, 0.0, 0.0, 0.0, 0.0, 0.0, 0.0, 0.0, 0.0, 0.0, 0.0, 0.0, 0.0, 0.0, 0.0, 0.0, 0.0, 0.0, 0.0, 0.0, 0.0, 0.0]}, {"time": 8.333333333333332, "step_sample_count": 256, "data": [0.40902335382094984, 0.4300784227076341, -3.5346885455122097, 1.0614255792758533, 1.018702877525058, 1.414901469848463, -3.8029359326346164, 1.0186856664675328, -0.18424098490866006, -1.5061732393523062, 1.303982774219881, -0.44684225259996313, -1.2434015485852692, 1.3039751732159577, 4.547987291797442, -2.4084147641825426, 0.9265444316729745, 2.2134260855484835, 0.37218194009234684, 0.9265717085092026, -0.8971298905458668, 7.584439408173278, 2.2243545323039555, 2.6857348514262886, 2.609105203334272, 2.2243587813211927, 0.08624351958471212, -8.535659356386562, -0.2611980332696173, 0.16643548678842196, -0.2588641819962335, 0.1656715311985496, 0.08624351958471212, 0.2918598404723977, 2.526669234001712, -6.665968922555839, -4.440466991274414, -8.535659356386562], "data_imag": [1.3807700480599825e-18, -4.5181375673040656e-18, 0.0, 0.0, 0.0, 0.0, 0.0, 0.0, 0.0, 0.0, 0.0, 0.0, 0.0, 0.0, 0.0, 0.0, 0.0, 0.0, 0.0, 0.0, 0.0, 0.0, 0.0, 0.0, 0.0, 0.0, 0.0, 0.0, 0.0, 0.0, 0.0, 0.0, 0.0, 0.0, 0.0, 0.0, 0.0, 0.0]}, {"time": 8.823529411764705, "step_sample_count": 256, "data": [0.40797833147845614, 0.4252568239896134, -4.421921017849916, 1.5417862646639608, 1.041652924603048, 1.498878642150217, -4.291563051118151, 1.0416357135443464, -0.015550149419796086, -1.7893558545626844, 1.3451983051632608, -0.676134858887623, -1.1256275991248805, 1.3451907041600486, 4.493445926207449, -1.910175164112097, 1.011261739115438, 1.8641502418237494, 1.1977700927136572, 1.0112890159512646, -0.8527148108538228, 7.68818671359932, 2.170555596829551, 3.142658196774482, 2.2155146808517863, 2.1705598458467885, 0.08815114072828706, -9.045881504658324, -0.2757566045324989, 0.16306265651355456, -0.258480602292234, 0.1770877789279388, 0.08815114072828706, 0.30626842977237845, 2.7042600854812067, -7.075596254700055, -4.687135840851366, -9.045881504658324], "data_imag": [5.523853629460784e-19, -1.8028900696629e-18, 0.0, 0.0, 0.0, 0.0, 0.0, 0.0, 0.0, 0.0, 0.0, 0.0, 0.0, 0.0, 0.0, 0.0, 0.0, 0.0, 0.0, 0.0, 0.0, 0.0, 0.0, 0.0, 0.0, 0.0, 0.0, 0.0, 0.0, 0.0, 0.0, 0.0, 0.0, 0.0, 0.0, 0.0, 0.0, 0.0]}, {"time": 9.313725490196077, "step_sample_count": 256, "data": [0.40695081072059786, 0.4221908979954195, -5.171776670610185, 1.64383082016375, 1.1106317847065124, 1.5101379410606504, -4.946058249060295, 1.1106145736478865, 0.216384903781644, -1.8973490031154134, 1.323727901882089, -1.0432934103604623, -0.6304798890283169, 1.3237203008795024, 4.2312147284157975, -1.1542456189264394, 1.1198492355955607, 1.57215151943269, 2.0146803890813803, 1.1198765124319672, -0.7689053625859301, 7.890417164435711, 2.131880152932224, 3.4183229842509486, 2.1459001098676853, 2.1318844019506202, 0.09041509242003497, -9.552340004926416, -0.29847016678533267, 0.16289572916626885, -0.26128725017792703, 0.1974864769823847, 0.09041509242003497, 0.31017491892219795, 2.8644918600440055, -7.471379025718504, -4.927111632218739, -9.552340004926416], "data_imag": [3.8101145775810374e-19, -1.2404233730279769e-18, 0.0, 0.0, 0.0, 0.0, 0.0, 0.0, 0.0, 0.0, 0.0, 0.0, 0.0, 0.0, 0.0, 0.0, 0.0, 0.0, 0.0, 0.0, 0.0, 0.0, 0.0, 0.0, 0.0, 0.0, 0.0, 0.0, 0.0, 0.0, 0.0, 0.0, 0.0, 0.0, 0.0, 0.0, 0.0, 0.0]}, {"time": 9.80392156862745, "step_sample_count": 256, "data": [0.406082512226953, 0.42123438831729093, -5.705828884900291, 1.3349265123441347, 1.2227896058630006, 1.5137910622196948, -5.788671901982842, 1.2227723948044527, 0.41756807052811484, -2.0231268785294185, 1.279541279093207, -1.411160981287002, -0.18459372867464674, 1.279533678090145, 3.9543930057476535, -0.5025128543092791, 1.2098490857318442, 1.2714949320513047, 2.7215830951217406, 1.2098763625677604, -0.7015140093075607, 8.388370438488094, 2.140663600681645, 3.571269591824248, 2.4808873711794015, 2.14066784970071, 0.09106545755147263, -10.057621520181048, -0.31523286727894057, 0.16572058289120242, -0.26537585753839577, 0.2137702185387947, 0.09106545755147263, 0.30651737852470584, 3.0177635495917605, -7.861836511894775, -5.161147581387694, -10.057621520181048], "data_imag": [-1.155004450312507e-18, 3.7522168705297086e-18, 0.0, 0.0, 0.0, 0.0, 0.0, 0.0, 0.0, 0.0, 0.0, 0.0, 0.0, 0.0, 0.0, 0.0, 0.0, 0.0, 0.0, 0.0, 0.0, 0.0, 0.0, 0.0, 0.0, 0.0, 0.0, 0.0, 0.0, 0.0, 0.0, 0.0, 0.0, 0.0, 0.0, 0.0, 0.0, 0.0]}, {"time": 10.294117647058822, "step_sample_count": 256, "data": [0.40609691243296514, 0.4213876159031557, -6.24963124048368, 0.7226731108661202, 1.3429890231194896, 1.5410212211952605, -6.970915026483644, 1.342971812060975, 0.5730724384397662, -2.346323193186498, 1.250030613964213, -1.7197559291952471, -0.042227362433918066, 1.2500230129586174, 3.7474592094282277, -0.1252823464368017, 1.2495271227452163, 0.949523079306754, 3.246211284211168, 1.2495543995810436, -0.7105668548997639, 9.157503075514281, 2.1875508753327146, 3.6527029864838907, 3.08135123750658, 2.1875551243535627, 0.08530446713571664, -10.560572968754583, -0.31871066326401837, 0.16723836914362303, -0.26175520146734305, 0.22282320349423057, 0.08530446713571664, 0.30055270469889395, 3.1739412955107458, -8.258369541738505, -5.396226783903566, -10.560572968754583], "data_imag": [-7.602960559020912e-19, 2.4700310466944025e-18, 0.0, 0.0, 0.0, 0.0, 0.0, 0.0, 0.0, 0.0, 0.0, 0.0, 0.0, 0.0, 0.0, 0.0, 0.0, 0.0, 0.0, 0.0, 0.0, 0.0, 0.0, 0.0, 0.0, 0.0, 0.0, 0.0, 0.0, 0.0, 0.0, 0.0, 0.0, 0.0, 0.0, 0.0, 0.0, 0.0]}, {"time": 10.784313725490195, "step_sample_count": 256, "data": [0.40713209651639265, 0.422011243075863, -7.164234115157245, -0.1497759786473624, 1.4211660004724056, 1.6505024647940107, -8.872503214152378, 1.4211487894163521, 0.6802836180507839, -2.899111405729952, 1.243751962752559, -1.930776305361894, -0.27615703835203936, 1.2437443617607538, 3.34661022770027, -0.0364846766047417, 1.240866138395998, 0.5589017787341884, 3.3611544520148704, 1.2408934152312907, -0.8407602144230049, 10.102329036056858, 2.2398061184004137, 3.696593986410007, 3.7701862724501796, 2.239810367420214, 0.07041813988465181, -11.056463144154026, -0.300226195130202, 0.16024896500472466, -0.240334807716776, 0.21916768230278896, 0.07041813988465181, 0.28992183537361316, 3.3456810822894787, -8.678028482317375, -5.634524587387936, -11.056463144154026], "data_imag": [-2.3550212828212223e-19, 7.6704380177258295e-19, 0.0, 0.0, 0.0, 0.0, 0.0, 0.0, 0.0, 0.0, 0.0, 0.0, 0.0, 0.0, 0.0, 0.0, 0.0, 0.0, 0.0, 0.0, 0.0, 0.0, 0.0, 0.0, 0.0, 0.0, 0.0, 0.0, 0.0, 0.0, 0.0, 0.0, 0.0, 0.0, 0.0, 0.0, 0.0, 0.0]}, {"time": 11.274509803921568, "step_sample_count": 256, "data": [0.40803450430170074, 0.4225815247143242, -8.773932804741689, -1.444373750968205, 1.4295471675915674, 2.2115364220341007, -12.363113836691928, 1.4295299566212871, 0.7364358204889311, -3.6111346897029075, 1.2438864791832098, -2.0351314991283296, -0.8279261988083682, 1.2438788782951298, 2.1115967327575436, -0.43867068251577274, 1.2161632839770937, 0.16934490035823466, 2.151897543106483, 1.2161905608767642, -1.1483331274154391, 11.18936444597965, 2.277474520799173, 3.77673897538658, 4.38072389560629, 2.2774787698488663, 0.04997087688083535, -11.540123062199754, -0.22593209768015587, 0.10768354152253187, -0.16776539018259082, 0.1657942145740165, 0.04997087688083535, 0.28535387552346914, 3.533521375440449, -9.12601608056635, -5.89106350269532, -11.540123062199754], "data_imag": [-6.788734833403835e-19, 2.2160304420668984e-18, 0.0, 0.0, 0.0, 0.0, 0.0, 0.0, 0.0, 0.0, 0.0, 0.0, 0.0, 0.0, 0.0, 0.0, 0.0, 0.0, 0.0, 0.0, 0.0, 0.0, 0.0, 0.0, 0.0, 0.0, 0.0, 0.0, 0.0, 0.0, 0.0, 0.0, 0.0, 0.0, 0.0, 0.0, 0.0, 0.0]}, {"time": 11.76470588235294, "step_sample_count": 256, "data": [0.4069438147808063, 0.42187135650609453, -10.123656822813913, -2.4194058165883097, 1.3791667360876014, 3.085780757665344, -15.600299817630985, 1.379149524932024, 0.7704252600579252, -4.306508806450407, 1.2314182320415916, -2.080297402535249, -1.4442788135281779, 1.2314106302276446, -0.522263940597044, -1.619805068642141, 1.2138002413540379, 0.1694795042529223, -1.6382259617148938, 1.2138275178856304, -1.698228395372595, 12.40618777637777, 2.3100749845157615, 4.005969207074743, 4.719745759175721, 2.31007923286909, 0.032669077649547795, -12.010196363413773, -0.12119858725722103, 0.020810282429152865, -0.06437728207918092, 0.07892784089949385, 0.032669077649547795, 0.3323686798489507, 3.7059193221438287, -9.572024744956307, -6.212401944406966, -12.010196363413773], "data_imag": [4.957062115167835e-19, -1.6137966138014492e-18, 0.0, 0.0, 0.0, 0.0, 0.0, 0.0, 0.0, 0.0, 0.0, 0.0, 0.0, 0.0, 0.0, 0.0, 0.0, 0.0, 0.0, 0.0, 0.0, 0.0, 0.0, 0.0, 0.0, 0.0, 0.0, 0.0, 0.0, 0.0, 0.0, 0.0, 0.0, 0.0, 0.0, 0.0, 0.0, 0.0]}, {"time": 12.254901960784313, "step_sample_count": 256, "data": [0.40448892724431157, 0.4198604056590476, -9.827795076237923, -2.1855701148862323, 1.3143854755214648, 3.59293803891393, -15.599764340578767, 1.314368264367638, 0.8875548728533262, -4.6804000772095655, 1.2004404224621572, -2.1684173078853255, -1.6093006766952584, 1.200432820648689, -2.03440339767712, -1.2492012121434881, 1.249240197651882, -0.9002217803073839, -1.6410718508389457, 1.2492674741752046, -2.444159179289671, 13.760455204716216, 2.359304811105598, 4.390100983026392, 4.837556368243644, 2.359309059454691, 0.026239105986296377, -12.472624263003286, -0.07211654447520205, -0.04075762403401914, 0.0021777069035185496, 0.03608588271659115, 0.026239105986296377, 0.2850483293993969, 4.003874483355445, -10.150983009978551, -6.446751462598254, -12.472624263003286], "data_imag": [1.0170441989698754e-18, -3.2910649360110006e-18, 0.0, 0.0, 0.0, 0.0, 0.0, 0.0, 0.0, 0.0, 0.0, 0.0, 0.0, 0.0, 0.0, 0.0, 0.0, 0.0, 0.0, 0.0, 0.0, 0.0, 0.0, 0.0, 0.0, 0.0, 0.0, 0.0, 0.0, 0.0, 0.0, 0.0, 0.0, 0.0, 0.0, 0.0, 0.0, 0.0]}, {"time": 12.745098039215685, "step_sample_count": 256, "data": [0.4018256030142112, 0.4179361153701314, -9.115235800263603, -2.1312622877067096, 1.2685653953324807, 4.328659753383419, -15.598191711904795, 1.2685481841773643, 1.0550744568110677, -4.583971310774747, 1.1637659321704374, -2.2604363243582455, -1.2472537488565645, 1.1637583303569916, -3.0480575648969164, -0.7631398963256206, 1.3168857614993188, -1.3831614525943705, -1.6410896223420142, 1.3169130380269882, -3.108216574849219, 15.236666589277725, 2.4440071490879616, 4.75292006823292, 5.1840107518724015, 2.444011397436252, 0.03256511222792822, -12.936810349293594, -0.016991930858471872, -0.13394361591036785, 0.08725332113986217, -0.0262555000528411, 0.03256511222792822, 0.29081803123547284, 4.233272790039806, -10.659164344584012, -6.732207321167252, -12.936810349293594], "data_imag": [-4.948043046226868e-19, 1.5906003046323085e-18, 0.0, 0.0, 0.0, 0.0, 0.0, 0.0, 0.0, 0.0, 0.0, 0.0, 0.0, 0.0, 0.0, 0.0, 0.0, 0.0, 0.0, 0.0, 0.0, 0.0, 0.0, 0.0, 0.0, 0.0, 0.0, 0.0, 0.0, 0.0, 0.0, 0.0, 0.0, 0.0, 0.0, 0.0, 0.0, 0.0]}, {"time": 13.235294117647058, "step_sample_count": 256, "data": [0.39976911455596514, 0.41600903689754926, -8.48044871885198, -2.1770633536806967, 1.2628793885808804, 4.893828879033464, -15.597106604493622, 1.2628621774257438, 1.1289025341183159, -4.182179701249091, 1.1481990091806622, -2.201131598429631, -0.827917377186477, 1.1481914073679667, -3.5183903764251787, -0.4208920889328732, 1.3976300245007922, -1.4850351782880817, -1.6402677324833972, 1.397657301028194, -3.513925624162699, 16.598768471912862, 2.5644656417671134, 5.014007503623793, 5.786802865444824, 2.5644698901146024, 0.0476724903433413, -13.410471830402193, 0.024137115782235437, -0.20652391650282045, 0.14343898554304912, -0.08367831074382354, 0.0476724903433413, 0.3195191521311171, 4.397761276297952, -11.092408120349228, -7.030906781909597, -13.410471830402193], "data_imag": [-1.6254529548217664e-18, 5.198447108011796e-18, 0.0, 0.0, 0.0, 0.0, 0.0, 0.0, 0.0, 0.0, 0.0, 0.0, 0.0, 0.0, 0.0, 0.0, 0.0, 0.0, 0.0, 0.0, 0.0, 0.0, 0.0, 0.0, 0.0, 0.0, 0.0, 0.0, 0.0, 0.0, 0.0, 0.0, 0.0, 0.0, 0.0, 0.0, 0.0, 0.0]}, {"time": 13.72549019607843, "step_sample_count": 256, "data": [0.39868307062046143, 0.41366772840221955, -8.087802599177007, -2.227601740902574, 1.304161442875172, 5.2203145633405414, -15.59651346790714, 1.3041442317198302, 1.087160179163468, -3.706894455958873, 1.1769576846452947, -1.9687637406115555, -0.6274017685230451, 1.1769500828326909, -3.76115385326963, -0.14879631825582346, 1.4618326521114726, -1.4376419790166706, -1.6396946315193246, 1.461859928639543, -3.678689019904907, 17.6842263737119, 2.69217046792078, 5.221495681660666, 6.416746206349001, 2.6921747162683576, 0.06463584978094253, -13.896993190617824, 0.05417309728884743, -0.25093944412833447, 0.1708708965868151, -0.13208400643570062, 0.06463584978094253, 0.3527809219302686, 4.524947424949634, -11.47470693960202, -7.320789915368989, -13.896993190617824], "data_imag": [1.2734542286994887e-18, -4.061637137540189e-18, 0.0, 0.0, 0.0, 0.0, 0.0, 0.0, 0.0, 0.0, 0.0, 0.0, 0.0, 0.0, 0.0, 0.0, 0.0, 0.0, 0.0, 0.0, 0.0, 0.0, 0.0, 0.0, 0.0, 0.0, 0.0, 0.0, 0.0, 0.0, 0.0, 0.0, 0.0, 0.0, 0.0, 0.0, 0.0, 0.0]}, {"time": 14.215686274509803, "step_sample_count": 256, "data": [0.39852155091923563, 0.41198499329968497, -7.7657215921328495, -2.3706581244489926, 1.3822231533670986, 5.387831351935029, -15.596161592355639, 1.3822059422116395, 0.9509963083212137, -3.302146515259039, 1.2497104886709023, -1.6098061814233535, -0.7210170161903419, 1.2497028868583777, -4.021008765522074, 0.1833940165407878, 1.4846338353201132, -1.3496345321469672, -1.6394342121445051, 1.484661111848317, -3.691791439524663, 18.478494342833134, 2.783073719290433, 5.41735558594965, 6.923853029978869, 2.7830779676377433, 0.07843134923430897, -14.394710232616909, 0.0822660377202562, -0.2770822093320042, 0.1842991365909014, -0.1759796545785681, 0.07843134923430897, 0.3861575366634555, 4.63884448642606, -11.831466204793847, -7.598745189748306, -14.394710232616909], "data_imag": [2.6494050899258008e-18, -8.446760203604377e-18, 0.0, 0.0, 0.0, 0.0, 0.0, 0.0, 0.0, 0.0, 0.0, 0.0, 0.0, 0.0, 0.0, 0.0, 0.0, 0.0, 0.0, 0.0, 0.0, 0.0, 0.0, 0.0, 0.0, 0.0, 0.0, 0.0, 0.0, 0.0, 0.0, 0.0, 0.0, 0.0, 0.0, 0.0, 0.0, 0.0]}, {"time": 14.705882352941176, "step_sample_count": 256, "data": [0.3985633311683355, 0.4125832633062173, -7.281827881760507, -2.7635742783363866, 1.4786075427862095, 5.469180004882493, -15.595878592249209, 1.4785903316308076, 0.7286445789453715, -2.9589291877532014, 1.3326483212861375, -1.1641343938870468, -1.0514811464840905, 1.3326407194733714, -4.33077367497573, 0.5939063822322116, 1.4636480614423126, -1.2332523517076792, -1.6393471636368862, 1.4636753379704273, -3.662689829172517, 19.01006936745646, 2.809313613801086, 5.638593764912016, 7.185009459090333, 2.809317862148686, 0.08844989672443132, -14.898689861639456, 0.11349044374803853, -0.29048288244786535, 0.1893382758017904, -0.21977446975422626, 0.08844989672443132, 0.42369132379864843, 4.755943046082894, -12.184386642708965, -7.87401267405634, -14.898689861639456], "data_imag": [1.764485009714847e-18, -5.6260721861483385e-18, 0.0, 0.0, 0.0, 0.0, 0.0, 0.0, 0.0, 0.0, 0.0, 0.0, 0.0, 0.0, 0.0, 0.0, 0.0, 0.0, 0.0, 0.0, 0.0, 0.0, 0.0, 0.0, 0.0, 0.0, 0.0, 0.0, 0.0, 0.0, 0.0, 0.0, 0.0, 0.0, 0.0, 0.0, 0.0, 0.0]}, {"time": 15.196078431372548, "step_sample_count": 256, "data": [0.39823795899041325, 0.41606789530273414, -6.563052581790346, -3.494399180665777, 1.584371438907216, 5.451392168883274, -15.595639648169247, 1.5843542277509097, 0.4740221621931955, -2.5748223871247773, 1.374977183929441, -0.713563061445961, -1.3796337865764836, 1.3749695821172734, -4.516017109787545, 0.8907656442505869, 1.4141197062416533, -1.1046324656651274, -1.6392891856125027, 1.414146982770481, -3.717835462521193, 19.37954617926406, 2.7861774640035457, 5.9828699886920775, 7.0710644146598, 2.786181712351012, 0.09784180325273456, -15.404120213704578, 0.1392574780207938, -0.2902142868012117, 0.18177486139840518, -0.2568323407312889, 0.09784180325273456, 0.47305881270834627, 4.891478489474902, -12.554161378946189, -8.1593349965903, -15.404120213704578], "data_imag": [1.3020193587172768e-18, -4.1481082558526004e-18, 0.0, 0.0, 0.0, 0.0, 0.0, 0.0, 0.0, 0.0, 0.0, 0.0, 0.0, 0.0, 0.0, 0.0, 0.0, 0.0, 0.0, 0.0, 0.0, 0.0, 0.0, 0.0, 0.0, 0.0, 0.0, 0.0, 0.0, 0.0, 0.0, 0.0, 0.0, 0.0, 0.0, 0.0, 0.0, 0.0]}, {"time": 15.686274509803921, "step_sample_count": 256, "data": [0.39821692493177335, 0.4209511229924293, -5.755232425578546, -4.4250911261337675, 1.7051266884422531, 5.328351144959582, -15.595485620996962, 1.705109477285933, 0.36367093872168405, -2.066370861978778, 1.3451508131031626, -0.46829061299170965, -1.2300350990758189, 1.3451432112916446, -4.3906337942438824, 0.7333936383252218, 1.3428212925285332, -1.1134116265313339, -1.6392343854483729, 1.342848569057094, -3.880523279665576, 19.75131839310918, 2.7672638227974096, 6.487205757497113, 6.685446363916138, 2.7672680711445854, 0.11114851889624446, -15.909762835983171, 0.1404906150605435, -0.2875277023185527, 0.16839165391030222, -0.2718210689644386, 0.11114851889624446, 0.5231995581631085, 5.058278508213793, -12.95551640185671, -8.444705995891747, -15.909762835983171], "data_imag": [-6.0164378743979805e-19, 1.9166779115086547e-18, 0.0, 0.0, 0.0, 0.0, 0.0, 0.0, 0.0, 0.0, 0.0, 0.0, 0.0, 0.0, 0.0, 0.0, 0.0, 0.0, 0.0, 0.0, 0.0, 0.0, 0.0, 0.0, 0.0, 0.0, 0.0, 0.0, 0.0, 0.0, 0.0, 0.0, 0.0, 0.0, 0.0, 0.0, 0.0, 0.0]}, {"time": 16.176470588235293, "step_sample_count": 256, "data": [0.39896948108063834, 0.4241673937971748, -5.136963221505029, -5.098749726135383, 1.8359312367784812, 5.2713779284694136, -15.595420393389213, 1.8359140256193482, 0.44347392425527327, -1.5107434790221086, 1.257781925304124, -0.4847369563741703, -0.5771325828079769, 1.257774323494429, -3.9356770166583575, -0.040072906237101746, 1.2379474141803668, -1.3986878332512898, -1.6392497080918338, 1.2379746907055837, -3.943827929817015, 20.25994717976149, 2.8159503590719543, 6.947998682815345, 6.582713224798552, 2.815954607422073, 0.13026868424549015, -16.417835803824296, 0.132652720701065, -0.3017749608648236, 0.16686638133512227, -0.28212290529639766, 0.13026868424549015, 0.5418752657558625, 5.242840705366481, -13.373367145189686, -8.696260850738469, -16.417835803824296], "data_imag": [-1.1758966147851449e-18, 3.753174897642469e-18, 0.0, 0.0, 0.0, 0.0, 0.0, 0.0, 0.0, 0.0, 0.0, 0.0, 0.0, 0.0, 0.0, 0.0, 0.0, 0.0, 0.0, 0.0, 0.0, 0.0, 0.0, 0.0, 0.0, 0.0, 0.0, 0.0, 0.0, 0.0, 0.0, 0.0, 0.0, 0.0, 0.0, 0.0, 0.0, 0.0]}, {"time": 16.666666666666664, "step_sample_count": 256, "data": [0.4000739836885686, 0.4232770751816154, -4.968180965989651, -5.092882598840856, 1.937361279525307, 5.4341049712007745, -15.59535133643187, 1.9373440683665453, 0.5607368104928427, -1.07582587403277, 1.172457759285186, -0.5621570548656607, 0.05093773771020939, 1.1724501574757107, -3.4116968612646428, -0.9557283261378945, 1.0914515853657505, -1.75603139983836, -1.6392958963306432, 1.0914788618909677, -3.837905329707052, 20.871334804894225, 2.9674967069022062, 7.28685926803623, 6.880970815237511, 2.9675009552523695, 0.15118920707042344, -16.929879811542968, 0.15702941949471788, -0.3358375832890262, 0.18441882844907379, -0.3246639680377757, 0.15118920707042344, 0.54174735888031, 5.413606119813187, -13.774989527261384, -8.925921456911949, -16.929879811542968], "data_imag": [1.3936938582074723e-18, -4.4606452311628365e-18, 0.0, 0.0, 0.0, 0.0, 0.0, 0.0, 0.0, 0.0, 0.0, 0.0, 0.0, 0.0, 0.0, 0.0, 0.0, 0.0, 0.0, 0.0, 0.0, 0.0, 0.0, 0.0, 0.0, 0.0, 0.0, 0.0, 0.0, 0.0, 0.0, 0.0, 0.0, 0.0, 0.0, 0.0, 0.0, 0.0]}, {"time": 17.15686274509804, "step_sample_count": 256, "data": [0.40172960514578443, 0.4198768669221858, -5.106898647878706, -4.744046183701279, 1.9617823279861093, 5.6266094192849705, -15.595305642213905, 1.9617651168269152, 0.6562376863693797, -0.8229875993887299, 1.1603367672335703, -0.5876879134834501, 0.4183981982071171, 1.1603291654242858, -3.082127467767746, -1.476248890004806, 0.9348211895743661, -1.9208113258744812, -1.6392700450798987, 0.9348484661011883, -3.6495059749529126, 21.51838876071232, 3.2012433075549755, 7.571651491091337, 7.355632069315761, 3.201247555904849, 0.1676649895850994, -17.441046810328277, 0.210940728421993, -0.36929233659062005, 0.20675928689003967, -0.3906433572527853, 0.1676649895850994, 0.5505629763417713, 5.552691417715482, -14.14688887479219, -9.166119528440243, -17.441046810328277], "data_imag": [-6.442816465416799e-19, 2.0706160917429192e-18, 0.0, 0.0, 0.0, 0.0, 0.0, 0.0, 0.0, 0.0, 0.0, 0.0, 0.0, 0.0, 0.0, 0.0, 0.0, 0.0, 0.0, 0.0, 0.0, 0.0, 0.0, 0.0, 0.0, 0.0, 0.0, 0.0, 0.0, 0.0, 0.0, 0.0, 0.0, 0.0, 0.0, 0.0, 0.0, 0.0]}, {"time": 17.64705882352941, "step_sample_count": 256, "data": [0.40366919070338836, 0.41730356049109313, -5.276355303395301, -4.442846789568371, 1.9093909989662348, 5.739989119383129, -15.5952964961981, 1.909373787806637, 0.7195923413144787, -0.7780904571028712, 1.2602189226615972, -0.5633061684065775, 0.49148482699643703, 1.2602113208520698, -2.925085895835768, -1.6034692789397036, 0.8317584494872184, -1.870843041652969, -1.6392290544389398, 0.8317857260141298, -3.49670471298, 22.148671082978183, 3.445275201156827, 7.8469233299589884, 7.787844865201661, 3.445279449506924, 0.18006391947695966, -17.943189629272183, 0.27972359088025917, -0.39197463802673777, 0.22192933110839141, -0.4675470741004476, 0.18006391947695966, 0.5688733930187037, 5.671173257047904, -14.507342242200528, -9.424863399867368, -17.943189629272183], "data_imag": [-1.4665806136618006e-18, 4.736107275345102e-18, 0.0, 0.0, 0.0, 0.0, 0.0, 0.0, 0.0, 0.0, 0.0, 0.0, 0.0, 0.0, 0.0, 0.0, 0.0, 0.0, 0.0, 0.0, 0.0, 0.0, 0.0, 0.0, 0.0, 0.0, 0.0, 0.0, 0.0, 0.0, 0.0, 0.0, 0.0, 0.0, 0.0, 0.0, 0.0, 0.0]}, {"time": 18.137254901960784, "step_sample_count": 256, "data": [0.4053952131741119, 0.4181085818600594, -5.31141214568468, -4.313086703247965, 1.8337002624268621, 5.817521733405828, -15.595300871353917, 1.833683051267211, 0.7591556063936972, -0.8971356536622517, 1.4480101717080498, -0.5456726127746139, 0.3808974294285644, 1.4480025698985064, -2.8671850435723534, -1.4075715242715963, 0.8247185543477078, -1.6002222293397521, -1.639202067178742, 0.8247458308745301, -3.529805158166802, 22.662373551662604, 3.616749022682101, 8.110216192929018, 7.925775090390899, 3.6167532710322425, 0.19589141905005314, -18.435141795581366, 0.3496345638802693, -0.40766365956694217, 0.22475578309543562, -0.5508706791838309, 0.19589141905005314, 0.5996341241202127, 5.785606236985138, -14.8740499021506, -9.70675138226232, -18.435141795581366], "data_imag": [2.5684698333483587e-19, -8.329963004972271e-19, 0.0, 0.0, 0.0, 0.0, 0.0, 0.0, 0.0, 0.0, 0.0, 0.0, 0.0, 0.0, 0.0, 0.0, 0.0, 0.0, 0.0, 0.0, 0.0, 0.0, 0.0, 0.0, 0.0, 0.0, 0.0, 0.0, 0.0, 0.0, 0.0, 0.0, 0.0, 0.0, 0.0, 0.0, 0.0, 0.0]}, {"time": 18.627450980392155, "step_sample_count": 256, "data": [0.40673043208145604, 0.42269548163786635, -5.157619160066295, -4.405232146134326, 1.7975724714579167, 5.866358709031608, -15.595306957365917, 1.7975552602981801, 0.8386776459806595, -1.0120114370346738, 1.6453720973444632, -0.60479720616872, 0.3928063045443591, 1.645364495534867, -2.8438799121650153, -0.9793451927148688, 0.9052376747327657, -1.133344351449946, -1.6391923615128074, 0.9052649512603905, -3.855775810743458, 22.989611686759922, 3.6772306532722627, 8.306606638381638, 7.644743718710733, 3.677234901622493, 0.22180335607900015, -18.92466165355355, 0.3987671235921011, -0.4222888742413436, 0.21490396151694569, -0.6251312574957082, 0.22180335607900015, 0.6484083930077318, 5.910903548437913, -15.255075237431402, -10.010738554125211, -18.92466165355355], "data_imag": [-1.0260228323377077e-18, 3.3385176793772404e-18, 0.0, 0.0, 0.0, 0.0, 0.0, 0.0, 0.0, 0.0, 0.0, 0.0, 0.0, 0.0, 0.0, 0.0, 0.0, 0.0, 0.0, 0.0, 0.0, 0.0, 0.0, 0.0, 0.0, 0.0, 0.0, 0.0, 0.0, 0.0, 0.0, 0.0, 0.0, 0.0, 0.0, 0.0, 0.0, 0.0]}, {"time": 19.11764705882353, "step_sample_count": 256, "data": [0.40737445489325835, 0.4278000115162223, -4.828176138853876, -4.71215920926051, 1.8432119316979219, 5.88267211263848, -15.595310674261428, 1.8431947205381136, 1.0119534940067028, -0.9541197824825839, 1.7740628703507748, -0.7770056666379934, 0.7905100434173625, 1.7740552685412332, -2.7875362899849137, -0.49783274398371463, 1.0296799494527962, -0.5795024763196718, -1.6391909890659648, 1.02970722598051, -4.402507319431414, 23.22140041251846, 3.6599690266187617, 8.329142658376272, 7.217961551656602, 3.6599732749688134, 0.2585930948254287, -19.420223190151212, 0.4102370070222607, -0.44147886239948697, 0.19838420931478293, -0.6730538517741638, 0.2585930948254287, 0.706531542330412, 6.048771999961541, -15.643659490045271, -10.31919634194897, -19.420223190151212], "data_imag": [9.096744238794786e-19, -2.964624980465932e-18, 0.0, 0.0, 0.0, 0.0, 0.0, 0.0, 0.0, 0.0, 0.0, 0.0, 0.0, 0.0, 0.0, 0.0, 0.0, 0.0, 0.0, 0.0, 0.0, 0.0, 0.0, 0.0, 0.0, 0.0, 0.0, 0.0, 0.0, 0.0, 0.0, 0.0, 0.0, 0.0, 0.0, 0.0, 0.0, 0.0]}, {"time": 19.6078431372549, "step_sample_count": 256, "data": [0.40741749146818523, 0.4293661002860649, -4.401911536069575, -5.162072435502499, 1.9815137899747215, 5.859318463680551, -15.595322122639546, 1.9814965788153858, 1.2115322093562122, -0.7204593548294232, 1.811795521713294, -0.9666542342448163, 1.41314943350995, 1.8117879199034985, -2.6363005574029255, -0.16397386372692524, 1.137794826174051, -0.07587850023501454, -1.6391936475605187, 1.1378221027013187, -4.972429066627053, 23.515895441541133, 3.642983352605908, 8.092060750803597, 7.093491346607512, 3.6429876009561384, 0.3013431594106723, -19.925971133284033, 0.3890277054479744, -0.46088747224302196, 0.17631636638428397, -0.6940871254358651, 0.3013431594106723, 0.7556510814695654, 6.189988348289918, -16.02570363759231, -10.608070251409782, -19.925971133284033], "data_imag": [9.725948620315163e-19, -3.170017271229808e-18, 0.0, 0.0, 0.0, 0.0, 0.0, 0.0, 0.0, 0.0, 0.0, 0.0, 0.0, 0.0, 0.0, 0.0, 0.0, 0.0, 0.0, 0.0, 0.0, 0.0, 0.0, 0.0, 0.0, 0.0, 0.0, 0.0, 0.0, 0.0, 0.0, 0.0, 0.0, 0.0, 0.0, 0.0, 0.0, 0.0]}, {"time": 20.098039215686274, "step_sample_count": 256, "data": [0.40770651809619146, 0.4273209323306386, -4.0093437360961515, -5.638328479426656, 2.1812230678333684, 5.779704265673985, -15.595341198173937, 2.1812058566740373, 1.3313262506384846, -0.4018586431764419, 1.8000145721233893, -0.9985986128595573, 1.8850555313899853, 1.8000069703137465, -2.378202499105871, -0.08899685031276013, 1.1684646863838526, 0.2794912013792903, -1.639212493658765, 1.1684919629112986, -5.4316284041758705, 23.908106323996826, 3.691232357193742, 7.6555807250510775, 7.382174574734633, 3.691236605543705, 0.3422366188521739, -20.441086546374503, 0.3550503170369889, -0.4741738685099685, 0.15058994975703163, -0.6999548301826235, 0.3422366188521739, 0.7872773656497274, 6.332025443999382, -16.39908717357781, -10.869106760854903, -20.441086546374503], "data_imag": [8.262515909589559e-19, -2.6949452737705165e-18, 0.0, 0.0, 0.0, 0.0, 0.0, 0.0, 0.0, 0.0, 0.0, 0.0, 0.0, 0.0, 0.0, 0.0, 0.0, 0.0, 0.0, 0.0, 0.0, 0.0, 0.0, 0.0, 0.0, 0.0, 0.0, 0.0, 0.0, 0.0, 0.0, 0.0, 0.0, 0.0, 0.0, 0.0, 0.0, 0.0]}, {"time": 20.588235294117645, "step_sample_count": 256, "data": [0.4090383463788615, 0.42648065478251285, -3.706778321015051, -6.086201887178159, 2.369810979367472, 5.639341292513537, -15.595355203315286, 2.3697937682081416, 1.3323836161483327, -0.06025086428742185, 1.8025572372049534, -0.7870743289797275, 2.017997486001558, 1.8025496353954342, -2.0455261386177916, -0.25872209352698544, 1.093833750372067, 0.4684808840898889, -1.6392487934498425, 1.0938610268989781, -5.747547896135043, 24.342867100673423, 3.8160049996250573, 7.174503527678606, 7.904540541175451, 3.816009247974664, 0.3740987665161863, -20.960044595120234, 0.32319692698606, -0.48094059535354283, 0.12817362143542244, -0.6981476778264636, 0.3740987665161863, 0.8039307680256753, 6.477415559653069, -16.771470964477253, -11.110204608413662, -20.960044595120234], "data_imag": [4.280352746183999e-19, -1.4006627273738571e-18, 0.0, 0.0, 0.0, 0.0, 0.0, 0.0, 0.0, 0.0, 0.0, 0.0, 0.0, 0.0, 0.0, 0.0, 0.0, 0.0, 0.0, 0.0, 0.0, 0.0, 0.0, 0.0, 0.0, 0.0, 0.0, 0.0, 0.0, 0.0, 0.0, 0.0, 0.0, 0.0, 0.0, 0.0, 0.0, 0.0]}, {"time": 21.07843137254902, "step_sample_count": 256, "data": [0.41100911936520984, 0.4305223138130324, -3.4921096757394126, -6.446458984424831, 2.4758731771581513, 5.497199096323692, -15.595359473494687, 2.475855965998959, 1.2101302007682369, 0.2552270280804902, 1.8615731309521428, -0.36370254511181455, 1.7891603709207944, 1.8615655291426643, -1.6367028560298638, -0.6520553292272105, 0.9446379692533102, 0.5140095411201201, -1.6392942741574559, 0.9446652457796865, -5.957079135636629, 24.759364432162112, 3.9787628558300776, 6.809461287670301, 8.39927791453976, 3.978767104179595, 0.3952339643935574, -21.47634994618642, 0.3018697960265265, -0.4847179909874713, 0.1137372568106822, -0.6957139217953763, 0.3952339643935574, 0.8092093149273496, 6.631233429408726, -17.15397353506719, -11.3413152074738, -21.47634994618642], "data_imag": [6.383597881084585e-19, -2.098973554788956e-18, 0.0, 0.0, 0.0, 0.0, 0.0, 0.0, 0.0, 0.0, 0.0, 0.0, 0.0, 0.0, 0.0, 0.0, 0.0, 0.0, 0.0, 0.0, 0.0, 0.0, 0.0, 0.0, 0.0, 0.0, 0.0, 0.0, 0.0, 0.0, 0.0, 0.0, 0.0, 0.0, 0.0, 0.0, 0.0, 0.0]}, {"time": 21.56862745098039, "step_sample_count": 256, "data": [0.413095465297327, 0.4383290822364774, -3.4370395347420795, -6.497433418441348, 2.486642077222308, 5.499449664148694, -15.595344171013608, 2.486624866062993, 0.9904202363780005, 0.5259416887114143, 1.9812509470205157, 0.16504336677269396, 1.312025232129417, 1.981243345211071, -1.1555958050454778, -1.1663199976910783, 0.7874896063064114, 0.5133112245334954, -1.6393418354823592, 0.7875168828333226, -6.146127709873436, 25.079032736750325, 4.130289801542825, 6.682268172163803, 8.57661791601181, 4.130294049892611, 0.4133924134809161, -21.985975567210847, 0.2971368242696559, -0.4984913156353708, 0.11214349984313463, -0.7065656927027262, 0.4133924134809161, 0.8133894042924393, 6.79615401301915, -17.553475871218335, -11.577440642180497, -21.985975567210847], "data_imag": [7.014629989141624e-19, -2.3181694714024344e-18, 0.0, 0.0, 0.0, 0.0, 0.0, 0.0, 0.0, 0.0, 0.0, 0.0, 0.0, 0.0, 0.0, 0.0, 0.0, 0.0, 0.0, 0.0, 0.0, 0.0, 0.0, 0.0, 0.0, 0.0, 0.0, 0.0, 0.0, 0.0, 0.0, 0.0, 0.0, 0.0, 0.0, 0.0, 0.0, 0.0]}, {"time": 22.058823529411764, "step_sample_count": 256, "data": [0.4144655969238288, 0.4443441253477418, -3.5408191316355375, -6.143391631303728, 2.453812174668429, 5.741964602988257, -15.595315245570543, 2.4537949635092016, 0.7644139482139639, 0.8033513030315488, 2.134684509416931, 0.6274409108854673, 0.903000468963276, 2.1346769076072443, -0.7320882528800281, -1.4745585687075147, 0.6724519881674075, 0.6568349460428107, -1.6393672425892918, 0.6724792646941402, -6.370469599126858, 25.237957574409567, 4.245827149431217, 6.844954517673445, 8.262451448929088, 4.245831397780467, 0.44260396435198357, -22.490367267201144, 0.2984101400495835, -0.5360289955248961, 0.1230447236517811, -0.7340367327170949, 0.44260396435198357, 0.8390676988967052, 6.961929898583903, -17.959162001746023, -11.840931031249978, -22.490367267201144], "data_imag": [-1.08907046354712e-18, 3.611057918129345e-18, 0.0, 0.0, 0.0, 0.0, 0.0, 0.0, 0.0, 0.0, 0.0, 0.0, 0.0, 0.0, 0.0, 0.0, 0.0, 0.0, 0.0, 0.0, 0.0, 0.0, 0.0, 0.0, 0.0, 0.0, 0.0, 0.0, 0.0, 0.0, 0.0, 0.0, 0.0, 0.0, 0.0, 0.0, 0.0, 0.0]}, {"time": 22.549019607843135, "step_sample_count": 256, "data": [0.4142899383112273, 0.4447855384257776, -3.5999100627503777, -5.660407313768941, 2.450730464186172, 6.1582654497791625, -15.595305953251545, 2.4507132530267475, 0.6447628607258395, 1.1576172438480168, 2.2877021036972978, 0.8530822367678348, 0.9183045807993887, 2.2876945018875956, -0.4778229757769603, -1.4708393111242615, 0.5912595455814603, 0.9357759306133805, -1.6393746453779798, 0.5912868221080145, -6.506884323341472, 25.335849364798435, 4.3349605010817, 7.217883071304615, 7.7635243901087225, 4.3349647494309504, 0.494504202212496, -23.001063522527858, 0.2771452789222335, -0.5957188416407486, 0.1329240360469721, -0.7615649084610309, 0.494504202212496, 0.8893817792208741, 7.115992326195191, -18.347222666502656, -12.123249572189787, -23.001063522527858], "data_imag": [-7.375058386080906e-19, 2.4443299870489267e-18, 0.0, 0.0, 0.0, 0.0, 0.0, 0.0, 0.0, 0.0, 0.0, 0.0, 0.0, 0.0, 0.0, 0.0, 0.0, 0.0, 0.0, 0.0, 0.0, 0.0, 0.0, 0.0, 0.0, 0.0, 0.0, 0.0, 0.0, 0.0, 0.0, 0.0, 0.0, 0.0, 0.0, 0.0, 0.0, 0.0]}, {"time": 23.03921568627451, "step_sample_count": 256, "data": [0.4137826148365305, 0.4421248213518169, -3.50170460430878, -5.259281694474939, 2.521486740883201, 6.653757187518141, -15.595329716694312, 2.5214695297238627, 0.6123765340182808, 1.5185928644592674, 2.4410860527523397, 0.8821121113652924, 1.2261018889133608, 2.4410784509428876, -0.4359316316943814, -1.3312563560734694, 0.4777255948037405, 1.132958483272571, -1.6393685141589505, 0.4777528713301165, -6.372499953589692, 25.550264403066397, 4.428814753180387, 7.640998313149982, 7.607528408996966, 4.428819001529548, 0.5705149136855806, -23.5383790052442, 0.22967921738094568, -0.6631397332171458, 0.1260081058081612, -0.7871570432718575, 0.5705149136855806, 0.9522166483906355, 7.256105770470442, -18.69408188238667, -12.3902435157191, -23.5383790052442], "data_imag": [-1.852429829623812e-18, 6.132026069623436e-18, 0.0, 0.0, 0.0, 0.0, 0.0, 0.0, 0.0, 0.0, 0.0, 0.0, 0.0, 0.0, 0.0, 0.0, 0.0, 0.0, 0.0, 0.0, 0.0, 0.0, 0.0, 0.0, 0.0, 0.0, 0.0, 0.0, 0.0, 0.0, 0.0, 0.0, 0.0, 0.0, 0.0, 0.0, 0.0, 0.0]}, {"time": 23.52941176470588, "step_sample_count": 256, "data": [0.4145741729248588, 0.4400034083777768, -3.3288083656332272, -5.007279903876138, 2.637747904552164, 7.0784790854167, -15.595384896374378, 2.6377306933928226, 0.5983488991721422, 1.7640375465127975, 2.640406263023795, 0.8721820986690031, 1.4730489535443902, 2.6403986612143187, -0.6471217077086882, -1.186457040997894, 0.2495856827700975, 1.0791118217847793, -1.6393327216023132, 0.24961295929718688, -6.000074834720131, 25.894381376623237, 4.538512203002747, 8.048496066619697, 7.841055557466636, 4.538516451352443, 0.6527812686506069, -24.12101551102248, 0.176518601701086, -0.718060328234013, 0.10024408978973409, -0.8134741906744168, 0.6527812686506069, 1.0315016020379841, 7.396656453543411, -18.99401661192512, -12.625645054325696, -24.12101551102248], "data_imag": [7.348785440856811e-19, -2.437293316916365e-18, 0.0, 0.0, 0.0, 0.0, 0.0, 0.0, 0.0, 0.0, 0.0, 0.0, 0.0, 0.0, 0.0, 0.0, 0.0, 0.0, 0.0, 0.0, 0.0, 0.0, 0.0, 0.0, 0.0, 0.0, 0.0, 0.0, 0.0, 0.0, 0.0, 0.0, 0.0, 0.0, 0.0, 0.0, 0.0, 0.0]}, {"time": 24.019607843137255, "step_sample_count": 256, "data": [0.41682444097652077, 0.4393327243730506, -3.253252304396932, -4.917324426610589, 2.697275351169084, 7.246319936096497, -15.59543709830817, 2.697258140009741, 0.588509301879358, 1.8390271916526555, 2.9253880214043297, 0.9019641315515033, 1.5094870640684526, 2.925380419594875, -1.0409489387463953, -1.0731327785479141, -0.10532046556561865, 0.8100583247022124, -1.6392533096528292, -0.10529318903852923, -5.5540153116474515, 26.291541957346695, 4.621963120138573, 8.424298943665137, 8.235387906172301, 4.621967368488269, 0.7063622578728564, -24.7433102227839, 0.14226801473772183, -0.7414058757111232, 0.07086346896845605, -0.8309887486996601, 0.7063622578728564, 1.128317758752074, 7.549403973885073, -19.26433789928084, -12.836608870372388, -24.7433102227839], "data_imag": [1.6148041918463652e-18, -5.384718836423227e-18, 0.0, 0.0, 0.0, 0.0, 0.0, 0.0, 0.0, 0.0, 0.0, 0.0, 0.0, 0.0, 0.0, 0.0, 0.0, 0.0, 0.0, 0.0, 0.0, 0.0, 0.0, 0.0, 0.0, 0.0, 0.0, 0.0, 0.0, 0.0, 0.0, 0.0, 0.0, 0.0, 0.0, 0.0, 0.0, 0.0]}, {"time": 24.509803921568626, "step_sample_count": 256, "data": [0.41978705038590486, 0.4396494613823514, -3.3303773173700586, -4.99356252222683, 2.6285030930749493, 7.097229316259542, -15.59545906792442, 2.628485881915612, 0.5913454364070739, 1.740161340394585, 3.267756815264997, 0.9812501490689304, 1.3306121345665094, 3.267749213455545, -1.3806955486990236, -0.9841891056827496, -0.4667000139435371, 0.5720302492432122, -1.6391746626431698, -0.46667273741573423, -5.2017823219954975, 26.661398406768043, 4.617750501229316, 8.760318004248957, 8.5465935995138, 4.617754749579012, 0.7142100916003377, -25.36405078129212, 0.1368249783326282, -0.7259471749617704, 0.04727359776211773, -0.8329751656908435, 0.7142100916003377, 1.2256597477790288, 7.709515058931352, -19.54281778311784, -13.04932276393078, -25.36405078129212], "data_imag": [-1.6767394414162726e-18, 5.630988035022774e-18, 0.0, 0.0, 0.0, 0.0, 0.0, 0.0, 0.0, 0.0, 0.0, 0.0, 0.0, 0.0, 0.0, 0.0, 0.0, 0.0, 0.0, 0.0, 0.0, 0.0, 0.0, 0.0, 0.0, 0.0, 0.0, 0.0, 0.0, 0.0, 0.0, 0.0, 0.0, 0.0, 0.0, 0.0, 0.0, 0.0]}], "random_generator": {"seed": "very_nice_seed"}, "realworld_total_calculation_time": 20.888}