{"hamiltonian": {"U": 1.0, "E": 2.5, "J": 0.1, "phi": 0.1, "type": "ZerothOrderFlippingAndSwappingOptimization"}, "start_time": 0.0, "time_step": 50.0, "number_of_time_steps": 16, "sampler": {"system_geometry": {"type": "LinearChainNonPeriodicState", "size": 6}, "initial_system_state": {"type": "HomogenousInitialSystemState"}, "type": "ExactSampler"}, "observables": [{"type": "SpinCurrent", "label": "Spin Current (signed) from 0 to 1 (up)", "site_index_from": 0, "site_index_to": 1, "spin_up": true, "direction_dependent": true}, {"type": "SpinCurrent", "label": "Spin Current (signed) from 3 to 4 (up)", "site_index_from": 3, "site_index_to": 4, "spin_up": true, "direction_dependent": true}, {"type": "DoubleOccupationAtSite", "label": "Double Occupation at site 0", "site": 0}, {"type": "DoubleOccupationAtSite", "label": "Double Occupation at site 1", "site": 1}, {"type": "DoubleOccupationAtSite", "label": "Double Occupation at site 3", "site": 3}, {"type": "DoubleOccupationAtSite", "label": "Double Occupation at site 4", "site": 4}, {"type": "OccupationAtSite", "label": "Occupation at site 0, up", "site": 0, "up": true}, {"type": "OccupationAtSite", "label": "Occupation at site 1, up", "site": 1, "up": true}, {"type": "OccupationAtSite", "label": "Occupation at site 3, up", "site": 3, "up": true}, {"type": "OccupationAtSite", "label": "Occupation at site 4, up", "site": 4, "up": true}], "measurements": [{"time": 0.0, "step_sample_count": 4096, "data": [0.0, 0.0, 0.25, 0.25, 0.25, 0.25, 0.5, 0.5, 0.5, 0.5]}, {"time": 50.0, "step_sample_count": 4096, "data": [0.04717542721169467, 0.04717542721169467, 0.25, 0.25, 0.25, 0.25, 0.5, 0.5, 0.5, 0.5]}, {"time": 100.0, "step_sample_count": 4096, "data": [0.024936591061484367, 0.02493659106148438, 0.25, 0.25, 0.25, 0.25, 0.5, 0.5, 0.5, 0.5]}, {"time": 150.0, "step_sample_count": 4096, "data": [-0.028106032001554145, -0.028106032001554135, 0.25, 0.25, 0.25, 0.25, 0.5, 0.5, 0.5, 0.5]}, {"time": 200.0, "step_sample_count": 4096, "data": [-0.033632796466800556, -0.03363279646680052, 0.25, 0.25, 0.25, 0.25, 0.5, 0.5, 0.5, 0.5]}, {"time": 250.0, "step_sample_count": 4096, "data": [0.004873632658256678, 0.0048736326582567106, 0.25, 0.25, 0.25, 0.25, 0.5, 0.5, 0.5, 0.5]}, {"time": 300.0, "step_sample_count": 4096, "data": [0.02425723622676048, 0.02425723622676051, 0.25, 0.25, 0.25, 0.25, 0.5, 0.5, 0.5, 0.5]}, {"time": 350.0, "step_sample_count": 4096, "data": [0.007097341125237117, 0.0070973411252371, 0.25, 0.25, 0.25, 0.25, 0.5, 0.5, 0.5, 0.5]}, {"time": 400.0, "step_sample_count": 4096, "data": [-0.009152149617055785, -0.0091521496170558, 0.25, 0.25, 0.25, 0.25, 0.5, 0.5, 0.5, 0.5]}, {"time": 450.0, "step_sample_count": 4096, "data": [-0.005575105352250447, -0.005575105352250401, 0.25, 0.25, 0.25, 0.25, 0.5, 0.5, 0.5, 0.5]}, {"time": 500.0, "step_sample_count": 4096, "data": [0.0009009719907399777, 0.0009009719907399776, 0.25, 0.25, 0.25, 0.25, 0.5, 0.5, 0.5, 0.5]}, {"time": 550.0, "step_sample_count": 4096, "data": [0.0006092685919243792, 0.000609268591924394, 0.25, 0.25, 0.25, 0.25, 0.5, 0.5, 0.5, 0.5]}, {"time": 600.0, "step_sample_count": 4096, "data": [6.03366976701129e-06, 6.033669767008213e-06, 0.25, 0.25, 0.25, 0.25, 0.5, 0.5, 0.5, 0.5]}, {"time": 650.0, "step_sample_count": 4096, "data": [-0.001024649472608401, -0.00102464947260841, 0.25, 0.25, 0.25, 0.25, 0.5, 0.5, 0.5, 0.5]}, {"time": 700.0, "step_sample_count": 4096, "data": [-0.00292708481223917, -0.0029270848122391656, 0.25, 0.25, 0.25, 0.25, 0.5, 0.5, 0.5, 0.5]}, {"time": 750.0, "step_sample_count": 4096, "data": [0.0037943994140093697, 0.0037943994140093758, 0.25, 0.25, 0.25, 0.25, 0.5, 0.5, 0.5, 0.5]}], "random_generator": {"seed": "very_nice_seed"}, "realworld_total_calculation_time": 2.354}