{"hamiltonian": {"U": 1.0, "E": 0.8, "J": 0.1, "phi": 1.8849555921538759, "type": "FirstOrderVariationalClassicalNetworkHamiltonian", "eta_calculation_sampler": {"system_geometry": {"type": "SquareSystemNonPeriodicState", "size": 2}, "initial_system_state": {"type": "HomogenousInitialSystemState"}, "type": "ExactSampler"}, "psi_selection": {"type": "SquareDirectionDependentAllSameFirstOrder", "number_of_psis": 12, "J": 0.1}, "random_generator": {"seed": "46954944"}, "init_sigma": 1e-05, "pseudo_inverse_cutoff": 1e-10, "effective_time_step_size": 0.24509803921568626, "number_workers": 16, "variational_step_fraction_multiplier": 2, "ue_might_change": true, "ue_variational": true}, "start_time": 0.0, "time_step": 0.49019607843137253, "number_of_time_steps": 51, "sampler": {"system_geometry": {"type": "SquareSystemNonPeriodicState", "size": 2}, "initial_system_state": {"type": "HomogenousInitialSystemState"}, "type": "ExactSampler"}, "observables": [{"type": "Energy", "label": "Energy per site"}, {"type": "EnergyVariance", "label": "Energy Variance per site"}, {"type": "VCNFactor", "label": "Re-Part of VCN Parameter 0", "param_real_part": true, "param_index": 0, "can_return_value": true}, {"type": "VCNFactor", "label": "Re-Part of VCN Parameter 1", "param_real_part": true, "param_index": 1, "can_return_value": true}, {"type": "VCNFactor", "label": "Re-Part of VCN Parameter 2", "param_real_part": true, "param_index": 2, "can_return_value": true}, {"type": "VCNFactor", "label": "Re-Part of VCN Parameter 3", "param_real_part": true, "param_index": 3, "can_return_value": true}, {"type": "VCNFactor", "label": "Re-Part of VCN Parameter 4", "param_real_part": true, "param_index": 4, "can_return_value": true}, {"type": "VCNFactor", "label": "Re-Part of VCN Parameter 5", "param_real_part": true, "param_index": 5, "can_return_value": true}, {"type": "VCNFactor", "label": "Re-Part of VCN Parameter 6", "param_real_part": true, "param_index": 6, "can_return_value": true}, {"type": "VCNFactor", "label": "Re-Part of VCN Parameter 7", "param_real_part": true, "param_index": 7, "can_return_value": true}, {"type": "VCNFactor", "label": "Re-Part of VCN Parameter 8", "param_real_part": true, "param_index": 8, "can_return_value": true}, {"type": "VCNFactor", "label": "Re-Part of VCN Parameter 9", "param_real_part": true, "param_index": 9, "can_return_value": true}, {"type": "VCNFactor", "label": "Re-Part of VCN Parameter 10", "param_real_part": true, "param_index": 10, "can_return_value": true}, {"type": "VCNFactor", "label": "Re-Part of VCN Parameter 11", "param_real_part": true, "param_index": 11, "can_return_value": true}, {"type": "VCNFactor", "label": "Im-Part of VCN Parameter 0", "param_real_part": false, "param_index": 0, "can_return_value": true}, {"type": "VCNFactor", "label": "Im-Part of VCN Parameter 1", "param_real_part": false, "param_index": 1, "can_return_value": true}, {"type": "VCNFactor", "label": "Im-Part of VCN Parameter 2", "param_real_part": false, "param_index": 2, "can_return_value": true}, {"type": "VCNFactor", "label": "Im-Part of VCN Parameter 3", "param_real_part": false, "param_index": 3, "can_return_value": true}, {"type": "VCNFactor", "label": "Im-Part of VCN Parameter 4", "param_real_part": false, "param_index": 4, "can_return_value": true}, {"type": "VCNFactor", "label": "Im-Part of VCN Parameter 5", "param_real_part": false, "param_index": 5, "can_return_value": true}, {"type": "VCNFactor", "label": "Im-Part of VCN Parameter 6", "param_real_part": false, "param_index": 6, "can_return_value": true}, {"type": "VCNFactor", "label": "Im-Part of VCN Parameter 7", "param_real_part": false, "param_index": 7, "can_return_value": true}, {"type": "VCNFactor", "label": "Im-Part of VCN Parameter 8", "param_real_part": false, "param_index": 8, "can_return_value": true}, {"type": "VCNFactor", "label": "Im-Part of VCN Parameter 9", "param_real_part": false, "param_index": 9, "can_return_value": true}, {"type": "VCNFactor", "label": "Im-Part of VCN Parameter 10", "param_real_part": false, "param_index": 10, "can_return_value": true}, {"type": "VCNFactor", "label": "Im-Part of VCN Parameter 11", "param_real_part": false, "param_index": 11, "can_return_value": true}, {"type": "BaseEnergyFactor", "label": "Re-Part of BE-Factor U", "param_real_part": true, "param_index": -1, "can_return_value": true, "kind": "U"}, {"type": "BaseEnergyFactor", "label": "Im-Part of BE-Factor U", "param_real_part": false, "param_index": -1, "can_return_value": true, "kind": "U"}, {"type": "BaseEnergyFactor", "label": "Re-Part of BE-Factor eps-0", "param_real_part": true, "param_index": 0, "can_return_value": true, "kind": "eps"}, {"type": "BaseEnergyFactor", "label": "Re-Part of BE-Factor eps-1", "param_real_part": true, "param_index": 1, "can_return_value": true, "kind": "eps"}, {"type": "BaseEnergyFactor", "label": "Re-Part of BE-Factor eps-2", "param_real_part": true, "param_index": 2, "can_return_value": true, "kind": "eps"}, {"type": "BaseEnergyFactor", "label": "Re-Part of BE-Factor eps-3", "param_real_part": true, "param_index": 3, "can_return_value": true, "kind": "eps"}, {"type": "BaseEnergyFactor", "label": "Re-Part of BE-Factor eps-4", "param_real_part": true, "param_index": 4, "can_return_value": true, "kind": "eps"}, {"type": "BaseEnergyFactor", "label": "Im-Part of BE-Factor eps-0", "param_real_part": false, "param_index": 0, "can_return_value": true, "kind": "eps"}, {"type": "BaseEnergyFactor", "label": "Im-Part of BE-Factor eps-1", "param_real_part": false, "param_index": 1, "can_return_value": true, "kind": "eps"}, {"type": "BaseEnergyFactor", "label": "Im-Part of BE-Factor eps-2", "param_real_part": false, "param_index": 2, "can_return_value": true, "kind": "eps"}, {"type": "BaseEnergyFactor", "label": "Im-Part of BE-Factor eps-3", "param_real_part": false, "param_index": 3, "can_return_value": true, "kind": "eps"}, {"type": "BaseEnergyFactor", "label": "Im-Part of BE-Factor eps-4", "param_real_part": false, "param_index": 4, "can_return_value": true, "kind": "eps"}], "measurements": [{"time": 0.0, "step_sample_count": 256, "data": [0.4068200343803896, 0.4338893723952918, -2.409211346512654e-05, 1.3364613742072939e-05, 1.5426940819682473e-06, -2.3095526437844924e-06, 2.9577584621232426e-06, -1.5668367408516222e-05, 1.0073359691169309e-05, -1.2604172898632618e-05, -1.1358230129747497e-05, 3.80637423358691e-06, 2.8480717089983352e-06, -1.895923534861108e-05, -1.1357545410297846e-05, 4.318272037258513e-06, -1.4618044943022195e-05, 1.2968369814907847e-06, -2.4229613465669603e-06, 1.2658790972584678e-05, -4.320935634434884e-06, -4.807979398987998e-06, -1.0283182688040512e-05, 1.5791125000597532e-06, 1.6795899010380995e-05, -6.0341603244068835e-06, 7.2706396032623796e-06, -2.5990623020784137e-06, 2.105483127674879e-05, 1.1085069673905734e-05, -9.132533945527703e-06, -1.2101228867378676e-06, 7.2706396032623796e-06, -5.612770751019133e-06, -2.3901402852107364e-06, -7.7877375531777e-06, 4.464171819755137e-06, -2.5990623020784137e-06], "data_imag": [-8.271351266177394e-25, 2.691961125182853e-24, 0.0, 0.0, 0.0, 0.0, 0.0, 0.0, 0.0, 0.0, 0.0, 0.0, 0.0, 0.0, 0.0, 0.0, 0.0, 0.0, 0.0, 0.0, 0.0, 0.0, 0.0, 0.0, 0.0, 0.0, 0.0, 0.0, 0.0, 0.0, 0.0, 0.0, 0.0, 0.0, 0.0, 0.0, 0.0, 0.0]}, {"time": 0.49019607843137253, "step_sample_count": 256, "data": [0.4114701442813661, 0.4371252818144638, 0.005373495410301474, -0.05347123463486965, 0.07095686756333312, 0.006130478279217862, -0.05363803188279945, 0.07093965650186256, 0.007080387048196033, -0.05270673777072354, 0.0702039617090413, 0.004829931944374403, -0.05221873114233423, 0.070196360703844, 0.484577368552065, 0.4751049106894628, 0.48070676419478975, 0.49302742605116034, 0.49074289888150624, 0.480734041031597, 0.49802118533516615, 0.5033009825538142, 0.4770082145644836, 0.4719917146574164, 0.45524258901870124, 0.47701246358640137, 0.0017649590302640879, -0.49058076306540366, 0.0018317960535657526, 0.00471493923758727, -0.007057496617117696, -0.0041545879958949945, 0.0017649590302640879, -0.0006549325387960204, 0.11976068612724647, -0.37123221491967273, -0.25081103354147616, -0.49058076306540366], "data_imag": [-6.535416008045419e-19, 2.1513028542153592e-18, 0.0, 0.0, 0.0, 0.0, 0.0, 0.0, 0.0, 0.0, 0.0, 0.0, 0.0, 0.0, 0.0, 0.0, 0.0, 0.0, 0.0, 0.0, 0.0, 0.0, 0.0, 0.0, 0.0, 0.0, 0.0, 0.0, 0.0, 0.0, 0.0, 0.0, 0.0, 0.0, 0.0, 0.0, 0.0, 0.0]}, {"time": 0.9803921568627451, "step_sample_count": 256, "data": [0.4138542198704244, 0.4373797894392024, 0.02470609037490306, -0.3273569675833494, 0.36852208337193815, 0.03305973002799134, -0.33239533095131946, 0.36850487231050055, 0.04157999009474066, -0.3030401849704135, 0.3419552514369676, 0.016381643722953428, -0.2876640628598679, 0.34194765043181663, 0.9702443784939759, 0.8728005830653145, 0.8201895019302445, 0.9427976184683109, 0.9493272470684946, 0.8202167787670518, 0.8655061802507531, 0.9793367340577703, 0.7805465993228209, 0.94401348556604, 0.7499119239958841, 0.78055084834407, 0.009165095643894816, -0.9879267511210943, 0.010370400540542661, 0.02687754826621009, -0.038819219845550215, -0.022289409113040275, 0.009165095643894816, 0.006093618640390361, 0.25146963878267126, -0.7486307566292445, -0.5032513933267453, -0.9879267511210943], "data_imag": [-1.2331203410752506e-18, 4.082656454096397e-18, 0.0, 0.0, 0.0, 0.0, 0.0, 0.0, 0.0, 0.0, 0.0, 0.0, 0.0, 0.0, 0.0, 0.0, 0.0, 0.0, 0.0, 0.0, 0.0, 0.0, 0.0, 0.0, 0.0, 0.0, 0.0, 0.0, 0.0, 0.0, 0.0, 0.0, 0.0, 0.0, 0.0, 0.0, 0.0, 0.0]}, {"time": 1.4705882352941175, "step_sample_count": 256, "data": [0.4130520290259707, 0.4335016495046589, 0.030594678264072212, -0.8246876474468448, 0.7127320017398711, 0.07218356625184918, -0.8586925720702943, 0.7127147906786605, 0.0989342519541237, -0.6799233231694499, 0.5833148409708104, -0.028127120156773218, -0.5740316689525535, 0.583307239965379, 1.475036228254173, 1.0712701828661928, 0.939233866596777, 1.2984969779603037, 1.3240163680803807, 0.9392611434331384, 0.9548226034773181, 1.3974540112229512, 0.8440988559636893, 1.427547404723293, 0.6912684555917202, 0.8441031049842695, 0.015234493438493521, -1.4945985312742527, 0.023914789290376187, 0.06176339847693649, -0.08201427308121087, -0.04413905324999173, 0.015234493438493521, 0.02598947281392167, 0.40699762047968946, -1.1414541779604037, -0.7604366325083987, -1.4945985312742527], "data_imag": [9.286278636522489e-19, -3.0685729863329105e-18, 0.0, 0.0, 0.0, 0.0, 0.0, 0.0, 0.0, 0.0, 0.0, 0.0, 0.0, 0.0, 0.0, 0.0, 0.0, 0.0, 0.0, 0.0, 0.0, 0.0, 0.0, 0.0, 0.0, 0.0, 0.0, 0.0, 0.0, 0.0, 0.0, 0.0, 0.0, 0.0, 0.0, 0.0, 0.0, 0.0]}, {"time": 1.9607843137254901, "step_sample_count": 256, "data": [0.4092568769482307, 0.42603294211494713, -0.02832005244932562, -1.4482508287896139, 0.984710982966134, 0.15107779122232773, -1.6158699598926087, 0.9846937719049158, 0.23222019098960184, -1.0127824773004441, 0.6584363493236726, -0.26479039370853075, -0.5458957248430092, 0.6584287483182444, 2.0480346542126813, 0.8939349361963078, 0.9177626293748593, 1.5328931825507874, 1.515918990296556, 0.9177899062107749, 0.7409186177014171, 1.7429403220570918, 0.8141456428804583, 1.9052017001950126, 0.2564457990032616, 0.8141498919010385, 0.015201295915760617, -2.0001970573629735, 0.03489272826759742, 0.09370993792846222, -0.11581205157961713, -0.05695793977846898, 0.015201295915760617, 0.05233314057070457, 0.5865269596182922, -1.5588565075669372, -1.0246681577605854, -2.0001970573629735], "data_imag": [3.3166826572179517e-19, -1.0859001488971025e-18, 0.0, 0.0, 0.0, 0.0, 0.0, 0.0, 0.0, 0.0, 0.0, 0.0, 0.0, 0.0, 0.0, 0.0, 0.0, 0.0, 0.0, 0.0, 0.0, 0.0, 0.0, 0.0, 0.0, 0.0, 0.0, 0.0, 0.0, 0.0, 0.0, 0.0, 0.0, 0.0, 0.0, 0.0, 0.0, 0.0]}, {"time": 2.4509803921568625, "step_sample_count": 256, "data": [0.40493538599291246, 0.41815226865018107, -0.25922878789040726, -1.8708894794803639, 1.1670922956473313, 0.37683535605568563, -2.4953755427049042, 1.1670750845861348, 0.49476420174511043, -1.1536926043477647, 0.5956806946263892, -0.7592429658571386, 0.06775687229467031, 0.5956730936199764, 2.6827423815033264, 0.23586179706371485, 0.8286169231049683, 1.6511161266533336, 1.4080886626614422, 0.8286441999399923, 0.42600502818262675, 2.149850054819518, 0.8392006241420977, 2.198789984673633, -0.03333867824957208, 0.839204873161006, 0.01408373006803213, -2.4978233503977454, 0.0414079519294839, 0.09917313333694658, -0.12151499080377741, -0.06361516868584016, 0.01408373006803213, 0.06610931653517346, 0.7691555364383899, -1.985979752115931, -1.2830635206208667, -2.4978233503977454], "data_imag": [-1.5570056918654864e-18, 5.0438936066297e-18, 0.0, 0.0, 0.0, 0.0, 0.0, 0.0, 0.0, 0.0, 0.0, 0.0, 0.0, 0.0, 0.0, 0.0, 0.0, 0.0, 0.0, 0.0, 0.0, 0.0, 0.0, 0.0, 0.0, 0.0, 0.0, 0.0, 0.0, 0.0, 0.0, 0.0, 0.0, 0.0, 0.0, 0.0, 0.0, 0.0]}, {"time": 2.941176470588235, "step_sample_count": 256, "data": [0.40335884440616393, 0.41506790276475874, -0.7438676404087873, -1.739919601609238, 1.25581660395607, 0.8266183686651334, -3.3072307118799826, 1.255799392895371, 0.7393997515028714, -1.2078894207836122, 0.4906070233365291, -1.3111270472680188, 0.8092471402686742, 0.49059942233028914, 3.1739177646399317, -0.5636414143255438, 0.7038141073030174, 1.7983155912131388, 0.9823121174906679, 0.703841384139156, 0.1972399435735854, 2.7187341734441883, 0.9844830857970975, 2.157542782743435, 0.266465322367051, 0.9844873348184578, 0.01636805322509291, -2.990681571075692, 0.06325949023250292, 0.0788363929382153, -0.10399855534359338, -0.08794227383298317, 0.01636805322509291, 0.07136135407577224, 0.9233238443071704, -2.38837635911401, -1.5368689215720484, -2.990681571075692], "data_imag": [-1.0760837863993185e-18, 3.4723833005299085e-18, 0.0, 0.0, 0.0, 0.0, 0.0, 0.0, 0.0, 0.0, 0.0, 0.0, 0.0, 0.0, 0.0, 0.0, 0.0, 0.0, 0.0, 0.0, 0.0, 0.0, 0.0, 0.0, 0.0, 0.0, 0.0, 0.0, 0.0, 0.0, 0.0, 0.0, 0.0, 0.0, 0.0, 0.0, 0.0, 0.0]}, {"time": 3.4313725490196076, "step_sample_count": 256, "data": [0.40468824018229105, 0.41901381961213824, -1.314830176549998, -1.3385353451096704, 1.2441346204839963, 1.320165049990444, -3.9814504689685455, 1.2441174094235259, 0.8387058496569038, -1.2909996889402189, 0.4445486760029262, -1.6902212245103783, 1.2011692686255897, 0.44454107499600654, 3.3390324901768214, -1.091066266649246, 0.579220071566024, 2.137130641181648, 0.30010165402562694, 0.5792473484041688, -0.005604129045086517, 3.3315261284950677, 1.2379005383151762, 1.862336943051318, 0.8937667413598822, 1.2379047873341962, 0.02041956225370914, -3.484577930693478, 0.09798427257665059, 0.05776994208094163, -0.08643041988541127, -0.12553086662373422, 0.02041956225370914, 0.09456773105173227, 1.0413925683374312, -2.7541427170896315, -1.8083504938519406, -3.484577930693478], "data_imag": [1.9112136791220803e-19, -6.187565603329893e-19, 0.0, 0.0, 0.0, 0.0, 0.0, 0.0, 0.0, 0.0, 0.0, 0.0, 0.0, 0.0, 0.0, 0.0, 0.0, 0.0, 0.0, 0.0, 0.0, 0.0, 0.0, 0.0, 0.0, 0.0, 0.0, 0.0, 0.0, 0.0, 0.0, 0.0, 0.0, 0.0, 0.0, 0.0, 0.0, 0.0]}, {"time": 3.9215686274509802, "step_sample_count": 256, "data": [0.40736504469937185, 0.4259147627470132, -1.8386302951798768, -0.9238714891867003, 1.148385054999383, 1.6520718790909963, -4.430126822849588, 1.1483678439389575, 0.7988263226394321, -1.3897642544860946, 0.5231886675615235, -1.7931719126142776, 1.1605008991222918, 0.5231810665537957, 3.2134524943350242, -1.4524213552540621, 0.5017919657512185, 2.6795358181469204, -0.720292482421375, 0.5018192425891405, -0.279183732872039, 3.8822243479325906, 1.5170970916598945, 1.4905640773296553, 1.4645163611686136, 1.5171013406767968, 0.022847173345247152, -3.9827121678044812, 0.12965406601722207, 0.05100248364731434, -0.07990639184790434, -0.1569022101649356, 0.022847173345247152, 0.14452964108291502, 1.1363856660180787, -3.0945895488895063, -2.1043672698935185, -3.9827121678044812], "data_imag": [-2.1511463190409822e-19, 7.0104145312881505e-19, 0.0, 0.0, 0.0, 0.0, 0.0, 0.0, 0.0, 0.0, 0.0, 0.0, 0.0, 0.0, 0.0, 0.0, 0.0, 0.0, 0.0, 0.0, 0.0, 0.0, 0.0, 0.0, 0.0, 0.0, 0.0, 0.0, 0.0, 0.0, 0.0, 0.0, 0.0, 0.0, 0.0, 0.0, 0.0, 0.0]}, {"time": 4.411764705882352, "step_sample_count": 256, "data": [0.4100217976930359, 0.429644446109632, -2.2042941767407154, -0.3705073757008459, 1.014849830404416, 1.6273954836528008, -4.214390085620549, 1.0148326193460948, 0.6613659288660159, -1.4593015605317337, 0.7059075961492149, -1.6510558673006885, 0.806833018023624, 0.7058999951440003, 2.8725900078428066, -1.683212528226532, 0.5056122247550543, 3.376978461002108, -1.9867728989256652, 0.5056395015878491, -0.6638528929075043, 4.324446361541384, 1.7152205208063411, 1.193471455866341, 1.737887003070177, 1.7152247698171132, 0.022268384554337373, -4.484212743184037, 0.13478564810761148, 0.07283692322009114, -0.09764318122909262, -0.1577407588552039, 0.022268384554337373, 0.21860182756376254, 1.2237923010427894, -3.426636510094625, -2.423589818344628, -4.484212743184037], "data_imag": [-9.365445310077514e-19, 3.072029377787036e-18, 0.0, 0.0, 0.0, 0.0, 0.0, 0.0, 0.0, 0.0, 0.0, 0.0, 0.0, 0.0, 0.0, 0.0, 0.0, 0.0, 0.0, 0.0, 0.0, 0.0, 0.0, 0.0, 0.0, 0.0, 0.0, 0.0, 0.0, 0.0, 0.0, 0.0, 0.0, 0.0, 0.0, 0.0, 0.0, 0.0]}, {"time": 4.901960784313725, "step_sample_count": 256, "data": [0.4111655952123594, 0.4267698172606547, -2.3681944615016284, 0.28315303969195776, 0.8996271593475289, 1.2378942841213372, -3.3181973740145883, 0.899609948286848, 0.4872051527890221, -1.4255168964769216, 0.895849295640553, -1.3815365665579782, 0.3959864432437514, 0.8958416946318392, 2.6196129512240525, -1.5344405591908896, 0.5886134797918569, 3.932641241364025, -2.637047340071361, 0.5886407566252089, -1.1496791659864796, 4.636244637088361, 1.787108148717558, 1.0357609536963173, 1.6351996191494365, 1.7871123977313395, 0.019718662079563513, -4.986075970555265, 0.09815442830574884, 0.12071945103538502, -0.139173369242517, -0.11447088280885556, 0.019718662079563513, 0.2867993941657284, 1.3403275623938526, -3.7899178267384923, -2.739274559430345, -4.986075970555265], "data_imag": [-3.3692900239399396e-19, 1.108268910509064e-18, 0.0, 0.0, 0.0, 0.0, 0.0, 0.0, 0.0, 0.0, 0.0, 0.0, 0.0, 0.0, 0.0, 0.0, 0.0, 0.0, 0.0, 0.0, 0.0, 0.0, 0.0, 0.0, 0.0, 0.0, 0.0, 0.0, 0.0, 0.0, 0.0, 0.0, 0.0, 0.0, 0.0, 0.0, 0.0, 0.0]}, {"time": 5.3921568627450975, "step_sample_count": 256, "data": [0.41065297845371274, 0.420277524969214, -2.5056727079448606, 0.6892329432606248, 0.8405983792871199, 0.8247414914768405, -2.6161666720432297, 0.8405811682245883, 0.3550186965361922, -1.2105019153303715, 1.002942312466403, -1.1257823350570848, 0.22937484104826728, 1.002934711457126, 2.592819507112986, -1.0797640573808385, 0.716226694198892, 4.248404703362379, -2.5039465555160145, 0.7162539710317981, -1.6325797172199916, 4.88372378142641, 1.7803634517031774, 1.0141492048203857, 1.3317682053632334, 1.7803677007166248, 0.017959576731134918, -5.485459765550995, 0.03454689742338857, 0.15825241401936996, -0.17145114505906497, -0.045126630807564794, 0.017959576731134918, 0.33237009534510376, 1.4914127506979316, -4.191847361536312, -3.0369066928487287, -5.485459765550995], "data_imag": [2.4249587235850033e-18, -7.966532179739963e-18, 0.0, 0.0, 0.0, 0.0, 0.0, 0.0, 0.0, 0.0, 0.0, 0.0, 0.0, 0.0, 0.0, 0.0, 0.0, 0.0, 0.0, 0.0, 0.0, 0.0, 0.0, 0.0, 0.0, 0.0, 0.0, 0.0, 0.0, 0.0, 0.0, 0.0, 0.0, 0.0, 0.0, 0.0, 0.0, 0.0]}, {"time": 5.88235294117647, "step_sample_count": 256, "data": [0.41048142050564174, 0.4175302701121756, -2.6030134930498514, 0.7606322693944846, 0.8493796275373994, 0.5724892999573675, -2.37051101629255, 0.8493624164750829, 0.2867815240996193, -0.8648199726821599, 1.0110841504993766, -0.965437909956127, 0.3594957466644905, 1.0110765494901248, 2.7455586544684696, -0.6752015440342785, 0.8472040519998887, 4.406397874380947, -2.077123132833032, 0.8472313288339095, -1.9225907102148945, 5.226103267135138, 1.7856506356662492, 1.0832901957599401, 1.2279572922176372, 1.7856548846796965, 0.020843385229211885, -5.98134931636807, -0.04668686749969926, 0.17374126834058257, -0.1875841041793173, 0.03546702276561181, 0.020843385229211885, 0.35304597882105876, 1.6504779231885263, -4.605548928854271, -3.3138482187747598, -5.98134931636807], "data_imag": [5.1324800550123145e-20, -1.6854301629586626e-19, 0.0, 0.0, 0.0, 0.0, 0.0, 0.0, 0.0, 0.0, 0.0, 0.0, 0.0, 0.0, 0.0, 0.0, 0.0, 0.0, 0.0, 0.0, 0.0, 0.0, 0.0, 0.0, 0.0, 0.0, 0.0, 0.0, 0.0, 0.0, 0.0, 0.0, 0.0, 0.0, 0.0, 0.0, 0.0, 0.0]}, {"time": 6.372549019607843, "step_sample_count": 256, "data": [0.41163720348363547, 0.42181352661147725, -2.5638777299840827, 0.5931090935985726, 0.9167972311648676, 0.5465438687886016, -2.455940165057136, 0.9167800201024014, 0.2197647024820848, -0.5841456919917148, 0.9787343198250144, -0.8704089704398185, 0.4921550430238996, 0.9787267188157556, 3.050510140627532, -0.5862066994929069, 0.9451273338619994, 4.376552513249664, -1.6214034960127954, 0.9451546106960202, -1.9092063956040048, 5.745892286950878, 1.867150642810001, 1.2192107879642542, 1.5440843776473125, 1.8671548918238943, 0.03192859799999202, -6.477069365393365, -0.13044564229381084, 0.17533362576319858, -0.20090202668198617, 0.10692629591979493, 0.03192859799999202, 0.34793119523735894, 1.8059097713192798, -5.015385089531082, -3.5649515614812404, -6.477069365393365], "data_imag": [1.251142849094025e-18, -4.120135548476901e-18, 0.0, 0.0, 0.0, 0.0, 0.0, 0.0, 0.0, 0.0, 0.0, 0.0, 0.0, 0.0, 0.0, 0.0, 0.0, 0.0, 0.0, 0.0, 0.0, 0.0, 0.0, 0.0, 0.0, 0.0, 0.0, 0.0, 0.0, 0.0, 0.0, 0.0, 0.0, 0.0, 0.0, 0.0, 0.0, 0.0]}, {"time": 6.862745098039215, "step_sample_count": 256, "data": [0.41286315789813627, 0.42905693391153465, -2.4013150244184125, 0.3451331138497161, 1.0120774258802607, 0.728361158308148, -2.710387093553064, 1.0120602148178026, 0.12384415184774294, -0.5151555899232156, 0.9872752969208543, -0.7681989404046972, 0.3733806216848229, 0.9872676959116431, 3.4672510820538056, -0.8802946590851041, 0.9842913183698061, 4.112169029290729, -1.19887521420139, 0.9843185952038269, -1.6686660309639667, 6.356648806643495, 2.018760888600956, 1.4361744867771988, 2.1008968415902776, 2.018765137614961, 0.05131214213700662, -6.980276436797978, -0.20017876817962066, 0.16996348368189895, -0.21836005841096834, 0.1529416322955207, 0.05131214213700662, 0.3289874316574931, 1.9651530009576998, -5.421204547725204, -3.794039853004941, -6.980276436797978], "data_imag": [-1.7297366394806974e-18, 5.713156250464886e-18, 0.0, 0.0, 0.0, 0.0, 0.0, 0.0, 0.0, 0.0, 0.0, 0.0, 0.0, 0.0, 0.0, 0.0, 0.0, 0.0, 0.0, 0.0, 0.0, 0.0, 0.0, 0.0, 0.0, 0.0, 0.0, 0.0, 0.0, 0.0, 0.0, 0.0, 0.0, 0.0, 0.0, 0.0, 0.0, 0.0]}, {"time": 7.352941176470588, "step_sample_count": 256, "data": [0.413271521427111, 0.4342932940536649, -2.341286079656906, 0.21511710382936455, 1.0895356142169859, 0.9951605319479074, -3.039364080294826, 1.0895184031545142, 0.026846971020714545, -0.6689732812373147, 1.0763287755863664, -0.6191241280579327, -0.021159011130957417, 1.0763211745770997, 3.9280438987866177, -1.4746330263144358, 0.9696014694624177, 3.6105475781676315, -0.7920455547430698, 0.96962874629655, -1.3501089189853321, 6.954216494306219, 2.1719369991247217, 1.7490657407200547, 2.6268379798148636, 2.171941248137835, 0.07220425168733205, -7.495671179201213, -0.24620916276887944, 0.16364071641263908, -0.23697982816042495, 0.17270875690463236, 0.07220425168733205, 0.3083359887460315, 2.1386914276331854, -5.827896952590385, -4.007384539107231, -7.495671179201213], "data_imag": [1.1158477521155586e-18, -3.689184785582551e-18, 0.0, 0.0, 0.0, 0.0, 0.0, 0.0, 0.0, 0.0, 0.0, 0.0, 0.0, 0.0, 0.0, 0.0, 0.0, 0.0, 0.0, 0.0, 0.0, 0.0, 0.0, 0.0, 0.0, 0.0, 0.0, 0.0, 0.0, 0.0, 0.0, 0.0, 0.0, 0.0, 0.0, 0.0, 0.0, 0.0]}, {"time": 7.8431372549019605, "step_sample_count": 256, "data": [0.41233518930020563, 0.4342464633259716, -2.6634824219058544, 0.4563018993838627, 1.1218338396281327, 1.257450434417832, -3.3801614715479382, 1.1218166285653832, -0.05085600498738389, -1.0031139588198335, 1.2145766463287138, -0.4518088405332134, -0.5996224728288335, 1.2145690453197062, 4.3332617969454414, -2.102011291725576, 0.9448559099100944, 2.9750356323573586, -0.33797053809048705, 0.9448831867448955, -1.0921092119181117, 7.471567718721141, 2.2556512039897028, 2.167015840020774, 2.904245360035768, 2.2556554530021473, 0.08575238684117871, -8.018006660092343, -0.2632536767110732, 0.15985020442098977, -0.24981323246037515, 0.17166192947360387, 0.08575238684117871, 0.29444085451932056, 2.328518628895729, -6.24165420149884, -4.217629742817777, -8.018006660092343], "data_imag": [-2.123528793048771e-18, 7.004845174929619e-18, 0.0, 0.0, 0.0, 0.0, 0.0, 0.0, 0.0, 0.0, 0.0, 0.0, 0.0, 0.0, 0.0, 0.0, 0.0, 0.0, 0.0, 0.0, 0.0, 0.0, 0.0, 0.0, 0.0, 0.0, 0.0, 0.0, 0.0, 0.0, 0.0, 0.0, 0.0, 0.0, 0.0, 0.0, 0.0, 0.0]}, {"time": 8.333333333333332, "step_sample_count": 256, "data": [0.4103250548216203, 0.4288424563335396, -3.387754459431317, 1.0354407754241826, 1.128000104915003, 1.4779919249441942, -3.746552898387546, 1.1279828938508996, -0.060437815204153346, -1.426204626165141, 1.3338399532777354, -0.3896142313518581, -1.095419651087479, 1.3338323522672686, 4.553222867357156, -2.280227246636932, 0.9598780884152374, 2.4253654249756713, 0.2913119978114197, 0.9599053652507072, -0.9781228128691737, 7.808977729956586, 2.251954689009202, 2.683132709895178, 2.754966719732444, 2.251958938022204, 0.09101703656759469, -8.537193809821193, -0.26329922194345756, 0.1567758192491753, -0.25395420077865916, 0.16338205221657792, 0.09101703656759469, 0.2988464819891939, 2.5221900270301414, -6.6601097721043825, -4.446678953748703, -8.537193809821193], "data_imag": [9.84254820171005e-19, -3.230915304360893e-18, 0.0, 0.0, 0.0, 0.0, 0.0, 0.0, 0.0, 0.0, 0.0, 0.0, 0.0, 0.0, 0.0, 0.0, 0.0, 0.0, 0.0, 0.0, 0.0, 0.0, 0.0, 0.0, 0.0, 0.0, 0.0, 0.0, 0.0, 0.0, 0.0, 0.0, 0.0, 0.0, 0.0, 0.0, 0.0, 0.0]}, {"time": 8.823529411764705, "step_sample_count": 256, "data": [0.4085616621291838, 0.42241613584021764, -4.260953451447258, 1.5349369900012122, 1.1504141879412915, 1.6023614192400948, -4.243622607466611, 1.150396976878314, 0.08010748072596516, -1.7284764618706918, 1.3850445083759153, -0.574140514045693, -1.0703816128372114, 1.3850369073664164, 4.527988185670686, -1.854423067966901, 1.0288945608816715, 2.0507557534807357, 1.0995730898794716, 1.0289218377176985, -0.9423558021395683, 7.939393406877503, 2.1979823151950098, 3.167001292429417, 2.3518274650398223, 2.1979865642094607, 0.09326034341835089, -9.04929088025927, -0.2733227478905148, 0.15194028457236755, -0.2526110707345895, 0.1695628147931851, 0.09326034341835089, 0.31451996394484977, 2.703342334343697, -7.071633881875289, -4.692862652847554, -9.04929088025927], "data_imag": [5.779922919404513e-19, -1.8891639319443786e-18, 0.0, 0.0, 0.0, 0.0, 0.0, 0.0, 0.0, 0.0, 0.0, 0.0, 0.0, 0.0, 0.0, 0.0, 0.0, 0.0, 0.0, 0.0, 0.0, 0.0, 0.0, 0.0, 0.0, 0.0, 0.0, 0.0, 0.0, 0.0, 0.0, 0.0, 0.0, 0.0, 0.0, 0.0, 0.0, 0.0]}, {"time": 9.313725490196077, "step_sample_count": 256, "data": [0.4076517570463418, 0.41899338945745723, -5.022389601411518, 1.6746461215037125, 1.2167367148999964, 1.6482073395682677, -4.907615730502707, 1.2167195038370395, 0.3000298282306002, -1.8233018642595817, 1.3680342825965175, -0.9233251751910112, -0.5921751888020542, 1.3680266815870192, 4.293721698347753, -1.1180183426383095, 1.128319063521296, 1.7529268228815802, 1.9307582408577393, 1.1283463403574345, -0.8636044486966347, 8.106522067054962, 2.151892585278538, 3.467546294394896, 2.2166094443008584, 2.1518968342933236, 0.09598160151090357, -9.556927095917294, -0.2935796915513133, 0.14931586234807767, -0.2535104849404959, 0.1868290408456706, 0.09598160151090357, 0.3204157891094017, 2.8655916206572902, -7.468239669846506, -4.9336420773389245, -9.556927095917294], "data_imag": [-9.023282763889227e-19, 2.942685658420332e-18, 0.0, 0.0, 0.0, 0.0, 0.0, 0.0, 0.0, 0.0, 0.0, 0.0, 0.0, 0.0, 0.0, 0.0, 0.0, 0.0, 0.0, 0.0, 0.0, 0.0, 0.0, 0.0, 0.0, 0.0, 0.0, 0.0, 0.0, 0.0, 0.0, 0.0, 0.0, 0.0, 0.0, 0.0, 0.0, 0.0]}, {"time": 9.80392156862745, "step_sample_count": 256, "data": [0.40748564360597955, 0.4189450664096337, -5.559266430586568, 1.4048598567146178, 1.3277126833908057, 1.684008808531557, -5.746808789588207, 1.3276954723277832, 0.48475738932254897, -1.8835079519542544, 1.3219055892401044, -1.2763058936846792, -0.11240049293676774, 1.3218979882305963, 4.022371170824738, -0.4490196137156477, 1.2166730676786845, 1.4498977404540754, 2.6626487276771735, 1.2167003445140427, -0.7835846498602361, 8.547164814711827, 2.1527264681561142, 3.6303965172783976, 2.497180785335307, 2.1527307171713455, 0.09785778656376594, -10.063321103186647, -0.3083063658297061, 0.15054694430402635, -0.2572744025832097, 0.19982240592051226, 0.09785778656376594, 0.31725827218421515, 3.018769665964377, -7.857332552504898, -5.166938492089521, -10.063321103186647], "data_imag": [-2.000281111064264e-18, 6.5206866874792444e-18, 0.0, 0.0, 0.0, 0.0, 0.0, 0.0, 0.0, 0.0, 0.0, 0.0, 0.0, 0.0, 0.0, 0.0, 0.0, 0.0, 0.0, 0.0, 0.0, 0.0, 0.0, 0.0, 0.0, 0.0, 0.0, 0.0, 0.0, 0.0, 0.0, 0.0, 0.0, 0.0, 0.0, 0.0, 0.0, 0.0]}, {"time": 10.294117647058822, "step_sample_count": 256, "data": [0.408314066975308, 0.42053394109307796, -6.058991439733561, 0.8320263252571711, 1.4525449958608971, 1.7483297353180702, -6.883421597783838, 1.4525277847957563, 0.6166910629432029, -2.1118073833855893, 1.2882829891836722, -1.5687786282280085, 0.08451905180569819, 1.2882753881753868, 3.8360048356293905, -0.05306083714565121, 1.25943799675341, 1.1331398763114215, 3.220703835718072, 1.2594652735903287, -0.7728205858632812, 9.268712948119289, 2.197416750523153, 3.7200591788590707, 3.0621722979967925, 2.197420999537158, 0.0938109412424598, -10.568032123037511, -0.3091160393869458, 0.15084316254054925, -0.25424864190634444, 0.20440887005209152, 0.0938109412424598, 0.3125848611048434, 3.1729359677748765, -8.249980379851362, -5.401378005655395, -10.568032123037511], "data_imag": [4.2386784915045645e-19, -1.3845696427735937e-18, 0.0, 0.0, 0.0, 0.0, 0.0, 0.0, 0.0, 0.0, 0.0, 0.0, 0.0, 0.0, 0.0, 0.0, 0.0, 0.0, 0.0, 0.0, 0.0, 0.0, 0.0, 0.0, 0.0, 0.0, 0.0, 0.0, 0.0, 0.0, 0.0, 0.0, 0.0, 0.0, 0.0, 0.0, 0.0, 0.0]}, {"time": 10.784313725490195, "step_sample_count": 256, "data": [0.4098234398324942, 0.4221606279598026, -6.876017198746979, 0.022834629412674168, 1.5408919154376008, 1.8797144891420035, -8.646385584505605, 1.5408747043872244, 0.7010649884516726, -2.5669542991898453, 1.2799576531215253, -1.7674914552811585, -0.08759487457590202, 1.2799500521180198, 3.530972496881307, 0.056836102743860056, 1.2531101848688384, 0.7803787231104116, 3.4126153891150968, 1.2531374617035278, -0.8754454454668157, 10.16275868705748, 2.2528750789704324, 3.76540671103032, 3.7271943560709433, 2.2528793279824306, 0.07986989793256591, -11.066490152206708, -0.2887325235722644, 0.14426856989565612, -0.23428315488711735, 0.19771467463489145, 0.07986989793256591, 0.3063140834144793, 3.33856687113313, -8.661034917305196, -5.641476233391055, -11.066490152206708], "data_imag": [1.3157789363210835e-18, -4.313896397937974e-18, 0.0, 0.0, 0.0, 0.0, 0.0, 0.0, 0.0, 0.0, 0.0, 0.0, 0.0, 0.0, 0.0, 0.0, 0.0, 0.0, 0.0, 0.0, 0.0, 0.0, 0.0, 0.0, 0.0, 0.0, 0.0, 0.0, 0.0, 0.0, 0.0, 0.0, 0.0, 0.0, 0.0, 0.0, 0.0, 0.0]}, {"time": 11.274509803921568, "step_sample_count": 256, "data": [0.41046352811338677, 0.4225165817648153, -8.333349556310514, -1.1178249102604438, 1.5599090328757115, 2.3125407337525385, -11.697189944060883, 1.5598918218236797, 0.7438960491661258, -3.198286499003239, 1.2805907830384304, -1.866545599662729, -0.5777194444767767, 1.280583182035583, 2.5722432677372624, -0.2239666320192165, 1.2269067976957329, 0.41339980966059753, 2.577015428744115, 1.2269340745303108, -1.138424983113106, 11.17349702686713, 2.2939185309422427, 3.8230583257171316, 4.330033159909973, 2.293922779954798, 0.05838697545850593, -11.55291744800026, -0.22613473577222398, 0.10653422299277378, -0.17547426558234566, 0.15699348048315412, 0.05838697545850593, 0.3028525776441256, 3.520360254837209, -9.100348892972958, -5.8965142143531315, -11.55291744800026], "data_imag": [1.7409947607066915e-18, -5.71691881525272e-18, 0.0, 0.0, 0.0, 0.0, 0.0, 0.0, 0.0, 0.0, 0.0, 0.0, 0.0, 0.0, 0.0, 0.0, 0.0, 0.0, 0.0, 0.0, 0.0, 0.0, 0.0, 0.0, 0.0, 0.0, 0.0, 0.0, 0.0, 0.0, 0.0, 0.0, 0.0, 0.0, 0.0, 0.0, 0.0, 0.0]}, {"time": 11.76470588235294, "step_sample_count": 256, "data": [0.40768432380339426, 0.41993342652988963, -10.462970688295675, -2.7448218740402446, 1.516799962304436, 3.648958342794534, -16.84709515461864, 1.5167827238808944, 0.7745498531533854, -3.882686161545912, 1.2691324466546996, -1.9108965329039436, -1.1874171766309445, 1.2691248330141465, -0.5535194289052976, -2.080038787893238, 1.219198787221662, 1.2088788351424704, -3.2075018617393054, 1.2192260213062553, -1.6178066857595748, 12.287446981064333, 2.325392570448353, 3.995850402005711, 4.695661340918495, 2.325396801093239, 0.038149493484548276, -12.025020683754079, -0.07270935789078795, -0.02509234994847357, -0.024275745153843994, 0.024565323828855762, 0.038149493484548276, 0.42506013110748275, 3.6069012882873484, -9.458543579041597, -6.29105140318977, -12.025020683754079], "data_imag": [-2.185472750142153e-19, 7.127863842659584e-19, 0.0, 0.0, 0.0, 0.0, 0.0, 0.0, 0.0, 0.0, 0.0, 0.0, 0.0, 0.0, 0.0, 0.0, 0.0, 0.0, 0.0, 0.0, 0.0, 0.0, 0.0, 0.0, 0.0, 0.0, 0.0, 0.0, 0.0, 0.0, 0.0, 0.0, 0.0, 0.0, 0.0, 0.0, 0.0, 0.0]}, {"time": 12.254901960784313, "step_sample_count": 256, "data": [0.4037545910370997, 0.41543720615263796, -10.391389590108938, -2.485430121066079, 1.4487669910225003, 3.965154552190713, -16.84718678874336, 1.4487497525990016, 0.8866323005884417, -4.362770709874567, 1.240053141609649, -2.003518472223362, -1.459367238805723, 1.2400455279690943, -2.1061872522562632, -1.7677735566467843, 1.2528396211247126, 0.043206570655493826, -3.209403557614076, 1.2528668552096403, -2.3015216314946154, 13.518750328315427, 2.371330526804781, 4.3341610210438555, 4.8005572455422305, 2.3713347574493326, 0.02813884324642008, -12.487321147588565, -0.038948311317503384, -0.0664215090117542, 0.0258869720262567, 0.0011354882167225328, 0.02813884324642008, 0.3630086825236351, 3.9093074671323977, -10.042189953809702, -6.510869076566473, -12.487321147588565], "data_imag": [1.2303681060702846e-20, -3.9741341719319896e-20, 0.0, 0.0, 0.0, 0.0, 0.0, 0.0, 0.0, 0.0, 0.0, 0.0, 0.0, 0.0, 0.0, 0.0, 0.0, 0.0, 0.0, 0.0, 0.0, 0.0, 0.0, 0.0, 0.0, 0.0, 0.0, 0.0, 0.0, 0.0, 0.0, 0.0, 0.0, 0.0, 0.0, 0.0, 0.0, 0.0]}, {"time": 12.745098039215685, "step_sample_count": 256, "data": [0.4003796495841262, 0.41210453706176753, -9.755255050005621, -2.3720483344234933, 1.3969491437743047, 4.684720760505141, -16.846414102156743, 1.3969319053514044, 1.0971418092383456, -4.449986604400999, 1.2040644559402949, -2.1520988127688487, -1.1798356870367486, 1.2040568422997444, -3.301055580421031, -1.250172334174922, 1.3187171183666455, -0.5828360633109843, -3.209927120842496, 1.3187443524538025, -2.9743924924127807, 14.936544172693813, 2.4512466588128063, 4.701999843760446, 5.07413055477508, 2.45125088945747, 0.0317037582939935, -12.949768662423077, 0.01281310640729958, -0.161099061323624, 0.11538456151619036, -0.054702264836928256, 0.0317037582939935, 0.3543084162609295, 4.154534267221406, -10.568021944662652, -6.783619066877247, -12.949768662423077], "data_imag": [-8.46334895837912e-19, 2.7108421522112095e-18, 0.0, 0.0, 0.0, 0.0, 0.0, 0.0, 0.0, 0.0, 0.0, 0.0, 0.0, 0.0, 0.0, 0.0, 0.0, 0.0, 0.0, 0.0, 0.0, 0.0, 0.0, 0.0, 0.0, 0.0, 0.0, 0.0, 0.0, 0.0, 0.0, 0.0, 0.0, 0.0, 0.0, 0.0, 0.0, 0.0]}, {"time": 13.235294117647058, "step_sample_count": 256, "data": [0.39872538975662775, 0.41072693520439085, -9.071571799600326, -2.4144994394339476, 1.383076314258854, 5.300727632420025, -16.845810855187565, 1.383059075837664, 1.2328588464887849, -4.204524053189404, 1.1877155401786526, -2.1693093876040286, -0.7762084561604958, 1.1877079265458625, -3.8680540909730143, -0.8743040189683787, 1.3997638184191037, -0.7445044034631609, -3.209534589983304, 1.3997910525038644, -3.429026337088815, 16.371715910497116, 2.5690256595288226, 4.995019487783135, 5.667114671533265, 2.569029890162285, 0.045742351274656146, -13.420895243801807, 0.05375968747865654, -0.24341813886751992, 0.18236095456215862, -0.11068047862715985, 0.045742351274656146, 0.3797404970500204, 4.3298253044033155, -11.014673499576038, -7.081585717423166, -13.420895243801807], "data_imag": [-7.332903871032033e-20, 2.339051963220105e-19, 0.0, 0.0, 0.0, 0.0, 0.0, 0.0, 0.0, 0.0, 0.0, 0.0, 0.0, 0.0, 0.0, 0.0, 0.0, 0.0, 0.0, 0.0, 0.0, 0.0, 0.0, 0.0, 0.0, 0.0, 0.0, 0.0, 0.0, 0.0, 0.0, 0.0, 0.0, 0.0, 0.0, 0.0, 0.0, 0.0]}, {"time": 13.72549019607843, "step_sample_count": 256, "data": [0.39858708339926446, 0.4098060286269602, -8.644444127239746, -2.4592528341308277, 1.4157556576775336, 5.6665948998500095, -16.845475107192588, 1.4157384192562719, 1.2293493327993652, -3.7964999067681404, 1.2154960332293867, -1.9857219732794986, -0.5547290847522773, 1.215488419597297, -4.114014860756498, -0.6128627529376635, 1.468487322509941, -0.7100002891842633, -3.209155143573472, 1.4685145565947018, -3.643928062333925, 17.564700344564287, 2.6984591542631984, 5.235884469354051, 6.319222738379544, 2.698463384895267, 0.06317928070423073, -13.905183814519027, 0.08343660636744764, -0.2940310578035801, 0.2153651117232842, -0.15909910582782424, 0.06317928070423073, 0.41455760550801724, 4.462363441781772, -11.404698986062716, -7.37530158918109, -13.905183814519027], "data_imag": [7.806990410566578e-19, -2.4894124302990065e-18, 0.0, 0.0, 0.0, 0.0, 0.0, 0.0, 0.0, 0.0, 0.0, 0.0, 0.0, 0.0, 0.0, 0.0, 0.0, 0.0, 0.0, 0.0, 0.0, 0.0, 0.0, 0.0, 0.0, 0.0, 0.0, 0.0, 0.0, 0.0, 0.0, 0.0, 0.0, 0.0, 0.0, 0.0, 0.0, 0.0]}, {"time": 14.215686274509803, "step_sample_count": 256, "data": [0.3995010812806453, 0.4094387522705601, -8.338884598962208, -2.5656812870623735, 1.487901259671627, 5.8540353366112585, -16.845276604454014, 1.48788402125013, 1.1184143497964953, -3.407188771670337, 1.2898273172879144, -1.6562915609192321, -0.6083256652301829, 1.2898197036557901, -4.350677530658616, -0.3103917956006201, 1.4984794925550777, -0.6282983691573191, -3.208967619239046, 1.498506726639727, -3.6888376119740047, 18.435244844102687, 2.79387253877237, 5.453837900349025, 6.847847096427073, 2.7938767694044944, 0.07795761660487012, -14.401933747307902, 0.11016508894664713, -0.3233494477275833, 0.23079580003794828, -0.20254290361946448, 0.07795761660487012, 0.4491964278453883, 4.578210924564732, -11.7645430923903, -7.655542786246208, -14.401933747307902], "data_imag": [7.310275464012727e-20, -2.3363703618659643e-19, 0.0, 0.0, 0.0, 0.0, 0.0, 0.0, 0.0, 0.0, 0.0, 0.0, 0.0, 0.0, 0.0, 0.0, 0.0, 0.0, 0.0, 0.0, 0.0, 0.0, 0.0, 0.0, 0.0, 0.0, 0.0, 0.0, 0.0, 0.0, 0.0, 0.0, 0.0, 0.0, 0.0, 0.0, 0.0, 0.0]}, {"time": 14.705882352941176, "step_sample_count": 256, "data": [0.40032472954473863, 0.4104289966522106, -7.899345454458771, -2.8909252814109747, 1.5824221145250366, 5.958244605220754, -16.84511662396425, 1.5824048761035523, 0.9209500698438045, -3.0750529832121782, 1.3797445940288566, -1.2368524657943694, -0.8978791236867248, 1.3797369803967299, -4.672938798663258, 0.09168254371324142, 1.482848978299004, -0.5323986162589313, -3.2089106324374574, 1.4828762123834303, -3.6658842200028556, 18.999849754117985, 2.821602927920248, 5.6710206567214705, 7.140397556544175, 2.8216071585521494, 0.0884024157574054, -14.906513740110006, 0.14036045818505677, -0.34074057721639783, 0.2391048168836448, -0.24590639905649037, 0.0884024157574054, 0.48483500369206795, 4.695489411271063, -12.117108375668655, -7.928311295412242, -14.906513740110006], "data_imag": [-1.2278924089039483e-18, 3.932445572036086e-18, 0.0, 0.0, 0.0, 0.0, 0.0, 0.0, 0.0, 0.0, 0.0, 0.0, 0.0, 0.0, 0.0, 0.0, 0.0, 0.0, 0.0, 0.0, 0.0, 0.0, 0.0, 0.0, 0.0, 0.0, 0.0, 0.0, 0.0, 0.0, 0.0, 0.0, 0.0, 0.0, 0.0, 0.0, 0.0, 0.0]}, {"time": 15.196078431372548, "step_sample_count": 256, "data": [0.39991404929962976, 0.4128851267619663, -7.20284602792076, -3.547455415396856, 1.688325973687795, 5.9906981078206964, -16.84496420991045, 1.6883087352663402, 0.6699530906435678, -2.703424886060857, 1.4342166058642452, -0.7890379466097213, -1.2316919004969633, 1.4342089922322543, -4.935551797771604, 0.453835082174258, 1.4354163413920085, -0.41561994790854123, -3.208887644640612, 1.4354435754765462, -3.6909995329074516, 19.36162216059259, 2.790922669790802, 5.96318906447272, 7.102930241055114, 2.7909269004228148, 0.09717731485072637, -15.41339563289691, 0.1697340284837084, -0.3460821864998674, 0.23743320874685442, -0.2864965857261978, 0.09717731485072637, 0.529247352320958, 4.827181688951932, -12.481506688135516, -8.20736836967152, -15.41339563289691], "data_imag": [4.452285433897727e-19, -1.4244251972062396e-18, 0.0, 0.0, 0.0, 0.0, 0.0, 0.0, 0.0, 0.0, 0.0, 0.0, 0.0, 0.0, 0.0, 0.0, 0.0, 0.0, 0.0, 0.0, 0.0, 0.0, 0.0, 0.0, 0.0, 0.0, 0.0, 0.0, 0.0, 0.0, 0.0, 0.0, 0.0, 0.0, 0.0, 0.0, 0.0, 0.0]}, {"time": 15.686274509803921, "step_sample_count": 256, "data": [0.39863062303537394, 0.41569714728221935, -6.366126226386911, -4.459513934872204, 1.8099975553948076, 5.913367994505165, -16.844846774599077, 1.809980316973309, 0.5049377470982932, -2.2023460673247124, 1.4174737188877276, -0.48287282703208056, -1.20650092198194, 1.41746610525758, -4.91686503982204, 0.4549184847548806, 1.3657401707482513, -0.374497280434662, -3.2088502783532253, 1.365767404833012, -3.8371478750044825, 19.720758391469165, 2.753844409651407, 6.422252049872605, 6.767809797924525, 2.753848640283698, 0.10898807351935916, -15.920160917480173, 0.17980000118527767, -0.34376268767149654, 0.22558562210026958, -0.30933729859736003, 0.10898807351935916, 0.5812090791351027, 4.986688412401948, -12.874176063343764, -8.493684009323806, -15.920160917480173], "data_imag": [2.0222501682112785e-18, -6.4490467558996134e-18, 0.0, 0.0, 0.0, 0.0, 0.0, 0.0, 0.0, 0.0, 0.0, 0.0, 0.0, 0.0, 0.0, 0.0, 0.0, 0.0, 0.0, 0.0, 0.0, 0.0, 0.0, 0.0, 0.0, 0.0, 0.0, 0.0, 0.0, 0.0, 0.0, 0.0, 0.0, 0.0, 0.0, 0.0, 0.0, 0.0]}, {"time": 16.176470588235293, "step_sample_count": 256, "data": [0.39835323858908755, 0.4177402988389174, -5.64576200047426, -5.272002127181785, 1.9480428737839037, 5.821292050283893, -16.84478434687707, 1.9480256353664098, 0.543866497034378, -1.6151093086000345, 1.3368338772696073, -0.453964717529968, -0.6089255402265037, 1.3368262636394523, -4.5444773017741324, -0.16524272201595241, 1.263234963215187, -0.5914711440126224, -3.208822566108124, 1.263262197304183, -3.94837714893247, 20.24512756910163, 2.7760178085772336, 6.909116056476243, 6.605193314026698, 2.7760220392091903, 0.12686651433324767, -16.42866352911863, 0.1700450662550024, -0.35170413900173275, 0.21868183426172785, -0.31695007106065903, 0.12686651433324767, 0.6101426213166292, 5.16974668426557, -13.289716283704532, -8.755075784926223, -16.42866352911863], "data_imag": [-9.62670909853028e-20, 3.0678645970836576e-19, 0.0, 0.0, 0.0, 0.0, 0.0, 0.0, 0.0, 0.0, 0.0, 0.0, 0.0, 0.0, 0.0, 0.0, 0.0, 0.0, 0.0, 0.0, 0.0, 0.0, 0.0, 0.0, 0.0, 0.0, 0.0, 0.0, 0.0, 0.0, 0.0, 0.0, 0.0, 0.0, 0.0, 0.0, 0.0, 0.0]}, {"time": 16.666666666666664, "step_sample_count": 256, "data": [0.3993761973798956, 0.417036227418116, -5.3447540050874, -5.459235242818366, 2.068329474233572, 5.926450649160392, -16.844748399680817, 2.0683122358162076, 0.6507688313285412, -1.1230068675427545, 1.245537133720239, -0.5282386335224044, 0.06340666412826246, 1.2455295200903587, -3.990506801306373, -1.1502355827120396, 1.1150040085654698, -0.9865051435415338, -3.20883399505418, 1.1150312426568065, -3.88515890463807, 20.904262466363136, 2.899697498078482, 7.274011668282421, 6.8808252121724935, 2.899701728715622, 0.14812969854645255, -16.94133757658742, 0.18430793173534976, -0.3793591165233057, 0.22919608993047377, -0.35032130866666844, 0.14812969854645255, 0.6102528375109355, 5.349304273943468, -13.699171511276411, -8.984209067527878, -16.94133757658742], "data_imag": [2.710805504769734e-18, -8.6610495546514e-18, 0.0, 0.0, 0.0, 0.0, 0.0, 0.0, 0.0, 0.0, 0.0, 0.0, 0.0, 0.0, 0.0, 0.0, 0.0, 0.0, 0.0, 0.0, 0.0, 0.0, 0.0, 0.0, 0.0, 0.0, 0.0, 0.0, 0.0, 0.0, 0.0, 0.0, 0.0, 0.0, 0.0, 0.0, 0.0, 0.0]}, {"time": 17.15686274509804, "step_sample_count": 256, "data": [0.40181168194370864, 0.4144698328328238, -5.4475648414004825, -5.126383941046256, 2.1149256209168326, 6.139331871377234, -16.84471768026971, 2.114908382499467, 0.737810919346551, -0.8060987825526036, 1.215496576195291, -0.5531544537963765, 0.48640222254293, 1.2154889625654077, -3.594947587889318, -1.817782424078129, 0.9432268934212492, -1.2296278548992305, -3.20882355843534, 0.9432541275130318, -3.71586998119025, 21.592055560216387, 3.114482773612583, 7.569313279833618, 7.36575631547915, 3.1144870042497232, 0.16587566489222583, -17.454906541586386, 0.23495506699401053, -0.41373321398059254, 0.25111243734818184, -0.4146689669725922, 0.16587566489222583, 0.6157462925523081, 5.498489633768973, -14.078609429529276, -9.21858535882903, -17.454906541586386], "data_imag": [-6.214939301192804e-19, 1.9977881710322707e-18, 0.0, 0.0, 0.0, 0.0, 0.0, 0.0, 0.0, 0.0, 0.0, 0.0, 0.0, 0.0, 0.0, 0.0, 0.0, 0.0, 0.0, 0.0, 0.0, 0.0, 0.0, 0.0, 0.0, 0.0, 0.0, 0.0, 0.0, 0.0, 0.0, 0.0, 0.0, 0.0, 0.0, 0.0, 0.0, 0.0]}, {"time": 17.64705882352941, "step_sample_count": 256, "data": [0.4049186517465074, 0.41290776504290405, -5.637892271858555, -4.7796344798303005, 2.0711899737521704, 6.276958360135044, -16.844709028110785, 2.0711727353351583, 0.7970376464809314, -0.6943057504578942, 1.293656811768168, -0.517153143219285, 0.6111113552082077, 1.293649198138387, -3.4062843622849, -2.0397405784432086, 0.8128626737916611, -1.2415584790395193, -3.2087998111028537, 0.8128899078832208, -3.5526514001604763, 22.25878718689858, 3.3565683594509617, 7.851474196745535, 7.837820522201688, 3.3565725900876004, 0.1779778309523261, -17.96048042721537, 0.3038774267034229, -0.4383721244986793, 0.2688613961766047, -0.4912276364621957, 0.1779778309523261, 0.6332037435749011, 5.6220624108718305, -14.440602332596518, -9.472813068436272, -17.96048042721537], "data_imag": [1.0474962377293325e-18, -3.3932061143272027e-18, 0.0, 0.0, 0.0, 0.0, 0.0, 0.0, 0.0, 0.0, 0.0, 0.0, 0.0, 0.0, 0.0, 0.0, 0.0, 0.0, 0.0, 0.0, 0.0, 0.0, 0.0, 0.0, 0.0, 0.0, 0.0, 0.0, 0.0, 0.0, 0.0, 0.0, 0.0, 0.0, 0.0, 0.0, 0.0, 0.0]}, {"time": 18.137254901960784, "step_sample_count": 256, "data": [0.40732031885068126, 0.4138658829076971, -5.70729450216849, -4.60036004721585, 1.9858528274933593, 6.368718941372798, -16.844709447617074, 1.9858355890762776, 0.8337150594306036, -0.7691252429160325, 1.4698118162977472, -0.47647984143238103, 0.5190487631051031, 1.4698042026681069, -3.33928085353099, -1.9125808007312148, 0.7810960461576519, -1.0299878817633943, -3.2087838689895998, 0.7811232802483199, -3.538530845230785, 22.820874852851045, 3.541603077407232, 8.128070184005916, 8.058839272734602, 3.541607308043982, 0.19133712488544108, -18.45402730797673, 0.3769594964772125, -0.45553837263167335, 0.2760192969406254, -0.5749418236601143, 0.19133712488544108, 0.6617065612495532, 5.736971251807652, -14.805777171709996, -9.750161401601144, -18.45402730797673], "data_imag": [-1.208709132601415e-18, 3.9386543143115094e-18, 0.0, 0.0, 0.0, 0.0, 0.0, 0.0, 0.0, 0.0, 0.0, 0.0, 0.0, 0.0, 0.0, 0.0, 0.0, 0.0, 0.0, 0.0, 0.0, 0.0, 0.0, 0.0, 0.0, 0.0, 0.0, 0.0, 0.0, 0.0, 0.0, 0.0, 0.0, 0.0, 0.0, 0.0, 0.0, 0.0]}, {"time": 18.627450980392155, "step_sample_count": 256, "data": [0.4083130015687839, 0.41733829995686433, -5.583649553622562, -4.645120322369791, 1.9297639554344002, 6.433262572626873, -16.844711668447548, 1.9297467170173201, 0.8986743490876412, -0.8841326669277659, 1.6745423272767603, -0.5012887696350011, 0.48117429842401216, 1.6745347136471194, -3.322024862899125, -1.517264631155122, 0.8508190956159787, -0.6019729223342549, -3.20877788715979, 0.8508463297068696, -3.8018500285985053, 23.1928530188763, 3.6174497743791436, 8.350450551046078, 7.8604434875089515, 3.617454005016005, 0.21420511817473625, -18.94230564779236, 0.43334754056616936, -0.4705245250071988, 0.2695731667513267, -0.6534463870493168, 0.21420511817473625, 0.7069377469935061, 5.85906917270426, -15.184295160405012, -10.05105831469434, -18.94230564779236], "data_imag": [4.2268281864435586e-18, -1.3806951231378478e-17, 0.0, 0.0, 0.0, 0.0, 0.0, 0.0, 0.0, 0.0, 0.0, 0.0, 0.0, 0.0, 0.0, 0.0, 0.0, 0.0, 0.0, 0.0, 0.0, 0.0, 0.0, 0.0, 0.0, 0.0, 0.0, 0.0, 0.0, 0.0, 0.0, 0.0, 0.0, 0.0, 0.0, 0.0, 0.0, 0.0]}, {"time": 19.11764705882353, "step_sample_count": 256, "data": [0.4080655472956336, 0.4210778176390379, -5.276227121605301, -4.915618842686233, 1.9543414689423015, 6.462356615116457, -16.844712421077574, 1.954324230525242, 1.0551177100540776, -0.8496201861379071, 1.8230725012355178, -0.6360223635193323, 0.7997299501448316, 1.8230648876059476, -3.2839049749275504, -1.0230361575870168, 0.9795137891550604, -0.053927223795857626, -3.2087776048873056, 0.9795410232463971, -4.3179783499350775, 23.433859647385543, 3.6014356619885355, 8.421995687118486, 7.42466829601944, 3.601439892625174, 0.2491398348917914, -19.435426737946656, 0.45336403358850547, -0.48928564236178124, 0.25429623910039656, -0.7082519229314947, 0.2491398348917914, 0.7641710056969244, 5.994613780126072, -15.572780462310623, -10.360878772558683, -19.435426737946656], "data_imag": [-1.2012028437137682e-18, 3.921355966665042e-18, 0.0, 0.0, 0.0, 0.0, 0.0, 0.0, 0.0, 0.0, 0.0, 0.0, 0.0, 0.0, 0.0, 0.0, 0.0, 0.0, 0.0, 0.0, 0.0, 0.0, 0.0, 0.0, 0.0, 0.0, 0.0, 0.0, 0.0, 0.0, 0.0, 0.0, 0.0, 0.0, 0.0, 0.0, 0.0, 0.0]}, {"time": 19.6078431372549, "step_sample_count": 256, "data": [0.4077192437798555, 0.42248735637998586, -4.850709618206962, -5.3506979808388495, 2.0780703955351902, 6.451939594369074, -16.84471532816462, 2.0780531571175995, 1.2608241467656958, -0.619979363479054, 1.876334462442866, -0.8224082674191644, 1.4204798643499141, 1.8763268488130471, -3.1581623485501282, -0.6386443927863792, 1.1051662861721796, 0.47405252373067713, -3.208778586885635, 1.1051935202639622, -4.90135640226325, 23.710735149789794, 3.5669599472146913, 8.24250814401223, 7.210658257085753, 3.5669641778511068, 0.2919632731421186, -19.939080842552446, 0.436780494265794, -0.5097874422806294, 0.23316965923243627, -0.734043172958154, 0.2919632731421186, 0.816005340412693, 6.1352428607278675, -15.956348413905873, -10.654797726809234, -19.939080842552446], "data_imag": [-2.0077661841867592e-18, 6.5488392824271335e-18, 0.0, 0.0, 0.0, 0.0, 0.0, 0.0, 0.0, 0.0, 0.0, 0.0, 0.0, 0.0, 0.0, 0.0, 0.0, 0.0, 0.0, 0.0, 0.0, 0.0, 0.0, 0.0, 0.0, 0.0, 0.0, 0.0, 0.0, 0.0, 0.0, 0.0, 0.0, 0.0, 0.0, 0.0, 0.0, 0.0]}, {"time": 20.098039215686274, "step_sample_count": 256, "data": [0.40826777846382967, 0.4211746756778417, -4.4386498953850655, -5.832699971532528, 2.2779780818720967, 6.385782194663966, -16.844723161922754, 2.2779608434547884, 1.3988378680616136, -0.28749338720173956, 1.8640585251424497, -0.8894827105825578, 1.959436604268372, 1.8640509115126316, -2.9182378798230233, -0.5092217070045651, 1.1620265271308077, 0.8648593838764014, -3.208785527621456, 1.1620537612219217, -5.389826505125306, 24.091465898247936, 3.5883728092197984, 7.837467211826465, 7.426562075638481, 3.588377039855545, 0.33460291787346086, -20.453424116169696, 0.4030334692735569, -0.5242056820364592, 0.20677924341881285, -0.7419920300795969, 0.33460291787346086, 0.8506857954859599, 6.276312733116845, -16.32953116203555, -10.919842243515948, -20.453424116169696], "data_imag": [-1.3173308099948797e-18, 4.302589786388535e-18, 0.0, 0.0, 0.0, 0.0, 0.0, 0.0, 0.0, 0.0, 0.0, 0.0, 0.0, 0.0, 0.0, 0.0, 0.0, 0.0, 0.0, 0.0, 0.0, 0.0, 0.0, 0.0, 0.0, 0.0, 0.0, 0.0, 0.0, 0.0, 0.0, 0.0, 0.0, 0.0, 0.0, 0.0, 0.0, 0.0]}, {"time": 20.588235294117645, "step_sample_count": 256, "data": [0.41011078244587973, 0.42093536502527823, -4.12403932727513, -6.282644735876698, 2.4857536633553012, 6.2554864720103, -16.84472987877093, 2.4857364249374334, 1.4160079108037398, 0.07345813944347696, 1.8512422552410221, -0.7230834587518219, 2.1727801752061953, 1.8512346416111711, -2.5995005425237503, -0.6329031793914611, 1.1100146142341523, 1.0850746691163153, -3.2088013972288465, 1.1100418483252663, -5.73195045981135, 24.521050275623455, 3.6908180259754237, 7.352144605134484, 7.921717992103342, 3.6908222566109474, 0.36896060802115693, -20.973330557123138, 0.37003681754610446, -0.5315086986811516, 0.18242370990819332, -0.7417236311179533, 0.36896060802115693, 0.8700574231085417, 6.4202063842472334, -16.699490829119863, -11.162888426843963, -20.973330557123138], "data_imag": [2.460591299109663e-18, -8.072920183659098e-18, 0.0, 0.0, 0.0, 0.0, 0.0, 0.0, 0.0, 0.0, 0.0, 0.0, 0.0, 0.0, 0.0, 0.0, 0.0, 0.0, 0.0, 0.0, 0.0, 0.0, 0.0, 0.0, 0.0, 0.0, 0.0, 0.0, 0.0, 0.0, 0.0, 0.0, 0.0, 0.0, 0.0, 0.0, 0.0, 0.0]}, {"time": 21.07843137254902, "step_sample_count": 256, "data": [0.41228596553824637, 0.42502660404222176, -3.893092884109642, -6.6700279184645215, 2.620650720493098, 6.103028009426112, -16.84473161453343, 2.620633482074952, 1.3094556237294677, 0.41291534135212893, 1.8878097017098134, -0.3340327110677669, 2.0179308714999937, 1.8878020880799626, -2.217067839094069, -0.9706797730578445, 0.9683511627321317, 1.1585539999385042, -3.208821288005861, 0.9683783968232459, -5.953691542103103, 24.935793392634487, 3.842625876063316, 6.950513836090908, 8.439418206094514, 3.842630106699174, 0.39149707591651, -21.491612824338397, 0.3465747002021497, -0.5345874859332862, 0.16594486304447542, -0.7388203974160615, 0.39149707591651, 0.8783968132539672, 6.571168706210037, -17.077208107396405, -11.395195334187543, -21.491612824338397], "data_imag": [7.933599573530674e-19, -2.6167294082935304e-18, 0.0, 0.0, 0.0, 0.0, 0.0, 0.0, 0.0, 0.0, 0.0, 0.0, 0.0, 0.0, 0.0, 0.0, 0.0, 0.0, 0.0, 0.0, 0.0, 0.0, 0.0, 0.0, 0.0, 0.0, 0.0, 0.0, 0.0, 0.0, 0.0, 0.0, 0.0, 0.0, 0.0, 0.0, 0.0, 0.0]}, {"time": 21.56862745098039, "step_sample_count": 256, "data": [0.4135872188553223, 0.4321093036216131, -3.7857014591966496, -6.828430406126999, 2.6532160745267848, 6.051891896377841, -16.84472627031298, 2.6531988361089556, 1.1007692344629518, 0.7046693757071442, 1.9851070591607312, 0.18407592184670546, 1.583543260912512, 1.9850994455305377, -1.7556239280545258, -1.4691387229561483, 0.8032188808554388, 1.153559413631849, -3.2088427979997687, 0.8032461149456613, -6.13326085073066, 25.27111170954221, 3.9921763555013716, 6.765935080669085, 8.700331300428683, 3.992180586136784, 0.4080633428283618, -22.00333949952909, 0.3380350760134008, -0.5434374964033979, 0.16096026930130386, -0.7446916659406131, 0.4080633428283618, 0.882165782320312, 6.73352521889723, -17.471919653903633, -11.628504999599146, -22.00333949952909], "data_imag": [-9.891632768720615e-19, 3.272842309402665e-18, 0.0, 0.0, 0.0, 0.0, 0.0, 0.0, 0.0, 0.0, 0.0, 0.0, 0.0, 0.0, 0.0, 0.0, 0.0, 0.0, 0.0, 0.0, 0.0, 0.0, 0.0, 0.0, 0.0, 0.0, 0.0, 0.0, 0.0, 0.0, 0.0, 0.0, 0.0, 0.0, 0.0, 0.0, 0.0, 0.0]}, {"time": 22.058823529411764, "step_sample_count": 256, "data": [0.41338255344557623, 0.4367448976177478, -3.857191721291789, -6.561664282702503, 2.62720919634532, 6.24049392712229, -16.844711741205824, 2.627191957927499, 0.8615249012303507, 0.9822447168655178, 2.1223547046989872, 0.6748223087788376, 1.1324241845925422, 2.1223470910691846, -1.302860755741196, -1.8593361917553344, 0.6740994018568089, 1.24601652367788, -3.2088579731607876, 0.6741266359470315, -6.345929222502908, 25.455612712060855, 4.10894049073677, 6.863225457060879, 8.490172356194227, 4.108944721372182, 0.4327099906599031, -22.508604244923042, 0.34040245733748037, -0.574428013334897, 0.1697477732539702, -0.7691392786447879, 0.4327099906599031, 0.9011016813143046, 6.900622101319513, -17.877709921276416, -11.883693936695035, -22.508604244923042], "data_imag": [4.408748154817632e-19, -1.4579996557895882e-18, 0.0, 0.0, 0.0, 0.0, 0.0, 0.0, 0.0, 0.0, 0.0, 0.0, 0.0, 0.0, 0.0, 0.0, 0.0, 0.0, 0.0, 0.0, 0.0, 0.0, 0.0, 0.0, 0.0, 0.0, 0.0, 0.0, 0.0, 0.0, 0.0, 0.0, 0.0, 0.0, 0.0, 0.0, 0.0, 0.0]}, {"time": 22.549019607843135, "step_sample_count": 256, "data": [0.4117153546515981, 0.4352678175913818, -3.9411334730011185, -6.071794765173936, 2.61867501182185, 6.6380761649354545, -16.844704355160488, 2.6186577734044074, 0.7075990929375107, 1.3244046684522819, 2.2655006490265217, 0.954951723379184, 1.045673682767715, 2.265493035396719, -1.0059424400523875, -1.9173928776449918, 0.5846793302558083, 1.5073872960079857, -3.2088630196069325, 0.5847065643460307, -6.520864402456827, 25.538102248453175, 4.197529409442291, 7.198706653997129, 7.974432284066842, 4.197533640077703, 0.4788871715657359, -23.01691212912919, 0.3267079213413057, -0.63023397977934, 0.18135636401052466, -0.7988006770163788, 0.4788871715657359, 0.9474269455882353, 7.05832978642087, -18.271588874745436, -12.163914350148731, -23.01691212912919], "data_imag": [-2.7268998669294475e-18, 8.981652366498024e-18, 0.0, 0.0, 0.0, 0.0, 0.0, 0.0, 0.0, 0.0, 0.0, 0.0, 0.0, 0.0, 0.0, 0.0, 0.0, 0.0, 0.0, 0.0, 0.0, 0.0, 0.0, 0.0, 0.0, 0.0, 0.0, 0.0, 0.0, 0.0, 0.0, 0.0, 0.0, 0.0, 0.0, 0.0, 0.0, 0.0]}, {"time": 23.03921568627451, "step_sample_count": 256, "data": [0.4110235757903833, 0.4316858409419142, -3.866674650896107, -5.634628761318949, 2.6825540830739683, 7.144837594178293, -16.844714144344398, 2.6825368446564397, 0.6555188445876142, 1.7037710934910757, 2.4049002724006097, 1.0030373501911138, 1.333107978613787, 2.4048926587708097, -0.9179756370483005, -1.7942647553651088, 0.4744778463626242, 1.735117081828852, -3.208861181964355, 0.4745050804528467, -6.449574421373233, 25.708232501932848, 4.287797359147763, 7.614688916837374, 7.716647084163584, 4.287801589782506, 0.5510611814427381, -23.54773663090879, 0.2835560849795373, -0.698383160053559, 0.17874184328278114, -0.8251497132501387, 0.5510611814427381, 1.0085638854733991, 7.201269454011948, -18.627948556176868, -12.435709777501462, -23.54773663090879], "data_imag": [1.8957234167205158e-18, -6.233496139600234e-18, 0.0, 0.0, 0.0, 0.0, 0.0, 0.0, 0.0, 0.0, 0.0, 0.0, 0.0, 0.0, 0.0, 0.0, 0.0, 0.0, 0.0, 0.0, 0.0, 0.0, 0.0, 0.0, 0.0, 0.0, 0.0, 0.0, 0.0, 0.0, 0.0, 0.0, 0.0, 0.0, 0.0, 0.0, 0.0, 0.0]}, {"time": 23.52941176470588, "step_sample_count": 256, "data": [0.41327815439568727, 0.4305550009811227, -3.675024653736871, -5.3413218636225706, 2.8065186203536543, 7.628910404540489, -16.84474289928755, 2.80650138193616, 0.6252953432765477, 1.9882462362120146, 2.578038892535944, 0.9818125719878351, 1.6149586231807098, 2.578031278906083, -1.0849076470171994, -1.6564945870072447, 0.25660354661534573, 1.71913938620764, -3.20884411717704, 0.25663078070735157, -6.103432502642268, 26.021829169017877, 4.3987439553433045, 8.022435606776725, 7.892185523506814, 4.398748185978716, 0.6361650309515821, -24.122055179932957, 0.22858253490045555, -0.7585590805387057, 0.1550012447309811, -0.8528163357242508, 0.6361650309515821, 1.0844218093997149, 7.34139484041059, -18.936096506346647, -12.676113082348122, -24.122055179932957], "data_imag": [6.863771816356426e-19, -2.2693175587655343e-18, 0.0, 0.0, 0.0, 0.0, 0.0, 0.0, 0.0, 0.0, 0.0, 0.0, 0.0, 0.0, 0.0, 0.0, 0.0, 0.0, 0.0, 0.0, 0.0, 0.0, 0.0, 0.0, 0.0, 0.0, 0.0, 0.0, 0.0, 0.0, 0.0, 0.0, 0.0, 0.0, 0.0, 0.0, 0.0, 0.0]}, {"time": 24.019607843137255, "step_sample_count": 256, "data": [0.4178577639502503, 0.4320203829531415, -3.543419844221934, -5.206156252575993, 2.896138561899498, 7.897589711942188, -16.84477525582931, 2.896121323481979, 0.5956412625593469, 2.107973790739717, 2.8319097511957074, 0.9947720973711405, 1.6940801479906977, 2.8319021375658453, -1.4788657315382494, -1.5578185527332362, -0.10598020804984601, 1.4355875748722609, -3.2087976344231626, -0.10595297395605685, -5.6418199403639795, 26.401588905686953, 4.49915890388446, 8.405382912717924, 8.27732814702914, 4.499163134520764, 0.7000356373524177, -24.74296045144464, 0.18768805987888146, -0.7905762874935491, 0.12363926817964718, -0.8742902773231108, 0.7000356373524177, 1.1805966960433414, 7.494577413319535, -19.20820938931506, -12.887466434686461, -24.74296045144464], "data_imag": [9.282230367961396e-20, -3.102921620821966e-19, 0.0, 0.0, 0.0, 0.0, 0.0, 0.0, 0.0, 0.0, 0.0, 0.0, 0.0, 0.0, 0.0, 0.0, 0.0, 0.0, 0.0, 0.0, 0.0, 0.0, 0.0, 0.0, 0.0, 0.0, 0.0, 0.0, 0.0, 0.0, 0.0, 0.0, 0.0, 0.0, 0.0, 0.0, 0.0, 0.0]}, {"time": 24.509803921568626, "step_sample_count": 256, "data": [0.4227052905225163, 0.43392839706264646, -3.592190239849642, -5.228634411933872, 2.852433120551213, 7.830145358282911, -16.844786452287394, 2.8524158821336956, 0.5817508970272735, 2.0532669301560973, 3.156709414465757, 1.0606313664942593, 1.5569767422900813, 3.1567018008358954, -1.8842687247286494, -1.4915193034601828, -0.5118276918600408, 1.109127389164881, -3.208740319955674, -0.5118004577671433, -5.2427694334101105, 26.76473580671649, 4.522953817977256, 8.749997721082801, 8.620565404465975, 4.522958048613559, 0.714731355793749, -25.374352569535002, 0.17739314925388316, -0.7822420590784911, 0.09977391975533083, -0.8788547157280517, 0.714731355793749, 1.2828665167717, 7.6586208440871095, -19.479397033796737, -13.093418960500905, -25.374352569535002], "data_imag": [-1.1263907886962693e-18, 3.809050764621942e-18, 0.0, 0.0, 0.0, 0.0, 0.0, 0.0, 0.0, 0.0, 0.0, 0.0, 0.0, 0.0, 0.0, 0.0, 0.0, 0.0, 0.0, 0.0, 0.0, 0.0, 0.0, 0.0, 0.0, 0.0, 0.0, 0.0, 0.0, 0.0, 0.0, 0.0, 0.0, 0.0, 0.0, 0.0, 0.0, 0.0]}], "random_generator": {"seed": "very_nice_seed"}, "realworld_total_calculation_time": 8.175}