{"hamiltonian": {"U": 1.0, "E": 0.8, "J": 0.1, "phi": 1.8849555921538759, "type": "FirstOrderVariationalClassicalNetworkHamiltonian", "eta_calculation_sampler": {"system_geometry": {"type": "SquareSystemNonPeriodicState", "size": 3}, "initial_system_state": {"type": "HomogenousInitialSystemState"}, "type": "ExactSampler"}, "psi_selection": {"type": "SquareDirectionDependentAllSameFirstOrder", "number_of_psis": 12, "J": 0.1}, "random_generator": {"seed": "46954944"}, "init_sigma": 1e-05, "pseudo_inverse_cutoff": 1e-10, "effective_time_step_size": 0.35, "number_workers": 16, "variational_step_fraction_multiplier": 1, "ue_might_change": true, "ue_variational": true}, "start_time": 0.0, "time_step": 0.35, "number_of_time_steps": 41, "sampler": {"system_geometry": {"type": "SquareSystemNonPeriodicState", "size": 3}, "initial_system_state": {"type": "HomogenousInitialSystemState"}, "type": "ExactSampler"}, "observables": [{"type": "Energy", "label": "Energy per site"}, {"type": "EnergyVariance", "label": "Energy Variance per site"}, {"type": "VCNFactor", "label": "Re-Part of VCN Parameter 0", "param_real_part": true, "param_index": 0, "can_return_value": true}, {"type": "VCNFactor", "label": "Re-Part of VCN Parameter 1", "param_real_part": true, "param_index": 1, "can_return_value": true}, {"type": "VCNFactor", "label": "Re-Part of VCN Parameter 2", "param_real_part": true, "param_index": 2, "can_return_value": true}, {"type": "VCNFactor", "label": "Re-Part of VCN Parameter 3", "param_real_part": true, "param_index": 3, "can_return_value": true}, {"type": "VCNFactor", "label": "Re-Part of VCN Parameter 4", "param_real_part": true, "param_index": 4, "can_return_value": true}, {"type": "VCNFactor", "label": "Re-Part of VCN Parameter 5", "param_real_part": true, "param_index": 5, "can_return_value": true}, {"type": "VCNFactor", "label": "Re-Part of VCN Parameter 6", "param_real_part": true, "param_index": 6, "can_return_value": true}, {"type": "VCNFactor", "label": "Re-Part of VCN Parameter 7", "param_real_part": true, "param_index": 7, "can_return_value": true}, {"type": "VCNFactor", "label": "Re-Part of VCN Parameter 8", "param_real_part": true, "param_index": 8, "can_return_value": true}, {"type": "VCNFactor", "label": "Re-Part of VCN Parameter 9", "param_real_part": true, "param_index": 9, "can_return_value": true}, {"type": "VCNFactor", "label": "Re-Part of VCN Parameter 10", "param_real_part": true, "param_index": 10, "can_return_value": true}, {"type": "VCNFactor", "label": "Re-Part of VCN Parameter 11", "param_real_part": true, "param_index": 11, "can_return_value": true}, {"type": "VCNFactor", "label": "Im-Part of VCN Parameter 0", "param_real_part": false, "param_index": 0, "can_return_value": true}, {"type": "VCNFactor", "label": "Im-Part of VCN Parameter 1", "param_real_part": false, "param_index": 1, "can_return_value": true}, {"type": "VCNFactor", "label": "Im-Part of VCN Parameter 2", "param_real_part": false, "param_index": 2, "can_return_value": true}, {"type": "VCNFactor", "label": "Im-Part of VCN Parameter 3", "param_real_part": false, "param_index": 3, "can_return_value": true}, {"type": "VCNFactor", "label": "Im-Part of VCN Parameter 4", "param_real_part": false, "param_index": 4, "can_return_value": true}, {"type": "VCNFactor", "label": "Im-Part of VCN Parameter 5", "param_real_part": false, "param_index": 5, "can_return_value": true}, {"type": "VCNFactor", "label": "Im-Part of VCN Parameter 6", "param_real_part": false, "param_index": 6, "can_return_value": true}, {"type": "VCNFactor", "label": "Im-Part of VCN Parameter 7", "param_real_part": false, "param_index": 7, "can_return_value": true}, {"type": "VCNFactor", "label": "Im-Part of VCN Parameter 8", "param_real_part": false, "param_index": 8, "can_return_value": true}, {"type": "VCNFactor", "label": "Im-Part of VCN Parameter 9", "param_real_part": false, "param_index": 9, "can_return_value": true}, {"type": "VCNFactor", "label": "Im-Part of VCN Parameter 10", "param_real_part": false, "param_index": 10, "can_return_value": true}, {"type": "VCNFactor", "label": "Im-Part of VCN Parameter 11", "param_real_part": false, "param_index": 11, "can_return_value": true}, {"type": "BaseEnergyFactor", "label": "Re-Part of BE-Factor U", "param_real_part": true, "param_index": -1, "can_return_value": true, "kind": "U"}, {"type": "BaseEnergyFactor", "label": "Im-Part of BE-Factor U", "param_real_part": false, "param_index": -1, "can_return_value": true, "kind": "U"}, {"type": "BaseEnergyFactor", "label": "Re-Part of BE-Factor eps-0", "param_real_part": true, "param_index": 0, "can_return_value": true, "kind": "eps"}, {"type": "BaseEnergyFactor", "label": "Re-Part of BE-Factor eps-1", "param_real_part": true, "param_index": 1, "can_return_value": true, "kind": "eps"}, {"type": "BaseEnergyFactor", "label": "Re-Part of BE-Factor eps-2", "param_real_part": true, "param_index": 2, "can_return_value": true, "kind": "eps"}, {"type": "BaseEnergyFactor", "label": "Re-Part of BE-Factor eps-3", "param_real_part": true, "param_index": 3, "can_return_value": true, "kind": "eps"}, {"type": "BaseEnergyFactor", "label": "Re-Part of BE-Factor eps-4", "param_real_part": true, "param_index": 4, "can_return_value": true, "kind": "eps"}, {"type": "BaseEnergyFactor", "label": "Re-Part of BE-Factor eps-5", "param_real_part": true, "param_index": 5, "can_return_value": true, "kind": "eps"}, {"type": "BaseEnergyFactor", "label": "Re-Part of BE-Factor eps-6", "param_real_part": true, "param_index": 6, "can_return_value": true, "kind": "eps"}, {"type": "BaseEnergyFactor", "label": "Re-Part of BE-Factor eps-7", "param_real_part": true, "param_index": 7, "can_return_value": true, "kind": "eps"}, {"type": "BaseEnergyFactor", "label": "Re-Part of BE-Factor eps-8", "param_real_part": true, "param_index": 8, "can_return_value": true, "kind": "eps"}, {"type": "BaseEnergyFactor", "label": "Re-Part of BE-Factor eps-9", "param_real_part": true, "param_index": 9, "can_return_value": true, "kind": "eps"}, {"type": "BaseEnergyFactor", "label": "Im-Part of BE-Factor eps-0", "param_real_part": false, "param_index": 0, "can_return_value": true, "kind": "eps"}, {"type": "BaseEnergyFactor", "label": "Im-Part of BE-Factor eps-1", "param_real_part": false, "param_index": 1, "can_return_value": true, "kind": "eps"}, {"type": "BaseEnergyFactor", "label": "Im-Part of BE-Factor eps-2", "param_real_part": false, "param_index": 2, "can_return_value": true, "kind": "eps"}, {"type": "BaseEnergyFactor", "label": "Im-Part of BE-Factor eps-3", "param_real_part": false, "param_index": 3, "can_return_value": true, "kind": "eps"}, {"type": "BaseEnergyFactor", "label": "Im-Part of BE-Factor eps-4", "param_real_part": false, "param_index": 4, "can_return_value": true, "kind": "eps"}, {"type": "BaseEnergyFactor", "label": "Im-Part of BE-Factor eps-5", "param_real_part": false, "param_index": 5, "can_return_value": true, "kind": "eps"}, {"type": "BaseEnergyFactor", "label": "Im-Part of BE-Factor eps-6", "param_real_part": false, "param_index": 6, "can_return_value": true, "kind": "eps"}, {"type": "BaseEnergyFactor", "label": "Im-Part of BE-Factor eps-7", "param_real_part": false, "param_index": 7, "can_return_value": true, "kind": "eps"}, {"type": "BaseEnergyFactor", "label": "Im-Part of BE-Factor eps-8", "param_real_part": false, "param_index": 8, "can_return_value": true, "kind": "eps"}, {"type": "BaseEnergyFactor", "label": "Im-Part of BE-Factor eps-9", "param_real_part": false, "param_index": 9, "can_return_value": true, "kind": "eps"}], "measurements": [{"time": 0.0, "step_sample_count": 262144, "data": [0.6302975318978664, 0.7962238358819762, -2.409211346512654e-05, 1.3364613742072939e-05, 1.5426940819682473e-06, -2.3095526437844924e-06, 2.9577584621232426e-06, -1.5668367408516222e-05, 1.0073359691169309e-05, -1.2604172898632618e-05, -1.1358230129747497e-05, 3.80637423358691e-06, 2.8480717089983352e-06, -1.895923534861108e-05, -1.1357545410297846e-05, 4.318272037258513e-06, -1.4618044943022195e-05, 1.2968369814907847e-06, -2.4229613465669603e-06, 1.2658790972584678e-05, -4.320935634434884e-06, -4.807979398987998e-06, -1.0283182688040512e-05, 1.5791125000597532e-06, 1.6795899010380995e-05, -6.0341603244068835e-06, -2.5990623020784137e-06, -7.778776741911498e-06, 2.105483127674879e-05, 1.1085069673905734e-05, -9.132533945527703e-06, -1.2101228867378676e-06, 7.2706396032623796e-06, -5.612770751019133e-06, -2.3901402852107364e-06, -7.7877375531777e-06, 4.464171819755137e-06, -2.5990623020784137e-06, 8.1977527658682e-06, 7.306985025359501e-06, -2.4020509079370578e-05, 3.2547815350467166e-06, -3.2636991717419135e-06, 9.407228796969372e-06, -2.352694576968018e-05, -1.1297768656752587e-05, 5.246858986378391e-06, -7.778776741911498e-06], "data_imag": [5.624747451204452e-23, 2.5776157899700788e-21, 0.0, 0.0, 0.0, 0.0, 0.0, 0.0, 0.0, 0.0, 0.0, 0.0, 0.0, 0.0, 0.0, 0.0, 0.0, 0.0, 0.0, 0.0, 0.0, 0.0, 0.0, 0.0, 0.0, 0.0, 0.0, 0.0, 0.0, 0.0, 0.0, 0.0, 0.0, 0.0, 0.0, 0.0, 0.0, 0.0, 0.0, 0.0, 0.0, 0.0, 0.0, 0.0, 0.0, 0.0, 0.0, 0.0]}, {"time": 0.35, "step_sample_count": 262144, "data": [0.6371442156846525, 0.8022313699879309, -2.6740640396885238e-05, 1.2794566992809952e-05, 3.2948332691514034e-06, -2.406201513411939e-06, -1.5177072749177143e-07, -1.3916228221304212e-05, 1.0822058895156849e-05, -1.4251952150843917e-05, -1.108772105837412e-05, 2.4647505700381857e-06, 3.232213763244365e-06, -1.8688726277237686e-05, 0.3372075621303869, 0.33721347438105737, 0.3499872986169155, 0.36278988669450013, 0.36278487738693527, 0.3500145728451279, 0.38934550064680207, 0.3893507851021647, 0.34999243274020403, 0.31064617378556736, 0.31066146000217565, 0.34999668176256765, -2.8682156581251218e-06, -0.3500073967482218, 2.1359026849625418e-05, 1.2625202209705225e-05, -1.1289226595988929e-05, -9.208404291324028e-08, 6.640638304326947e-06, -3.7184423001419076e-06, -3.6044556603550974e-06, -8.06404434040162e-06, 5.058413853785892e-06, -2.8682156581251218e-06, -0.0026497982721705696, 0.08259600015862759, 0.16781204866689414, -0.26501300735858996, -0.17977564839674315, -0.0945151024172015, -0.5274013999064117, -0.4421418260193659, -0.3568811543430776, -0.3500073967482218], "data_imag": [1.788907914053117e-18, 2.4315569703070832e-17, 0.0, 0.0, 0.0, 0.0, 0.0, 0.0, 0.0, 0.0, 0.0, 0.0, 0.0, 0.0, 0.0, 0.0, 0.0, 0.0, 0.0, 0.0, 0.0, 0.0, 0.0, 0.0, 0.0, 0.0, 0.0, 0.0, 0.0, 0.0, 0.0, 0.0, 0.0, 0.0, 0.0, 0.0, 0.0, 0.0, 0.0, 0.0, 0.0, 0.0, 0.0, 0.0, 0.0, 0.0, 0.0, 0.0]}, {"time": 0.7, "step_sample_count": 262144, "data": [0.6420165499262585, 0.8037837745755753, 0.01634821849207306, -0.09912102012645115, 0.15983590054691355, 0.019250576691205, -0.1002821553431375, 0.1598186894842833, 0.022825281231415202, -0.09707031646039394, 0.15666875169410674, 0.014058503337790842, -0.09356222905659732, 0.15666115068888795, 0.6734475076463771, 0.6486572388180474, 0.6695970263274009, 0.7144744766579064, 0.7103788673086691, 0.6696242979479101, 0.7462526897254311, 0.7640999378836064, 0.6591910422934815, 0.6196801877200008, 0.574505888120494, 0.6591952900119935, 0.008030870778989016, -0.7023354094456205, 0.0006788418374925623, 0.003544633010403816, 0.006412434213416641, -0.008121459379772128, -0.005235753377850967, -0.002363018340177676, -0.016913950195202948, -0.014022440300072318, -0.011135180445593683, 0.008030870778989016, -0.002858480047427561, 0.16865525195880707, 0.3395197532836047, -0.5298482681670578, -0.35855353690711933, -0.1872321549476988, -1.0566625711188316, -0.8857546213424994, -0.7142279176768489, -0.7023354094456205], "data_imag": [-3.0142471581612103e-18, -4.423306425388967e-18, 0.0, 0.0, 0.0, 0.0, 0.0, 0.0, 0.0, 0.0, 0.0, 0.0, 0.0, 0.0, 0.0, 0.0, 0.0, 0.0, 0.0, 0.0, 0.0, 0.0, 0.0, 0.0, 0.0, 0.0, 0.0, 0.0, 0.0, 0.0, 0.0, 0.0, 0.0, 0.0, 0.0, 0.0, 0.0, 0.0, 0.0, 0.0, 0.0, 0.0, 0.0, 0.0, 0.0, 0.0, 0.0, 0.0]}, {"time": 1.0499999999999998, "step_sample_count": 262144, "data": [0.643791725066583, 0.7990984759171879, 0.040906346503806375, -0.30842942065359463, 0.4210026410516847, 0.05351450550615264, -0.316127282930713, 0.4209854301802827, 0.06776854524570303, -0.2868330821935069, 0.3941855101669573, 0.030385055821400428, -0.264042571396038, 0.39417790916174045, 1.0004661308866691, 0.9117835661017277, 0.8633107585774358, 1.024762370780209, 1.0430793006579058, 0.8633380315017966, 0.9996473033266984, 1.1299074324978797, 0.822395986054711, 0.9189651754304171, 0.7319893315520501, 0.822400233773223, 0.021341100533960017, -1.0664799084867604, 0.002522068755693975, 0.010569771739831264, 0.018832330595438547, -0.0218600844055133, -0.013732316747702056, -0.005568854092457298, -0.04624887707265164, -0.03798842312729131, -0.029888897946095477, 0.021341100533960017, 0.005987376156270059, 0.266581820431565, 0.524259712360583, -0.7917226172563971, -0.5321071032623775, -0.2724602979980341, -1.5885066694260237, -1.3307841140187575, -1.0701787205208666, -1.0664799084867604], "data_imag": [3.475677123234891e-18, -8.028281243621684e-17, 0.0, 0.0, 0.0, 0.0, 0.0, 0.0, 0.0, 0.0, 0.0, 0.0, 0.0, 0.0, 0.0, 0.0, 0.0, 0.0, 0.0, 0.0, 0.0, 0.0, 0.0, 0.0, 0.0, 0.0, 0.0, 0.0, 0.0, 0.0, 0.0, 0.0, 0.0, 0.0, 0.0, 0.0, 0.0, 0.0, 0.0, 0.0, 0.0, 0.0, 0.0, 0.0, 0.0, 0.0, 0.0, 0.0]}, {"time": 1.4, "step_sample_count": 262144, "data": [0.6424312275013488, 0.7898722458442761, 0.056526721552475116, -0.6402801818692357, 0.6808089056592846, 0.09293145533184911, -0.6676622074939027, 0.6807916943537775, 0.12640548137988816, -0.5476075822407913, 0.5929839171458373, 0.021604612373740367, -0.46877524476697663, 0.5929763156997723, 1.3239126805481267, 1.085854590413434, 0.9170537243539091, 1.273137471236387, 1.3471036523720847, 0.917080999885973, 1.0958924589964472, 1.4834564631073086, 0.8377431239156647, 1.214127198568672, 0.7187197431775174, 0.8377473735899542, 0.031500827947979475, -1.4431617503966458, 0.008011060199109136, 0.022461707039878202, 0.0380624422028897, -0.03548536980250662, -0.02066652536970393, -0.005561979377280269, -0.07895455073722724, -0.06347266434039975, -0.04884348354006596, 0.031500827947979475, 0.02608929704409793, 0.380131915598576, 0.726813324121542, -1.0514497747225107, -0.699918248663006, -0.3482781209191239, -2.126588416789345, -1.7798902954549758, -1.4258026804250539, -1.4431617503966458], "data_imag": [-4.090527658957708e-19, -8.724570580840445e-17, 0.0, 0.0, 0.0, 0.0, 0.0, 0.0, 0.0, 0.0, 0.0, 0.0, 0.0, 0.0, 0.0, 0.0, 0.0, 0.0, 0.0, 0.0, 0.0, 0.0, 0.0, 0.0, 0.0, 0.0, 0.0, 0.0, 0.0, 0.0, 0.0, 0.0, 0.0, 0.0, 0.0, 0.0, 0.0, 0.0, 0.0, 0.0, 0.0, 0.0, 0.0, 0.0, 0.0, 0.0, 0.0, 0.0]}, {"time": 1.75, "step_sample_count": 262144, "data": [0.6381867146165995, 0.7777571506263643, 0.04276283124976655, -1.0828257516013506, 0.8816265213954964, 0.13830528038107986, -1.1650456009409464, 0.881609310894749, 0.20600701219304024, -0.827783093102747, 0.6917783597607147, -0.055332526558655656, -0.6031696499816561, 0.6917707591867087, 1.6703262456957948, 1.1140231119555362, 0.8891697019280489, 1.4571544460655244, 1.595385798802659, 0.8891969781120387, 1.0219590580842368, 1.8177504896385877, 0.7853620477641596, 1.5188648402310312, 0.5001719668942868, 0.7853662967865233, 0.03265608788491451, -1.8214448329041966, 0.017278187486028836, 0.03758589510057468, 0.06172782888565048, -0.04458534351354129, -0.022975019534441955, -0.0004904560841632712, -0.10637252486500533, -0.08258481671660284, -0.061832300231202064, 0.03265608788491451, 0.052467298666022275, 0.5058223520083623, 0.9448816278015894, -1.3152437049126604, -0.8669682412713782, -0.4182914522150463, -2.6784169034596195, -2.239503532530949, -1.785931818099866, -1.8214448329041966], "data_imag": [-5.429037504633227e-18, 3.458382288229406e-17, 0.0, 0.0, 0.0, 0.0, 0.0, 0.0, 0.0, 0.0, 0.0, 0.0, 0.0, 0.0, 0.0, 0.0, 0.0, 0.0, 0.0, 0.0, 0.0, 0.0, 0.0, 0.0, 0.0, 0.0, 0.0, 0.0, 0.0, 0.0, 0.0, 0.0, 0.0, 0.0, 0.0, 0.0, 0.0, 0.0, 0.0, 0.0, 0.0, 0.0, 0.0, 0.0, 0.0, 0.0, 0.0, 0.0]}, {"time": 2.0999999999999996, "step_sample_count": 262144, "data": [0.6318576122085368, 0.7635062058842338, -0.022235180182746235, -1.567618492392534, 1.026260980999715, 0.21998236859025505, -1.79354073472097, 1.0262437705002254, 0.34199655551262903, -1.0496793398671453, 0.701214318454339, -0.2412998870775096, -0.5102177017025898, 0.7012067178803317, 2.0662740648989333, 0.9332720650446542, 0.8311695873213555, 1.579288038535142, 1.74955117019365, 0.8311968628534195, 0.819078472937169, 2.1509777047870964, 0.7387397806781008, 1.8141206582161933, 0.15660170719189487, 0.7387440293745015, 0.028713604794063936, -2.1912907852306285, 0.025848619105900285, 0.04857296320521572, 0.08041154185383625, -0.04849705574930141, -0.022626082167555597, 0.004992556374404838, -0.12317902129336342, -0.09203673139857285, -0.06841972612727924, 0.028713604794063936, 0.0763833074667561, 0.6362166924662227, 1.171613087027583, -1.5886482269199917, -1.0379293410645813, -0.48628110086079, -3.246514040840011, -2.711669460927811, -2.151237641466955, -2.1912907852306285], "data_imag": [1.0753125334938487e-18, 1.9765655557566144e-17, 0.0, 0.0, 0.0, 0.0, 0.0, 0.0, 0.0, 0.0, 0.0, 0.0, 0.0, 0.0, 0.0, 0.0, 0.0, 0.0, 0.0, 0.0, 0.0, 0.0, 0.0, 0.0, 0.0, 0.0, 0.0, 0.0, 0.0, 0.0, 0.0, 0.0, 0.0, 0.0, 0.0, 0.0, 0.0, 0.0, 0.0, 0.0, 0.0, 0.0, 0.0, 0.0, 0.0, 0.0, 0.0, 0.0]}, {"time": 2.4499999999999997, "step_sample_count": 262144, "data": [0.6255234326011976, 0.7491556348316571, -0.17791061839745473, -1.9410937227532332, 1.1305358328449808, 0.39722275755469555, -2.501225444435511, 1.1305186238924136, 0.5469497485557999, -1.1632239889766078, 0.6546154585172758, -0.5338191525831493, -0.12872775686508542, 0.6546078564376115, 2.504264608424599, 0.513346549132181, 0.7605207693472128, 1.6467384795128421, 1.7638723381935284, 0.7605480465090914, 0.5789978736831718, 2.540353828316024, 0.7336227342175915, 2.026295802005693, -0.08431273091422475, 0.7336269812841777, 0.026273980132178718, -2.5515446846354077, 0.03336381058996789, 0.0504277292634556, 0.08424021988738459, -0.04531635272647145, -0.022815141425297794, 0.0023587757553799648, -0.12627976639908967, -0.09357977416922732, -0.07495594292395083, 0.026273980132178718, 0.09001642335905462, 0.7624457999276267, 1.3965627460039851, -1.8709139980771, -1.2132624086938348, -0.5539974384149468, -3.821449040164625, -3.1885355440252225, -2.5149728503252256, -2.5515446846354077], "data_imag": [2.3126070515957664e-18, -4.0022320599089897e-17, 0.0, 0.0, 0.0, 0.0, 0.0, 0.0, 0.0, 0.0, 0.0, 0.0, 0.0, 0.0, 0.0, 0.0, 0.0, 0.0, 0.0, 0.0, 0.0, 0.0, 0.0, 0.0, 0.0, 0.0, 0.0, 0.0, 0.0, 0.0, 0.0, 0.0, 0.0, 0.0, 0.0, 0.0, 0.0, 0.0, 0.0, 0.0, 0.0, 0.0, 0.0, 0.0, 0.0, 0.0, 0.0, 0.0]}, {"time": 2.8, "step_sample_count": 262144, "data": [0.6213509885876494, 0.738038402486804, -0.4673746084308409, -2.0197583921265347, 1.2014522451608263, 0.7255936082223138, -3.2064327298397806, 1.20143503621707, 0.7634218108510173, -1.1955919209444326, 0.584094340882836, -0.8594355500098196, 0.3801346367586579, 0.5840867398103342, 2.904070208993251, -0.035218816893832994, 0.6783619531139355, 1.710176815086143, 1.6135988763208167, 0.6783892312537028, 0.380111594084362, 3.018249924966535, 0.7824218936885371, 2.0936366941864937, -0.04554187436891802, 0.7824261430368636, 0.0286678745240866, -2.9062445015161553, 0.048109660393912304, 0.04707010503643613, 0.07130699791008069, -0.031192213659279884, -0.02513621803218712, -0.015652895690959054, -0.11722102412787308, -0.09456049231020949, -0.0931602657324704, 0.0286678745240866, 0.09553550569806947, 0.8784832048431774, 1.6070447319359684, -2.1530761976190265, -1.3910078192493427, -0.6265511839499163, -4.386539562730504, -3.6599711141600038, -2.8753889068203855, -2.9062445015161553], "data_imag": [-1.4960272843515237e-18, -2.1955275424505436e-17, 0.0, 0.0, 0.0, 0.0, 0.0, 0.0, 0.0, 0.0, 0.0, 0.0, 0.0, 0.0, 0.0, 0.0, 0.0, 0.0, 0.0, 0.0, 0.0, 0.0, 0.0, 0.0, 0.0, 0.0, 0.0, 0.0, 0.0, 0.0, 0.0, 0.0, 0.0, 0.0, 0.0, 0.0, 0.0, 0.0, 0.0, 0.0, 0.0, 0.0, 0.0, 0.0, 0.0, 0.0, 0.0, 0.0]}, {"time": 3.15, "step_sample_count": 262144, "data": [0.6201178827578802, 0.7333768858702377, -0.8498645481968174, -1.8283051033815922, 1.2380443811422022, 1.1687777663333891, -3.855050968478009, 1.2380271722124347, 0.9187227224270827, -1.1944093903287953, 0.5186361615167429, -1.136615447152387, 0.8109810149874301, 0.5186285604442257, 3.136195279125566, -0.4796586492012313, 0.5857871740998324, 1.8601272330555187, 1.3045051538060086, 0.585814452728544, 0.23042693709087603, 3.543686789899534, 0.8853350442523732, 2.021369740631558, 0.23487089369142342, 0.8853392936006997, 0.03552726327548678, -3.260105128374814, 0.07281819332006528, 0.04525343861889541, 0.050296754551011985, -0.00868166933336931, -0.029396229318371547, -0.04624257534887925, -0.10439144600727367, -0.10135266553562912, -0.12548567123350968, 0.03552726327548678, 0.10741489619948669, 0.9849743722674241, 1.7939004831188523, -2.4218037340021112, -1.5690124048225595, -0.7129912934318349, -4.928154404051056, -4.122030001010722, -3.242552844627003, -3.260105128374814], "data_imag": [-2.573405977808191e-19, -1.9265840074777515e-17, 0.0, 0.0, 0.0, 0.0, 0.0, 0.0, 0.0, 0.0, 0.0, 0.0, 0.0, 0.0, 0.0, 0.0, 0.0, 0.0, 0.0, 0.0, 0.0, 0.0, 0.0, 0.0, 0.0, 0.0, 0.0, 0.0, 0.0, 0.0, 0.0, 0.0, 0.0, 0.0, 0.0, 0.0, 0.0, 0.0, 0.0, 0.0, 0.0, 0.0, 0.0, 0.0, 0.0, 0.0, 0.0, 0.0]}, {"time": 3.5, "step_sample_count": 262144, "data": [0.6206129125923188, 0.7353155336164852, -1.2110928672032746, -1.5796753921967281, 1.2374621624508801, 1.6048922099398613, -4.417792431493194, 1.2374449519112296, 0.9781372808516071, -1.1778435744586415, 0.48471448083495305, -1.3185302084342854, 1.0631205352308706, 0.48470687800813417, 3.165069599662418, -0.7762690200383833, 0.49194133518613836, 2.119887174566375, 0.8194838347519415, 0.4919686112071468, 0.0947694528668099, 4.061942942134506, 1.0314129465181976, 1.8522744957559145, 0.6218398843628719, 1.0314171934218024, 0.04429976794089853, -3.6161784745267846, 0.09998474859497436, 0.04867412380054117, 0.034060916181962365, 0.013629885279132795, -0.03416242872338128, -0.07813220799381387, -0.09794734321570894, -0.11476502815907111, -0.16172214169381885, 0.04429976794089853, 0.13473678737181005, 1.086265466283475, 1.9595825281632298, -2.6726271651964053, -1.7459297657900503, -0.8151700189593178, -5.446299735500397, -4.576435381417837, -3.622956307657237, -3.6161784745267846], "data_imag": [2.0124297875070715e-18, 2.1361179181341536e-17, 0.0, 0.0, 0.0, 0.0, 0.0, 0.0, 0.0, 0.0, 0.0, 0.0, 0.0, 0.0, 0.0, 0.0, 0.0, 0.0, 0.0, 0.0, 0.0, 0.0, 0.0, 0.0, 0.0, 0.0, 0.0, 0.0, 0.0, 0.0, 0.0, 0.0, 0.0, 0.0, 0.0, 0.0, 0.0, 0.0, 0.0, 0.0, 0.0, 0.0, 0.0, 0.0, 0.0, 0.0, 0.0, 0.0]}, {"time": 3.8499999999999996, "step_sample_count": 262144, "data": [0.6214155312652871, 0.739913075535521, -1.5073301283179037, -1.34624411096875, 1.2012658600530035, 1.950610011509733, -4.836868361182986, 1.2012486519136814, 0.9475961871652059, -1.1525602194993896, 0.5014818285927389, -1.3897812027540137, 1.1212152884380158, 0.5014742281675291, 3.041068439584667, -1.0237456265750398, 0.4145467738097157, 2.4621368870074916, 0.13997493448207554, 0.4145740543942048, -0.06685953866160427, 4.550281170030526, 1.1974250363341197, 1.644058605420064, 0.9922252655231758, 1.1974292874752421, 0.05198000325837296, -3.974886548493921, 0.1248037653231159, 0.05778695548900911, 0.028030749842381724, 0.03201149717811239, -0.0377915338156636, -0.10428610749127619, -0.09990685938815977, -0.13179388598743633, -0.19381712465204015, 0.05198000325837296, 0.17756305675255832, 1.1873223645116007, 2.1123590479893775, -2.9092452150582684, -1.921575390770148, -0.929198913697612, -5.949594652789565, -5.028232082927575, -4.016602488799195, -3.974886548493921], "data_imag": [-2.8031701564805618e-18, 5.89401751842912e-17, 0.0, 0.0, 0.0, 0.0, 0.0, 0.0, 0.0, 0.0, 0.0, 0.0, 0.0, 0.0, 0.0, 0.0, 0.0, 0.0, 0.0, 0.0, 0.0, 0.0, 0.0, 0.0, 0.0, 0.0, 0.0, 0.0, 0.0, 0.0, 0.0, 0.0, 0.0, 0.0, 0.0, 0.0, 0.0, 0.0, 0.0, 0.0, 0.0, 0.0, 0.0, 0.0, 0.0, 0.0, 0.0, 0.0]}, {"time": 4.199999999999999, "step_sample_count": 262144, "data": [0.6218612038751986, 0.7420387167636464, -1.739943674479736, -1.080396714448742, 1.138605526089474, 2.1539554759714186, -5.012235842241187, 1.1385883179713419, 0.8571714297569067, -1.1323388533085257, 0.5710356757463877, -1.3626202608908105, 1.015080095635886, 0.5710280736501463, 2.795521466274256, -1.264588596663164, 0.37065253881156407, 2.8768919089744855, -0.7332370990281325, 0.37067981874412737, -0.27403197856089984, 5.00407535268127, 1.3525035060864536, 1.4493111074172296, 1.2673366013185485, 1.352507747448689, 0.05659876589932741, -4.3347300431671805, 0.14367098349479848, 0.07075144762885888, 0.03430277763624988, 0.043876599499386625, -0.03943077302541359, -0.12017147311975333, -0.11019932875975806, -0.14860045337080022, -0.2163229451188489, 0.05659876589932741, 0.2344829299789923, 1.291055217486973, 2.2575520468698977, -3.13547324601555, -2.0967000300603003, -1.052870439554092, -6.445268764274115, -5.482115866260578, -4.423777920525695, -4.3347300431671805], "data_imag": [1.6690616826352608e-18, 3.1393667859323365e-17, 0.0, 0.0, 0.0, 0.0, 0.0, 0.0, 0.0, 0.0, 0.0, 0.0, 0.0, 0.0, 0.0, 0.0, 0.0, 0.0, 0.0, 0.0, 0.0, 0.0, 0.0, 0.0, 0.0, 0.0, 0.0, 0.0, 0.0, 0.0, 0.0, 0.0, 0.0, 0.0, 0.0, 0.0, 0.0, 0.0, 0.0, 0.0, 0.0, 0.0, 0.0, 0.0, 0.0, 0.0, 0.0, 0.0]}, {"time": 4.55, "step_sample_count": 262144, "data": [0.621467793377057, 0.7381280114280587, -1.8753937431235541, -0.7185680403741803, 1.0668808978891031, 2.159179833220988, -4.787515107970805, 1.0668636866311534, 0.7447256023036872, -1.1295773239610212, 0.6749780304803389, -1.264510899202515, 0.7989569190259349, 0.6749704254005111, 2.476142374266381, -1.449835052705096, 0.3661499884852763, 3.3210265878523755, -1.6564357520406465, 0.36617728015250406, -0.5262543689406565, 5.411550465572095, 1.469930460901618, 1.3003362113345749, 1.4026126390292672, 1.4699347139985177, 0.0583997297715308, -4.694175191943466, 0.1489153393106918, 0.08435657451729536, 0.0562028594887248, 0.042170670447012226, -0.03956012918696757, -0.11943529797149405, -0.1327053959850565, -0.16270213258930327, -0.22226071532533595, 0.0583997297715308, 0.2997342992411065, 1.3979028528874544, 2.4029690065477207, -3.3582519064237712, -2.272209629010457, -1.1809482181467976, -6.942615796902137, -5.940166322979353, -4.84038061919267, -4.694175191943466], "data_imag": [-1.8024440402036268e-18, -1.9844869806596498e-17, 0.0, 0.0, 0.0, 0.0, 0.0, 0.0, 0.0, 0.0, 0.0, 0.0, 0.0, 0.0, 0.0, 0.0, 0.0, 0.0, 0.0, 0.0, 0.0, 0.0, 0.0, 0.0, 0.0, 0.0, 0.0, 0.0, 0.0, 0.0, 0.0, 0.0, 0.0, 0.0, 0.0, 0.0, 0.0, 0.0, 0.0, 0.0, 0.0, 0.0, 0.0, 0.0, 0.0, 0.0, 0.0, 0.0]}, {"time": 4.8999999999999995, "step_sample_count": 262144, "data": [0.6200202073890396, 0.728142569318556, -1.9040619929474802, -0.2932822848492505, 1.00654247740609, 1.9799053394166124, -4.198758980983106, 1.0065252661818258, 0.6485302689707074, -1.135597096425933, 0.783456619195791, -1.1278151455151255, 0.5537460347308678, 0.7834490208921263, 2.20330139289468, -1.4579696433532108, 0.39363894697163215, 3.6798022145341207, -2.2649227002029635, 0.39366623945376716, -0.8122420192177495, 5.753126855354226, 1.5385614464447497, 1.2050316035250537, 1.3817889384080089, 1.5385656925334472, 0.05953610171699073, -5.053018945197507, 0.1365025062471045, 0.09445113925080231, 0.09019973631715693, 0.023829017514886308, -0.03950094097050843, -0.10151310786571784, -0.16642695107938993, -0.1725486682350605, -0.21001422600384093, 0.05953610171699073, 0.35983471701155184, 1.5075661593726175, 2.562389963032694, -3.591146538457775, -2.4485989312190113, -1.300462790057056, -7.45544625476181, -6.402432988769583, -5.253269334701995, -5.053018945197507], "data_imag": [-3.0520889341878616e-18, -7.266650165548615e-17, 0.0, 0.0, 0.0, 0.0, 0.0, 0.0, 0.0, 0.0, 0.0, 0.0, 0.0, 0.0, 0.0, 0.0, 0.0, 0.0, 0.0, 0.0, 0.0, 0.0, 0.0, 0.0, 0.0, 0.0, 0.0, 0.0, 0.0, 0.0, 0.0, 0.0, 0.0, 0.0, 0.0, 0.0, 0.0, 0.0, 0.0, 0.0, 0.0, 0.0, 0.0, 0.0, 0.0, 0.0, 0.0, 0.0]}, {"time": 5.25, "step_sample_count": 262144, "data": [0.6177489055348356, 0.7156538282042046, -1.894676096042954, 0.04646305034867354, 0.9722304333793901, 1.738115597615379, -3.5914062449915556, 0.9722132220523693, 0.59946132888873, -1.117810981612246, 0.8701847233148721, -0.9835994088270764, 0.3757879893903282, 0.8701771250112427, 2.0505209702332268, -1.2646093813615908, 0.4378621663840111, 3.900267144472437, -2.4037838583206153, 0.4378894588661461, -1.1120820891524752, 6.024195601531705, 1.5654081504481507, 1.1511481749561019, 1.2335901709126673, 1.5654123965368483, 0.06253544468066645, -5.412346016846529, 0.11196394618714155, 0.09676220116999422, 0.12225635308156038, -0.0030782330036129187, -0.04035509705267968, -0.07676004768510561, -0.19990636341383972, -0.17641768388323664, -0.18743150824320085, 0.06253544468066645, 0.4063753375620651, 1.619508205147394, 2.7406243174101856, -3.8409264467702595, -2.625732933160897, -1.4038842353527363, -7.9872750061651825, -6.86735433224167, -5.652910956292121, -5.412346016846529], "data_imag": [-3.3290279303157628e-18, 1.333948125695653e-17, 0.0, 0.0, 0.0, 0.0, 0.0, 0.0, 0.0, 0.0, 0.0, 0.0, 0.0, 0.0, 0.0, 0.0, 0.0, 0.0, 0.0, 0.0, 0.0, 0.0, 0.0, 0.0, 0.0, 0.0, 0.0, 0.0, 0.0, 0.0, 0.0, 0.0, 0.0, 0.0, 0.0, 0.0, 0.0, 0.0, 0.0, 0.0, 0.0, 0.0, 0.0, 0.0, 0.0, 0.0, 0.0, 0.0]}, {"time": 5.6, "step_sample_count": 262144, "data": [0.6154339259784123, 0.7054563196477706, -1.8795702940955246, 0.21363675743352856, 0.9688294606434715, 1.5235227404427378, -3.178531520240532, 0.968812250624819, 0.6095798888774011, -1.0463600731359222, 0.9227729392159624, -0.8558003180988216, 0.33211765589398234, 0.9227653396233604, 2.0010338680152544, -0.9787643708202114, 0.4824974310991909, 4.024097198148357, -2.2428067692880846, 0.4825247243962332, -1.3948103469044988, 6.254072332122764, 1.569160474992044, 1.1169136784240938, 1.0425922531720615, 1.5691647205917973, 0.06890304099504073, -5.7737411717748515, 0.07909421652011442, 0.08870044107356184, 0.1432066338910744, -0.031959675608445606, -0.042588405515981594, -0.052892740158656124, -0.22546740472528112, -0.17313847743562957, -0.15953803090819327, 0.06890304099504073, 0.4395562053844403, 1.7318567287378748, 2.929640522098418, -4.103186462125683, -2.802817365435466, -1.493786253679129, -8.528122702272995, -7.331221063288835, -6.037459824728954, -5.7737411717748515], "data_imag": [1.5599784944107712e-17, -7.680509514056908e-17, 0.0, 0.0, 0.0, 0.0, 0.0, 0.0, 0.0, 0.0, 0.0, 0.0, 0.0, 0.0, 0.0, 0.0, 0.0, 0.0, 0.0, 0.0, 0.0, 0.0, 0.0, 0.0, 0.0, 0.0, 0.0, 0.0, 0.0, 0.0, 0.0, 0.0, 0.0, 0.0, 0.0, 0.0, 0.0, 0.0, 0.0, 0.0, 0.0, 0.0, 0.0, 0.0, 0.0, 0.0, 0.0, 0.0]}, {"time": 5.949999999999999, "step_sample_count": 262144, "data": [0.6140956532917804, 0.7009217379546215, -1.849403830540534, 0.213972577777798, 0.9934580291542121, 1.3689384642572624, -2.9788562976043793, 0.9934408188238654, 0.6634972947383894, -0.9222502699341949, 0.9440088268942841, -0.7542569671799744, 0.4158119832432119, 0.9440012276159814, 2.0368679834794947, -0.7096072184301039, 0.5135497777198996, 4.075559433287109, -1.9355771627602496, 0.5135770703650161, -1.6209678544842725, 6.489844704485899, 1.5708147730600683, 1.083250300024297, 0.9173523814270637, 1.5708190201266545, 0.07856511757545762, -6.138793422000414, 0.03989081197256757, 0.07096058239681853, 0.1520035901192976, -0.06097084236976293, -0.04625407846772237, -0.03187990765244448, -0.24223475263520045, -0.1635076768038557, -0.128443099390916, 0.07856511757545762, 0.45889694675105397, 1.841365207897433, 3.1214819612561424, -4.373302511561138, -2.97865633584005, -1.572553135921182, -9.068127058280552, -7.788858733587407, -6.404308293276641, -6.138793422000414], "data_imag": [1.0631378932385123e-17, -1.7556123941850104e-17, 0.0, 0.0, 0.0, 0.0, 0.0, 0.0, 0.0, 0.0, 0.0, 0.0, 0.0, 0.0, 0.0, 0.0, 0.0, 0.0, 0.0, 0.0, 0.0, 0.0, 0.0, 0.0, 0.0, 0.0, 0.0, 0.0, 0.0, 0.0, 0.0, 0.0, 0.0, 0.0, 0.0, 0.0, 0.0, 0.0, 0.0, 0.0, 0.0, 0.0, 0.0, 0.0, 0.0, 0.0, 0.0, 0.0]}, {"time": 6.3, "step_sample_count": 262144, "data": [0.6141832681488959, 0.7026925242750319, -1.7993802087062298, 0.08985615578433448, 1.037891796621287, 1.2932288478206608, -2.9646922630107326, 1.0378745862917766, 0.7201565126964676, -0.7748354699752829, 0.9470384654305559, -0.6740102263680074, 0.5495692174368467, 0.947030866288969, 2.1446876912642963, -0.5286770897423441, 0.5203369086317342, 4.046119847607898, -1.5592116495919743, 0.520364201765795, -1.7567576861654495, 6.762894856903171, 1.5866535576681269, 1.046212142388463, 0.9287200043063975, 1.5866578034308616, 0.09005923459564916, -6.508762852333417, -0.0010969823810303564, 0.04771436700814259, 0.15109739877340675, -0.08873424375497721, -0.05109509358927471, -0.01431159262903477, -0.2516252294005256, -0.15062617559998398, -0.09777474952773269, 0.09005923459564916, 0.4637022910243902, 1.9453907728280675, 3.312870050966523, -4.649083071439469, -3.1522260554498542, -1.6406577735216634, -9.602714004667396, -8.236276755236762, -6.751392911974049, -6.508762852333417], "data_imag": [-3.914428919103473e-18, 0.0, 0.0, 0.0, 0.0, 0.0, 0.0, 0.0, 0.0, 0.0, 0.0, 0.0, 0.0, 0.0, 0.0, 0.0, 0.0, 0.0, 0.0, 0.0, 0.0, 0.0, 0.0, 0.0, 0.0, 0.0, 0.0, 0.0, 0.0, 0.0, 0.0, 0.0, 0.0, 0.0, 0.0, 0.0, 0.0, 0.0, 0.0, 0.0, 0.0, 0.0, 0.0, 0.0, 0.0, 0.0, 0.0, 0.0]}, {"time": 6.6499999999999995, "step_sample_count": 262144, "data": [0.615254871939521, 0.7087610713549104, -1.7392266276665018, -0.10213448536467512, 1.0896220070239997, 1.3099687091917351, -3.103683746589993, 1.0896047970232485, 0.7311869773116322, -0.6371157100869369, 0.9486744735191082, -0.6041739057338484, 0.6385935195972706, 0.9486668747019844, 2.304581584714795, -0.4687223392102925, 0.4972986260836568, 3.9194681997346748, -1.1502662516990074, 0.49732591938069903, -1.7927329381874848, 7.078086257559647, 1.624333976224683, 1.0207563132016322, 1.0754905971318847, 1.6243382216614548, 0.10100313979123045, -6.884121217879398, -0.03778972449564478, 0.02504941857453887, 0.14394813284215904, -0.11240757987377129, -0.05640876077954931, -0.001243428121247529, -0.25511597756698556, -0.1386169528094381, -0.07169620459302145, 0.10100313979123045, 0.4555158905289206, 2.044101905685783, 3.505231706826964, -4.929402232448279, -3.3232005882149576, -1.6987168023371415, -10.133046055687046, -8.67338319838673, -7.0800818823102745, -6.884121217879398], "data_imag": [5.048821940834469e-18, -9.417030962486563e-17, 0.0, 0.0, 0.0, 0.0, 0.0, 0.0, 0.0, 0.0, 0.0, 0.0, 0.0, 0.0, 0.0, 0.0, 0.0, 0.0, 0.0, 0.0, 0.0, 0.0, 0.0, 0.0, 0.0, 0.0, 0.0, 0.0, 0.0, 0.0, 0.0, 0.0, 0.0, 0.0, 0.0, 0.0, 0.0, 0.0, 0.0, 0.0, 0.0, 0.0, 0.0, 0.0, 0.0, 0.0, 0.0, 0.0]}, {"time": 7.0, "step_sample_count": 262144, "data": [0.6164816573263516, 0.7159469455919591, -1.6950602382440403, -0.30539618156745857, 1.1333396857080404, 1.4170893580628041, -3.3641212769343167, 1.1333224756975773, 0.6682004094438285, -0.5301731061717879, 0.9633603312492726, -0.5356512370389742, 0.622342894970384, 0.9633527329685087, 2.4949305440564404, -0.5243412860640848, 0.44681433718070357, 3.68859626838761, -0.7180651567736038, 0.4468416309666901, -1.748068435740945, 7.430085464796451, 1.681709940490931, 1.0330617716038932, 1.3044824253970189, 1.6817141857647213, 0.10867684218587648, -7.263996205733089, -0.06506750189683014, 0.008281725957883762, 0.1338163267012839, -0.12833359928325985, -0.06104402674123102, 0.006216031703425085, -0.2533985276480483, -0.13032183516064758, -0.05272596911542202, 0.10867684218587648, 0.4377678267960507, 2.1404774989145143, 3.7029532367594236, -5.213267120351025, -3.492134583154974, -1.7487075797814688, -10.66457387610284, -9.104290388058146, -7.39496204951423, -7.263996205733089], "data_imag": [5.776444090628518e-18, 6.089160985674687e-17, 0.0, 0.0, 0.0, 0.0, 0.0, 0.0, 0.0, 0.0, 0.0, 0.0, 0.0, 0.0, 0.0, 0.0, 0.0, 0.0, 0.0, 0.0, 0.0, 0.0, 0.0, 0.0, 0.0, 0.0, 0.0, 0.0, 0.0, 0.0, 0.0, 0.0, 0.0, 0.0, 0.0, 0.0, 0.0, 0.0, 0.0, 0.0, 0.0, 0.0, 0.0, 0.0, 0.0, 0.0, 0.0, 0.0]}, {"time": 7.35, "step_sample_count": 262144, "data": [0.6171978505241138, 0.7213746606997155, -1.7078652268627597, -0.47189185637229913, 1.155093303189225, 1.5939298470885666, -3.7186909481123465, 1.1550760931969715, 0.5368674986750348, -0.46959322822439986, 0.9987968652877435, -0.4653474089710712, 0.4868471849169822, 0.9987892664239286, 2.7006596247930776, -0.6639585489902703, 0.3801392780093101, 3.3571312220470104, -0.24977603758213612, 0.3801665724472224, -1.6554388089052487, 7.817546216546492, 1.748722926542781, 1.1091525828318072, 1.552630737409218, 1.7487271721425341, 0.11097272837646228, -7.645839073018102, -0.07992104701888875, 4.725443649105342e-05, 0.12327184181165671, -0.13376321258645818, -0.06382480834778301, 0.00765898495939541, -0.246741060978153, -0.12619078332074765, -0.0415354662439031, 0.11097272837646228, 0.4138481003884296, 2.237730520180593, 3.9107814585205793, -5.5003686687372975, -3.660290333071306, -1.7933847685818838, -11.20451027503881, -9.534718954096755, -7.701948131399637, -7.645839073018102], "data_imag": [9.434945863032934e-19, 5.200278301596559e-18, 0.0, 0.0, 0.0, 0.0, 0.0, 0.0, 0.0, 0.0, 0.0, 0.0, 0.0, 0.0, 0.0, 0.0, 0.0, 0.0, 0.0, 0.0, 0.0, 0.0, 0.0, 0.0, 0.0, 0.0, 0.0, 0.0, 0.0, 0.0, 0.0, 0.0, 0.0, 0.0, 0.0, 0.0, 0.0, 0.0, 0.0, 0.0, 0.0, 0.0, 0.0, 0.0, 0.0, 0.0, 0.0, 0.0]}, {"time": 7.699999999999999, "step_sample_count": 262144, "data": [0.6169502650577342, 0.7228707323915426, -1.8173441827024084, -0.5582688828611073, 1.1487591181772991, 1.8174801526462792, -4.140739692049679, 1.1487419074048844, 0.36881631908836354, -0.4754318896576756, 1.0540385553550788, -0.3997519939455508, 0.24996653951467326, 1.0540309564912826, 2.91461382063895, -0.8334981457592977, 0.3139419176324827, 2.9380855236836765, 0.2883937841421595, 0.31396921255933935, -1.5455424579738726, 8.237373018261446, 1.8119888011754153, 1.2656107807733452, 1.767190623827501, 1.811993046612187, 0.10772429153945345, -8.026033653561424, -0.08146100691464458, 5.8182880477048936e-05, 0.11358567156759047, -0.12799262764546573, -0.06429240415601098, 0.002946556047639967, -0.23584469267286215, -0.125356882539548, -0.038434813355132595, 0.10772429153945345, 0.38621345767286375, 2.337389902383255, 4.131637980241577, -5.791373520512075, -3.829193428113639, -1.8354079123944322, -11.759069999886597, -9.969391797668507, -8.006884999183182, -8.026033653561424], "data_imag": [2.324178986082014e-18, 2.2188468383099512e-17, 0.0, 0.0, 0.0, 0.0, 0.0, 0.0, 0.0, 0.0, 0.0, 0.0, 0.0, 0.0, 0.0, 0.0, 0.0, 0.0, 0.0, 0.0, 0.0, 0.0, 0.0, 0.0, 0.0, 0.0, 0.0, 0.0, 0.0, 0.0, 0.0, 0.0, 0.0, 0.0, 0.0, 0.0, 0.0, 0.0, 0.0, 0.0, 0.0, 0.0, 0.0, 0.0, 0.0, 0.0, 0.0, 0.0]}, {"time": 8.049999999999999, "step_sample_count": 262144, "data": [0.6155311746746662, 0.7192014552024873, -2.035777860047195, -0.5339507592514784, 1.119540782347338, 2.071953822083171, -4.595647294625994, 1.119523571564278, 0.20858253648811395, -0.5668470730249273, 1.1206425352705156, -0.357309715686561, -0.044032641783779164, 1.1206349364066723, 3.133850240081991, -0.9463012356573773, 0.26363618925098303, 2.455898068722436, 0.9549946813053121, 0.2636634835259139, -1.4428154188620945, 8.671780022218758, 1.8603213988632556, 1.505930956321895, 1.9011162501263794, 1.8603256443000273, 0.10128800382404839, -8.40154262969543, -0.0714374624687679, 0.005303639361299203, 0.10446262917899303, -0.11326941312390716, -0.06311363425938482, -0.0076845586176330525, -0.22236791881790524, -0.12656100283301236, -0.04364089262425103, 0.10128800382404839, 0.35718516847817927, 2.4401440658051783, 4.365176286286225, -6.0868486420181, -3.999992288103375, -1.877054050520521, -12.330546729182279, -10.411462110751748, -8.314956178114459, -8.40154262969543], "data_imag": [3.006953553411148e-18, 2.6808865468053158e-17, 0.0, 0.0, 0.0, 0.0, 0.0, 0.0, 0.0, 0.0, 0.0, 0.0, 0.0, 0.0, 0.0, 0.0, 0.0, 0.0, 0.0, 0.0, 0.0, 0.0, 0.0, 0.0, 0.0, 0.0, 0.0, 0.0, 0.0, 0.0, 0.0, 0.0, 0.0, 0.0, 0.0, 0.0, 0.0, 0.0, 0.0, 0.0, 0.0, 0.0, 0.0, 0.0, 0.0, 0.0, 0.0, 0.0]}, {"time": 8.399999999999999, "step_sample_count": 262144, "data": [0.6131230163049501, 0.7105740006180638, -2.330842464598615, -0.40507863014015316, 1.0802516096278096, 2.3335422751687327, -5.031574426431285, 1.080234402403339, 0.10529436701630301, -0.7426856482203925, 1.1864037767540156, -0.36847831376934687, -0.31312915674461084, 1.18639617789018, 3.3589652152997207, -0.8984771068470611, 0.23770439091023032, 1.9411557026841733, 1.82246052084031, 0.237731677525033, -1.364044738113237, 9.084805358151375, 1.8890748910644684, 1.816989844545383, 1.9147097093721281, 1.889079136256768, 0.0952139642804441, -8.771382256630273, -0.05549521736619713, 0.010606345301035571, 0.09547044528560966, -0.09530116849117946, -0.061664476392467624, -0.021859595248950862, -0.20917350352767192, -0.12769679267278972, -0.054830422384255825, 0.0952139642804441, 0.32917680220679146, 2.5470937110510916, 4.607291689270425, -6.386649582551269, -4.172947182519409, -1.9194370878941776, -12.915382130965044, -10.862472663900556, -8.629490243532869, -8.771382256630273], "data_imag": [-3.859587522388899e-19, -5.586694378311881e-18, 0.0, 0.0, 0.0, 0.0, 0.0, 0.0, 0.0, 0.0, 0.0, 0.0, 0.0, 0.0, 0.0, 0.0, 0.0, 0.0, 0.0, 0.0, 0.0, 0.0, 0.0, 0.0, 0.0, 0.0, 0.0, 0.0, 0.0, 0.0, 0.0, 0.0, 0.0, 0.0, 0.0, 0.0, 0.0, 0.0, 0.0, 0.0, 0.0, 0.0, 0.0, 0.0, 0.0, 0.0, 0.0, 0.0]}, {"time": 8.75, "step_sample_count": 262144, "data": [0.6103141374553157, 0.698838978437184, -2.6330792922556414, -0.21210125492035775, 1.0437258305725088, 2.553876372938316, -5.367635347077681, 1.0437086234437993, 0.09957612924001819, -0.9653159964021578, 1.2403512846299998, -0.4675941332137708, -0.442807374992777, 1.24034368117671, 3.593856733877654, -0.6254686692060961, 0.2360730576620062, 1.4183252908923718, 2.933223969317101, 0.23610034346190162, -1.3104126574185764, 9.441327920215139, 1.901393348541263, 2.160346100883685, 1.8118692853283032, 1.9013976107651243, 0.09194718920682589, -9.13680499914142, -0.04286659835996085, 0.010380397791739993, 0.08821758003967205, -0.08193092736273185, -0.06114155138509781, -0.03405661001739265, -0.20025906442625316, -0.12560546738793987, -0.06514095702332873, 0.09194718920682589, 0.30273959317245286, 2.6583385725416506, 4.850793536053754, -6.690298005978053, -4.34741649376955, -1.9618422428693088, -13.504784036995297, -11.320896092932529, -8.949743280705238, -9.13680499914142], "data_imag": [-9.05932756244403e-19, -2.126299777628742e-17, 0.0, 0.0, 0.0, 0.0, 0.0, 0.0, 0.0, 0.0, 0.0, 0.0, 0.0, 0.0, 0.0, 0.0, 0.0, 0.0, 0.0, 0.0, 0.0, 0.0, 0.0, 0.0, 0.0, 0.0, 0.0, 0.0, 0.0, 0.0, 0.0, 0.0, 0.0, 0.0, 0.0, 0.0, 0.0, 0.0, 0.0, 0.0, 0.0, 0.0, 0.0, 0.0, 0.0, 0.0, 0.0, 0.0]}, {"time": 9.1, "step_sample_count": 262144, "data": [0.6079159236603651, 0.6870636620782345, -2.8648095871175414, 0.004743389846149665, 1.0175847779596243, 2.6712943853320383, -5.500784248618894, 1.0175675719760031, 0.19601762460669803, -1.1789941579320453, 1.2768786128258323, -0.6664800178191668, -0.3597367966765586, 1.2768710093725328, 3.830715437259967, -0.14863792818803928, 0.25251156478771913, 0.9070324859284851, 4.2370178965991965, 0.25253883730462634, -1.261824655900066, 9.740769830214726, 1.905548587841134, 2.4725712877084836, 1.679203315076175, 1.905552850146486, 0.0915741307591502, -9.500335721285479, -0.04180690746969371, 0.0021280755424721784, 0.08728765047644574, -0.07998668956601328, -0.06183037354830955, -0.03743957978656579, -0.20034196337523277, -0.11821227949574749, -0.06636023223318595, 0.0915741307591502, 0.27574882725720057, 2.770612674380935, 5.086597673664584, -6.996124140771514, -4.522245238056337, -2.003474929331562, -14.087142635750968, -11.780934649254053, -9.270965309912512, -9.500335721285479], "data_imag": [-7.60463159814206e-19, -1.3647547946200634e-17, 0.0, 0.0, 0.0, 0.0, 0.0, 0.0, 0.0, 0.0, 0.0, 0.0, 0.0, 0.0, 0.0, 0.0, 0.0, 0.0, 0.0, 0.0, 0.0, 0.0, 0.0, 0.0, 0.0, 0.0, 0.0, 0.0, 0.0, 0.0, 0.0, 0.0, 0.0, 0.0, 0.0, 0.0, 0.0, 0.0, 0.0, 0.0, 0.0, 0.0, 0.0, 0.0, 0.0, 0.0, 0.0, 0.0]}, {"time": 9.45, "step_sample_count": 262144, "data": [0.6063748433407026, 0.6781301549854307, -2.9779968133792525, 0.21002365776779572, 1.0034753295561263, 2.6484658352978174, -5.379134330219741, 1.0034581236081654, 0.3441853974357515, -1.3501203163762991, 1.2969862959426575, -0.9309534182817496, -0.11594281325648378, 1.2969786955829719, 4.041459465053374, 0.4338334371073112, 0.2788216789311354, 0.43434977668161123, 5.578622096604728, 0.2788489516925148, -1.1987966764898126, 10.01340583894302, 1.9101535905889826, 2.698878789317455, 1.624665592828988, 1.9101578842682638, 0.09205531237312777, -9.864353405315592, -0.05325702337148007, -0.010699593603485399, 0.09818881464106789, -0.0916671234252962, -0.06289477048195605, -0.027651668104812933, -0.21288073318845346, -0.1071852331300743, -0.05543548490669086, 0.09205531237312777, 0.24719900751487114, 2.8792750983933715, 5.306735364394045, -7.3001818580482505, -4.696220486481605, -2.045906338336638, -14.652447965586942, -12.235761929087316, -9.589524926134558, -9.864353405315592], "data_imag": [-6.982532711537941e-19, 4.281867046446853e-17, 0.0, 0.0, 0.0, 0.0, 0.0, 0.0, 0.0, 0.0, 0.0, 0.0, 0.0, 0.0, 0.0, 0.0, 0.0, 0.0, 0.0, 0.0, 0.0, 0.0, 0.0, 0.0, 0.0, 0.0, 0.0, 0.0, 0.0, 0.0, 0.0, 0.0, 0.0, 0.0, 0.0, 0.0, 0.0, 0.0, 0.0, 0.0, 0.0, 0.0, 0.0, 0.0, 0.0, 0.0, 0.0, 0.0]}, {"time": 9.799999999999999, "step_sample_count": 262144, "data": [0.60545091593461, 0.6729613861715676, -2.990965243381673, 0.3519408837556557, 0.9990333325622082, 2.505845132278507, -5.095067720378261, 0.9990161293136315, 0.47038455165084064, -1.4628149306109144, 1.3063810367313473, -1.2062191822404915, 0.173911359668132, 1.3063734308348225, 4.210225744013185, 1.007296705499099, 0.3081724472169389, 0.01904578755433295, 6.807612461424493, 0.30819973138701984, -1.1307356924929743, 10.290291083100186, 1.9203761947030793, 2.828160609674301, 1.681541485307262, 1.9203804648315408, 0.09009578048960279, -10.229908526739269, -0.07018238938039659, -0.021079863718067124, 0.1220028320066481, -0.11227299107307752, -0.06283672817116916, -0.006027306447501709, -0.23559797983266395, -0.09640628562307152, -0.03615008210000324, 0.09009578048960279, 0.21893511721399375, 2.982716758298737, 5.509772504959038, -7.599113108210673, -4.868657564667217, -2.0913755141047226, -15.19865412296207, -12.682829810046682, -9.905920986580835, -10.229908526739269], "data_imag": [4.377043898915936e-19, 3.8726578940031744e-17, 0.0, 0.0, 0.0, 0.0, 0.0, 0.0, 0.0, 0.0, 0.0, 0.0, 0.0, 0.0, 0.0, 0.0, 0.0, 0.0, 0.0, 0.0, 0.0, 0.0, 0.0, 0.0, 0.0, 0.0, 0.0, 0.0, 0.0, 0.0, 0.0, 0.0, 0.0, 0.0, 0.0, 0.0, 0.0, 0.0, 0.0, 0.0, 0.0, 0.0, 0.0, 0.0, 0.0, 0.0, 0.0, 0.0]}, {"time": 10.149999999999999, "step_sample_count": 262144, "data": [0.6047252327665193, 0.6702900780854303, -2.968535522106613, 0.39395531058089756, 1.0000985173919885, 2.2935377851869996, -4.8035768472439315, 1.0000813141234821, 0.5233620299155958, -1.505016923573138, 1.311522441237623, -1.4542743999732928, 0.4313724542570866, 1.311514835341123, 4.3585087893795915, 1.5071043367234929, 0.3362910948868466, -0.35695688327019476, 7.900484791970872, 0.3363183788124553, -1.0879734943800694, 10.608301570647331, 1.9368003702994097, 2.8796907953653816, 1.8348540061414138, 1.9368046406723434, 0.08238301538448259, -10.596284539768636, -0.084302762082706, -0.02318638793219133, 0.1556718243927655, -0.13402477975881366, -0.060181417791769574, 0.02287609516678951, -0.2621128356963224, -0.0885805368754539, -0.01371490565452772, 0.08238301538448259, 0.19155289919116297, 3.083029090153103, 5.702869338891252, -7.8943876156047335, -5.040046868192428, -2.1391643348580622, -15.734031012080996, -13.125176784896034, -10.221469735965306, -10.596284539768636], "data_imag": [1.1414679222940672e-18, -2.8020029729083556e-17, 0.0, 0.0, 0.0, 0.0, 0.0, 0.0, 0.0, 0.0, 0.0, 0.0, 0.0, 0.0, 0.0, 0.0, 0.0, 0.0, 0.0, 0.0, 0.0, 0.0, 0.0, 0.0, 0.0, 0.0, 0.0, 0.0, 0.0, 0.0, 0.0, 0.0, 0.0, 0.0, 0.0, 0.0, 0.0, 0.0, 0.0, 0.0, 0.0, 0.0, 0.0, 0.0, 0.0, 0.0, 0.0, 0.0]}, {"time": 10.5, "step_sample_count": 262144, "data": [0.6039031873570122, 0.6678682427075234, -2.9664059238194556, 0.34796833639304553, 1.0022252966184417, 2.045951354461757, -4.5851825440182985, 1.0022080933038169, 0.4842688140071549, -1.4827255399628558, 1.3163389275680581, -1.656484629529569, 0.6126933249821944, 1.3163313198662028, 4.516709165394748, 1.9284455675369068, 0.3608702543075287, -0.7391621072142329, 8.931979867643737, 0.3608975381516467, -1.1036369326238609, 11.012626202308041, 1.956358453705128, 2.8785540661626827, 2.0679959972824333, 1.9563627151955725, 0.06713358937712754, -10.961293565765187, -0.09144558939759541, -0.014553770734702858, 0.19647037683941881, -0.15152996901978116, -0.05398187997956466, 0.05530739094204373, -0.28788765197493965, -0.08439245854773783, 0.009284909707030546, 0.06713358937712754, 0.16322277241387168, 3.1838167378502464, 5.898304906073974, -8.19135133316036, -5.211989174543112, -2.1863236422440897, -16.273372968690857, -13.569071558796718, -10.536899233941162, -10.961293565765187], "data_imag": [-5.263620838998942e-19, 2.2174732594330745e-17, 0.0, 0.0, 0.0, 0.0, 0.0, 0.0, 0.0, 0.0, 0.0, 0.0, 0.0, 0.0, 0.0, 0.0, 0.0, 0.0, 0.0, 0.0, 0.0, 0.0, 0.0, 0.0, 0.0, 0.0, 0.0, 0.0, 0.0, 0.0, 0.0, 0.0, 0.0, 0.0, 0.0, 0.0, 0.0, 0.0, 0.0, 0.0, 0.0, 0.0, 0.0, 0.0, 0.0, 0.0, 0.0, 0.0]}, {"time": 10.85, "step_sample_count": 262144, "data": [0.6026711294227445, 0.6635855364245016, -3.011110911183538, 0.25275209065609094, 1.001555544901695, 1.7823694226707885, -4.447924629650214, 1.0015383415751655, 0.3596584792468962, -1.4223486416864615, 1.3214154292049713, -1.8034254980198388, 0.6889376111690528, 1.3214078215031133, 4.695155570496316, 2.294514922492014, 0.3810774446290543, -1.1729913294612375, 9.984708007625365, 0.38110472859540834, -1.2063379292556173, 11.54192628069681, 1.9748494167152453, 2.850736868576273, 2.361305068377861, 1.9748536782056898, 0.04510941200385697, -11.321899268291123, -0.0912694438452688, 0.004021498215626806, 0.24224466578941004, -0.16280608033371868, -0.04423223546616008, 0.08842623540817351, -0.31140282875725267, -0.08344676033515876, 0.031748622562100974, 0.04510941200385697, 0.1318790530157345, 3.2879246894151937, 6.108844865404318, -8.495221300125063, -5.386547078689898, -2.23084787169005, -16.832671452718245, -14.020843465581862, -10.85359682115371, -11.321899268291123], "data_imag": [5.027696564097288e-19, -1.737227271562838e-17, 0.0, 0.0, 0.0, 0.0, 0.0, 0.0, 0.0, 0.0, 0.0, 0.0, 0.0, 0.0, 0.0, 0.0, 0.0, 0.0, 0.0, 0.0, 0.0, 0.0, 0.0, 0.0, 0.0, 0.0, 0.0, 0.0, 0.0, 0.0, 0.0, 0.0, 0.0, 0.0, 0.0, 0.0, 0.0, 0.0, 0.0, 0.0, 0.0, 0.0, 0.0, 0.0, 0.0, 0.0, 0.0, 0.0]}, {"time": 11.2, "step_sample_count": 262144, "data": [0.6006102630579236, 0.6562546112215453, -3.100869510995945, 0.1521986484674646, 0.9954408166524359, 1.5211626491800665, -4.364892299977664, 0.9954236133288992, 0.178387229342383, -1.3613577756840325, 1.3246688363294465, -1.8934536248518539, 0.6506478610116023, 1.3246612282482413, 4.888448301775823, 2.6297423871437027, 0.39790933702607617, -1.6876878449059036, 11.109238162837052, 0.3979366212369024, -1.4183789852720774, 12.216150059803788, 1.989998122296914, 2.8265160997832526, 2.6791465428976706, 1.9900023779607716, 0.019596842260122694, -11.675156439297531, -0.08571130711779701, 0.028569990491684412, 0.29016205424922453, -0.16846123145805803, -0.0321223910387309, 0.11940068994146584, -0.33317313505148083, -0.0846442936465407, 0.052365549621817435, 0.019596842260122694, 0.0967971127550187, 3.396542672827308, 6.3444659253201845, -8.808366108969727, -5.565447753029718, -2.273336368044831, -17.4248272797879, -14.48477173012289, -11.173975782928697, -11.675156439297531], "data_imag": [9.785997840685705e-18, -3.601575260351086e-18, 0.0, 0.0, 0.0, 0.0, 0.0, 0.0, 0.0, 0.0, 0.0, 0.0, 0.0, 0.0, 0.0, 0.0, 0.0, 0.0, 0.0, 0.0, 0.0, 0.0, 0.0, 0.0, 0.0, 0.0, 0.0, 0.0, 0.0, 0.0, 0.0, 0.0, 0.0, 0.0, 0.0, 0.0, 0.0, 0.0, 0.0, 0.0, 0.0, 0.0, 0.0, 0.0, 0.0, 0.0, 0.0, 0.0]}, {"time": 11.549999999999999, "step_sample_count": 262144, "data": [0.5973681199888847, 0.6461685015101618, -3.2130654428760597, 0.09589538243522663, 0.9833934255675453, 1.2881112319670085, -4.290038560799599, 0.9833762222521233, -0.008761345016543104, -1.3362511703878601, 1.323099757603816, -1.9389132515112124, 0.5259005328598114, 1.323092149920239, 5.091554038625653, 2.947386983290122, 0.4146112959861148, -2.2859840245283154, 12.316574993371093, 0.414638580196941, -1.7562265401303856, 13.027717158032049, 2.003587094907801, 2.8379336770883627, 2.963761823679543, 2.0035913565204817, -0.004417535355931802, -12.019491181360605, -0.07794922340037687, 0.05192131582948428, 0.3356682091023167, -0.1704052291321293, -0.019937986723314774, 0.14496104920325217, -0.3540656169317042, -0.0856564464129182, 0.06923988697817787, -0.004417535355931802, 0.05957644563867473, 3.5101550187593595, 6.609276946121611, -9.129300573012966, -5.749226706376782, -2.3168239539745192, -18.055380351733803, -14.962755037938775, -11.50110360561515, -12.019491181360605], "data_imag": [5.384568978090832e-19, -2.8305814657054665e-17, 0.0, 0.0, 0.0, 0.0, 0.0, 0.0, 0.0, 0.0, 0.0, 0.0, 0.0, 0.0, 0.0, 0.0, 0.0, 0.0, 0.0, 0.0, 0.0, 0.0, 0.0, 0.0, 0.0, 0.0, 0.0, 0.0, 0.0, 0.0, 0.0, 0.0, 0.0, 0.0, 0.0, 0.0, 0.0, 0.0, 0.0, 0.0, 0.0, 0.0, 0.0, 0.0, 0.0, 0.0, 0.0, 0.0]}, {"time": 11.899999999999999, "step_sample_count": 262144, "data": [0.5930347129554921, 0.6349827375388469, -3.3218628366018175, 0.14061045872716157, 0.9679262032799436, 1.1144300029977987, -4.172684063705374, 0.9679089999547755, -0.1336409087916257, -1.3593027525984098, 1.3154349963567817, -1.9700176870186212, 0.40319859386429574, 1.3154273886732184, 5.301958107322897, 3.2553091245673533, 0.43571862305981085, -2.9376851698680726, 13.57924870654481, 0.43574590716877365, -2.221555527305984, 13.93884864423557, 2.0218242731449787, 2.9036159323089623, 3.1574430744598985, 2.0218285347169136, -0.021675530333764147, -12.355593773240503, -0.07196640692949015, 0.06488291008115708, 0.371631821447416, -0.17074815228531412, -0.010438799240688388, 0.1619111442816746, -0.3726827444821422, -0.08254844340534012, 0.08090474586435265, -0.021675530333764147, 0.02420409969171272, 3.6293368227225065, 6.898277236515208, -9.453507032407156, -5.936814050762757, -2.365124724053887, -18.718473083360042, -15.454334854212727, -11.838011266087356, -12.355593773240503], "data_imag": [1.5647983875606202e-18, -1.3720624872769068e-18, 0.0, 0.0, 0.0, 0.0, 0.0, 0.0, 0.0, 0.0, 0.0, 0.0, 0.0, 0.0, 0.0, 0.0, 0.0, 0.0, 0.0, 0.0, 0.0, 0.0, 0.0, 0.0, 0.0, 0.0, 0.0, 0.0, 0.0, 0.0, 0.0, 0.0, 0.0, 0.0, 0.0, 0.0, 0.0, 0.0, 0.0, 0.0, 0.0, 0.0, 0.0, 0.0, 0.0, 0.0, 0.0, 0.0]}, {"time": 12.25, "step_sample_count": 262144, "data": [0.5885984647447428, 0.6253866042650561, -3.410389827257262, 0.31815237256992773, 0.9539716986988932, 1.0248925021241608, -3.989747756346181, 0.9539544953536168, -0.13260937756906177, -1.4041223858357619, 1.3043889896808964, -2.0227957537621384, 0.41143546400663333, 1.3043813829370117, 5.499992960741255, 3.5830877330822806, 0.46478922111856263, -3.5817579442932215, 14.84119473035919, 0.46481650524789814, -2.771987260581748, 14.898011188933326, 2.053151322800353, 3.0026512100912033, 3.2755949414304824, 2.0531555887320416, -0.028292589938014173, -12.686315665950929, -0.07193747813387284, 0.059521051189956084, 0.3899871129882025, -0.17112820356112546, -0.005993629564077891, 0.16812306098541663, -0.3850519398264158, -0.07123911683783378, 0.08745602460472311, -0.028292589938014173, -0.005214223264476788, 3.7523678957337316, 7.19552509968031, -9.774892931680602, -6.125947717414953, -2.421406119179439, -19.395093685077192, -15.95449654307559, -12.185805054724856, -12.686315665950929], "data_imag": [-1.775078034137039e-18, 7.77531687959202e-18, 0.0, 0.0, 0.0, 0.0, 0.0, 0.0, 0.0, 0.0, 0.0, 0.0, 0.0, 0.0, 0.0, 0.0, 0.0, 0.0, 0.0, 0.0, 0.0, 0.0, 0.0, 0.0, 0.0, 0.0, 0.0, 0.0, 0.0, 0.0, 0.0, 0.0, 0.0, 0.0, 0.0, 0.0, 0.0, 0.0, 0.0, 0.0, 0.0, 0.0, 0.0, 0.0, 0.0, 0.0, 0.0, 0.0]}, {"time": 12.6, "step_sample_count": 262144, "data": [0.5858994743244237, 0.6208971939934584, -3.4588493417945774, 0.5706132216187538, 0.9471404620559355, 1.0239600975966385, -3.784122644492897, 0.9471232586970408, 0.006263775785994075, -1.4472209476129652, 1.2973727489255127, -2.101264463847828, 0.5909490348652522, 1.297365141388444, 5.651482109728712, 3.9721036233152662, 0.5028323114384057, -4.149513520795753, 16.035458850036434, 0.5028595954658778, -3.3105438535048712, 15.859454982223854, 2.1037114409215643, 3.0709485309632827, 3.4404789295482816, 2.103715703858469, -0.022927935559152967, -13.015988129168795, -0.07950739170679783, 0.03444756958182707, 0.3872625656154734, -0.17239947481677026, -0.007832067887523062, 0.1632819355631882, -0.3890088568894581, -0.0516288129230917, 0.08913739868453228, -0.022927935559152967, -0.027900551444611083, 3.873174109941282, 7.478408780801476, -10.087447195656074, -6.313940579187316, -2.487214402801466, -20.058005108681428, -16.452448445766283, -12.540997035207633, -13.015988129168795], "data_imag": [-3.0863120263563e-18, 1.388750280071654e-17, 0.0, 0.0, 0.0, 0.0, 0.0, 0.0, 0.0, 0.0, 0.0, 0.0, 0.0, 0.0, 0.0, 0.0, 0.0, 0.0, 0.0, 0.0, 0.0, 0.0, 0.0, 0.0, 0.0, 0.0, 0.0, 0.0, 0.0, 0.0, 0.0, 0.0, 0.0, 0.0, 0.0, 0.0, 0.0, 0.0, 0.0, 0.0, 0.0, 0.0, 0.0, 0.0, 0.0, 0.0, 0.0, 0.0]}, {"time": 12.95, "step_sample_count": 262144, "data": [0.5858633882120436, 0.6226259891876432, -3.4467199230698924, 0.7780160076251852, 0.9521374998730064, 1.1002749774282246, -3.643947987534484, 0.9521202970053542, 0.21784198355406398, -1.509310075022677, 1.3046619614469321, -2.158449799854647, 0.8063540888410201, 1.3046543539098445, 5.754010223949771, 4.401512371105415, 0.5477916164236467, -4.604217617150297, 17.09884150108794, 0.5478189031606854, -3.7462241590086456, 16.7595173024772, 2.172578434585979, 3.0611409831935408, 3.733081328027639, 2.1725826975432563, -0.0073988259580444245, -13.349459668098529, -0.09076543349909384, -0.001989851223782979, 0.3669426266391408, -0.1738488560712549, -0.015571766236327968, 0.14865280561361272, -0.38597073273767346, -0.03022904680290712, 0.08399048129150188, -0.0073988259580444245, -0.045381422817001624, 3.985955407874825, 7.730320528903178, -10.38793055223528, -6.49829038460956, -2.560848613439295, -20.68545024185445, -16.937392590742828, -12.897267239523293, -13.349459668098529], "data_imag": [-5.525196631657676e-18, -3.60626938549462e-17, 0.0, 0.0, 0.0, 0.0, 0.0, 0.0, 0.0, 0.0, 0.0, 0.0, 0.0, 0.0, 0.0, 0.0, 0.0, 0.0, 0.0, 0.0, 0.0, 0.0, 0.0, 0.0, 0.0, 0.0, 0.0, 0.0, 0.0, 0.0, 0.0, 0.0, 0.0, 0.0, 0.0, 0.0, 0.0, 0.0, 0.0, 0.0, 0.0, 0.0, 0.0, 0.0, 0.0, 0.0, 0.0, 0.0]}, {"time": 13.299999999999999, "step_sample_count": 262144, "data": [0.5876473610494968, 0.6269969498638731, -3.3865404623660247, 0.8840782819684162, 0.9713205242306066, 1.2359659176061304, -3.6202935245103403, 0.9713033213629427, 0.41325216482895477, -1.6003797681767504, 1.334472064681626, -2.1486414595729446, 0.9098081509415038, 1.3344644571445432, 5.838589495307278, 4.810451889524044, 0.5946153856261026, -4.946940651193162, 18.002393407155818, 0.5946426726076134, -4.054103344894768, 17.526592818644296, 2.249420980824892, 2.988652548767054, 4.093041789272558, 2.249425244006269, 0.013470535381863413, -13.690827466906443, -0.09986162472691869, -0.03734565680254419, 0.334644695713371, -0.17276080815870676, -0.026953665715839827, 0.12648265369678735, -0.3762448759693974, -0.014708163517664612, 0.07121295589328812, 0.013470535381863413, -0.057669139262281864, 4.090846295334448, 7.948535807299561, -10.676236882932658, -6.677566854096209, -2.638358335751538, -21.27045652339297, -17.40560583053176, -13.250472306582319, -13.690827466906443], "data_imag": [9.783272059364938e-19, 1.2648050817853182e-17, 0.0, 0.0, 0.0, 0.0, 0.0, 0.0, 0.0, 0.0, 0.0, 0.0, 0.0, 0.0, 0.0, 0.0, 0.0, 0.0, 0.0, 0.0, 0.0, 0.0, 0.0, 0.0, 0.0, 0.0, 0.0, 0.0, 0.0, 0.0, 0.0, 0.0, 0.0, 0.0, 0.0, 0.0, 0.0, 0.0, 0.0, 0.0, 0.0, 0.0, 0.0, 0.0, 0.0, 0.0, 0.0, 0.0]}, {"time": 13.649999999999999, "step_sample_count": 262144, "data": [0.590448775676904, 0.6303961758545118, -3.321653413511035, 0.9067010745505854, 1.0033367216852873, 1.4020356326744288, -3.709199212356133, 1.0033195188168762, 0.5342818436388329, -1.6962255658216483, 1.3874927354845181, -2.0651151343900174, 0.8590950829460968, 1.3874851280999727, 5.9144593924316355, 5.188239740670467, 0.6365604214952418, -5.199567841535335, 18.76859868826816, 0.6365877084360073, -4.255255050521167, 18.136291488664156, 2.317317252100714, 2.895877672821875, 4.430581787050925, 2.3173215135707856, 0.033589707844720554, -14.041843858673632, -0.1034281173787999, -0.06351566391980958, 0.2958205853368599, -0.16613894631182863, -0.03826430901263876, 0.09998208138494531, -0.3586434563931256, -0.007099741858808281, 0.05373626422283574, 0.033589707844720554, -0.06452556723844496, 4.192031785886319, 8.14046901634116, -10.954626387653347, -6.851838447735632, -2.7159607847098886, -21.818809984033617, -17.86008214131417, -13.599198680947243, -14.041843858673632], "data_imag": [-3.8842267186659535e-18, 9.798138842712427e-18, 0.0, 0.0, 0.0, 0.0, 0.0, 0.0, 0.0, 0.0, 0.0, 0.0, 0.0, 0.0, 0.0, 0.0, 0.0, 0.0, 0.0, 0.0, 0.0, 0.0, 0.0, 0.0, 0.0, 0.0, 0.0, 0.0, 0.0, 0.0, 0.0, 0.0, 0.0, 0.0, 0.0, 0.0, 0.0, 0.0, 0.0, 0.0, 0.0, 0.0, 0.0, 0.0, 0.0, 0.0, 0.0, 0.0]}, {"time": 14.0, "step_sample_count": 262144, "data": [0.5938170011382624, 0.6315766464589371, -3.2850909926593124, 0.8622259453106681, 1.0434153507345385, 1.5715738108351205, -3.8996841967825295, 1.0433981478740815, 0.5522180903491574, -1.766351978821396, 1.454728933233227, -1.9211734705901744, 0.6688083579290418, 1.4547213258486853, 5.957018117819425, 5.572010413181776, 0.6677362962393181, -5.393237474590441, 19.444412623033916, 0.6677635830578476, -4.379839398811394, 18.60274431019456, 2.359882522008651, 2.818475557010747, 4.690583287484935, 2.3598867834787223, 0.047675384591040704, -14.401052958807371, -0.09949503086023526, -0.07737173026993895, 0.2558234083352276, -0.15188647706162006, -0.04634185864681933, 0.07237802936428697, -0.3329271496804181, -0.00544730476685012, 0.03489840996272062, 0.047675384591040704, -0.06715081792673333, 4.293513009336128, 8.317687352790166, -11.22763744856225, -7.022369634243647, -2.790916108806552, -22.343869398513963, -18.306829449731786, -13.944008515548134, -14.401052958807371], "data_imag": [-2.1086904534752974e-18, -1.1558549920722276e-17, 0.0, 0.0, 0.0, 0.0, 0.0, 0.0, 0.0, 0.0, 0.0, 0.0, 0.0, 0.0, 0.0, 0.0, 0.0, 0.0, 0.0, 0.0, 0.0, 0.0, 0.0, 0.0, 0.0, 0.0, 0.0, 0.0, 0.0, 0.0, 0.0, 0.0, 0.0, 0.0, 0.0, 0.0, 0.0, 0.0, 0.0, 0.0, 0.0, 0.0, 0.0, 0.0, 0.0, 0.0, 0.0, 0.0]}], "random_generator": {"seed": "very_nice_seed"}, "realworld_total_calculation_time": 2744.464}