{"hamiltonian": {"U": 1.0, "E": 0.8, "J": 0.1, "phi": 2.5132741228718345, "type": "FirstOrderVariationalClassicalNetworkHamiltonian", "eta_calculation_sampler": {"system_geometry": {"type": "SquareSystemNonPeriodicState", "size": 2}, "initial_system_state": {"type": "HomogenousInitialSystemState"}, "type": "ExactSampler"}, "psi_selection": {"type": "SquareDirectionDependentAllSameFirstOrder", "number_of_psis": 12, "J": 0.1}, "random_generator": {"seed": "46954944"}, "init_sigma": 1e-05, "pseudo_inverse_cutoff": 1e-10, "effective_time_step_size": 0.0025201612903225806, "number_workers": 16, "variational_step_fraction_multiplier": 128, "ue_might_change": true, "ue_variational": true}, "start_time": 0.0, "time_step": 0.3225806451612903, "number_of_time_steps": 31, "sampler": {"system_geometry": {"type": "SquareSystemNonPeriodicState", "size": 2}, "initial_system_state": {"type": "HomogenousInitialSystemState"}, "type": "ExactSampler"}, "observables": [{"type": "Energy", "label": "Energy per site"}, {"type": "EnergyVariance", "label": "Energy Variance per site"}, {"type": "VCNFactor", "label": "Re-Part of VCN Parameter 0", "param_real_part": true, "param_index": 0, "can_return_value": true}, {"type": "VCNFactor", "label": "Re-Part of VCN Parameter 1", "param_real_part": true, "param_index": 1, "can_return_value": true}, {"type": "VCNFactor", "label": "Re-Part of VCN Parameter 2", "param_real_part": true, "param_index": 2, "can_return_value": true}, {"type": "VCNFactor", "label": "Re-Part of VCN Parameter 3", "param_real_part": true, "param_index": 3, "can_return_value": true}, {"type": "VCNFactor", "label": "Re-Part of VCN Parameter 4", "param_real_part": true, "param_index": 4, "can_return_value": true}, {"type": "VCNFactor", "label": "Re-Part of VCN Parameter 5", "param_real_part": true, "param_index": 5, "can_return_value": true}, {"type": "VCNFactor", "label": "Re-Part of VCN Parameter 6", "param_real_part": true, "param_index": 6, "can_return_value": true}, {"type": "VCNFactor", "label": "Re-Part of VCN Parameter 7", "param_real_part": true, "param_index": 7, "can_return_value": true}, {"type": "VCNFactor", "label": "Re-Part of VCN Parameter 8", "param_real_part": true, "param_index": 8, "can_return_value": true}, {"type": "VCNFactor", "label": "Re-Part of VCN Parameter 9", "param_real_part": true, "param_index": 9, "can_return_value": true}, {"type": "VCNFactor", "label": "Re-Part of VCN Parameter 10", "param_real_part": true, "param_index": 10, "can_return_value": true}, {"type": "VCNFactor", "label": "Re-Part of VCN Parameter 11", "param_real_part": true, "param_index": 11, "can_return_value": true}, {"type": "VCNFactor", "label": "Im-Part of VCN Parameter 0", "param_real_part": false, "param_index": 0, "can_return_value": true}, {"type": "VCNFactor", "label": "Im-Part of VCN Parameter 1", "param_real_part": false, "param_index": 1, "can_return_value": true}, {"type": "VCNFactor", "label": "Im-Part of VCN Parameter 2", "param_real_part": false, "param_index": 2, "can_return_value": true}, {"type": "VCNFactor", "label": "Im-Part of VCN Parameter 3", "param_real_part": false, "param_index": 3, "can_return_value": true}, {"type": "VCNFactor", "label": "Im-Part of VCN Parameter 4", "param_real_part": false, "param_index": 4, "can_return_value": true}, {"type": "VCNFactor", "label": "Im-Part of VCN Parameter 5", "param_real_part": false, "param_index": 5, "can_return_value": true}, {"type": "VCNFactor", "label": "Im-Part of VCN Parameter 6", "param_real_part": false, "param_index": 6, "can_return_value": true}, {"type": "VCNFactor", "label": "Im-Part of VCN Parameter 7", "param_real_part": false, "param_index": 7, "can_return_value": true}, {"type": "VCNFactor", "label": "Im-Part of VCN Parameter 8", "param_real_part": false, "param_index": 8, "can_return_value": true}, {"type": "VCNFactor", "label": "Im-Part of VCN Parameter 9", "param_real_part": false, "param_index": 9, "can_return_value": true}, {"type": "VCNFactor", "label": "Im-Part of VCN Parameter 10", "param_real_part": false, "param_index": 10, "can_return_value": true}, {"type": "VCNFactor", "label": "Im-Part of VCN Parameter 11", "param_real_part": false, "param_index": 11, "can_return_value": true}, {"type": "BaseEnergyFactor", "label": "Re-Part of BE-Factor U", "param_real_part": true, "param_index": -1, "can_return_value": true, "kind": "U"}, {"type": "BaseEnergyFactor", "label": "Im-Part of BE-Factor U", "param_real_part": false, "param_index": -1, "can_return_value": true, "kind": "U"}, {"type": "BaseEnergyFactor", "label": "Re-Part of BE-Factor eps-0", "param_real_part": true, "param_index": 0, "can_return_value": true, "kind": "eps"}, {"type": "BaseEnergyFactor", "label": "Re-Part of BE-Factor eps-1", "param_real_part": true, "param_index": 1, "can_return_value": true, "kind": "eps"}, {"type": "BaseEnergyFactor", "label": "Re-Part of BE-Factor eps-2", "param_real_part": true, "param_index": 2, "can_return_value": true, "kind": "eps"}, {"type": "BaseEnergyFactor", "label": "Re-Part of BE-Factor eps-3", "param_real_part": true, "param_index": 3, "can_return_value": true, "kind": "eps"}, {"type": "BaseEnergyFactor", "label": "Re-Part of BE-Factor eps-4", "param_real_part": true, "param_index": 4, "can_return_value": true, "kind": "eps"}, {"type": "BaseEnergyFactor", "label": "Im-Part of BE-Factor eps-0", "param_real_part": false, "param_index": 0, "can_return_value": true, "kind": "eps"}, {"type": "BaseEnergyFactor", "label": "Im-Part of BE-Factor eps-1", "param_real_part": false, "param_index": 1, "can_return_value": true, "kind": "eps"}, {"type": "BaseEnergyFactor", "label": "Im-Part of BE-Factor eps-2", "param_real_part": false, "param_index": 2, "can_return_value": true, "kind": "eps"}, {"type": "BaseEnergyFactor", "label": "Im-Part of BE-Factor eps-3", "param_real_part": false, "param_index": 3, "can_return_value": true, "kind": "eps"}, {"type": "BaseEnergyFactor", "label": "Im-Part of BE-Factor eps-4", "param_real_part": false, "param_index": 4, "can_return_value": true, "kind": "eps"}], "measurements": [{"time": 0.0, "step_sample_count": 256, "data": [0.06150994716214185, 0.23217153648874098, -2.409211346512654e-05, 1.3364613742072939e-05, 1.5426940819682473e-06, -2.3095526437844924e-06, 2.9577584621232426e-06, -1.5668367408516222e-05, 1.0073359691169309e-05, -1.2604172898632618e-05, -1.1358230129747497e-05, 3.80637423358691e-06, 2.8480717089983352e-06, -1.895923534861108e-05, -1.1357545410297846e-05, 4.318272037258513e-06, -1.4618044943022195e-05, 1.2968369814907847e-06, -2.4229613465669603e-06, 1.2658790972584678e-05, -4.320935634434884e-06, -4.807979398987998e-06, -1.0283182688040512e-05, 1.5791125000597532e-06, 1.6795899010380995e-05, -6.0341603244068835e-06, 7.2706396032623796e-06, -2.5990623020784137e-06, 2.105483127674879e-05, 1.1085069673905734e-05, -9.132533945527703e-06, -1.2101228867378676e-06, 7.2706396032623796e-06, -5.612770751019133e-06, -2.3901402852107364e-06, -7.7877375531777e-06, 4.464171819755137e-06, -2.5990623020784137e-06], "data_imag": [-8.271351266177394e-25, 4.0701630347366896e-25, 0.0, 0.0, 0.0, 0.0, 0.0, 0.0, 0.0, 0.0, 0.0, 0.0, 0.0, 0.0, 0.0, 0.0, 0.0, 0.0, 0.0, 0.0, 0.0, 0.0, 0.0, 0.0, 0.0, 0.0, 0.0, 0.0, 0.0, 0.0, 0.0, 0.0, 0.0, 0.0, 0.0, 0.0, 0.0, 0.0]}, {"time": 0.3225806451612903, "step_sample_count": 256, "data": [0.06152946837887185, 0.232313848931415, 0.0046570149722007835, -0.04675439921948373, 0.059474859444394554, 0.005245573775587418, -0.046020523860246146, 0.05945764838290423, 0.005198673384903399, -0.04638332987556497, 0.05972966439797708, 0.004781650184678376, -0.0469112002429831, 0.05972206339275717, 0.31220837090583625, 0.3048154541225432, 0.3092568595775588, 0.3257757726584039, 0.3327383615822357, 0.3092841364134922, 0.3249955711693194, 0.33001415187331207, 0.3102979732864384, 0.315163411881769, 0.3097338465131269, 0.31030222230880544, 0.0015129697784095283, -0.32316508648480446, -0.0018700330155378671, 0.0046746498128891045, -0.00667125421080008, -0.00010739981767056318, 0.0015129697784095283, 0.0004213861924107435, 0.20784772929972517, -0.15027949149540332, 0.0571536005898764, -0.32316508648480446], "data_imag": [4.234919405124146e-19, -2.0845787169972572e-19, 0.0, 0.0, 0.0, 0.0, 0.0, 0.0, 0.0, 0.0, 0.0, 0.0, 0.0, 0.0, 0.0, 0.0, 0.0, 0.0, 0.0, 0.0, 0.0, 0.0, 0.0, 0.0, 0.0, 0.0, 0.0, 0.0, 0.0, 0.0, 0.0, 0.0, 0.0, 0.0, 0.0, 0.0, 0.0, 0.0]}, {"time": 0.6451612903225806, "step_sample_count": 256, "data": [0.06153728916870553, 0.23254001096765475, 0.01657341426325807, -0.18660729226766737, 0.21190490550550764, 0.018246640197875606, -0.18314827200495287, 0.21188769444401187, 0.018406179172236286, -0.18760413952764143, 0.21576366918486614, 0.01724892417145512, -0.19018594215586734, 0.21575606817964244, 0.6252109652378258, 0.5625813465363693, 0.5477055556251185, 0.6086920440346004, 0.6629358443915511, 0.5477328324610531, 0.6193672482504197, 0.6581166248215837, 0.5548464178994138, 0.6317385749653072, 0.5848646419075969, 0.5548506669218042, 0.005463729766774967, -0.6494918798284438, -0.007001666534173014, 0.018590974618090353, -0.02577480988262036, -0.00016079347343415202, 0.005463729766774967, 0.0016106579417301404, 0.42076406293228275, -0.3029304528110928, 0.11622825177457276, -0.6494918798284438], "data_imag": [-7.639634027327061e-19, 3.760978946261664e-19, 0.0, 0.0, 0.0, 0.0, 0.0, 0.0, 0.0, 0.0, 0.0, 0.0, 0.0, 0.0, 0.0, 0.0, 0.0, 0.0, 0.0, 0.0, 0.0, 0.0, 0.0, 0.0, 0.0, 0.0, 0.0, 0.0, 0.0, 0.0, 0.0, 0.0, 0.0, 0.0, 0.0, 0.0, 0.0, 0.0]}, {"time": 0.967741935483871, "step_sample_count": 256, "data": [0.06154536310740179, 0.23246738275943396, 0.02635241103535152, -0.4080745664341441, 0.3957250919153426, 0.03287767770383181, -0.40359096857917764, 0.39570788085383, 0.034254413856679725, -0.4247140465958962, 0.4124501057553421, 0.030157790867207962, -0.4287485336604573, 0.41244250475009947, 0.9448865724451453, 0.7162855709403896, 0.6839190408959173, 0.8084256857439589, 0.9806772047555581, 0.6839463177318695, 0.8540688751379317, 0.9750991945822253, 0.7028335284039341, 0.9561965440712188, 0.7800264049308284, 0.702837777426337, 0.009974793205838134, -0.980279260266988, -0.013710932597251275, 0.041262257137528714, -0.05444688111884006, 0.0005527699688881813, 0.009974793205838134, 0.0036295677379414603, 0.6432565628436558, -0.4612361277931526, 0.17840069127426955, -0.980279260266988], "data_imag": [4.505661944305823e-19, -2.218420803212032e-19, 0.0, 0.0, 0.0, 0.0, 0.0, 0.0, 0.0, 0.0, 0.0, 0.0, 0.0, 0.0, 0.0, 0.0, 0.0, 0.0, 0.0, 0.0, 0.0, 0.0, 0.0, 0.0, 0.0, 0.0, 0.0, 0.0, 0.0, 0.0, 0.0, 0.0, 0.0, 0.0, 0.0, 0.0, 0.0, 0.0]}, {"time": 1.2903225806451613, "step_sample_count": 256, "data": [0.061471164560571105, 0.23165832627294666, 0.011234243656892311, -0.6645502598956219, 0.5534368869125507, 0.04999283472031168, -0.6851992944644999, 0.5534196758509959, 0.0524254233052514, -0.7503459435730944, 0.5972959197708142, 0.027661414425960054, -0.7392222465992666, 0.59728831876561, 1.2842623842017595, 0.7008378405289126, 0.7328727453003462, 0.8927925724432322, 1.2669798319444108, 0.7329000221362927, 1.0047932781932851, 1.2620306772765055, 0.7649448805992213, 1.303989753642569, 0.8357750588505374, 0.7649491296216345, 0.01276355915331238, -1.3138367217588545, -0.019802802097511545, 0.07067056176757254, -0.08808804560012524, 0.0024183510654073944, 0.01276355915331238, 0.005442236862429676, 0.8787691093904876, -0.6300008552451924, 0.24335041181208794, -1.3138367217588545], "data_imag": [-5.504740496628145e-20, 2.7070624714517486e-20, 0.0, 0.0, 0.0, 0.0, 0.0, 0.0, 0.0, 0.0, 0.0, 0.0, 0.0, 0.0, 0.0, 0.0, 0.0, 0.0, 0.0, 0.0, 0.0, 0.0, 0.0, 0.0, 0.0, 0.0, 0.0, 0.0, 0.0, 0.0, 0.0, 0.0, 0.0, 0.0, 0.0, 0.0, 0.0, 0.0]}, {"time": 1.6129032258064515, "step_sample_count": 256, "data": [0.06115779836070767, 0.2298531477450436, -0.07049464864723105, -0.8435501447323055, 0.6551477217210143, 0.09295546025576244, -0.9821454028645661, 0.655130510659458, 0.09090081328059627, -1.139286110470827, 0.7420971910638163, -0.020588180592102386, -1.047018957704659, 0.7420895900585939, 1.6504757493099727, 0.4811805269096657, 0.7331192107813191, 0.8492704285068943, 1.5069157901745087, 0.733146487617262, 1.0553586987113992, 1.4970501327512362, 0.7721632163411666, 1.6929400879823853, 0.6955713498745522, 0.7721674653635827, 0.013084037518701205, -1.646899074372851, -0.023534768148676884, 0.10066039275541716, -0.1197323320058476, 0.004505210397196152, 0.013084037518701205, 0.00610826644832, 1.1287216480781346, -0.8135283837540713, 0.3091140023042433, -1.646899074372851], "data_imag": [-1.4967967057736637e-19, 7.323263289494181e-20, 0.0, 0.0, 0.0, 0.0, 0.0, 0.0, 0.0, 0.0, 0.0, 0.0, 0.0, 0.0, 0.0, 0.0, 0.0, 0.0, 0.0, 0.0, 0.0, 0.0, 0.0, 0.0, 0.0, 0.0, 0.0, 0.0, 0.0, 0.0, 0.0, 0.0, 0.0, 0.0, 0.0, 0.0, 0.0, 0.0]}, {"time": 1.935483870967742, "step_sample_count": 256, "data": [0.0605821079743143, 0.22723444373800794, -0.268688240262619, -0.7932715156647877, 0.6971059869337329, 0.2027494382051027, -1.235531941422868, 0.6970887758721823, 0.19194626139670729, -1.5459620352118082, 0.8401672560237173, -0.16372645688227208, -1.2132803480943661, 0.8401596550184453, 2.0141295583900165, 0.13603657499251853, 0.7228162864850874, 0.7076996287219102, 1.7189138498242087, 0.7228435633210389, 1.0111256675816214, 1.6743839728629002, 0.7537510735235962, 2.1187161038233473, 0.3635143686013035, 0.7537553225461152, 0.01208910344448391, -1.9771793493205123, -0.024981943416451942, 0.12080737170857607, -0.1400433130268694, 0.005824094553477688, 0.01208910344448391, 0.00676898109231312, 1.3889965966703641, -1.0097493207131476, 0.37245285835792513, -1.9771793493205123], "data_imag": [7.58747224213886e-19, -3.677320501002952e-19, 0.0, 0.0, 0.0, 0.0, 0.0, 0.0, 0.0, 0.0, 0.0, 0.0, 0.0, 0.0, 0.0, 0.0, 0.0, 0.0, 0.0, 0.0, 0.0, 0.0, 0.0, 0.0, 0.0, 0.0, 0.0, 0.0, 0.0, 0.0, 0.0, 0.0, 0.0, 0.0, 0.0, 0.0, 0.0, 0.0]}, {"time": 2.258064516129032, "step_sample_count": 256, "data": [0.06005514099201013, 0.22463117779415662, -0.5959435109396637, -0.46652236308184064, 0.690791717612067, 0.3907129587787887, -1.4228903847621346, 0.6907745065505491, 0.39383196733247067, -1.930720326143799, 0.8951398421575734, -0.4450241422043926, -1.1150398542692939, 0.8951322411523348, 2.302025241245871, -0.12871374999144108, 0.7300962409508549, 0.5413929033313789, 1.9595591768370515, 0.7301235177867804, 0.9211722317025588, 1.8255674178471533, 0.7300573540197032, 2.525482856939289, -0.021879380306870415, 0.7300616030421981, 0.011435244443429575, -2.3043132673333484, -0.02734339203151048, 0.12394246176252635, -0.14338723213741097, 0.008095590089962133, 0.011435244443429575, 0.009038539734728436, 1.6473230453651224, -1.206674115250765, 0.4314036112603172, -2.3043132673333484], "data_imag": [3.387150570224428e-21, -1.627326440447964e-21, 0.0, 0.0, 0.0, 0.0, 0.0, 0.0, 0.0, 0.0, 0.0, 0.0, 0.0, 0.0, 0.0, 0.0, 0.0, 0.0, 0.0, 0.0, 0.0, 0.0, 0.0, 0.0, 0.0, 0.0, 0.0, 0.0, 0.0, 0.0, 0.0, 0.0, 0.0, 0.0, 0.0, 0.0, 0.0, 0.0]}, {"time": 2.5806451612903225, "step_sample_count": 256, "data": [0.059942178311610306, 0.22315742487903087, -0.9998782098855249, -0.0019126235546565438, 0.655310341369893, 0.6101707003791148, -1.5822940135222043, 0.6552931303084811, 0.6762538117307043, -2.3049864143328476, 0.9144066095627005, -0.8472215185316386, -0.8016812099651619, 0.9143990085575366, 2.4505622860481506, -0.15076815250195377, 0.7723666321538064, 0.40923551758360943, 2.266461062353975, 0.7723939089897438, 0.8549472941542283, 1.9943320015842123, 0.7146213136990425, 2.8301189539100715, -0.26136345241162595, 0.7146255627215623, 0.011905135756113298, -2.629257863857251, -0.03362867461866177, 0.11440426288062085, -0.13479323349536332, 0.013733227657793846, 0.011905135756113298, 0.011451452216269252, 1.8912353480590893, -1.3910092065602095, 0.4881877045169285, -2.629257863857251], "data_imag": [-7.857813547263017e-19, 3.768115686315413e-19, 0.0, 0.0, 0.0, 0.0, 0.0, 0.0, 0.0, 0.0, 0.0, 0.0, 0.0, 0.0, 0.0, 0.0, 0.0, 0.0, 0.0, 0.0, 0.0, 0.0, 0.0, 0.0, 0.0, 0.0, 0.0, 0.0, 0.0, 0.0, 0.0, 0.0, 0.0, 0.0, 0.0, 0.0, 0.0, 0.0]}, {"time": 2.903225806451613, "step_sample_count": 256, "data": [0.06006230888117015, 0.2231485742117005, -1.4009586469444233, 0.4129907079045302, 0.6140359490334372, 0.801311670694053, -1.7600647990750087, 0.6140187379720072, 0.9750362342263788, -2.7132065905429004, 0.9080098848526187, -1.301341108520423, -0.4528139114767468, 0.9080022838475366, 2.4535401566552997, 0.06317014994710102, 0.8558084906454763, 0.3131801372541507, 2.6248264229061284, 0.8558357674814081, 0.8363110161611387, 2.185675911311329, 0.7163325707928614, 3.000365258738463, -0.29279686959189793, 0.7163368198154175, 0.013037844080569527, -2.953561793015246, -0.043273243427569455, 0.10223056217736755, -0.12377607492319484, 0.022752421714531373, 0.013037844080569527, 0.011886840421880623, 2.1189146715458, -1.5597726393309193, 0.5461184081212128, -2.953561793015246], "data_imag": [4.470583839747387e-19, -2.148108699696602e-19, 0.0, 0.0, 0.0, 0.0, 0.0, 0.0, 0.0, 0.0, 0.0, 0.0, 0.0, 0.0, 0.0, 0.0, 0.0, 0.0, 0.0, 0.0, 0.0, 0.0, 0.0, 0.0, 0.0, 0.0, 0.0, 0.0, 0.0, 0.0, 0.0, 0.0, 0.0, 0.0, 0.0, 0.0, 0.0, 0.0]}, {"time": 3.225806451612903, "step_sample_count": 256, "data": [0.06000139954984776, 0.22407348401741226, -1.7429821108767367, 0.6764756518118056, 0.5912107023429491, 0.9363577713035179, -1.9732352085375888, 0.5911934912814992, 1.2519029873458731, -3.192141336048361, 0.8891352109739743, -1.7621751082821298, -0.189732352646051, 0.8891276099689257, 2.353075547302041, 0.4108311475933624, 0.9734859677552263, 0.22397966042853654, 3.005059022978781, 0.973513244591114, 0.8454672567972668, 2.382756101614735, 0.7392043827046597, 3.064410591208758, -0.18191851283858057, 0.7392086317272692, 0.013763853257449499, -3.2786742044071784, -0.05493097693711948, 0.09234617883608644, -0.11415375685736379, 0.0347435013473808, 0.013763853257449499, 0.009923215492291627, 2.336396646933823, -1.718033047295769, 0.6067697493842696, -3.2786742044071784], "data_imag": [-5.2831818919578025e-19, 2.5359864607510466e-19, 0.0, 0.0, 0.0, 0.0, 0.0, 0.0, 0.0, 0.0, 0.0, 0.0, 0.0, 0.0, 0.0, 0.0, 0.0, 0.0, 0.0, 0.0, 0.0, 0.0, 0.0, 0.0, 0.0, 0.0, 0.0, 0.0, 0.0, 0.0, 0.0, 0.0, 0.0, 0.0, 0.0, 0.0, 0.0, 0.0]}, {"time": 3.5483870967741935, "step_sample_count": 256, "data": [0.05979781630245335, 0.22548242391068385, -2.0085267324740017, 0.7686256651788036, 0.6043703935089393, 1.0158501276553922, -2.2250317069475853, 0.604353182447489, 1.5088163102843286, -3.7889211920795787, 0.871668380973255, -2.236088454000776, -0.05089867246968119, 0.8716607799682072, 2.200430517729775, 0.7989673671412757, 1.1056403932514391, 0.11648288687901755, 3.3916033217376422, 1.1056676700873416, 0.8651895987475797, 2.566012298291826, 0.7811812771130389, 3.051526697229671, 0.004206836307195767, 0.7811855261356649, 0.012938396875337639, -3.6052294276474552, -0.06858193020651772, 0.08394210189933259, -0.10407582689871235, 0.050479216687315816, 0.012938396875337639, 0.005099698967875735, 2.5495482709348565, -1.8713485167579593, 0.6710424917141888, -3.6052294276474552], "data_imag": [-1.3546183989546292e-20, 6.4802577744489935e-21, 0.0, 0.0, 0.0, 0.0, 0.0, 0.0, 0.0, 0.0, 0.0, 0.0, 0.0, 0.0, 0.0, 0.0, 0.0, 0.0, 0.0, 0.0, 0.0, 0.0, 0.0, 0.0, 0.0, 0.0, 0.0, 0.0, 0.0, 0.0, 0.0, 0.0, 0.0, 0.0, 0.0, 0.0, 0.0, 0.0]}, {"time": 3.870967741935484, "step_sample_count": 256, "data": [0.05982555077648263, 0.22723845040107082, -2.203742110920346, 0.7021293690567704, 0.6562157166619537, 1.0506873609390854, -2.520257449369161, 0.6561985056005035, 1.7681993593173675, -4.583963582515445, 0.8656156561185329, -2.758933990997146, -0.057468963523641156, 0.8656080551134864, 2.0301201114029404, 1.1697684969272215, 1.2259375225635007, -0.025686800417212434, 3.778652353168685, 1.225964799399433, 0.8992330574445526, 2.683686792107337, 0.8338486736422455, 2.953547436505488, 0.2254785026297222, 0.8338529226648859, 0.009558243322860219, -3.9328779662145847, -0.08522192646157363, 0.07382246317416495, -0.08959372600950082, 0.07167261434368892, 0.009558243322860219, -0.004929015472266031, 2.7616096714171072, -2.0233579542329125, 0.7408291460889831, -3.9328779662145847], "data_imag": [5.824698977633856e-19, -2.7877265955532856e-19, 0.0, 0.0, 0.0, 0.0, 0.0, 0.0, 0.0, 0.0, 0.0, 0.0, 0.0, 0.0, 0.0, 0.0, 0.0, 0.0, 0.0, 0.0, 0.0, 0.0, 0.0, 0.0, 0.0, 0.0, 0.0, 0.0, 0.0, 0.0, 0.0, 0.0, 0.0, 0.0, 0.0, 0.0, 0.0, 0.0]}, {"time": 4.193548387096774, "step_sample_count": 256, "data": [0.0603717256402084, 0.22921244553609993, -2.3408828308887646, 0.4975190502214785, 0.7333123497007744, 1.0556770649004896, -2.8660127520072547, 0.7332951386392877, 2.0652349072376333, -5.695621795443855, 0.8738812879411018, -3.3735938031763606, -0.248369092448315, 0.8738736869360573, 1.856940025392879, 1.4905938017158924, 1.3126625275107948, -0.21696998657692357, 4.163930632481657, 1.3126898043467101, 0.9822837320539278, 2.5914432928308586, 0.8854457482654063, 2.7113249007522917, 0.4323926681674257, 0.885449997288053, 0.0030768248881712563, -4.260460773046456, -0.1066143652990383, 0.057311885720343396, -0.06571788452404902, 0.10052099560857415, 0.0030768248881712563, -0.026060370947103863, 2.9724328652072143, -2.1748618600147966, 0.8208694347008655, -4.260460773046456], "data_imag": [-6.772700543894798e-19, 3.271036952634457e-19, 0.0, 0.0, 0.0, 0.0, 0.0, 0.0, 0.0, 0.0, 0.0, 0.0, 0.0, 0.0, 0.0, 0.0, 0.0, 0.0, 0.0, 0.0, 0.0, 0.0, 0.0, 0.0, 0.0, 0.0, 0.0, 0.0, 0.0, 0.0, 0.0, 0.0, 0.0, 0.0, 0.0, 0.0, 0.0, 0.0]}, {"time": 4.516129032258064, "step_sample_count": 256, "data": [0.06135906915582063, 0.23105363028302853, -2.4279872847126556, 0.17691871045825364, 0.8130598010584229, 1.050729828744047, -3.268885733025029, 0.813042589996771, 2.43514995909104, -7.230233158028099, 0.8922772650901168, -4.102153623977021, -0.6714107772254336, 0.8922696640849684, 1.6868714767717412, 1.7420897731402853, 1.3576392769922052, -0.47201083890776374, 4.549821873815061, 1.3576665538281747, 1.2291337772588693, 1.890462200522276, 0.9261314516990657, 2.178614438656425, 0.4914301582619519, 0.9261357007216594, -0.006266129901723025, -4.5862860475054665, -0.13400413276808978, 0.029286299138195686, -0.02769232742414751, 0.1380281360000777, -0.006266129901723025, -0.07253646432929287, 3.173473670820991, -2.318645509915377, 0.9237985478604138, -4.5862860475054665], "data_imag": [7.449724351524286e-19, -3.6568652134158375e-19, 0.0, 0.0, 0.0, 0.0, 0.0, 0.0, 0.0, 0.0, 0.0, 0.0, 0.0, 0.0, 0.0, 0.0, 0.0, 0.0, 0.0, 0.0, 0.0, 0.0, 0.0, 0.0, 0.0, 0.0, 0.0, 0.0, 0.0, 0.0, 0.0, 0.0, 0.0, 0.0, 0.0, 0.0, 0.0, 0.0]}, {"time": 4.838709677419355, "step_sample_count": 256, "data": [0.062292957731203316, 0.23223517418853903, -2.467793002681269, -0.2300879240623441, 0.8735471057893184, 1.0640876928975485, -3.731252272279761, 0.8735298947273772, 2.6957889052602364, -8.607969822697035, 0.9127544593371522, -4.7232513651774966, -1.1579053499114416, 0.9127468583317625, 1.5365765510966667, 1.908044609589954, 1.3676221860790085, -0.8021019897503596, 4.948937646090821, 1.3676494629146227, 1.9055159910963861, -0.28474222254442927, 0.95166032483518, 1.0721334003681606, 0.09647943512923042, 0.9516645738576278, -0.01731744878036836, -4.908624405343382, -0.1464656861539565, 0.005732619277130106, 0.007262628389754657, 0.16211199309724467, -0.01731744878036836, -0.17321852096331, 3.3403124433390676, -2.4316780524177486, 1.0768922844124176, -4.908624405343382], "data_imag": [4.33426856576477e-19, -2.1599552685029442e-19, 0.0, 0.0, 0.0, 0.0, 0.0, 0.0, 0.0, 0.0, 0.0, 0.0, 0.0, 0.0, 0.0, 0.0, 0.0, 0.0, 0.0, 0.0, 0.0, 0.0, 0.0, 0.0, 0.0, 0.0, 0.0, 0.0, 0.0, 0.0, 0.0, 0.0, 0.0, 0.0, 0.0, 0.0, 0.0, 0.0]}, {"time": 5.161290322580645, "step_sample_count": 256, "data": [0.06264944853951801, 0.23237616800540276, -2.4727066655412417, -0.6634566285624762, 0.9007667749038109, 1.1338801984580855, -4.2447669781120405, 0.9007495638421362, 2.2401166476025836, -7.925185475367537, 0.9276723719751754, -4.575753664989238, -1.0970664264277135, 0.9276647709703426, 1.447976181551249, 1.978025499921534, 1.359430460798949, -1.208479670452066, 5.394343351068621, 1.3594577376354768, 2.624821515077837, -2.8284783037307566, 0.9629246985194283, -0.2096514053210261, -0.44744871510030376, 0.9629289475407131, -0.028185771736794183, -5.226434662507988, -0.08035858575721891, 0.04448407596527385, -0.020664080373319824, 0.10714259895881488, -0.028185771736794183, -0.2903619337079807, 3.5123823340024884, -2.5542576712587866, 1.2415743942462791, -5.226434662507988], "data_imag": [1.1512614858913095e-18, -5.770071777270133e-19, 0.0, 0.0, 0.0, 0.0, 0.0, 0.0, 0.0, 0.0, 0.0, 0.0, 0.0, 0.0, 0.0, 0.0, 0.0, 0.0, 0.0, 0.0, 0.0, 0.0, 0.0, 0.0, 0.0, 0.0, 0.0, 0.0, 0.0, 0.0, 0.0, 0.0, 0.0, 0.0, 0.0, 0.0, 0.0, 0.0]}, {"time": 5.483870967741935, "step_sample_count": 256, "data": [0.06237922262271524, 0.23168709219667286, -2.4854356014719787, -1.0109005839467056, 0.8912734328858667, 1.3026219046101721, -4.783552204987141, 0.8912562218236733, 1.5545908206664905, -6.5465910921046255, 0.9316434191373324, -4.09984887851763, -0.9078917762776265, 0.931635818132657, 1.4695581698324938, 1.99414821955317, 1.3531835366661011, -1.6725771009628487, 5.9575180670628445, 1.3532108135030427, 2.755293629672129, -3.9093815971905057, 0.9626798376927855, -0.995722401293094, -0.636916507719374, 0.9626840867139224, -0.03666867974655944, -5.5398773213616685, 0.018442476594358142, 0.09377332526400585, -0.06196728272537855, 0.016644915866154967, -0.03666867974655944, -0.35946720263829485, 3.751256356963925, -2.7477845846039224, 1.3537939644045052, -5.5398773213616685], "data_imag": [1.1105919927650746e-18, -5.542229212775804e-19, 0.0, 0.0, 0.0, 0.0, 0.0, 0.0, 0.0, 0.0, 0.0, 0.0, 0.0, 0.0, 0.0, 0.0, 0.0, 0.0, 0.0, 0.0, 0.0, 0.0, 0.0, 0.0, 0.0, 0.0, 0.0, 0.0, 0.0, 0.0, 0.0, 0.0, 0.0, 0.0, 0.0, 0.0, 0.0, 0.0]}, {"time": 5.806451612903226, "step_sample_count": 256, "data": [0.06168952103759482, 0.2308038094258524, -2.5498478550104458, -1.1780028835798808, 0.8511712150895449, 1.5867008125355613, -5.313578614080772, 0.8511540040271451, 1.041603913049447, -5.48520276438822, 0.9207182795631259, -3.673762571663692, -0.8069488634630595, 0.920710678558611, 1.6103858406464935, 2.1149751436717756, 1.3672695388072622, -2.1505630805017693, 6.760567594442842, 1.3672968156444683, 2.5556309515377813, -4.357709755900461, 0.9544806894194146, -1.4930305423254135, -0.8258696836579253, 0.9544849384404261, -0.04081591553961004, -5.850197531536283, 0.10967105386444326, 0.11271328490538407, -0.07772358528518838, -0.07115224895845867, -0.04081591553961004, -0.40220388712712624, 4.026647291497766, -2.9807908151680604, 1.4367496437266405, -5.850197531536283], "data_imag": [9.818940683742784e-19, -4.845805983013169e-19, 0.0, 0.0, 0.0, 0.0, 0.0, 0.0, 0.0, 0.0, 0.0, 0.0, 0.0, 0.0, 0.0, 0.0, 0.0, 0.0, 0.0, 0.0, 0.0, 0.0, 0.0, 0.0, 0.0, 0.0, 0.0, 0.0, 0.0, 0.0, 0.0, 0.0, 0.0, 0.0, 0.0, 0.0, 0.0, 0.0]}, {"time": 6.129032258064516, "step_sample_count": 256, "data": [0.060781340368973744, 0.23004422022953538, -2.6366583144886273, -1.213753646137974, 0.7935418329799347, 1.932373871912952, -5.798191719086583, 0.7935246219180137, 0.7500253861549406, -4.661370818633749, 0.8919119761578738, -3.34279209733602, -0.6185259603303384, 0.8919043751546453, 1.8536938320463796, 2.5078071089443754, 1.4151211484790631, -2.6091517984921517, 7.919303390546451, 1.4151484253149653, 2.21892866174204, -4.603746660857755, 0.9435260006553003, -1.836988659271418, -1.1080176446567835, 0.9435302496734241, -0.039493970662266, -6.15925434449078, 0.18148708465558933, 0.10255400846157726, -0.07028895090778373, -0.1455305430122273, -0.039493970662266, -0.43412534723240626, 4.315687679991707, -3.2286204492881727, 1.508029374376955, -6.15925434449078], "data_imag": [1.6590116931295119e-18, -8.066956351696981e-19, 0.0, 0.0, 0.0, 0.0, 0.0, 0.0, 0.0, 0.0, 0.0, 0.0, 0.0, 0.0, 0.0, 0.0, 0.0, 0.0, 0.0, 0.0, 0.0, 0.0, 0.0, 0.0, 0.0, 0.0, 0.0, 0.0, 0.0, 0.0, 0.0, 0.0, 0.0, 0.0, 0.0, 0.0, 0.0, 0.0]}, {"time": 6.451612903225806, "step_sample_count": 256, "data": [0.05967766539153818, 0.22917510717426984, -2.652918125315944, -1.2148160875101643, 0.7358948666004097, 2.2408731792179757, -6.138005836055809, 0.7358776555381081, 0.6493187337969876, -3.9726342899132647, 0.8439318036455857, -3.0987227311286616, -0.27993507940331847, 0.8439242026419446, 2.195672910965017, 3.1679837175350896, 1.5026753374664379, -3.047597148743223, 9.424227452172545, 1.5027026143022657, 1.8740916328578763, -4.718683214189595, 0.9372583620569346, -2.0960070600052134, -1.3517913175877085, 0.9372626110768443, -0.03258306741902146, -6.46908443592164, 0.22562975814818315, 0.0766835814627382, -0.05304473698305695, -0.1981988027280378, -0.03258306741902146, -0.4670945194753771, 4.6050567895596854, -3.475958915657217, 1.5815828635895581, -6.46908443592164], "data_imag": [-3.047070786340806e-19, 1.4547365664926215e-19, 0.0, 0.0, 0.0, 0.0, 0.0, 0.0, 0.0, 0.0, 0.0, 0.0, 0.0, 0.0, 0.0, 0.0, 0.0, 0.0, 0.0, 0.0, 0.0, 0.0, 0.0, 0.0, 0.0, 0.0, 0.0, 0.0, 0.0, 0.0, 0.0, 0.0, 0.0, 0.0, 0.0, 0.0, 0.0, 0.0]}, {"time": 6.774193548387097, "step_sample_count": 256, "data": [0.05842000003804712, 0.2278291601703923, -2.5218545540946713, -1.2084182559779229, 0.697719795006073, 2.4355550113490483, -6.203535648797034, 0.6977025839442874, 0.6626684231177471, -3.3954650585184365, 0.7792094326800061, -2.9120638049846446, 0.12335083807886964, 0.7792018316762397, 2.6037397151820327, 3.9501409432932038, 1.6261399539398804, -3.437436620205449, 11.067500082639516, 1.6261672307722188, 1.59009690798819, -4.706824919374649, 0.9446646952031257, -2.301579155459371, -1.4580543445345029, 0.9446689442229762, -0.020762661190561634, -6.781443655042916, 0.2410452670885357, 0.05055215599809318, -0.0404996311540185, -0.2272005959772704, -0.020762661190561634, -0.504076742495705, 4.884659110688245, -3.7108956997871827, 1.6621528222135256, -6.781443655042916], "data_imag": [2.6661096349609227e-19, -1.2460329998068392e-19, 0.0, 0.0, 0.0, 0.0, 0.0, 0.0, 0.0, 0.0, 0.0, 0.0, 0.0, 0.0, 0.0, 0.0, 0.0, 0.0, 0.0, 0.0, 0.0, 0.0, 0.0, 0.0, 0.0, 0.0, 0.0, 0.0, 0.0, 0.0, 0.0, 0.0, 0.0, 0.0, 0.0, 0.0, 0.0, 0.0]}, {"time": 7.096774193548387, "step_sample_count": 256, "data": [0.057169197386293634, 0.22592148269823256, -2.2478769419374163, -1.2146785689861985, 0.6962659607379174, 2.511789353094871, -6.014485584808781, 0.6962487496766575, 0.720852998374029, -2.9241613134018527, 0.7054845614974566, -2.7571419313933654, 0.49971454865648396, 0.7054769604932666, 3.0131744683224024, 4.687678471655241, 1.7708537506144144, -3.719768569113514, 12.55628347101011, 1.7708810274489377, 1.3781625833475475, -4.585693287707636, 0.9739752575932055, -2.467895093308557, -1.4184174422488893, 0.9739795066129405, -0.005192500806527518, -7.097413807098244, 0.2339488626515042, 0.03142854184520401, -0.03847245902825276, -0.2374751487044224, -0.005192500806527518, -0.5392249859739052, 5.147342658021121, -3.92498965308424, 1.7450186538338774, -7.097413807098244], "data_imag": [-7.549566229441691e-19, 3.452821135614789e-19, 0.0, 0.0, 0.0, 0.0, 0.0, 0.0, 0.0, 0.0, 0.0, 0.0, 0.0, 0.0, 0.0, 0.0, 0.0, 0.0, 0.0, 0.0, 0.0, 0.0, 0.0, 0.0, 0.0, 0.0, 0.0, 0.0, 0.0, 0.0, 0.0, 0.0, 0.0, 0.0, 0.0, 0.0, 0.0, 0.0]}, {"time": 7.419354838709677, "step_sample_count": 256, "data": [0.05612390377818933, 0.22376971883939928, -1.893648765763638, -1.272049293178557, 0.7402817985164137, 2.5143990949701878, -5.718767807825376, 0.7402645874546525, 0.7833035812206468, -2.5447535296901127, 0.6352983607785307, -2.6101965648205776, 0.7973395188781842, 0.6352907597726883, 3.3871723242351894, 5.280385153508177, 1.9133707426747497, -3.8741446559080854, 13.732047182307278, 1.9133980195069746, 1.2264624641317126, -4.377750890393455, 1.0295431012349778, -2.6086428123430236, -1.2542014375721058, 1.0295473502474017, 0.012801351777768488, -7.41728723011686, 0.2135495904520713, 0.018758295001397262, -0.04493318916710658, -0.23696423522707843, 0.012801351777768488, -0.5679262957332105, 5.3925097302336304, -4.117107977667169, 1.8258628164227413, -7.41728723011686], "data_imag": [2.0312394294839704e-19, -9.120086903265808e-20, 0.0, 0.0, 0.0, 0.0, 0.0, 0.0, 0.0, 0.0, 0.0, 0.0, 0.0, 0.0, 0.0, 0.0, 0.0, 0.0, 0.0, 0.0, 0.0, 0.0, 0.0, 0.0, 0.0, 0.0, 0.0, 0.0, 0.0, 0.0, 0.0, 0.0, 0.0, 0.0, 0.0, 0.0, 0.0, 0.0]}, {"time": 7.741935483870968, "step_sample_count": 256, "data": [0.05538648522846025, 0.2219574957677316, -1.5095896733288816, -1.393671888370953, 0.8248981475111293, 2.478865139622424, -5.417056393654549, 0.8248809364512382, 0.829093111853459, -2.241481515580531, 0.5829429989565864, -2.4461432478408116, 0.985182213019381, 0.5829353979506243, 3.723900331968929, 5.692575226154314, 2.0282599466831726, -3.9259021641798095, 14.583374865335015, 2.0282872235213696, 1.121864238091591, -4.101337702498731, 1.1093491243527853, -2.732472558898262, -0.9893224481078146, 1.1093533733650023, 0.031987448752016465, -7.7407231870872115, 0.1864671443744624, 0.011056195448917063, -0.05716776477348878, -0.23116954148507227, 0.031987448752016465, -0.5895784177277035, 5.624685486297586, -4.292021288347364, 1.9036425716569176, -7.7407231870872115], "data_imag": [6.7707253214375215e-21, -3.0000534240140898e-21, 0.0, 0.0, 0.0, 0.0, 0.0, 0.0, 0.0, 0.0, 0.0, 0.0, 0.0, 0.0, 0.0, 0.0, 0.0, 0.0, 0.0, 0.0, 0.0, 0.0, 0.0, 0.0, 0.0, 0.0, 0.0, 0.0, 0.0, 0.0, 0.0, 0.0, 0.0, 0.0, 0.0, 0.0, 0.0, 0.0]}, {"time": 8.064516129032258, "step_sample_count": 256, "data": [0.054879359800675306, 0.22103447148209107, -1.1145817561791147, -1.557860655629364, 0.9317939121787894, 2.419374680725131, -5.121402993414606, 0.9317767011187821, 0.8457703647241949, -2.0038979882286334, 0.5598119157979657, -2.245206180822507, 1.0410099802936903, 0.5598043147923383, 4.038042753197151, 5.917989275595079, 2.0975071761410575, -3.9164864985033554, 15.161605722042111, 2.0975344529790445, 1.0535168171041196, -3.7726032738426984, 1.2048548582211194, -2.8359582752344332, -0.6553231621892096, 1.2048591072341188, 0.0513743848404339, -8.067028696501271, 0.15600052384346122, 0.008267319556569766, -0.07415532761217378, -0.2223969343741818, 0.0513743848404339, -0.6054895002490681, 5.849930795876943, -4.456593428029104, 1.9788145575214338, -8.067028696501271], "data_imag": [-4.739470910262848e-19, 2.0807930347931913e-19, 0.0, 0.0, 0.0, 0.0, 0.0, 0.0, 0.0, 0.0, 0.0, 0.0, 0.0, 0.0, 0.0, 0.0, 0.0, 0.0, 0.0, 0.0, 0.0, 0.0, 0.0, 0.0, 0.0, 0.0, 0.0, 0.0, 0.0, 0.0, 0.0, 0.0, 0.0, 0.0, 0.0, 0.0, 0.0, 0.0]}, {"time": 8.387096774193548, "step_sample_count": 256, "data": [0.054401684799975876, 0.22126003163271316, -0.7172222267631967, -1.7203359447511657, 1.0352566665047023, 2.344871855987543, -4.805388430878062, 1.0352394554444544, 0.8256059231626739, -1.8270382875750326, 0.5706221931873893, -2.000205820573174, 0.9545928504799929, 0.5706145921819148, 4.358758961658084, 5.9608812133966325, 2.11731022293446, -3.8902463540998293, 15.546201391849486, 2.117337499772085, 1.0092429144049897, -3.409189053539166, 1.3039782598648173, -2.9035064264376484, -0.2986156949310047, 1.3039825088779848, 0.07026484882353923, -8.395408287509168, 0.12409844720827774, 0.010658297901185545, -0.09546198037904677, -0.21172166647777316, 0.07026484882353923, -0.6178516706508751, 6.074476375132552, -4.618091196580384, 2.052685719412438, -8.395408287509168], "data_imag": [9.208036398807573e-19, -4.0074615503570764e-19, 0.0, 0.0, 0.0, 0.0, 0.0, 0.0, 0.0, 0.0, 0.0, 0.0, 0.0, 0.0, 0.0, 0.0, 0.0, 0.0, 0.0, 0.0, 0.0, 0.0, 0.0, 0.0, 0.0, 0.0, 0.0, 0.0, 0.0, 0.0, 0.0, 0.0, 0.0, 0.0, 0.0, 0.0, 0.0, 0.0]}, {"time": 8.709677419354838, "step_sample_count": 256, "data": [0.05381806527527719, 0.2225779338705547, -0.3440680661718881, -1.8128867998539246, 1.1107409868005067, 2.2775834230131307, -4.450345440307573, 1.110723775740227, 0.7671731908810491, -1.7079175963688809, 0.6130099252734643, -1.718995340185311, 0.7351562095787869, 0.6130023242680527, 4.723351972698561, 5.834231516993762, 2.0988771133822097, -3.8870551877959487, 15.828929674797223, 2.0989043902198015, 0.9722278542817947, -3.032512391725952, 1.3953793037127433, -2.9136603220003123, 0.02022294348778811, 1.3953835527259348, 0.08834297762217587, -8.72511500348111, 0.09340368868903418, 0.016936477043761715, -0.1195106589958599, -0.20123076162626266, 0.08834297762217587, -0.6288190827331068, 6.304052367940571, -4.783280171039793, 2.1267146862498567, -8.72511500348111], "data_imag": [9.478751700984213e-20, -4.081024622173702e-20, 0.0, 0.0, 0.0, 0.0, 0.0, 0.0, 0.0, 0.0, 0.0, 0.0, 0.0, 0.0, 0.0, 0.0, 0.0, 0.0, 0.0, 0.0, 0.0, 0.0, 0.0, 0.0, 0.0, 0.0, 0.0, 0.0, 0.0, 0.0, 0.0, 0.0, 0.0, 0.0, 0.0, 0.0, 0.0, 0.0]}, {"time": 9.032258064516128, "step_sample_count": 256, "data": [0.05317457579432199, 0.22469257248579658, -0.04896494530881292, -1.741042871645704, 1.142342279131224, 2.2601901451534774, -4.059855993816001, 1.1423250680708843, 0.6783126084272462, -1.6399934728468841, 0.6799497756659093, -1.4209214989268093, 0.4164112373194713, 0.6799421746607396, 5.149023835876546, 5.588877726425487, 2.0643777070903466, -3.92232105397888, 16.093868102142356, 2.0644049839279193, 0.9216129717720637, -2.6678886716783454, 1.4710081879966448, -2.8476324170425413, 0.2354089539320698, 1.4710124370099311, 0.10583953783718981, -9.055507586356768, 0.06772824132286427, 0.023165145774442293, -0.14270094844372944, -0.1948339715000757, 0.10583953783718981, -0.6381754474484577, 6.541833778854813, -4.956245813579834, 2.2001561536309753, -9.055507586356768], "data_imag": [-1.5436602170018003e-18, 6.56667817677134e-19, 0.0, 0.0, 0.0, 0.0, 0.0, 0.0, 0.0, 0.0, 0.0, 0.0, 0.0, 0.0, 0.0, 0.0, 0.0, 0.0, 0.0, 0.0, 0.0, 0.0, 0.0, 0.0, 0.0, 0.0, 0.0, 0.0, 0.0, 0.0, 0.0, 0.0, 0.0, 0.0, 0.0, 0.0, 0.0, 0.0]}, {"time": 9.35483870967742, "step_sample_count": 256, "data": [0.052532143168130735, 0.2270193738581571, 0.11996281495669858, -1.4425818016083025, 1.1272328239907718, 2.3301418822260516, -3.658533746342171, 1.127215612930724, 0.5778724006321052, -1.6073740810493586, 0.7617748159535133, -1.131354754238316, 0.05879566564393708, 0.76176721494842, 5.60462982273879, 5.350452221114055, 2.0410262054080897, -3.9688503706042004, 16.407122789700782, 2.041053482245733, 0.8384644910014838, -2.339086787196653, 1.5263059479674614, -2.6934762778119765, 0.291647539174251, 1.526310196980769, 0.12354185274017088, -9.386092332163095, 0.049002805523928876, 0.024898956813042293, -0.16153296369261944, -0.19527369089637336, 0.12354185274017088, -0.6415543375212028, 6.786137118745484, -5.135960316878334, 2.2682083143662686, -9.386092332163095], "data_imag": [4.874626741767145e-19, -2.0485967191176818e-19, 0.0, 0.0, 0.0, 0.0, 0.0, 0.0, 0.0, 0.0, 0.0, 0.0, 0.0, 0.0, 0.0, 0.0, 0.0, 0.0, 0.0, 0.0, 0.0, 0.0, 0.0, 0.0, 0.0, 0.0, 0.0, 0.0, 0.0, 0.0, 0.0, 0.0, 0.0, 0.0, 0.0, 0.0, 0.0, 0.0]}, {"time": 9.67741935483871, "step_sample_count": 256, "data": [0.0517439297314602, 0.22870694453930274, 0.16596512038398656, -0.9751793010403663, 1.076670281120914, 2.4818487307093617, -3.2946993694197344, 1.076653070060848, 0.4955562551316676, -1.5827811681549062, 0.8465567803416684, -0.8817328765000501, -0.24844162504305364, 0.8465491793365749, 6.033587147109802, 5.257601012415115, 2.054788906447038, -3.984025282866721, 16.806163696430122, 2.0548161832846703, 0.7161006657611768, -2.056848271380372, 1.5601836979236519, -2.449450855197316, 0.16967497939015536, 1.560187946936977, 0.1425159091454724, -9.716717257800079, 0.03328321324200499, 0.02073984577957431, -0.1758350735163091, -0.19977208781062658, 0.1425159091454724, -0.6338448494314223, 7.0322062335895765, -5.317799734728871, 2.325608057698959, -9.716717257800079], "data_imag": [7.040952199515142e-19, -2.9146122868342536e-19, 0.0, 0.0, 0.0, 0.0, 0.0, 0.0, 0.0, 0.0, 0.0, 0.0, 0.0, 0.0, 0.0, 0.0, 0.0, 0.0, 0.0, 0.0, 0.0, 0.0, 0.0, 0.0, 0.0, 0.0, 0.0, 0.0, 0.0, 0.0, 0.0, 0.0, 0.0, 0.0, 0.0, 0.0, 0.0, 0.0]}], "random_generator": {"seed": "very_nice_seed"}, "realworld_total_calculation_time": 151.178}